brand,model,year,fuel,mileage_km,transmission,fiscal_power,engine_cc,body_style,car_condition,trim_level,seats,doors,condition,price,recorded_at,car_age,seats_num,doors_num,engine_cc_num,mileage_num,mileage_per_year,model_group
dfsk,unknown,2026.0,gasoline,2000,automatic,5cv,1500,suv 4x2,good,standard,7 seats,5 doors,used,87900.0,2026-03,0.0,7.0,5.0,1500.0,2000.0,,unknown
mercedes-benz,classe c,2017.0,diesel,205000,manual,7cv,1600,sedan,good,standard,5 seats,5 doors,used,68500.0,2026-03,9.0,5.0,5.0,1600.0,205000.0,22777.777777777777,classe c
mercedes-benz,classe e coupé,2010.0,diesel,290000,automatic,9cv,2100,coupe,good,standard,4 seats,4 doors,used,49000.0,2026-03,16.0,4.0,4.0,2100.0,290000.0,18125.0,classe e coupé
mg,marvel r,2024.0,unknown,18000,automatic,7cv,unknown,suv 4x2,good,standard,5 seats,5 doors,used,99000.0,2026-03,2.0,5.0,5.0,,18000.0,9000.0,marvel r
mercedes-benz,glc,2018.0,diesel,253000,automatic,9cv,2000,suv 4x2,good,standard,5 seats,5 doors,used,119000.0,2026-03,8.0,5.0,5.0,2000.0,253000.0,31625.0,glc
mercedes-benz,classe c,2017.0,gasoline,127000,automatic,8cv,unknown,sedan,good,standard,5 seats,5 doors,used,87000.0,2026-03,9.0,5.0,5.0,,127000.0,14111.111111111111,classe c
bmw,série 3,2013.0,gasoline,156000,automatic,7cv,1598,sedan,good,standard,5 seats,4 doors,used,62900.0,2026-03,13.0,5.0,4.0,1598.0,156000.0,12000.0,série 3
chery,tiggo 2,2020.0,gasoline,119000,manual,6cv,1497,suv 4x2,good,standard,5 seats,5 doors,used,37500.0,2026-03,6.0,5.0,5.0,1497.0,119000.0,19833.333333333332,tiggo 2
ford,ecosport,2023.0,gasoline,45000,manual,7cv,998,suv 4x2,good,standard,5 seats,5 doors,used,69500.0,2026-03,3.0,5.0,5.0,998.0,45000.0,15000.0,ecosport
renault,megane,2010.0,diesel,256000,manual,6cv,1461,hatchback,good,standard,5 seats,4 doors,used,26000.0,2026-03,16.0,5.0,4.0,1461.0,256000.0,16000.0,megane
volkswagen,passat,2008.0,gasoline,335000,manual,7cv,unknown,sedan,good,standard,5 seats,4 doors,used,33000.0,2026-03,18.0,5.0,4.0,,335000.0,18611.11111111111,passat
toyota,yaris,2017.0,gasoline,148000,manual,4cv,998,hatchback,good,standard,5 seats,5 doors,used,34000.0,2026-03,9.0,5.0,5.0,998.0,148000.0,16444.444444444445,yaris
kia,unknown,2023.0,diesel,92000,manual,7cv,1600,suv 4x2,good,standard,5 seats,5 doors,used,132000.0,2026-03,3.0,5.0,5.0,1600.0,92000.0,30666.666666666668,unknown
seat,arona,2024.0,gasoline,33000,automatic,6cv,999,suv 4x2,good,standard,5 seats,5 doors,used,85000.0,2026-03,2.0,5.0,5.0,999.0,33000.0,16500.0,arona
kia,rio 5p,2022.0,gasoline,93000,manual,5cv,1197,hatchback,good,standard,5 seats,5 doors,used,54900.0,2026-03,4.0,5.0,5.0,1197.0,93000.0,23250.0,rio 5p
renault,clio,2021.0,gasoline,43000,manual,4cv,898,hatchback,good,standard,5 seats,5 doors,used,45000.0,2026-03,5.0,5.0,5.0,898.0,43000.0,8600.0,clio
kia,rio 5p,2014.0,gasoline,190000,automatic,6cv,1396,hatchback,good,standard,5 seats,5 doors,used,34900.0,2026-03,12.0,5.0,5.0,1396.0,190000.0,15833.333333333334,rio 5p
kia,sorento,2021.0,diesel,85000,automatic,12cv,2151,suv 4x2,good,standard,7 seats,5 doors,used,159000.0,2026-03,5.0,7.0,5.0,2151.0,85000.0,17000.0,sorento
citroën,c5,2011.0,gasoline,325000,automatic,9cv,1600,sedan,good,standard,5 seats,4 doors,used,24900.0,2026-03,15.0,5.0,4.0,1600.0,325000.0,21666.666666666668,c5
volkswagen,caddy,2016.0,diesel,100000,manual,5cv,1598,light commercial,good,standard,2 seats,4 doors,used,43500.0,2026-03,10.0,2.0,4.0,1598.0,100000.0,10000.0,caddy
jaguar,f-pace,2017.0,diesel,112000,manual,10cv,2000,suv 4x2,good,standard,5 seats,5 doors,used,115000.0,2026-03,9.0,5.0,5.0,2000.0,112000.0,12444.444444444445,f-pace
mercedes-benz,cla,2019.0,diesel,129000,automatic,6cv,1500,sedan,good,standard,5 seats,4 doors,used,125000.0,2026-03,7.0,5.0,4.0,1500.0,129000.0,18428.571428571428,cla
fiat,tipo berline,2020.0,gasoline,133000,manual,6cv,1368,sedan,good,standard,5 seats,4 doors,used,34900.0,2026-03,6.0,5.0,4.0,1368.0,133000.0,22166.666666666668,tipo berline
renault,clio,2018.0,gasoline,55000,manual,4cv,1149,hatchback,good,standard,5 seats,5 doors,used,43900.0,2026-03,8.0,5.0,5.0,1149.0,55000.0,6875.0,clio
gwm,haval h6,2022.0,gasoline,28000,automatic,8cv,1499,suv 4x2,good,standard,5 seats,5 doors,used,103500.0,2026-03,4.0,5.0,5.0,1499.0,28000.0,7000.0,haval h6
fiat,fiorino,2024.0,diesel,45000,manual,5cv,1248,light commercial,good,standard,2 seats,2 doors,used,43000.0,2026-03,2.0,2.0,2.0,1248.0,45000.0,22500.0,fiorino
volkswagen,t-cross,2023.0,gasoline,54000,manual,6cv,999,suv 4x2,good,standard,5 seats,5 doors,used,63000.0,2026-03,3.0,5.0,5.0,999.0,54000.0,18000.0,t-cross
audi,a5 sportback,2020.0,gasoline,168000,automatic,8cv,1395,sedan,good,standard,5 seats,5 doors,used,94900.0,2026-03,6.0,5.0,5.0,1395.0,168000.0,28000.0,a5 sportback
peugeot,3008,2015.0,gasoline,162000,manual,7cv,1598,mpv,good,standard,5 seats,5 doors,used,38000.0,2026-03,11.0,5.0,5.0,1598.0,162000.0,14727.272727272728,3008
peugeot,partner,2024.0,diesel,62000,manual,5cv,1560,light commercial,good,standard,2 seats,3 doors,used,53000.0,2026-03,2.0,2.0,3.0,1560.0,62000.0,31000.0,partner
peugeot,308,2012.0,gasoline,233000,manual,6cv,1400,hatchback,good,standard,5 seats,5 doors,used,27000.0,2026-03,14.0,5.0,5.0,1400.0,233000.0,16642.85714285714,308
chery,tiggo 2,2019.0,gasoline,63000,manual,6cv,1497,suv 4x2,good,standard,5 seats,5 doors,used,40000.0,2026-03,7.0,5.0,5.0,1497.0,63000.0,9000.0,tiggo 2
toyota,corolla,2023.0,gasoline,71000,automatic,6cv,1197,hatchback,good,standard,5 seats,5 doors,used,63000.0,2026-03,3.0,5.0,5.0,1197.0,71000.0,23666.666666666668,corolla
nissan,qashqai,2020.0,gasoline,138000,automatic,6cv,1197,suv 4x2,good,standard,5 seats,5 doors,used,62000.0,2026-03,6.0,5.0,5.0,1197.0,138000.0,23000.0,qashqai
renault,express van,2022.0,diesel,152000,manual,5cv,1461,light commercial,good,standard,2 seats,4 doors,used,36500.0,2026-03,4.0,2.0,4.0,1461.0,152000.0,38000.0,express van
bmw,x5,2015.0,diesel,194000,automatic,15cv,2000,suv 4x2,good,standard,5 seats,5 doors,used,128000.0,2026-03,11.0,5.0,5.0,2000.0,194000.0,17636.363636363636,x5
kia,picanto,2023.0,gasoline,83000,manual,5cv,1197,hatchback,good,standard,5 seats,5 doors,used,41900.0,2026-03,3.0,5.0,5.0,1197.0,83000.0,27666.666666666668,picanto
peugeot,3008,2012.0,gasoline,251000,manual,7cv,1598,mpv,good,standard,5 seats,5 doors,used,32000.0,2026-03,14.0,5.0,5.0,1598.0,251000.0,17928.571428571428,3008
volkswagen,passat,2011.0,gasoline,269000,manual,7cv,1400,sedan,good,standard,5 seats,4 doors,used,42500.0,2026-03,15.0,5.0,4.0,1400.0,269000.0,17933.333333333332,passat
mercedes-benz,classe c,2014.0,gasoline,258000,automatic,9cv,1497,sedan,good,standard,5 seats,4 doors,used,65000.0,2026-03,12.0,5.0,4.0,1497.0,258000.0,21500.0,classe c
audi,a3 sportback,2017.0,gasoline,156000,manual,6cv,1197,hatchback,good,standard,5 seats,5 doors,used,55000.0,2026-03,9.0,5.0,5.0,1197.0,156000.0,17333.333333333332,a3 sportback
fiat,500,2011.0,gasoline,216000,manual,4cv,1200,hatchback,good,standard,4 seats,2 doors,used,30900.0,2026-03,15.0,4.0,2.0,1200.0,216000.0,14400.0,500
volkswagen,golf 8,2022.0,gasoline,83000,manual,6cv,1000,hatchback,good,standard,5 seats,5 doors,used,83000.0,2026-03,4.0,5.0,5.0,1000.0,83000.0,20750.0,golf 8
mercedes-benz,classe c,2011.0,gasoline,83000,manual,9cv,1796,sedan,good,standard,5 seats,5 doors,used,66900.0,2026-03,15.0,5.0,5.0,1796.0,83000.0,5533.333333333333,classe c
fiat,panda,2020.0,gasoline,104000,manual,4cv,1242,hatchback,good,standard,5 seats,5 doors,used,33900.0,2026-03,6.0,5.0,5.0,1242.0,104000.0,17333.333333333332,panda
nissan,juke,2015.0,gasoline,164000,manual,6cv,1200,suv 4x2,good,standard,5 seats,5 doors,used,42000.0,2026-03,11.0,5.0,5.0,1200.0,164000.0,14909.09090909091,juke
nissan,micra,2017.0,gasoline,218000,manual,5cv,1198,hatchback,good,standard,5 seats,5 doors,used,25000.0,2026-03,9.0,5.0,5.0,1198.0,218000.0,24222.222222222223,micra
volkswagen,golf 7,2014.0,gasoline,228000,manual,5cv,1200,hatchback,good,standard,5 seats,5 doors,used,47000.0,2026-03,12.0,5.0,5.0,1200.0,228000.0,19000.0,golf 7
kia,sportage,2018.0,gasoline,127000,automatic,8cv,1591,suv 4x2,good,standard,5 seats,5 doors,used,70000.0,2026-03,8.0,5.0,5.0,1591.0,127000.0,15875.0,sportage
dacia,duster,2020.0,diesel,125000,manual,6cv,1461,suv 4x2,good,standard,5 seats,5 doors,used,69500.0,2026-03,6.0,5.0,5.0,1461.0,125000.0,20833.333333333332,duster
audi,a5 sportback,2012.0,gasoline,208000,automatic,9cv,1800,sedan,good,standard,5 seats,4 doors,used,45000.0,2026-03,14.0,5.0,4.0,1800.0,208000.0,14857.142857142857,a5 sportback
bmw,série 3 coupé,2009.0,diesel,180000,automatic,14cv,2993,coupe,good,standard,4 seats,2 doors,used,59900.0,2026-03,17.0,4.0,2.0,2993.0,180000.0,10588.235294117647,série 3 coupé
volkswagen,passat,2011.0,diesel,257000,automatic,8cv,2000,sedan,good,standard,5 seats,4 doors,used,49000.0,2026-03,15.0,5.0,4.0,2000.0,257000.0,17133.333333333332,passat
dongfeng,s50,2020.0,gasoline,95000,manual,6cv,1499,sedan,good,standard,5 seats,4 doors,used,38000.0,2026-03,6.0,5.0,4.0,1499.0,95000.0,15833.333333333334,s50
fiat,500,2023.0,gasoline,76000,automatic,4cv,1242,hatchback,good,standard,4 seats,3 doors,used,48000.0,2026-03,3.0,4.0,3.0,1242.0,76000.0,25333.333333333332,500
volkswagen,golf 6,2011.0,diesel,150000,manual,5cv,1598,hatchback,good,standard,5 seats,4 doors,used,46900.0,2026-03,15.0,5.0,4.0,1598.0,150000.0,10000.0,golf 6
chery,tiggo 8,2021.0,gasoline,63000,automatic,9cv,1498,suv 4x2,good,standard,7 seats,5 doors,used,69900.0,2026-03,5.0,7.0,5.0,1498.0,63000.0,12600.0,tiggo 8
mercedes-benz,glc,2017.0,gasoline,58000,automatic,12cv,1991,suv 4x2,good,standard,5 seats,4 doors,used,125500.0,2026-03,9.0,5.0,4.0,1991.0,58000.0,6444.444444444444,glc
toyota,corolla,2020.0,gasoline,143000,automatic,6cv,1197,hatchback,good,standard,5 seats,5 doors,used,59900.0,2026-03,6.0,5.0,5.0,1197.0,143000.0,23833.333333333332,corolla
suzuki,celerio,2023.0,gasoline,112000,manual,4cv,998,hatchback,good,standard,5 seats,5 doors,used,33000.0,2026-03,3.0,5.0,5.0,998.0,112000.0,37333.333333333336,celerio
fiat,doblo,2024.0,diesel,52000,manual,5cv,1560,light commercial,good,standard,3 seats,5 doors,used,60000.0,2026-03,2.0,3.0,5.0,1560.0,52000.0,26000.0,doblo
gwm,haval jolion,2022.0,gasoline,78000,automatic,9cv,1479,suv 4x2,good,standard,5 seats,5 doors,used,78000.0,2026-03,4.0,5.0,5.0,1479.0,78000.0,19500.0,haval jolion
seat,ibiza,2012.0,gasoline,141000,manual,5cv,1200,hatchback,good,standard,5 seats,5 doors,used,32500.0,2026-03,14.0,5.0,5.0,1200.0,141000.0,10071.42857142857,ibiza
mercedes-benz,glb,2022.0,gasoline,104000,automatic,9cv,1332,suv 4x2,good,standard,5 seats,5 doors,used,155000.0,2026-03,4.0,5.0,5.0,1332.0,104000.0,26000.0,glb
isuzu,d-max simple cabine,2016.0,diesel,375000,manual,8cv,2500,pickup 4x2,good,standard,3 seats,2 doors,used,52900.0,2026-03,10.0,3.0,2.0,2500.0,375000.0,37500.0,d-max simple cabine
kia,sportage,2010.0,diesel,330000,manual,10cv,2000,suv 4x2,good,standard,5 seats,5 doors,used,45900.0,2026-03,16.0,5.0,5.0,2000.0,330000.0,20625.0,sportage
kia,xceed,2021.0,gasoline,89000,automatic,5cv,1580,suv 4x2,good,standard,5 seats,5 doors,used,85000.0,2026-03,5.0,5.0,5.0,1580.0,89000.0,17800.0,xceed
mercedes-benz,classe c,2017.0,gasoline,71000,automatic,36cv,3982,sedan,good,standard,5 seats,5 doors,used,199000.0,2026-03,9.0,5.0,5.0,3982.0,71000.0,7888.888888888889,classe c
chery,tiggo 3x,2022.0,gasoline,78000,automatic,6cv,998,suv 4x2,good,standard,5 seats,5 doors,used,48000.0,2026-03,4.0,5.0,5.0,998.0,78000.0,19500.0,tiggo 3x
mahindra,kuv 100,2020.0,gasoline,107000,manual,5cv,1198,suv 4x2,good,standard,5 seats,5 doors,used,25000.0,2026-03,6.0,5.0,5.0,1198.0,107000.0,17833.333333333332,kuv 100
gwm,haval h6,2023.0,gasoline,105000,automatic,8cv,1499,suv 4x2,good,standard,5 seats,5 doors,used,83000.0,2026-03,3.0,5.0,5.0,1499.0,105000.0,35000.0,haval h6
audi,a3,2018.0,diesel,198000,automatic,6cv,1600,hatchback,good,standard,5 seats,5 doors,used,80000.0,2026-03,8.0,5.0,5.0,1600.0,198000.0,24750.0,a3
hyundai,tucson,2021.0,diesel,105000,automatic,7cv,1600,suv 4x2,good,standard,5 seats,5 doors,used,105000.0,2026-03,5.0,5.0,5.0,1600.0,105000.0,21000.0,tucson
mercedes-benz,classe a,2012.0,gasoline,195000,manual,6cv,1600,hatchback,good,standard,5 seats,5 doors,used,51500.0,2026-03,14.0,5.0,5.0,1600.0,195000.0,13928.57142857143,classe a
renault,megane sedan,2006.0,diesel,439000,manual,5cv,1500,sedan,good,standard,5 seats,4 doors,used,18900.0,2026-03,20.0,5.0,4.0,1500.0,439000.0,21950.0,megane sedan
ford,fusion,2016.0,gasoline,225000,manual,9cv,1498,sedan,good,standard,5 seats,4 doors,used,36000.0,2026-03,10.0,5.0,4.0,1498.0,225000.0,22500.0,fusion
mahindra,kuv 100,2023.0,gasoline,47000,manual,5cv,1198,suv 4x2,good,standard,5 seats,5 doors,used,31900.0,2026-03,3.0,5.0,5.0,1198.0,47000.0,15666.666666666666,kuv 100
mercedes-benz,classe a,2020.0,diesel,108000,automatic,6cv,1500,hatchback,good,standard,5 seats,5 doors,used,93000.0,2026-03,6.0,5.0,5.0,1500.0,108000.0,18000.0,classe a
gwm,haval h6,2019.0,gasoline,84000,automatic,9cv,1499,suv 4x2,good,standard,5 seats,5 doors,used,74500.0,2026-03,7.0,5.0,5.0,1499.0,84000.0,12000.0,haval h6
kia,sportage,2018.0,diesel,144000,manual,7cv,1695,suv 4x2,good,standard,5 seats,4 doors,used,69500.0,2026-03,8.0,5.0,4.0,1695.0,144000.0,18000.0,sportage
bmw,x2,2022.0,gasoline,49000,automatic,7cv,1500,suv 4x2,good,standard,5 seats,5 doors,used,110000.0,2026-03,4.0,5.0,5.0,1500.0,49000.0,12250.0,x2
mercedes-benz,cla,2022.0,gasoline,82000,automatic,8cv,1300,sedan,good,standard,5 seats,5 doors,used,127000.0,2026-03,4.0,5.0,5.0,1300.0,82000.0,20500.0,cla
volkswagen,golf 7,2020.0,gasoline,155000,automatic,5cv,1197,hatchback,good,standard,5 seats,5 doors,used,87900.0,2026-03,6.0,5.0,5.0,1197.0,155000.0,25833.333333333332,golf 7
ford,mustang,2014.0,gasoline,98000,automatic,23cv,3700,convertible,good,standard,4 seats,2 doors,used,89000.0,2026-03,12.0,4.0,2.0,3700.0,98000.0,8166.666666666667,mustang
hyundai,tucson,2020.0,gasoline,135000,automatic,8cv,1591,suv 4x2,good,standard,5 seats,5 doors,used,79900.0,2026-03,6.0,5.0,5.0,1591.0,135000.0,22500.0,tucson
kia,picanto,2023.0,gasoline,59000,manual,4cv,998,hatchback,good,standard,5 seats,5 doors,used,41000.0,2026-03,3.0,5.0,5.0,998.0,59000.0,19666.666666666668,picanto
ford,focus,2018.0,gasoline,130000,automatic,7cv,999,hatchback,good,standard,5 seats,5 doors,used,39900.0,2026-03,8.0,5.0,5.0,999.0,130000.0,16250.0,focus
isuzu,d-max simple cabine,2022.0,diesel,116000,manual,8cv,2500,pickup 4x2,good,standard,3 seats,2 doors,used,65000.0,2026-03,4.0,3.0,2.0,2500.0,116000.0,29000.0,d-max simple cabine
opel,combo cargo,2021.0,diesel,106000,manual,7cv,1500,light commercial,good,standard,5 seats,5 doors,used,84000.0,2026-03,5.0,5.0,5.0,1500.0,106000.0,21200.0,combo cargo
seat,ateca,2023.0,gasoline,52000,automatic,8cv,1395,suv 4x2,good,standard,5 seats,5 doors,used,95900.0,2026-03,3.0,5.0,5.0,1395.0,52000.0,17333.333333333332,ateca
chevrolet,captiva,2022.0,gasoline,75000,automatic,9cv,1451,suv 4x2,good,standard,5 seats,5 doors,used,75000.0,2026-03,4.0,5.0,5.0,1451.0,75000.0,18750.0,captiva
volkswagen,golf 6,2012.0,diesel,216000,automatic,5cv,1600,hatchback,good,standard,5 seats,5 doors,used,44000.0,2026-03,14.0,5.0,5.0,1600.0,216000.0,15428.57142857143,golf 6
skoda,fabia,2023.0,gasoline,35000,manual,4cv,999,hatchback,good,standard,5 seats,5 doors,used,58000.0,2026-03,3.0,5.0,5.0,999.0,35000.0,11666.666666666666,fabia
dacia,sandero,2017.0,gasoline,152000,manual,4cv,1000,hatchback,good,standard,5 seats,5 doors,used,23500.0,2026-03,9.0,5.0,5.0,1000.0,152000.0,16888.88888888889,sandero
ford,fiesta,2016.0,gasoline,130000,manual,5cv,1242,hatchback,good,standard,5 seats,5 doors,used,36500.0,2026-03,10.0,5.0,5.0,1242.0,130000.0,13000.0,fiesta
bmw,série 1,2012.0,diesel,294000,manual,6cv,1595,hatchback,good,standard,5 seats,4 doors,used,45900.0,2026-03,14.0,5.0,4.0,1595.0,294000.0,21000.0,série 1
kia,rio 5p,2022.0,gasoline,89000,manual,5cv,1197,hatchback,good,standard,5 seats,5 doors,used,60000.0,2026-03,4.0,5.0,5.0,1197.0,89000.0,22250.0,rio 5p
porsche,cayenne,2012.0,gasoline,236000,automatic,21cv,3599,suv 4x2,good,standard,5 seats,4 doors,used,129900.0,2026-03,14.0,5.0,4.0,3599.0,236000.0,16857.14285714286,cayenne
bmw,série 1,2011.0,gasoline,195000,manual,7cv,1598,hatchback,good,standard,5 seats,5 doors,used,47000.0,2026-03,15.0,5.0,5.0,1598.0,195000.0,13000.0,série 1
hyundai,i20,2021.0,gasoline,117000,manual,5cv,1197,hatchback,good,standard,5 seats,5 doors,used,45500.0,2026-03,5.0,5.0,5.0,1197.0,117000.0,23400.0,i20
gwm,haval jolion,2022.0,gasoline,100000,automatic,9cv,1479,suv 4x2,good,standard,5 seats,5 doors,used,79900.0,2026-03,4.0,5.0,5.0,1479.0,100000.0,25000.0,haval jolion
citroën,jumper,2022.0,diesel,158000,manual,7cv,1052,light commercial,good,standard,3 seats,4 doors,used,69900.0,2026-03,4.0,3.0,4.0,1052.0,158000.0,39500.0,jumper
volkswagen,new beetle,2013.0,gasoline,213000,manual,6cv,903,sedan,good,standard,5 seats,2 doors,used,39900.0,2026-03,13.0,5.0,2.0,903.0,213000.0,16384.615384615383,new beetle
mazda,cx-9,2019.0,gasoline,168000,automatic,15cv,2488,suv 4x2,good,standard,7 seats,5 doors,used,82000.0,2026-03,7.0,7.0,5.0,2488.0,168000.0,24000.0,cx-9
kia,rio berline,2019.0,gasoline,91000,automatic,6cv,1368,sedan,good,standard,5 seats,4 doors,used,49900.0,2026-03,7.0,5.0,4.0,1368.0,91000.0,13000.0,rio berline
opel,astra,2021.0,gasoline,75000,manual,6cv,1199,hatchback,good,standard,5 seats,5 doors,used,50000.0,2026-03,5.0,5.0,5.0,1199.0,75000.0,15000.0,astra
mercedes-benz,classe a,2017.0,gasoline,169000,manual,6cv,1595,hatchback,good,standard,5 seats,5 doors,used,54500.0,2026-03,9.0,5.0,5.0,1595.0,169000.0,18777.777777777777,classe a
hyundai,i20,2013.0,gasoline,164000,manual,4cv,1248,hatchback,good,standard,5 seats,5 doors,used,31500.0,2026-03,13.0,5.0,5.0,1248.0,164000.0,12615.384615384615,i20
toyota,hilux double cabine,2018.0,diesel,120000,automatic,8cv,2400,pickup 4x2,good,standard,5 seats,4 doors,used,140000.0,2026-03,8.0,5.0,4.0,2400.0,120000.0,15000.0,hilux double cabine
mercedes-benz,amg gt,2021.0,gasoline,57000,automatic,24cv,2999,coupe,good,standard,4 seats,4 doors,used,449000.0,2026-03,5.0,4.0,4.0,2999.0,57000.0,11400.0,amg gt
land rover,range rover sport,2009.0,diesel,228000,automatic,13cv,2700,suv 4x2,good,standard,5 seats,5 doors,used,68000.0,2026-03,17.0,5.0,5.0,2700.0,228000.0,13411.764705882353,range rover sport
skoda,yeti,2016.0,gasoline,224000,automatic,7cv,1598,suv 4x2,good,standard,5 seats,5 doors,used,37000.0,2026-03,10.0,5.0,5.0,1598.0,224000.0,22400.0,yeti
isuzu,unknown,2017.0,diesel,38000,automatic,8cv,2500,suv 4x2,good,standard,7 seats,5 doors,used,145000.0,2026-03,9.0,7.0,5.0,2500.0,38000.0,4222.222222222223,unknown
isuzu,d-max simple cabine,2019.0,diesel,176000,manual,8cv,2500,pickup 4x2,good,standard,3 seats,2 doors,used,63000.0,2026-03,7.0,3.0,2.0,2500.0,176000.0,25142.85714285714,d-max simple cabine
audi,q3 sportback,2020.0,gasoline,98000,manual,8cv,1500,suv 4x2,good,standard,5 seats,5 doors,used,125000.0,2026-03,6.0,5.0,5.0,1500.0,98000.0,16333.333333333334,q3 sportback
kia,sportage,2013.0,diesel,275000,automatic,11cv,1998,suv 4x2,good,standard,5 seats,5 doors,used,44500.0,2026-03,13.0,5.0,5.0,1998.0,275000.0,21153.846153846152,sportage
gwm,poer mt,2023.0,diesel,100000,manual,11cv,1996,pickup 4x2,good,standard,5 seats,5 doors,used,78000.0,2026-03,3.0,5.0,5.0,1996.0,100000.0,33333.333333333336,poer mt
chevrolet,captiva,2023.0,gasoline,23000,automatic,9cv,1451,suv 4x2,good,standard,7 seats,5 doors,used,87000.0,2026-03,3.0,7.0,5.0,1451.0,23000.0,7666.666666666667,captiva
bmw,x5,2010.0,gasoline,211000,automatic,19cv,2998,suv 4x2,good,standard,5 seats,5 doors,used,75000.0,2026-03,16.0,5.0,5.0,2998.0,211000.0,13187.5,x5
kia,sportage,2023.0,gasoline,86000,automatic,10cv,1598,suv 4x2,good,standard,5 seats,5 doors,used,109000.0,2026-03,3.0,5.0,5.0,1598.0,86000.0,28666.666666666668,sportage
wallyscar,719,2023.0,gasoline,67000,manual,7cv,1587,sedan,good,standard,5 seats,4 doors,used,31000.0,2026-03,3.0,5.0,4.0,1587.0,67000.0,22333.333333333332,719
volkswagen,polo,2021.0,gasoline,83000,manual,4cv,999,hatchback,good,standard,5 seats,5 doors,used,59900.0,2026-03,5.0,5.0,5.0,999.0,83000.0,16600.0,polo
mercedes-benz,classe c,2024.0,gasoline,11000,automatic,9cv,1496,sedan,good,standard,5 seats,4 doors,used,240000.0,2026-03,2.0,5.0,4.0,1496.0,11000.0,5500.0,classe c
mercedes-benz,classe gl,2016.0,diesel,94000,automatic,16cv,2998,suv 4x2,good,standard,7 seats,5 doors,used,180000.0,2026-03,10.0,7.0,5.0,2998.0,94000.0,9400.0,classe gl
kia,sportage,2021.0,gasoline,149000,automatic,11cv,1591,suv 4x2,good,standard,5 seats,5 doors,used,95000.0,2026-03,5.0,5.0,5.0,1591.0,149000.0,29800.0,sportage
mini,cooper 3 portes,2015.0,gasoline,226000,manual,4cv,1198,hatchback,good,standard,5 seats,3 doors,used,32000.0,2026-03,11.0,5.0,3.0,1198.0,226000.0,20545.454545454544,cooper 3 portes
volkswagen,polo sedan,2022.0,gasoline,80000,manual,5cv,1398,sedan,good,standard,5 seats,5 doors,used,51000.0,2026-03,4.0,5.0,5.0,1398.0,80000.0,20000.0,polo sedan
audi,a3,2014.0,gasoline,194000,manual,5cv,1198,hatchback,good,standard,5 seats,5 doors,used,48500.0,2026-03,12.0,5.0,5.0,1198.0,194000.0,16166.666666666666,a3
nissan,juke,2013.0,gasoline,224000,manual,5cv,1600,suv 4x2,good,standard,5 seats,5 doors,used,34900.0,2026-03,13.0,5.0,5.0,1600.0,224000.0,17230.76923076923,juke
suzuki,swift,2021.0,gasoline,132000,manual,5cv,1198,hatchback,good,standard,5 seats,5 doors,used,37900.0,2026-03,5.0,5.0,5.0,1198.0,132000.0,26400.0,swift
kia,sportage,2021.0,diesel,98000,automatic,7cv,1598,suv 4x2,good,standard,5 seats,5 doors,used,105000.0,2026-03,5.0,5.0,5.0,1598.0,98000.0,19600.0,sportage
mercedes-benz,classe c,2013.0,gasoline,221000,automatic,11cv,1798,sedan,good,standard,5 seats,5 doors,used,64000.0,2026-03,13.0,5.0,5.0,1798.0,221000.0,17000.0,classe c
hyundai,i20,2018.0,gasoline,82000,manual,5cv,1197,hatchback,good,standard,5 seats,5 doors,used,42000.0,2026-03,8.0,5.0,5.0,1197.0,82000.0,10250.0,i20
mazda,6,2015.0,gasoline,190000,automatic,9cv,1998,sedan,good,standard,5 seats,5 doors,used,40000.0,2026-03,11.0,5.0,5.0,1998.0,190000.0,17272.727272727272,6
mercedes-benz,gle coupé,2017.0,gasoline,87000,automatic,23cv,2998,suv 4x2,good,standard,5 seats,5 doors,used,260000.0,2026-03,9.0,5.0,5.0,2998.0,87000.0,9666.666666666666,gle coupé
mercedes-benz,gle,2020.0,diesel,95000,automatic,14cv,1998,suv 4x2,good,standard,7 seats,5 doors,used,335000.0,2026-03,6.0,7.0,5.0,1998.0,95000.0,15833.333333333334,gle
suzuki,jimny 3 portes,2023.0,gasoline,24000,automatic,6cv,1462,suv 4x2,good,standard,4 seats,3 doors,used,95000.0,2026-03,3.0,4.0,3.0,1462.0,24000.0,8000.0,jimny 3 portes
mercedes-benz,cla,2014.0,gasoline,135000,manual,7cv,1598,sedan,good,standard,5 seats,5 doors,used,72500.0,2026-03,12.0,5.0,5.0,1598.0,135000.0,11250.0,cla
mercedes-benz,classe c,2009.0,gasoline,193000,manual,9cv,1598,sedan,good,standard,5 seats,5 doors,used,45000.0,2026-03,17.0,5.0,5.0,1598.0,193000.0,11352.941176470587,classe c
ford,kuga,2022.0,gasoline,78000,automatic,10cv,1496,suv 4x2,good,standard,5 seats,5 doors,used,90000.0,2026-03,4.0,5.0,5.0,1496.0,78000.0,19500.0,kuga
audi,q3 sportback,2021.0,gasoline,85000,automatic,9cv,1498,suv 4x2,good,standard,5 seats,5 doors,used,134900.0,2026-03,5.0,5.0,5.0,1498.0,85000.0,17000.0,q3 sportback
nissan,micra,2016.0,gasoline,188000,manual,5cv,1198,hatchback,good,standard,5 seats,5 doors,used,28500.0,2026-03,10.0,5.0,5.0,1198.0,188000.0,18800.0,micra
kia,sportage,2018.0,diesel,116000,automatic,7cv,1698,suv 4x2,good,standard,5 seats,5 doors,used,85000.0,2026-03,8.0,5.0,5.0,1698.0,116000.0,14500.0,sportage
land rover,range rover sport,2019.0,gasoline,130000,automatic,24cv,2995,suv 4x2,good,standard,5 seats,5 doors,used,270000.0,2026-03,7.0,5.0,5.0,2995.0,130000.0,18571.428571428572,range rover sport
gwm,haval h2,2020.0,gasoline,142000,automatic,9cv,1497,suv 4x2,good,standard,5 seats,5 doors,used,59500.0,2026-03,6.0,5.0,5.0,1497.0,142000.0,23666.666666666668,haval h2
lancia,ypsilon,2011.0,gasoline,133000,manual,4cv,1242,hatchback,good,standard,4 seats,2 doors,used,28500.0,2026-03,15.0,4.0,2.0,1242.0,133000.0,8866.666666666666,ypsilon
skoda,octavia,2018.0,gasoline,128000,automatic,8cv,1395,sedan,good,standard,5 seats,4 doors,used,55000.0,2026-03,8.0,5.0,4.0,1395.0,128000.0,16000.0,octavia
peugeot,4008,2014.0,gasoline,157000,manual,9cv,1998,suv 4x2,good,standard,5 seats,5 doors,used,43500.0,2026-03,12.0,5.0,5.0,1998.0,157000.0,13083.333333333334,4008
mercedes-benz,classe c,2010.0,diesel,386000,manual,7cv,2198,sedan,good,standard,5 seats,5 doors,used,42000.0,2026-03,16.0,5.0,5.0,2198.0,386000.0,24125.0,classe c
skoda,fabia,2021.0,gasoline,135000,manual,4cv,999,hatchback,good,standard,5 seats,5 doors,used,42000.0,2026-03,5.0,5.0,5.0,999.0,135000.0,27000.0,fabia
citroën,c4,2008.0,gasoline,289000,manual,6cv,1398,hatchback,good,standard,5 seats,4 doors,used,24000.0,2026-03,18.0,5.0,4.0,1398.0,289000.0,16055.555555555555,c4
mercedes-benz,classe c,2022.0,gasoline,91000,automatic,9cv,1496,sedan,good,standard,5 seats,4 doors,used,188000.0,2026-03,4.0,5.0,4.0,1496.0,91000.0,22750.0,classe c
mercedes-benz,classe c,2020.0,gasoline,116000,automatic,9cv,1497,sedan,good,standard,5 seats,4 doors,used,129000.0,2026-03,6.0,5.0,4.0,1497.0,116000.0,19333.333333333332,classe c
volkswagen,golf 7,2020.0,gasoline,99000,automatic,6cv,1197,hatchback,good,standard,5 seats,5 doors,used,73000.0,2026-03,6.0,5.0,5.0,1197.0,99000.0,16500.0,golf 7
mercedes-benz,classe a,2021.0,gasoline,61000,automatic,7cv,1332,hatchback,good,standard,5 seats,5 doors,used,129000.0,2026-03,5.0,5.0,5.0,1332.0,61000.0,12200.0,classe a
peugeot,3008,2017.0,diesel,182000,manual,6cv,1598,suv 4x2,good,standard,5 seats,5 doors,used,73500.0,2026-03,9.0,5.0,5.0,1598.0,182000.0,20222.222222222223,3008
jeep,grand cherokee,2002.0,diesel,317000,automatic,11cv,3098,suv 4x2,good,standard,5 seats,5 doors,used,44900.0,2026-03,24.0,5.0,5.0,3098.0,317000.0,13208.333333333334,grand cherokee
land rover,range rover evoque,2021.0,gasoline,29000,automatic,7cv,1498,suv 4x2,good,standard,5 seats,5 doors,used,205000.0,2026-03,5.0,5.0,5.0,1498.0,29000.0,5800.0,range rover evoque
porsche,cayenne,2008.0,gasoline,230000,automatic,21cv,3598,suv 4x2,good,standard,5 seats,5 doors,used,65500.0,2026-03,18.0,5.0,5.0,3598.0,230000.0,12777.777777777777,cayenne
byd,tang,2023.0,gasoline,44000,automatic,11cv,1999,suv 4x2,good,standard,7 seats,5 doors,used,97000.0,2026-03,3.0,7.0,5.0,1999.0,44000.0,14666.666666666666,tang
bmw,série 1,2018.0,gasoline,114000,manual,7cv,1498,hatchback,good,standard,5 seats,4 doors,used,85000.0,2026-03,8.0,5.0,4.0,1498.0,114000.0,14250.0,série 1
mini,cooper 3 portes,2009.0,gasoline,297000,manual,5cv,1398,hatchback,good,standard,4 seats,2 doors,used,25500.0,2026-03,17.0,4.0,2.0,1398.0,297000.0,17470.58823529412,cooper 3 portes
audi,q5,2013.0,diesel,258000,automatic,10cv,1968,suv 4x2,good,standard,5 seats,5 doors,used,72000.0,2026-03,13.0,5.0,5.0,1968.0,258000.0,19846.153846153848,q5
volkswagen,golf 8,2021.0,gasoline,84000,manual,6cv,999,hatchback,good,standard,5 seats,5 doors,used,80000.0,2026-03,5.0,5.0,5.0,999.0,84000.0,16800.0,golf 8
kia,sportage,2016.0,diesel,181000,automatic,10cv,1998,suv 4x2,good,standard,5 seats,5 doors,used,85000.0,2026-03,10.0,5.0,5.0,1998.0,181000.0,18100.0,sportage
toyota,hilux double cabine,1996.0,diesel,278000,manual,11cv,2798,pickup 4x2,good,standard,5 seats,4 doors,used,33000.0,2026-03,30.0,5.0,4.0,2798.0,278000.0,9266.666666666666,hilux double cabine
kia,sportage,2019.0,gasoline,65000,automatic,8cv,1591,suv 4x2,good,standard,5 seats,5 doors,used,79900.0,2026-03,7.0,5.0,5.0,1591.0,65000.0,9285.714285714286,sportage
kia,rio berline,2020.0,gasoline,121000,manual,6cv,1368,sedan,good,standard,5 seats,4 doors,used,47500.0,2026-03,6.0,5.0,4.0,1368.0,121000.0,20166.666666666668,rio berline
mercedes-benz,cla,2020.0,gasoline,44000,automatic,7cv,1332,sedan,good,standard,5 seats,4 doors,used,140000.0,2026-03,6.0,5.0,4.0,1332.0,44000.0,7333.333333333333,cla
mahindra,kuv 100,2018.0,gasoline,98000,manual,5cv,1198,suv 4x2,good,standard,5 seats,5 doors,used,32000.0,2026-03,8.0,5.0,5.0,1198.0,98000.0,12250.0,kuv 100
audi,q7,2010.0,diesel,262000,automatic,16cv,2999,suv 4x2,good,standard,7 seats,5 doors,used,59000.0,2026-03,16.0,7.0,5.0,2999.0,262000.0,16375.0,q7
kia,sportage,2021.0,gasoline,111000,automatic,8cv,1591,suv 4x2,good,standard,5 seats,5 doors,used,88000.0,2026-03,5.0,5.0,5.0,1591.0,111000.0,22200.0,sportage
mercedes-benz,gla,2022.0,gasoline,82000,automatic,7cv,1332,suv 4x2,good,standard,5 seats,5 doors,used,155000.0,2026-03,4.0,5.0,5.0,1332.0,82000.0,20500.0,gla
audi,e-tron sportback,2020.0,unknown,32000,automatic,12cv,unknown,suv 4x2,good,standard,5 seats,5 doors,used,159000.0,2026-03,6.0,5.0,5.0,,32000.0,5333.333333333333,e-tron sportback
opel,astra,2021.0,gasoline,95000,manual,6cv,1199,hatchback,good,standard,5 seats,5 doors,used,49900.0,2026-03,5.0,5.0,5.0,1199.0,95000.0,19000.0,astra
volkswagen,golf 8,2023.0,gasoline,55000,automatic,8cv,1395,hatchback,good,standard,5 seats,5 doors,used,120000.0,2026-03,3.0,5.0,5.0,1395.0,55000.0,18333.333333333332,golf 8
audi,q5,2008.0,diesel,370000,automatic,15cv,2998,suv 4x2,good,standard,5 seats,5 doors,used,60000.0,2026-03,18.0,5.0,5.0,2998.0,370000.0,20555.555555555555,q5
mercedes-benz,eqs berline,2022.0,unknown,51000,automatic,8cv,unknown,sedan,good,standard,5 seats,4 doors,used,350000.0,2026-03,4.0,5.0,4.0,,51000.0,12750.0,eqs berline
mazda,cx-5,2014.0,gasoline,296000,automatic,9cv,1997,suv 4x2,good,standard,5 seats,5 doors,used,48000.0,2026-03,12.0,5.0,5.0,1997.0,296000.0,24666.666666666668,cx-5
peugeot,unknown,2021.0,diesel,133000,manual,7cv,2179,light commercial,good,standard,3 seats,3 doors,used,79000.0,2026-03,5.0,3.0,3.0,2179.0,133000.0,26600.0,unknown
audi,e-tron,2019.0,unknown,55000,automatic,12cv,unknown,suv 4x2,good,standard,5 seats,5 doors,used,170000.0,2026-03,7.0,5.0,5.0,,55000.0,7857.142857142857,e-tron
mercedes-benz,classe c,2020.0,gasoline,55000,automatic,8cv,1497,sedan,good,standard,5 seats,4 doors,used,149000.0,2026-03,6.0,5.0,4.0,1497.0,55000.0,9166.666666666666,classe c
jeep,renegade,2020.0,gasoline,105000,manual,8cv,1368,suv 4x2,good,standard,5 seats,5 doors,used,70000.0,2026-03,6.0,5.0,5.0,1368.0,105000.0,17500.0,renegade
gwm,haval h6,2024.0,gasoline,23000,automatic,8cv,1499,suv 4x2,good,standard,5 seats,5 doors,used,115000.0,2026-03,2.0,5.0,5.0,1499.0,23000.0,11500.0,haval h6
volkswagen,caddy,2017.0,diesel,202000,manual,5cv,1598,light commercial,good,standard,2 seats,4 doors,used,37000.0,2026-03,9.0,2.0,4.0,1598.0,202000.0,22444.444444444445,caddy
bmw,série 5,2008.0,diesel,224000,manual,10cv,1998,sedan,good,standard,5 seats,5 doors,used,57500.0,2026-03,18.0,5.0,5.0,1998.0,224000.0,12444.444444444445,série 5
mercedes-benz,eqb,2023.0,unknown,9000,automatic,8cv,unknown,suv 4x2,good,standard,5 seats,4 doors,used,185000.0,2026-03,3.0,5.0,4.0,,9000.0,3000.0,eqb
volkswagen,tiguan,2013.0,diesel,220000,automatic,9cv,1968,suv 4x2,good,standard,5 seats,5 doors,used,64000.0,2026-03,13.0,5.0,5.0,1968.0,220000.0,16923.076923076922,tiguan
kia,stonic,2021.0,gasoline,56000,automatic,6cv,999,suv 4x2,good,standard,5 seats,4 doors,used,79000.0,2026-03,5.0,5.0,4.0,999.0,56000.0,11200.0,stonic
mercedes-benz,classe c,2018.0,diesel,87000,automatic,7cv,2198,sedan,good,standard,4 seats,5 doors,used,110000.0,2026-03,8.0,4.0,5.0,2198.0,87000.0,10875.0,classe c
porsche,panamera,2013.0,gasoline,151000,automatic,20cv,3598,sedan,good,standard,4 seats,5 doors,used,130000.0,2026-03,13.0,4.0,5.0,3598.0,151000.0,11615.384615384615,panamera
renault,clio,2021.0,gasoline,89000,manual,5cv,898,hatchback,good,standard,5 seats,4 doors,used,43000.0,2026-03,5.0,5.0,4.0,898.0,89000.0,17800.0,clio
mercedes-benz,classe c,2016.0,diesel,98000,automatic,6cv,1598,sedan,good,standard,4 seats,5 doors,used,107000.0,2026-03,10.0,4.0,5.0,1598.0,98000.0,9800.0,classe c
kia,unknown,2020.0,gasoline,80000,manual,5cv,1197,hatchback,good,standard,5 seats,5 doors,used,59000.0,2026-03,6.0,5.0,5.0,1197.0,80000.0,13333.333333333334,unknown
renault,koleos,2010.0,diesel,200000,automatic,10cv,1988,suv 4x2,good,standard,5 seats,4 doors,used,29500.0,2026-03,16.0,5.0,4.0,1988.0,200000.0,12500.0,koleos
volkswagen,passat,2011.0,diesel,287000,manual,5cv,1598,sedan,good,standard,5 seats,4 doors,used,43500.0,2026-03,15.0,5.0,4.0,1598.0,287000.0,19133.333333333332,passat
bmw,x5,2016.0,gasoline,70000,automatic,unknowncv,4398,suv 4x2,good,standard,5 seats,5 doors,used,297000.0,2026-03,10.0,5.0,5.0,4398.0,70000.0,7000.0,x5
mercedes-benz,classe c,2008.0,diesel,404000,automatic,8cv,2198,sedan,good,standard,5 seats,5 doors,used,37000.0,2026-03,18.0,5.0,5.0,2198.0,404000.0,22444.444444444445,classe c
mercedes-benz,classe a,2019.0,diesel,145000,automatic,6cv,1461,hatchback,good,standard,5 seats,4 doors,used,115000.0,2026-03,7.0,5.0,4.0,1461.0,145000.0,20714.285714285714,classe a
volkswagen,golf 8,2020.0,gasoline,105000,manual,6cv,999,hatchback,good,standard,5 seats,4 doors,used,78000.0,2026-03,6.0,5.0,4.0,999.0,105000.0,17500.0,golf 8
kia,sportage,2019.0,diesel,81000,automatic,7cv,1598,suv 4x2,good,standard,5 seats,5 doors,used,90000.0,2026-03,7.0,5.0,5.0,1598.0,81000.0,11571.42857142857,sportage
chevrolet,camaro,2015.0,gasoline,135000,manual,21cv,3600,coupe,good,standard,4 seats,2 doors,used,130000.0,2026-03,11.0,4.0,2.0,3600.0,135000.0,12272.727272727272,camaro
fiat,500,2017.0,gasoline,39000,manual,4cv,1242,hatchback,good,standard,4 seats,2 doors,used,45500.0,2026-03,9.0,4.0,2.0,1242.0,39000.0,4333.333333333333,500
bmw,x5,2007.0,diesel,362000,automatic,15cv,2998,suv 4x2,good,standard,7 seats,5 doors,used,55000.0,2026-03,19.0,7.0,5.0,2998.0,362000.0,19052.63157894737,x5
volkswagen,golf 7,2019.0,gasoline,117000,automatic,6cv,1197,hatchback,good,standard,5 seats,5 doors,used,63000.0,2026-03,7.0,5.0,5.0,1197.0,117000.0,16714.285714285714,golf 7
renault,megane sedan,2019.0,gasoline,123000,manual,7cv,1197,sedan,good,standard,5 seats,4 doors,used,44000.0,2026-03,7.0,5.0,4.0,1197.0,123000.0,17571.428571428572,megane sedan
gwm,haval h6,2022.0,gasoline,22000,automatic,8cv,1499,suv 4x2,good,standard,5 seats,5 doors,used,102000.0,2026-03,4.0,5.0,5.0,1499.0,22000.0,5500.0,haval h6
fiat,fiorino,2023.0,diesel,47000,manual,5cv,1248,light commercial,good,standard,2 seats,2 doors,used,61000.0,2026-03,3.0,2.0,2.0,1248.0,47000.0,15666.666666666666,fiorino
toyota,prado,2014.0,gasoline,75000,manual,11cv,2698,suv 4x2,good,standard,5 seats,4 doors,used,190000.0,2026-03,12.0,5.0,4.0,2698.0,75000.0,6250.0,prado
kia,stonic,2021.0,gasoline,91000,manual,6cv,999,suv 4x2,good,standard,5 seats,4 doors,used,69000.0,2026-03,5.0,5.0,4.0,999.0,91000.0,18200.0,stonic
mercedes-benz,classe c,2008.0,diesel,414000,automatic,10cv,2198,sedan,good,standard,5 seats,4 doors,used,49000.0,2026-03,18.0,5.0,4.0,2198.0,414000.0,23000.0,classe c
hyundai,veloster,2017.0,gasoline,158000,automatic,8cv,1591,hatchback,good,standard,4 seats,4 doors,used,42000.0,2026-03,9.0,4.0,4.0,1591.0,158000.0,17555.555555555555,veloster
jaguar,f-pace,2016.0,diesel,200000,automatic,10cv,1999,suv 4x2,good,standard,5 seats,5 doors,used,139000.0,2026-03,10.0,5.0,5.0,1999.0,200000.0,20000.0,f-pace
land rover,range rover evoque,2017.0,diesel,144000,automatic,8cv,1999,suv 4x2,good,standard,5 seats,5 doors,used,89000.0,2026-03,9.0,5.0,5.0,1999.0,144000.0,16000.0,range rover evoque
peugeot,rcz,2011.0,gasoline,92000,manual,9cv,1598,coupe,good,standard,4 seats,2 doors,used,39900.0,2026-03,15.0,4.0,2.0,1598.0,92000.0,6133.333333333333,rcz
jeep,compass,2023.0,gasoline,37000,automatic,8cv,1332,suv 4x2,good,standard,5 seats,4 doors,used,145000.0,2026-03,3.0,5.0,4.0,1332.0,37000.0,12333.333333333334,compass
land rover,range rover evoque,2016.0,diesel,154000,automatic,11cv,2179,suv 4x2,good,standard,5 seats,5 doors,used,119000.0,2026-03,10.0,5.0,5.0,2179.0,154000.0,15400.0,range rover evoque
kia,sportage,2018.0,gasoline,181000,automatic,8cv,1591,suv 4x2,good,standard,5 seats,5 doors,used,65000.0,2026-03,8.0,5.0,5.0,1591.0,181000.0,22625.0,sportage
mercedes-benz,classe x,2019.0,diesel,152000,automatic,8cv,2289,pickup 4x2,good,standard,5 seats,4 doors,used,155000.0,2026-03,7.0,5.0,4.0,2289.0,152000.0,21714.285714285714,classe x
peugeot,rifter,2020.0,diesel,195000,manual,5cv,1560,mpv,good,standard,5 seats,5 doors,used,82000.0,2026-03,6.0,5.0,5.0,1560.0,195000.0,32500.0,rifter
fiat,tipo berline,2022.0,gasoline,26000,manual,5cv,1368,sedan,good,standard,5 seats,5 doors,used,59500.0,2026-03,4.0,5.0,5.0,1368.0,26000.0,6500.0,tipo berline
citroën,jumpy fourgon,2022.0,diesel,123000,manual,7cv,1988,light commercial,good,standard,3 seats,3 doors,used,64000.0,2026-03,4.0,3.0,3.0,1988.0,123000.0,30750.0,jumpy fourgon
kia,sportage,2019.0,gasoline,85000,automatic,8cv,1591,suv 4x2,good,standard,5 seats,5 doors,used,75000.0,2026-03,7.0,5.0,5.0,1591.0,85000.0,12142.857142857143,sportage
volkswagen,golf 7,2018.0,gasoline,134000,automatic,6cv,1197,hatchback,good,standard,5 seats,5 doors,used,65000.0,2026-03,8.0,5.0,5.0,1197.0,134000.0,16750.0,golf 7
ford,ranger,2013.0,diesel,230000,manual,7cv,2198,pickup 4x2,good,standard,5 seats,4 doors,used,92500.0,2026-03,13.0,5.0,4.0,2198.0,230000.0,17692.30769230769,ranger
volkswagen,passat,2021.0,gasoline,190000,automatic,8cv,1395,sedan,good,standard,5 seats,4 doors,used,89000.0,2026-03,5.0,5.0,4.0,1395.0,190000.0,38000.0,passat
bmw,série 4 coupé,2014.0,gasoline,178000,automatic,10cv,1997,coupe,good,standard,4 seats,2 doors,used,73000.0,2026-03,12.0,4.0,2.0,1997.0,178000.0,14833.333333333334,série 4 coupé
renault,megane,2009.0,diesel,309000,manual,6cv,1498,hatchback,good,standard,5 seats,4 doors,used,32000.0,2026-03,17.0,5.0,4.0,1498.0,309000.0,18176.470588235294,megane
bmw,série 1,2018.0,gasoline,112000,manual,7cv,1498,hatchback,good,standard,5 seats,4 doors,used,72000.0,2026-03,8.0,5.0,4.0,1498.0,112000.0,14000.0,série 1
seat,arona,2023.0,gasoline,90000,automatic,6cv,999,suv 4x2,good,standard,5 seats,5 doors,used,79500.0,2026-03,3.0,5.0,5.0,999.0,90000.0,30000.0,arona
volkswagen,golf 7,2019.0,gasoline,175000,automatic,6cv,1198,hatchback,good,standard,5 seats,4 doors,used,61000.0,2026-03,7.0,5.0,4.0,1198.0,175000.0,25000.0,golf 7
mercedes-benz,classe c,2017.0,gasoline,76000,automatic,15cv,1998,sedan,good,standard,5 seats,4 doors,used,145000.0,2026-03,9.0,5.0,4.0,1998.0,76000.0,8444.444444444445,classe c
kia,sportage,2017.0,diesel,268000,automatic,10cv,1995,suv 4x2,good,standard,5 seats,5 doors,used,87000.0,2026-03,9.0,5.0,5.0,1995.0,268000.0,29777.777777777777,sportage
citroën,ds5,2013.0,diesel,263000,automatic,6cv,1598,hatchback,good,standard,5 seats,4 doors,used,48500.0,2026-03,13.0,5.0,4.0,1598.0,263000.0,20230.76923076923,ds5
ford,focus,2018.0,gasoline,132000,automatic,7cv,999,hatchback,good,standard,5 seats,4 doors,used,50000.0,2026-03,8.0,5.0,4.0,999.0,132000.0,16500.0,focus
hummer,h3,2007.0,gasoline,96000,automatic,19cv,3698,suv 4x2,good,standard,5 seats,4 doors,used,100000.0,2026-03,19.0,5.0,4.0,3698.0,96000.0,5052.631578947368,h3
jeep,renegade,2019.0,gasoline,150000,automatic,8cv,1368,suv 4x2,good,standard,5 seats,4 doors,used,64000.0,2026-03,7.0,5.0,4.0,1368.0,150000.0,21428.571428571428,renegade
peugeot,partner,2021.0,diesel,261000,manual,5cv,1598,light commercial,good,standard,3 seats,2 doors,used,42000.0,2026-03,5.0,3.0,2.0,1598.0,261000.0,52200.0,partner
citroën,c3,2019.0,gasoline,69000,manual,4cv,1199,hatchback,good,standard,5 seats,5 doors,used,44000.0,2026-03,7.0,5.0,5.0,1199.0,69000.0,9857.142857142857,c3
audi,q5,2014.0,gasoline,230000,manual,14cv,1998,suv 4x2,good,standard,5 seats,4 doors,used,59000.0,2026-03,12.0,5.0,4.0,1998.0,230000.0,19166.666666666668,q5
porsche,cayenne,2012.0,gasoline,90000,automatic,21cv,3199,suv 4x2,good,standard,5 seats,4 doors,used,155000.0,2026-03,14.0,5.0,4.0,3199.0,90000.0,6428.571428571428,cayenne
mercedes-benz,classe e,2014.0,gasoline,210000,automatic,10cv,1991,sedan,good,standard,5 seats,4 doors,used,79000.0,2026-03,12.0,5.0,4.0,1991.0,210000.0,17500.0,classe e
kia,sportage,2019.0,diesel,173000,automatic,8cv,1598,suv 4x2,good,standard,5 seats,5 doors,used,92000.0,2026-03,7.0,5.0,5.0,1598.0,173000.0,24714.285714285714,sportage
land rover,defender 110,2020.0,diesel,97000,automatic,12cv,1998,suv 4x2,good,standard,5 seats,4 doors,used,295000.0,2026-03,6.0,5.0,4.0,1998.0,97000.0,16166.666666666666,defender 110
audi,q5,2009.0,gasoline,194000,automatic,13cv,1998,suv 4x2,good,standard,5 seats,4 doors,used,45000.0,2026-03,17.0,5.0,4.0,1998.0,194000.0,11411.764705882353,q5
kia,sportage,2013.0,diesel,405000,automatic,11cv,1998,suv 4x2,good,standard,5 seats,5 doors,used,46000.0,2026-03,13.0,5.0,5.0,1998.0,405000.0,31153.846153846152,sportage
land rover,range rover sport,2016.0,diesel,164000,automatic,16cv,2998,suv 4x2,good,standard,5 seats,4 doors,used,160000.0,2026-03,10.0,5.0,4.0,2998.0,164000.0,16400.0,range rover sport
skoda,octavia,2015.0,gasoline,135000,automatic,7cv,1395,sedan,good,standard,5 seats,4 doors,used,40000.0,2026-03,11.0,5.0,4.0,1395.0,135000.0,12272.727272727272,octavia
mercedes-benz,classe c,2023.0,gasoline,41000,automatic,9cv,1496,sedan,good,standard,5 seats,4 doors,used,209000.0,2026-03,3.0,5.0,4.0,1496.0,41000.0,13666.666666666666,classe c
mg,hs,2021.0,gasoline,110000,automatic,10cv,1490,suv 4x2,good,standard,5 seats,4 doors,used,79000.0,2026-03,5.0,5.0,4.0,1490.0,110000.0,22000.0,hs
byd,song,2022.0,gasoline,45000,automatic,9cv,1497,suv 4x2,good,standard,5 seats,4 doors,used,75000.0,2026-03,4.0,5.0,4.0,1497.0,45000.0,11250.0,song
mazda,cx-3,2018.0,gasoline,82000,automatic,9cv,1998,suv 4x2,good,standard,5 seats,4 doors,used,85000.0,2026-03,8.0,5.0,4.0,1998.0,82000.0,10250.0,cx-3
hyundai,tucson,2021.0,hybrid,113000,automatic,7cv,1598,suv 4x2,good,standard,5 seats,4 doors,used,105000.0,2026-03,5.0,5.0,4.0,1598.0,113000.0,22600.0,tucson
mazda,cx-7,2012.0,gasoline,190000,automatic,15cv,2261,suv 4x2,good,standard,5 seats,5 doors,used,34000.0,2026-03,14.0,5.0,5.0,2261.0,190000.0,13571.42857142857,cx-7
kia,sportage,2020.0,gasoline,112000,automatic,8cv,1591,suv 4x2,good,standard,5 seats,5 doors,used,80000.0,2026-03,6.0,5.0,5.0,1591.0,112000.0,18666.666666666668,sportage
kia,sportage,2020.0,gasoline,83000,automatic,11cv,1591,suv 4x2,good,standard,5 seats,5 doors,used,98000.0,2026-03,6.0,5.0,5.0,1591.0,83000.0,13833.333333333334,sportage
gwm,haval h6,2021.0,gasoline,130000,automatic,9cv,1499,suv 4x2,good,standard,5 seats,5 doors,used,74000.0,2026-03,5.0,5.0,5.0,1499.0,130000.0,26000.0,haval h6
jeep,grand cherokee,2016.0,gasoline,132000,automatic,20cv,3604,suv 4x2,good,standard,5 seats,4 doors,used,180000.0,2026-03,10.0,5.0,4.0,3604.0,132000.0,13200.0,grand cherokee
mercedes-benz,ml,2009.0,diesel,240000,automatic,15cv,2987,suv 4x2,good,standard,5 seats,4 doors,used,59000.0,2026-03,17.0,5.0,4.0,2987.0,240000.0,14117.64705882353,ml
mg,5,2022.0,gasoline,26000,automatic,7cv,1498,sedan,good,standard,5 seats,4 doors,used,67000.0,2026-03,4.0,5.0,4.0,1498.0,26000.0,6500.0,5
ford,ranger,2020.0,diesel,70000,automatic,7cv,2198,pickup 4x2,good,standard,5 seats,5 doors,used,140000.0,2026-03,6.0,5.0,5.0,2198.0,70000.0,11666.666666666666,ranger
bmw,unknown,2009.0,gasoline,232000,manual,7cv,1598,coupe,good,standard,4 seats,2 doors,used,39900.0,2026-03,17.0,4.0,2.0,1598.0,232000.0,13647.058823529413,unknown
volkswagen,unknown,2018.0,gasoline,72000,manual,6cv,999,hatchback,good,standard,5 seats,4 doors,used,79000.0,2026-03,8.0,5.0,4.0,999.0,72000.0,9000.0,unknown
land rover,defender 110,2014.0,diesel,115000,manual,8cv,2198,suv 4x2,good,standard,5 seats,4 doors,used,200000.0,2026-03,12.0,5.0,4.0,2198.0,115000.0,9583.333333333334,defender 110
mercedes-benz,classe e,2017.0,gasoline,252000,automatic,9cv,1598,sedan,good,standard,5 seats,4 doors,used,85000.0,2026-03,9.0,5.0,4.0,1598.0,252000.0,28000.0,classe e
bmw,série 7,2012.0,diesel,200000,automatic,20cv,2998,sedan,good,standard,5 seats,4 doors,used,155500.0,2026-03,14.0,5.0,4.0,2998.0,200000.0,14285.714285714286,série 7
mercedes-benz,unknown,2007.0,gasoline,112000,automatic,19cv,3498,sedan,good,standard,5 seats,4 doors,used,62000.0,2026-03,19.0,5.0,4.0,3498.0,112000.0,5894.736842105263,unknown
audi,q3 sportback,2021.0,gasoline,122000,automatic,9cv,1498,suv 4x2,good,standard,5 seats,4 doors,used,135000.0,2026-03,5.0,5.0,4.0,1498.0,122000.0,24400.0,q3 sportback
isuzu,d-max double cabine,2013.0,diesel,244000,manual,8cv,2498,pickup 4x2,good,standard,5 seats,4 doors,used,115000.0,2026-03,13.0,5.0,4.0,2498.0,244000.0,18769.23076923077,d-max double cabine
porsche,cayenne,2008.0,gasoline,184000,automatic,21cv,3598,suv 4x2,good,standard,5 seats,5 doors,used,85000.0,2026-03,18.0,5.0,5.0,3598.0,184000.0,10222.222222222223,cayenne
land rover,range rover velar,2019.0,diesel,60000,automatic,11cv,1998,suv 4x2,good,standard,5 seats,4 doors,used,295000.0,2026-03,7.0,5.0,4.0,1998.0,60000.0,8571.42857142857,range rover velar
volkswagen,tiguan,2018.0,gasoline,104000,automatic,8cv,1398,suv 4x2,good,standard,5 seats,5 doors,used,117000.0,2026-03,8.0,5.0,5.0,1398.0,104000.0,13000.0,tiguan
bmw,unknown,2010.0,diesel,159000,automatic,19cv,3498,suv 4x2,good,standard,5 seats,5 doors,used,86000.0,2026-03,16.0,5.0,5.0,3498.0,159000.0,9937.5,unknown
land rover,unknown,2015.0,diesel,130000,automatic,10cv,1998,suv 4x2,good,standard,5 seats,4 doors,used,139000.0,2026-03,11.0,5.0,4.0,1998.0,130000.0,11818.181818181818,unknown
mercedes-benz,classe c,2016.0,diesel,160000,automatic,6cv,1598,sedan,good,standard,5 seats,4 doors,used,84000.0,2026-03,10.0,5.0,4.0,1598.0,160000.0,16000.0,classe c
mercedes-benz,classe e,2022.0,gasoline,15000,automatic,9cv,1498,sedan,good,standard,5 seats,4 doors,used,248000.0,2026-03,4.0,5.0,4.0,1498.0,15000.0,3750.0,classe e
nissan,patrol,1991.0,diesel,481000,manual,11cv,2798,suv 4x2,good,standard,4 seats,2 doors,used,37000.0,2026-03,35.0,4.0,2.0,2798.0,481000.0,13742.857142857143,patrol
bmw,x5,2007.0,diesel,295000,automatic,16cv,2998,suv 4x2,good,standard,5 seats,4 doors,used,47000.0,2026-03,19.0,5.0,4.0,2998.0,295000.0,15526.315789473685,x5
toyota,land cruiser,1996.0,diesel,506000,manual,17cv,4198,suv 4x2,good,standard,5 seats,5 doors,used,67000.0,2026-03,30.0,5.0,5.0,4198.0,506000.0,16866.666666666668,land cruiser
volkswagen,unknown,2014.0,gasoline,191000,automatic,10cv,1798,sedan,good,standard,5 seats,4 doors,used,49500.0,2026-03,12.0,5.0,4.0,1798.0,191000.0,15916.666666666666,unknown
mercedes-benz,classe c,2017.0,gasoline,113000,automatic,8cv,1598,sedan,good,standard,5 seats,4 doors,used,135000.0,2026-03,9.0,5.0,4.0,1598.0,113000.0,12555.555555555555,classe c
bmw,série 3,2018.0,gasoline,177000,automatic,7cv,1499,sedan,good,standard,5 seats,4 doors,used,78000.0,2026-03,8.0,5.0,4.0,1499.0,177000.0,22125.0,série 3
bmw,série 5,2013.0,gasoline,179000,automatic,10cv,1999,sedan,good,standard,5 seats,4 doors,used,79500.0,2026-03,13.0,5.0,4.0,1999.0,179000.0,13769.23076923077,série 5
bmw,série 4 gran coupé,2019.0,gasoline,99000,automatic,7cv,1498,sedan,good,standard,5 seats,4 doors,used,125000.0,2026-03,7.0,5.0,4.0,1498.0,99000.0,14142.857142857143,série 4 gran coupé
mercedes-benz,classe e,2017.0,gasoline,223000,automatic,9cv,1598,sedan,good,standard,5 seats,4 doors,used,105000.0,2026-03,9.0,5.0,4.0,1598.0,223000.0,24777.777777777777,classe e
toyota,hilux double cabine,2019.0,diesel,114000,manual,8cv,2398,pickup 4x2,good,standard,5 seats,4 doors,used,149000.0,2026-03,7.0,5.0,4.0,2398.0,114000.0,16285.714285714286,hilux double cabine
mercedes-benz,classe c,2019.0,gasoline,112000,automatic,10cv,1498,sedan,good,standard,5 seats,4 doors,used,145000.0,2026-03,7.0,5.0,4.0,1498.0,112000.0,16000.0,classe c
porsche,cayenne,2012.0,diesel,195000,automatic,15cv,2999,suv 4x2,good,standard,5 seats,5 doors,used,155000.0,2026-03,14.0,5.0,5.0,2999.0,195000.0,13928.57142857143,cayenne
mitsubishi,pajero sport,1999.0,diesel,510000,manual,9cv,2498,suv 4x2,good,standard,5 seats,4 doors,used,45000.0,2026-03,27.0,5.0,4.0,2498.0,510000.0,18888.88888888889,pajero sport
audi,a4,2011.0,gasoline,233000,manual,7cv,1798,sedan,good,standard,5 seats,4 doors,used,37000.0,2026-03,15.0,5.0,4.0,1798.0,233000.0,15533.333333333334,a4
mercedes-benz,classe e,2010.0,gasoline,199000,automatic,11cv,1796,sedan,good,standard,5 seats,4 doors,used,55000.0,2026-03,16.0,5.0,4.0,1796.0,199000.0,12437.5,classe e
fiat,500 c,2020.0,gasoline,20000,manual,4cv,999,hatchback,good,standard,4 seats,2 doors,used,59000.0,2026-03,6.0,4.0,2.0,999.0,20000.0,3333.3333333333335,500 c
ford,kuga,2017.0,gasoline,208000,automatic,11cv,1498,suv 4x2,good,standard,5 seats,5 doors,used,65000.0,2026-03,9.0,5.0,5.0,1498.0,208000.0,23111.11111111111,kuga
land rover,range rover sport,2019.0,gasoline,47000,automatic,17cv,1998,suv 4x2,good,standard,5 seats,5 doors,used,340000.0,2026-03,7.0,5.0,5.0,1998.0,47000.0,6714.285714285715,range rover sport
volkswagen,golf 6,2011.0,diesel,295000,automatic,5cv,1598,hatchback,good,standard,5 seats,4 doors,used,41000.0,2026-03,15.0,5.0,4.0,1598.0,295000.0,19666.666666666668,golf 6
kia,sportage,2012.0,diesel,324000,automatic,11cv,1998,suv 4x2,good,standard,5 seats,5 doors,used,54000.0,2026-03,14.0,5.0,5.0,1998.0,324000.0,23142.85714285714,sportage
citroën,c3,2019.0,gasoline,51000,manual,4cv,1199,hatchback,good,standard,5 seats,5 doors,used,44000.0,2026-03,7.0,5.0,5.0,1199.0,51000.0,7285.714285714285,c3
mercedes-benz,cla,2018.0,gasoline,48000,automatic,7cv,1595,sedan,good,standard,5 seats,4 doors,used,99000.0,2026-03,8.0,5.0,4.0,1595.0,48000.0,6000.0,cla
mercedes-benz,classe s,2008.0,gasoline,151000,automatic,19cv,3499,sedan,good,standard,5 seats,4 doors,used,95000.0,2026-03,18.0,5.0,4.0,3499.0,151000.0,8388.888888888889,classe s
jaguar,unknown,2014.0,gasoline,163000,automatic,16cv,1999,sedan,good,standard,5 seats,4 doors,used,120000.0,2026-03,12.0,5.0,4.0,1999.0,163000.0,13583.333333333334,unknown
bmw,série 3,2016.0,gasoline,152000,automatic,7cv,1499,sedan,good,standard,5 seats,4 doors,used,85000.0,2026-03,10.0,5.0,4.0,1499.0,152000.0,15200.0,série 3
porsche,cayenne,2009.0,gasoline,212000,automatic,30cv,4798,suv 4x2,good,standard,5 seats,5 doors,used,65000.0,2026-03,17.0,5.0,5.0,4798.0,212000.0,12470.588235294117,cayenne
skoda,octavia,2022.0,gasoline,30000,automatic,8cv,1395,sedan,good,standard,5 seats,5 doors,used,109000.0,2026-03,4.0,5.0,5.0,1395.0,30000.0,7500.0,octavia
bmw,x3,2014.0,gasoline,219000,automatic,9cv,1598,suv 4x2,good,standard,5 seats,5 doors,used,75000.0,2026-03,12.0,5.0,5.0,1598.0,219000.0,18250.0,x3
kia,sportage,2018.0,gasoline,101000,automatic,8cv,1591,suv 4x2,good,standard,5 seats,5 doors,used,85000.0,2026-03,8.0,5.0,5.0,1591.0,101000.0,12625.0,sportage
land rover,range rover sport,2019.0,gasoline,82000,automatic,17cv,1998,suv 4x2,good,standard,5 seats,4 doors,used,350000.0,2026-03,7.0,5.0,4.0,1998.0,82000.0,11714.285714285714,range rover sport
kia,sorento,2012.0,diesel,250000,automatic,12cv,2199,suv 4x2,good,standard,5 seats,5 doors,used,48000.0,2026-03,14.0,5.0,5.0,2199.0,250000.0,17857.14285714286,sorento
infiniti,fx,2008.0,gasoline,190000,automatic,20cv,3498,suv 4x2,good,standard,5 seats,4 doors,used,52000.0,2026-03,18.0,5.0,4.0,3498.0,190000.0,10555.555555555555,fx
kia,sportage,2018.0,diesel,132000,automatic,10cv,1995,suv 4x2,good,standard,5 seats,5 doors,used,110000.0,2026-03,8.0,5.0,5.0,1995.0,132000.0,16500.0,sportage
mazda,6,2014.0,gasoline,141000,automatic,9cv,1999,sedan,good,standard,5 seats,5 doors,used,51000.0,2026-03,12.0,5.0,5.0,1999.0,141000.0,11750.0,6
mercedes-benz,classe c,2018.0,gasoline,143000,automatic,9cv,1598,sedan,good,standard,5 seats,4 doors,used,119000.0,2026-03,8.0,5.0,4.0,1598.0,143000.0,17875.0,classe c
mahindra,scorpio suv,2013.0,diesel,353000,manual,8cv,2490,suv 4x2,good,standard,7 seats,4 doors,used,29500.0,2026-03,13.0,7.0,4.0,2490.0,353000.0,27153.846153846152,scorpio suv
bmw,série 5,2019.0,gasoline,47000,automatic,10cv,1597,sedan,good,standard,5 seats,4 doors,used,180000.0,2026-03,7.0,5.0,4.0,1597.0,47000.0,6714.285714285715,série 5
seat,leon,2013.0,gasoline,118000,manual,5cv,1197,hatchback,good,standard,5 seats,5 doors,used,40000.0,2026-03,13.0,5.0,5.0,1197.0,118000.0,9076.923076923076,leon
mercedes-benz,classe a,2022.0,gasoline,45000,automatic,8cv,1322,hatchback,good,standard,5 seats,4 doors,used,107000.0,2026-03,4.0,5.0,4.0,1322.0,45000.0,11250.0,classe a
toyota,rav 4,2019.0,gasoline,160000,automatic,9cv,2500,suv 4x2,good,standard,6 seats,5 doors,used,88000.0,2026-03,7.0,6.0,5.0,2500.0,160000.0,22857.14285714286,rav 4
bmw,série 1,2021.0,diesel,104000,automatic,6cv,1499,hatchback,good,standard,5 seats,4 doors,used,96000.0,2026-03,5.0,5.0,4.0,1499.0,104000.0,20800.0,série 1
kia,sportage,2021.0,gasoline,71000,automatic,11cv,1599,suv 4x2,good,standard,5 seats,4 doors,used,83000.0,2026-03,5.0,5.0,4.0,1599.0,71000.0,14200.0,sportage
mercedes-benz,gle coupé,2022.0,gasoline,47000,automatic,12cv,1999,suv 4x2,good,standard,5 seats,4 doors,used,278000.0,2026-03,4.0,5.0,4.0,1999.0,47000.0,11750.0,gle coupé
porsche,cayenne,2012.0,gasoline,215000,automatic,21cv,3599,suv 4x2,good,standard,5 seats,4 doors,used,137000.0,2026-03,14.0,5.0,4.0,3599.0,215000.0,15357.142857142857,cayenne
nissan,qashqai,2018.0,gasoline,155000,automatic,6cv,1200,suv 4x2,good,standard,5 seats,5 doors,used,57500.0,2026-03,8.0,5.0,5.0,1200.0,155000.0,19375.0,qashqai
land rover,range rover evoque,2016.0,gasoline,187000,automatic,15cv,2000,suv 4x2,good,standard,5 seats,5 doors,used,79500.0,2026-03,10.0,5.0,5.0,2000.0,187000.0,18700.0,range rover evoque
mercedes-benz,glc coupé,2025.0,gasoline,9000,automatic,11cv,1999,suv 4x2,good,standard,5 seats,4 doors,used,338000.0,2026-03,1.0,5.0,4.0,1999.0,9000.0,9000.0,glc coupé
mercedes-benz,classe e,2021.0,gasoline,36000,automatic,12cv,1999,sedan,good,standard,5 seats,4 doors,used,184000.0,2026-03,5.0,5.0,4.0,1999.0,36000.0,7200.0,classe e
porsche,cayenne,2009.0,gasoline,181000,automatic,21cv,unknown,suv 4x2,good,standard,5 seats,5 doors,used,60000.0,2026-03,17.0,5.0,5.0,,181000.0,10647.058823529413,cayenne
dfsk,unknown,2021.0,gasoline,107000,manual,5cv,1000,pickup 4x2,good,standard,2 seats,2 doors,used,21000.0,2026-03,5.0,2.0,2.0,1000.0,107000.0,21400.0,unknown
bmw,série 5,2022.0,gasoline,22000,automatic,10cv,1597,sedan,good,standard,5 seats,4 doors,used,155000.0,2026-03,4.0,5.0,4.0,1597.0,22000.0,5500.0,série 5
toyota,"2017, 1ère main, un suv moderne au design dynamique et confortable  caractéristiques principales :  • année : 2017  • kilométrage : 220 000 km  • motorisation : 1.2l turbo essence  • puissance fiscale : 6 cv  • puissance : 116 ch din  • moteur : 4 cylindres  • couple : 185 nm  • transmission : traction (fwd)  • boîte de vitesses : automatique (cvt – simulation 7 rapports)  • carrosserie : suv  • couleur extérieure : noir  • couleur intérieure : noir  • sellerie : tissu  • nombre de places : 5  • nombre de portes : 5  • réservoir : 50 l   disponible à riadh andalous pour plus d'informations, contactez moi sur le: +216 29950709  afficher plus détails spécifications marque toyota modèle c-hr",2017.0,gasoline,220000,automatic,6cv,1197,suv 4x2,good,standard,5 seats,5 doors,used,58000.0,2026-03,9.0,5.0,5.0,1197.0,220000.0,24444.444444444445,"2017, 1ère main, un suv moderne au design dynamique et confortable  caractéristiques principales :  • année : 2017  • kilométrage : 220 000 km  • motorisation : 1.2l turbo essence  • puissance fiscale : 6 cv  • puissance : 116 ch din  • moteur : 4 cylindres  • couple : 185 nm  • transmission : traction (fwd)  • boîte de vitesses : automatique (cvt – simulation 7 rapports)  • carrosserie : suv  • couleur extérieure : noir  • couleur intérieure : noir  • sellerie : tissu  • nombre de places : 5  • nombre de portes : 5  • réservoir : 50 l   disponible à riadh andalous pour plus d'informations, contactez moi sur le: +216 29950709  afficher plus détails spécifications marque toyota modèle c-hr"
kia,picanto,2024.0,gasoline,8500,manual,4cv,998,hatchback,good,standard,5 seats,5 doors,used,44800.0,2026-03,2.0,5.0,5.0,998.0,8500.0,4250.0,picanto
ford,mustang,2018.0,gasoline,65000,automatic,19cv,2261,coupe,good,standard,4 seats,3 doors,used,175000.0,2026-03,8.0,4.0,3.0,2261.0,65000.0,8125.0,mustang
mercedes-benz,classe e coupé,2011.0,gasoline,60000,automatic,11cv,899,coupe,good,standard,4 seats,3 doors,used,55000.0,2026-03,15.0,4.0,3.0,899.0,60000.0,4000.0,classe e coupé
porsche,panamera,2010.0,gasoline,140000,automatic,30cv,4806,sedan,good,standard,4 seats,5 doors,used,190000.0,2026-03,16.0,4.0,5.0,4806.0,140000.0,8750.0,panamera
volkswagen,polo,2011.0,gasoline,200000,manual,5cv,1198,hatchback,good,standard,5 seats,5 doors,used,28000.0,2026-03,15.0,5.0,5.0,1198.0,200000.0,13333.333333333334,polo
renault,fluence,2011.0,gasoline,133000,manual,7cv,1598,sedan,good,standard,5 seats,4 doors,used,30000.0,2026-03,15.0,5.0,4.0,1598.0,133000.0,8866.666666666666,fluence
skoda,fabia,2023.0,gasoline,92000,manual,4cv,999,hatchback,good,standard,5 seats,5 doors,used,43000.0,2026-03,3.0,5.0,5.0,999.0,92000.0,30666.666666666668,fabia
fiat,panda city cross,2022.0,gasoline,85000,manual,4cv,1242,hatchback,good,standard,5 seats,5 doors,used,38500.0,2026-03,4.0,5.0,5.0,1242.0,85000.0,21250.0,panda city cross
porsche,cayenne,2008.0,gasoline,183000,automatic,21cv,unknown,suv 4x2,good,standard,5 seats,5 doors,used,60000.0,2026-03,18.0,5.0,5.0,,183000.0,10166.666666666666,cayenne
kia,picanto,2024.0,gasoline,53000,automatic,4cv,1197,hatchback,good,standard,5 seats,5 doors,used,50000.0,2026-03,2.0,5.0,5.0,1197.0,53000.0,26500.0,picanto
toyota,c-hr,2018.0,gasoline,130000,manual,6cv,2000,unknown,good,standard,5 seats,4 doors,used,66500.0,2026-03,8.0,5.0,4.0,2000.0,130000.0,16250.0,c-hr
land rover,range rover sport,2015.0,diesel,240000,automatic,19cv,2993,suv 4x2,good,standard,5 seats,5 doors,used,135000.0,2026-03,11.0,5.0,5.0,2993.0,240000.0,21818.18181818182,range rover sport
volkswagen,t-roc,2022.0,gasoline,121000,manual,6cv,999,suv 4x2,good,standard,5 seats,4 doors,used,76000.0,2026-03,4.0,5.0,4.0,999.0,121000.0,30250.0,t-roc
kia,sportage,2021.0,gasoline,130000,automatic,11cv,1591,suv 4x2,good,standard,5 seats,5 doors,used,87000.0,2026-03,5.0,5.0,5.0,1591.0,130000.0,26000.0,sportage
audi,unknown,2017.0,gasoline,144000,automatic,10cv,1798,sedan,good,standard,5 seats,4 doors,used,95000.0,2026-03,9.0,5.0,4.0,1798.0,144000.0,16000.0,unknown
kia,sportage,2022.0,gasoline,90000,automatic,10cv,1600,suv 4x2,good,standard,5 seats,5 doors,used,110000.0,2026-03,4.0,5.0,5.0,1600.0,90000.0,22500.0,sportage
ford,ecosport,2019.0,gasoline,115000,automatic,7cv,998,suv 4x2,good,standard,5 seats,5 doors,used,50000.0,2026-03,7.0,5.0,5.0,998.0,115000.0,16428.571428571428,ecosport
bmw,x2,2020.0,gasoline,95000,automatic,8cv,1499,suv 4x2,good,standard,5 seats,5 doors,used,120000.0,2026-03,6.0,5.0,5.0,1499.0,95000.0,15833.333333333334,x2
toyota,corolla,2021.0,gasoline,87000,manual,6cv,1197,hatchback,good,standard,5 seats,5 doors,used,64000.0,2026-03,5.0,5.0,5.0,1197.0,87000.0,17400.0,corolla
peugeot,208,2021.0,diesel,150000,manual,5cv,1500,hatchback,good,standard,5 seats,4 doors,used,45000.0,2026-03,5.0,5.0,4.0,1500.0,150000.0,30000.0,208
mercedes-benz,glc,2016.0,diesel,180000,automatic,11cv,2200,suv 4x2,good,standard,5 seats,5 doors,used,125000.0,2026-03,10.0,5.0,5.0,2200.0,180000.0,18000.0,glc
audi,q3 sportback,2021.0,diesel,100000,automatic,9cv,2000,suv 4x2,good,standard,5 seats,4 doors,used,160000.0,2026-03,5.0,5.0,4.0,2000.0,100000.0,20000.0,q3 sportback
mercedes-benz,classe c,2014.0,gasoline,230000,automatic,8cv,1595,sedan,good,standard,5 seats,4 doors,used,74000.0,2026-03,12.0,5.0,4.0,1595.0,230000.0,19166.666666666668,classe c
volkswagen,golf 8,2023.0,gasoline,46000,automatic,8cv,1395,hatchback,good,standard,5 seats,5 doors,used,108000.0,2026-03,3.0,5.0,5.0,1395.0,46000.0,15333.333333333334,golf 8
chery,tiggo 3,2018.0,gasoline,75000,manual,8cv,1598,suv 4x2,good,standard,5 seats,5 doors,used,43000.0,2026-03,8.0,5.0,5.0,1598.0,75000.0,9375.0,tiggo 3
volkswagen,t-cross,2022.0,gasoline,89000,automatic,6cv,1100,suv 4x2,good,standard,5 seats,5 doors,used,80000.0,2026-03,4.0,5.0,5.0,1100.0,89000.0,22250.0,t-cross
kia,rio 5p,2022.0,gasoline,89000,manual,6cv,1100,hatchback,good,standard,5 seats,5 doors,used,56000.0,2026-03,4.0,5.0,5.0,1100.0,89000.0,22250.0,rio 5p
mercedes-benz,glc,2018.0,diesel,114000,automatic,11cv,3000,suv 4x2,good,standard,5 seats,4 doors,used,133000.0,2026-03,8.0,5.0,4.0,3000.0,114000.0,14250.0,glc
kia,sportage,2019.0,gasoline,70000,automatic,8cv,1591,suv 4x2,good,standard,5 seats,5 doors,used,78000.0,2026-03,7.0,5.0,5.0,1591.0,70000.0,10000.0,sportage
jeep,renegade,2022.0,gasoline,82000,manual,6cv,999,suv 4x2,good,standard,5 seats,5 doors,used,83000.0,2026-03,4.0,5.0,5.0,999.0,82000.0,20500.0,renegade
volkswagen,taigo,2022.0,gasoline,82000,manual,6cv,999,suv 4x2,good,standard,4 seats,4 doors,used,95000.0,2026-03,4.0,4.0,4.0,999.0,82000.0,20500.0,taigo
volkswagen,golf 8,2024.0,gasoline,37000,automatic,8cv,1395,hatchback,good,standard,5 seats,5 doors,used,98000.0,2026-03,2.0,5.0,5.0,1395.0,37000.0,18500.0,golf 8
seat,ibiza,2021.0,gasoline,101000,manual,4cv,999,hatchback,good,standard,5 seats,5 doors,used,49000.0,2026-03,5.0,5.0,5.0,999.0,101000.0,20200.0,ibiza
fiat,doblo maxi,2020.0,diesel,232000,manual,5cv,1248,light commercial,good,standard,2 seats,5 doors,used,33000.0,2026-03,6.0,2.0,5.0,1248.0,232000.0,38666.666666666664,doblo maxi
volkswagen,golf 6,2012.0,gasoline,240000,manual,5cv,1400,coupe,good,standard,5 seats,2 doors,used,44000.0,2026-03,14.0,5.0,2.0,1400.0,240000.0,17142.85714285714,golf 6
volkswagen,"bien équipé avec finition ""team"", très rare dans cet état et cette configuration.  afficher plus détails spécifications marque volkswagen modèle golf 6",2010.0,gasoline,182000,manual,7cv,1199,hatchback,good,standard,5 seats,5 doors,used,38500.0,2026-03,16.0,5.0,5.0,1199.0,182000.0,11375.0,"bien équipé avec finition ""team"", très rare dans cet état et cette configuration.  afficher plus détails spécifications marque volkswagen modèle golf 6"
bmw,"2022, moteur 1.5 essence 140 ch (8 cv fiscaux), en excellent état, avec 59 000 km. voiture première main, peinture d’origine et entretien régulier chez le concessionnaire bmw. elle dispose de nombreuses options dont toit ouvrant panoramique, intérieur tissu/sensatec anthrazit avec sièges sport et volant sport en cuir, bmw live cockpit professional, système audio hifi, climatisation automatique, accès confort, régulateur de vitesse avec fonction de freinage, parking assistant, et phares led adaptatifs. finition sport line avec jantes alliage 17″ bicolores, shadow line bmw individual et vitrage calorifuge. voiture très bien entretenue, aucune dépense à prévoir. contact 20346446  afficher plus détails spécifications marque bmw modèle série 2 gran coupé",2021.0,gasoline,60000,automatic,8cv,1499,sedan,good,standard,5 seats,4 doors,used,103000.0,2026-03,5.0,5.0,4.0,1499.0,60000.0,12000.0,"2022, moteur 1.5 essence 140 ch (8 cv fiscaux), en excellent état, avec 59 000 km. voiture première main, peinture d’origine et entretien régulier chez le concessionnaire bmw. elle dispose de nombreuses options dont toit ouvrant panoramique, intérieur tissu/sensatec anthrazit avec sièges sport et volant sport en cuir, bmw live cockpit professional, système audio hifi, climatisation automatique, accès confort, régulateur de vitesse avec fonction de freinage, parking assistant, et phares led adaptatifs. finition sport line avec jantes alliage 17″ bicolores, shadow line bmw individual et vitrage calorifuge. voiture très bien entretenue, aucune dépense à prévoir. contact 20346446  afficher plus détails spécifications marque bmw modèle série 2 gran coupé"
bmw,x6,2010.0,gasoline,215000,automatic,22cv,3500,suv 4x2,good,standard,4 seats,5 doors,used,69000.0,2026-03,16.0,4.0,5.0,3500.0,215000.0,13437.5,x6
mercedes-benz,classe c coupé,2012.0,gasoline,200000,manual,9cv,1598,coupe,good,standard,4 seats,2 doors,used,52000.0,2026-03,14.0,4.0,2.0,1598.0,200000.0,14285.714285714286,classe c coupé
gwm,haval jolion,2023.0,gasoline,37000,automatic,9cv,1479,suv 4x2,good,standard,5 seats,5 doors,used,78000.0,2026-03,3.0,5.0,5.0,1479.0,37000.0,12333.333333333334,haval jolion
kia,sportage,2023.0,gasoline,91000,automatic,10cv,1598,suv 4x2,good,standard,5 seats,5 doors,used,109000.0,2026-03,3.0,5.0,5.0,1598.0,91000.0,30333.333333333332,sportage
fiat,unknown,2021.0,diesel,380000,manual,5cv,unknown,light commercial,good,standard,3 seats,2 doors,used,10000.0,2026-03,5.0,3.0,2.0,,380000.0,76000.0,unknown
nissan,qashqai,2017.0,gasoline,169000,automatic,6cv,1197,suv 4x2,good,standard,5 seats,4 doors,used,59000.0,2026-03,9.0,5.0,4.0,1197.0,169000.0,18777.777777777777,qashqai
bmw,x3,2019.0,gasoline,16500,automatic,11cv,1998,suv 4x2,good,standard,5 seats,5 doors,used,175000.0,2026-03,7.0,5.0,5.0,1998.0,16500.0,2357.1428571428573,x3
audi,": 01/ 2021  kilométrage : 96.000 km  puissance fiscale : 8 cv energie : essence 2.0l   climatronic  start / stop  keyless go  feux led / xénon   camera   volant multifonction  boite automatique  sièges en cuir   palettes au volant  jantes 18"" 20 525 317 / 96585896  afficher plus détails spécifications marque audi modèle a5 sportback",2021.0,gasoline,96000,automatic,8cv,1984,sedan,good,standard,5 seats,5 doors,used,108000.0,2026-03,5.0,5.0,5.0,1984.0,96000.0,19200.0,": 01/ 2021  kilométrage : 96.000 km  puissance fiscale : 8 cv energie : essence 2.0l   climatronic  start / stop  keyless go  feux led / xénon   camera   volant multifonction  boite automatique  sièges en cuir   palettes au volant  jantes 18"" 20 525 317 / 96585896  afficher plus détails spécifications marque audi modèle a5 sportback"
audi,: 08 / 2020   kilométrage : 73.000 km  puissance fiscale : 12 cv   energie : electrique  boite automatique    full led / xénon    camera   sièges en cuir   sièges électriques à mémoire   palettes au volant  start / stop   volant multifonction  hayon électrique 20 525 317 / 96585896  afficher plus détails spécifications marque audi modèle e-tron,2020.0,unknown,73000,automatic,12cv,unknown,suv 4x2,good,standard,5 seats,4 doors,used,125000.0,2026-03,6.0,5.0,4.0,,73000.0,12166.666666666666,: 08 / 2020   kilométrage : 73.000 km  puissance fiscale : 12 cv   energie : electrique  boite automatique    full led / xénon    camera   sièges en cuir   sièges électriques à mémoire   palettes au volant  start / stop   volant multifonction  hayon électrique 20 525 317 / 96585896  afficher plus détails spécifications marque audi modèle e-tron
audi,: 2018   kilométrage : 100.000 km  puissance fiscale : 15 cv   energie : essence 2.0l  boite automatique   camera de recul  full led / xénon   sièges en cuir   hayon électrique  volant multifonction  palettes au volant  20 525 317 / 96585896  afficher plus détails spécifications marque audi modèle q5,2018.0,gasoline,100000,automatic,15cv,1984,suv 4x2,good,standard,5 seats,4 doors,used,105000.0,2026-03,8.0,5.0,4.0,1984.0,100000.0,12500.0,: 2018   kilométrage : 100.000 km  puissance fiscale : 15 cv   energie : essence 2.0l  boite automatique   camera de recul  full led / xénon   sièges en cuir   hayon électrique  volant multifonction  palettes au volant  20 525 317 / 96585896  afficher plus détails spécifications marque audi modèle q5
mercedes-benz,: 09 / 2022  kilométrage : 46.000 km  puissance fiscale : 6 cv  energie : electrique   climatronic  start / stop  keyless go  full led   camera 360°  volant multifonction  toit panoramique  sièges électriques à mémoire   lumière d'ambiance  hayon électrique   sièges alcantara  palettes au volant  sonorisation burmester  affichage tête haute 20 525 317 / 96585896  afficher plus détails spécifications marque mercedes-benz modèle eqa,2022.0,unknown,46000,automatic,6cv,unknown,suv 4x2,good,standard,5 seats,4 doors,used,141000.0,2026-03,4.0,5.0,4.0,,46000.0,11500.0,: 09 / 2022  kilométrage : 46.000 km  puissance fiscale : 6 cv  energie : electrique   climatronic  start / stop  keyless go  full led   camera 360°  volant multifonction  toit panoramique  sièges électriques à mémoire   lumière d'ambiance  hayon électrique   sièges alcantara  palettes au volant  sonorisation burmester  affichage tête haute 20 525 317 / 96585896  afficher plus détails spécifications marque mercedes-benz modèle eqa
mercedes-benz,": 2017 mars   kilométrage : 44.000 km  puissance fiscale : 17 cv   energie : diesel 3.5l  boite automatique    camera de recul  full led / xénon    sièges en cuir   jantes 22""   volant multifonction  sièges électriques àmémoire   20 525 317 / 96585896  afficher plus détails spécifications marque mercedes-benz modèle classe g",2017.0,diesel,44000,automatic,17cv,3500,suv 4x2,good,standard,5 seats,5 doors,used,395000.0,2026-03,9.0,5.0,5.0,3500.0,44000.0,4888.888888888889,": 2017 mars   kilométrage : 44.000 km  puissance fiscale : 17 cv   energie : diesel 3.5l  boite automatique    camera de recul  full led / xénon    sièges en cuir   jantes 22""   volant multifonction  sièges électriques àmémoire   20 525 317 / 96585896  afficher plus détails spécifications marque mercedes-benz modèle classe g"
peugeot,":  09/ 2019  kilométrage : 151 000 km  puissance fiscale : 8 cv   energie : essence  camera de recul  boite automatique   xénon / full led   climatronic   start / stop   jantes 19""   20 525 317 / 96585896  afficher plus détails spécifications marque peugeot modèle 508",2019.0,gasoline,151000,automatic,8cv,1598,sedan,good,standard,5 seats,4 doors,used,55000.0,2026-03,7.0,5.0,4.0,1598.0,151000.0,21571.428571428572,":  09/ 2019  kilométrage : 151 000 km  puissance fiscale : 8 cv   energie : essence  camera de recul  boite automatique   xénon / full led   climatronic   start / stop   jantes 19""   20 525 317 / 96585896  afficher plus détails spécifications marque peugeot modèle 508"
land rover,": 07 / 2021  kilométrage : 48 000 km  puissance fiscale : 9 cv  energie : diesel 2.0l  climatronic  boite automatique  camera 360°   start / stop  toit panoramique   sièges en cuir bi-couleur   volant multifonction  hayon électrique  sièges électriques à mémoire   full led / xénon   sonorisation meridian  jantes 20"" 20 525 317 / 96585896  afficher plus détails spécifications marque land rover modèle discovery sport",2021.0,diesel,48000,automatic,9cv,1999,suv 4x2,good,standard,5 seats,5 doors,used,195000.0,2026-03,5.0,5.0,5.0,1999.0,48000.0,9600.0,": 07 / 2021  kilométrage : 48 000 km  puissance fiscale : 9 cv  energie : diesel 2.0l  climatronic  boite automatique  camera 360°   start / stop  toit panoramique   sièges en cuir bi-couleur   volant multifonction  hayon électrique  sièges électriques à mémoire   full led / xénon   sonorisation meridian  jantes 20"" 20 525 317 / 96585896  afficher plus détails spécifications marque land rover modèle discovery sport"
land rover,: 01 / 2018  tu 256  kilométrage : 110.000 km  puissance fiscale : 16 cv   energie : diesel 3.0l  boite automatique    camera de recul  feux led / xénon    sièges en cuir   volant multifonction  sièges électriques à mémoire   hayon électrique  suspension pneumatique 20 525 317 / 96585896  afficher plus détails spécifications marque land rover modèle range rover sport,2018.0,diesel,110000,automatic,16cv,3000,suv 4x2,good,standard,5 seats,4 doors,used,170000.0,2026-03,8.0,5.0,4.0,3000.0,110000.0,13750.0,: 01 / 2018  tu 256  kilométrage : 110.000 km  puissance fiscale : 16 cv   energie : diesel 3.0l  boite automatique    camera de recul  feux led / xénon    sièges en cuir   volant multifonction  sièges électriques à mémoire   hayon électrique  suspension pneumatique 20 525 317 / 96585896  afficher plus détails spécifications marque land rover modèle range rover sport
mg,: 12 / 2023   kilométrage : 43.000 km  puissance fiscale : 09 cv   energie : essence  boite automatique   full led / xénon    camera   sièges en cuir  palettes au volant  start / stop   volant multifonction  keyless go  20 525 317 / 20 399 108  afficher plus détails spécifications marque mg modèle 6,2023.0,gasoline,43000,automatic,9cv,1490,sedan,good,standard,5 seats,4 doors,used,65000.0,2026-03,3.0,5.0,4.0,1490.0,43000.0,14333.333333333334,: 12 / 2023   kilométrage : 43.000 km  puissance fiscale : 09 cv   energie : essence  boite automatique   full led / xénon    camera   sièges en cuir  palettes au volant  start / stop   volant multifonction  keyless go  20 525 317 / 20 399 108  afficher plus détails spécifications marque mg modèle 6
kia,: 07 / 2023   kilométrage : 29.000 km  puissance fiscale : 10 cv   energie : essence  boite automatique    full led / xénon    start / stop   volant multifonction  toit panoramique  compteur digital  camera  sièges en cuir chauffants  keyless go  hayon électrique  20 525 317 / 96585896  afficher plus détails spécifications marque kia modèle sportage,2023.0,gasoline,29000,automatic,10cv,1598,suv 4x2,good,standard,5 seats,4 doors,used,125000.0,2026-03,3.0,5.0,4.0,1598.0,29000.0,9666.666666666666,: 07 / 2023   kilométrage : 29.000 km  puissance fiscale : 10 cv   energie : essence  boite automatique    full led / xénon    start / stop   volant multifonction  toit panoramique  compteur digital  camera  sièges en cuir chauffants  keyless go  hayon électrique  20 525 317 / 96585896  afficher plus détails spécifications marque kia modèle sportage
jetour,unknown,2026.0,gasoline,0,automatic,8cv,1498,suv 4x2,good,standard,5 seats,4 doors,used,115000.0,2026-03,0.0,5.0,4.0,1498.0,0.0,,unknown
audi,: 12 / 2021   kilométrage : 54.000 km  puissance fiscale : 12 cv   energie : electrique  boite automatique    full led / xénon    palettes au volant  start / stop   volant multifonction  boule de remorquage  toit panoramique 20 525 317 / 96585896  afficher plus détails spécifications marque audi modèle e-tron,2021.0,unknown,54000,automatic,12cv,unknown,suv 4x2,good,standard,5 seats,4 doors,used,145000.0,2026-03,5.0,5.0,4.0,,54000.0,10800.0,: 12 / 2021   kilométrage : 54.000 km  puissance fiscale : 12 cv   energie : electrique  boite automatique    full led / xénon    palettes au volant  start / stop   volant multifonction  boule de remorquage  toit panoramique 20 525 317 / 96585896  afficher plus détails spécifications marque audi modèle e-tron
seat,: 12 / 2023   kilométrage : 38.000 km  puissance fiscale : 6 cv   energie : essence  boite automatique    full led / xénon    start / stop   volant multifonction  toit ouvrant  compteur digital  20 525 317 / 96585896  afficher plus détails spécifications marque seat modèle ibiza,2023.0,gasoline,38000,automatic,6cv,999,hatchback,good,standard,5 seats,5 doors,used,77000.0,2026-03,3.0,5.0,5.0,999.0,38000.0,12666.666666666666,: 12 / 2023   kilométrage : 38.000 km  puissance fiscale : 6 cv   energie : essence  boite automatique    full led / xénon    start / stop   volant multifonction  toit ouvrant  compteur digital  20 525 317 / 96585896  afficher plus détails spécifications marque seat modèle ibiza
bmw,": 06 / 2022  kilométrage : 34.000 km  puissance fiscale : 8 cv   energie : essence  1.5l  climatronic  feux led / xénon   volant multifonction  toit panoramique   boite automatique   start / stop   jantes 18"" 20 525 317 / 96585896  afficher plus détails spécifications marque bmw modèle série 2 gran coupé",2022.0,gasoline,34000,automatic,8cv,1499,sedan,good,standard,5 seats,4 doors,used,118000.0,2026-03,4.0,5.0,4.0,1499.0,34000.0,8500.0,": 06 / 2022  kilométrage : 34.000 km  puissance fiscale : 8 cv   energie : essence  1.5l  climatronic  feux led / xénon   volant multifonction  toit panoramique   boite automatique   start / stop   jantes 18"" 20 525 317 / 96585896  afficher plus détails spécifications marque bmw modèle série 2 gran coupé"
bmw,: juin 2020  kilométrage : 85 000 km  puissance fiscale : 8 cv   energie : diesel  climatronic  full led / xénon   boiserie    volant multifonction  sièges en cuir   sièges électriques à mémoire   boite automatique   toit panoramique   palettes au volant   sonorisation harman kardon  20 525 317 / 96585896  afficher plus détails spécifications marque bmw modèle x3,2020.0,diesel,85000,automatic,7cv,1995,suv 4x2,good,standard,5 seats,4 doors,used,185000.0,2026-03,6.0,5.0,4.0,1995.0,85000.0,14166.666666666666,: juin 2020  kilométrage : 85 000 km  puissance fiscale : 8 cv   energie : diesel  climatronic  full led / xénon   boiserie    volant multifonction  sièges en cuir   sièges électriques à mémoire   boite automatique   toit panoramique   palettes au volant   sonorisation harman kardon  20 525 317 / 96585896  afficher plus détails spécifications marque bmw modèle x3
suzuki,: 2022  kilométrage : 88.000 km  puissance fiscale : 6 cv  energie : essence 1.5l  boite automatique  climatronic volant multifonction   jantes en alliage  20 525 317 / 20 399 108  afficher plus détails spécifications marque suzuki modèle jimny 3 portes,2022.0,gasoline,88000,automatic,6cv,1462,suv 4x2,good,standard,4 seats,2 doors,used,79000.0,2026-03,4.0,4.0,2.0,1462.0,88000.0,22000.0,: 2022  kilométrage : 88.000 km  puissance fiscale : 6 cv  energie : essence 1.5l  boite automatique  climatronic volant multifonction   jantes en alliage  20 525 317 / 20 399 108  afficher plus détails spécifications marque suzuki modèle jimny 3 portes
mercedes-benz,": déc 2022  kilométrage : 16.000 km  puissance fiscale : 12 cv (381 ch din)  energie : essence / rechargeable electrique   climatronic 4 zone   start / stop  full led / laser - digital light plus avec projection guard 3d  camera 360°   volant multifonction / chauffant   sièges en cuir  power red  keyless go  boite automatique 9 rapports  lumière d'ambiance premium  sièges électriques chauffants , massantse et à mémoire  sonorisation burmester p3d-surrond-sound system  hayon électrique  boule de remorquage électrique avec stabilisation de remorque  palettes au volant   toit panoramique   jantes 20"" multibranches   afficheur tête haute  20 525 317 / 96585896  afficher plus détails spécifications marque mercedes-benz modèle glc",2022.0,gasoline,16000,automatic,12cv,2000,suv 4x2,good,standard,5 seats,4 doors,used,298000.0,2026-03,4.0,5.0,4.0,2000.0,16000.0,4000.0,": déc 2022  kilométrage : 16.000 km  puissance fiscale : 12 cv (381 ch din)  energie : essence / rechargeable electrique   climatronic 4 zone   start / stop  full led / laser - digital light plus avec projection guard 3d  camera 360°   volant multifonction / chauffant   sièges en cuir  power red  keyless go  boite automatique 9 rapports  lumière d'ambiance premium  sièges électriques chauffants , massantse et à mémoire  sonorisation burmester p3d-surrond-sound system  hayon électrique  boule de remorquage électrique avec stabilisation de remorque  palettes au volant   toit panoramique   jantes 20"" multibranches   afficheur tête haute  20 525 317 / 96585896  afficher plus détails spécifications marque mercedes-benz modèle glc"
volkswagen,": 10 / 2025  kilométrage : 0km  puissance fiscale : 8 cv   energie : essence 1.5l  boite automatique   camera   full led / xénon iq-light  sièges en cuir ventilés  jantes 18""   volant multifonction  keyless go  start / stop  sonorisation harmen kardon  toit ouvrant  20 525 317 / 96585896  afficher plus détails spécifications marque volkswagen modèle golf 8",2025.0,gasoline,0,automatic,8cv,1500,hatchback,good,standard,5 seats,4 doors,used,168000.0,2026-03,1.0,5.0,4.0,1500.0,0.0,0.0,": 10 / 2025  kilométrage : 0km  puissance fiscale : 8 cv   energie : essence 1.5l  boite automatique   camera   full led / xénon iq-light  sièges en cuir ventilés  jantes 18""   volant multifonction  keyless go  start / stop  sonorisation harmen kardon  toit ouvrant  20 525 317 / 96585896  afficher plus détails spécifications marque volkswagen modèle golf 8"
jeep,": 07 / 2023  kilométrage : 75.000 km  puissance fiscale : 8 cv   energie : essence  boite automatique   camera 360°  feux led / xénon   sièges en cuir ventilés   park assist  jantes 19""    ecran tactile 10.1""  volant multifonction  sonorisation alpine  keyless go  start / stop  toit panoramique  sièges électriques à mémoire  20 525 317 / 96585896  afficher plus détails spécifications marque jeep modèle compass",2023.0,gasoline,75000,automatic,8cv,1332,suv 4x2,good,standard,5 seats,4 doors,used,105000.0,2026-03,3.0,5.0,4.0,1332.0,75000.0,25000.0,": 07 / 2023  kilométrage : 75.000 km  puissance fiscale : 8 cv   energie : essence  boite automatique   camera 360°  feux led / xénon   sièges en cuir ventilés   park assist  jantes 19""    ecran tactile 10.1""  volant multifonction  sonorisation alpine  keyless go  start / stop  toit panoramique  sièges électriques à mémoire  20 525 317 / 96585896  afficher plus détails spécifications marque jeep modèle compass"
bmw,": 11 / 2012  kilométrage : 163.000 km  puissance fiscale : 19 cv  energie : diesel    climatronic  start / stop  hayon électrique  feux led / xénon    camera   volant multifonction  toit panoramique  sièges électriques à mémoire   boiserie   sièges en cuir   jantes 20""  20 525 317 / 96585896  afficher plus détails spécifications marque bmw modèle x5",2012.0,diesel,163000,automatic,19cv,3000,suv 4x2,good,standard,5 seats,4 doors,used,88000.0,2026-03,14.0,5.0,4.0,3000.0,163000.0,11642.857142857143,": 11 / 2012  kilométrage : 163.000 km  puissance fiscale : 19 cv  energie : diesel    climatronic  start / stop  hayon électrique  feux led / xénon    camera   volant multifonction  toit panoramique  sièges électriques à mémoire   boiserie   sièges en cuir   jantes 20""  20 525 317 / 96585896  afficher plus détails spécifications marque bmw modèle x5"
audi,: 09 / 2019  tu 256  kilométrage : 36.000 km  puissance fiscale : 15 cv   energie : essence 2.0l boite automatique    camera 360°  feux led / xénon    sièges en cuir   volant multifonction  sièges électriques à mémoire   hayon électrique  palettes au volant  toit panoramique 20 525 317 / 96585896  afficher plus détails spécifications marque audi modèle q7,2019.0,gasoline,36000,automatic,15cv,2000,suv 4x2,good,standard,5 seats,4 doors,used,195000.0,2026-03,7.0,5.0,4.0,2000.0,36000.0,5142.857142857143,: 09 / 2019  tu 256  kilométrage : 36.000 km  puissance fiscale : 15 cv   energie : essence 2.0l boite automatique    camera 360°  feux led / xénon    sièges en cuir   volant multifonction  sièges électriques à mémoire   hayon électrique  palettes au volant  toit panoramique 20 525 317 / 96585896  afficher plus détails spécifications marque audi modèle q7
mercedes-benz,: 04 / 2022  kilométrage : 53.000 km  puissance fiscale : 8 cv  energie : electrique    climatronic  start / stop  full led / xénon - digital light   camera 360°   volant multifonction  sièges en cuir   keyless go  toit panoramique  boite automatique   lumière d'ambiance   sièges électriques à mémoire   sonorisation burmester   hayon électrique 20 525 317 / 96585896  afficher plus détails spécifications marque mercedes-benz modèle eqs berline,2022.0,unknown,53000,automatic,8cv,unknown,sedan,good,standard,5 seats,4 doors,used,295000.0,2026-03,4.0,5.0,4.0,,53000.0,13250.0,: 04 / 2022  kilométrage : 53.000 km  puissance fiscale : 8 cv  energie : electrique    climatronic  start / stop  full led / xénon - digital light   camera 360°   volant multifonction  sièges en cuir   keyless go  toit panoramique  boite automatique   lumière d'ambiance   sièges électriques à mémoire   sonorisation burmester   hayon électrique 20 525 317 / 96585896  afficher plus détails spécifications marque mercedes-benz modèle eqs berline
mercedes-benz,: 08/2020  kilométrage : 76.000 km  puissance fiscale : 10 cv   energie : essence / hybrid  boite automatique   sièges en cuir   camera  toit ouvrant  sièges électriques à mémoire  feux led / xénon - multibeam  climatronic  sonorisation burmester  volant multifonction  sièges chauffants   lumière d'ambiance  hayon électrique    20 525 317 / 96585896  afficher plus détails spécifications marque mercedes-benz modèle glc,2020.0,gasoline,76000,automatic,10cv,2000,suv 4x2,good,standard,5 seats,4 doors,used,195000.0,2026-03,6.0,5.0,4.0,2000.0,76000.0,12666.666666666666,: 08/2020  kilométrage : 76.000 km  puissance fiscale : 10 cv   energie : essence / hybrid  boite automatique   sièges en cuir   camera  toit ouvrant  sièges électriques à mémoire  feux led / xénon - multibeam  climatronic  sonorisation burmester  volant multifonction  sièges chauffants   lumière d'ambiance  hayon électrique    20 525 317 / 96585896  afficher plus détails spécifications marque mercedes-benz modèle glc
volkswagen,": 10 / 2025  kilométrage : 0 km  puissance fiscale : 8 cv   energie : essence 1.5l  boite automatique   camera   full led / xénon iq-light  sièges en cuir ventilés  jantes 18""   volant multifonction  keyless go  start / stop  toit ouvrant 20 525 317 / 96585896  afficher plus détails spécifications marque volkswagen modèle golf 8",2025.0,gasoline,0,automatic,8cv,1500,hatchback,good,standard,5 seats,4 doors,used,158000.0,2026-03,1.0,5.0,4.0,1500.0,0.0,0.0,": 10 / 2025  kilométrage : 0 km  puissance fiscale : 8 cv   energie : essence 1.5l  boite automatique   camera   full led / xénon iq-light  sièges en cuir ventilés  jantes 18""   volant multifonction  keyless go  start / stop  toit ouvrant 20 525 317 / 96585896  afficher plus détails spécifications marque volkswagen modèle golf 8"
bmw,": 02 / 2016  kilométrage : 226.000 km  puissance fiscale : 13 cv  energie : diesel 2.0l   climatronic  start / stop  keyless go  feux led / xénon   camera   volant multifonction  toit panoramique  sièges électriques à mémoire   boiserie   hayon électrique   sièges en cuir   palettes au volant  compteur digital  jantes 20""  20 525 317 / 96585896  afficher plus détails spécifications marque bmw modèle x5",2016.0,diesel,226000,automatic,13cv,2000,suv 4x2,good,standard,7 seats,4 doors,used,114000.0,2026-03,10.0,7.0,4.0,2000.0,226000.0,22600.0,": 02 / 2016  kilométrage : 226.000 km  puissance fiscale : 13 cv  energie : diesel 2.0l   climatronic  start / stop  keyless go  feux led / xénon   camera   volant multifonction  toit panoramique  sièges électriques à mémoire   boiserie   hayon électrique   sièges en cuir   palettes au volant  compteur digital  jantes 20""  20 525 317 / 96585896  afficher plus détails spécifications marque bmw modèle x5"
ford,: 2016 tu 252 kilométrage : 36.000 km  puissance fiscale : 33 cv   energie : essence    climatronic  feux xénon   volant multifonction  sièges en cuir   start / stop  boite automatique  20 525 317 / 20 399 108  afficher plus détails spécifications marque ford modèle mustang,2016.0,gasoline,36000,automatic,33cv,5000,convertible,good,standard,4 seats,4 doors,used,215000.0,2026-03,10.0,4.0,4.0,5000.0,36000.0,3600.0,: 2016 tu 252 kilométrage : 36.000 km  puissance fiscale : 33 cv   energie : essence    climatronic  feux xénon   volant multifonction  sièges en cuir   start / stop  boite automatique  20 525 317 / 20 399 108  afficher plus détails spécifications marque ford modèle mustang
toyota,: 2019  kilométrage : 215 000 km  puissance fiscale : 11 cv  energie : diesel   climatronic  boite automatique  start / stop  toit ouvrant  sièges alcantara  volant multifonction  20 525 317 / 96585896  afficher plus détails spécifications marque toyota modèle prado,2019.0,diesel,215000,automatic,11cv,2982,suv 4x2,good,standard,7 seats,5 doors,used,235000.0,2026-03,7.0,7.0,5.0,2982.0,215000.0,30714.285714285714,: 2019  kilométrage : 215 000 km  puissance fiscale : 11 cv  energie : diesel   climatronic  boite automatique  start / stop  toit ouvrant  sièges alcantara  volant multifonction  20 525 317 / 96585896  afficher plus détails spécifications marque toyota modèle prado
land rover,: 06 / 2014  kilométrage : 114.000 km  puissance fiscale : 11 cv   energie : diesel 2.2l  boite automatique    camera de recul  feux led / xénon    sièges en cuir   volant multifonction  sièges électriques à mémoire   hayon électrique  sonorisation meridian  20 525 317 / 96585896  afficher plus détails spécifications marque land rover modèle range rover evoque,2014.0,diesel,114000,automatic,11cv,2200,suv 4x2,good,standard,5 seats,4 doors,used,95000.0,2026-03,12.0,5.0,4.0,2200.0,114000.0,9500.0,: 06 / 2014  kilométrage : 114.000 km  puissance fiscale : 11 cv   energie : diesel 2.2l  boite automatique    camera de recul  feux led / xénon    sièges en cuir   volant multifonction  sièges électriques à mémoire   hayon électrique  sonorisation meridian  20 525 317 / 96585896  afficher plus détails spécifications marque land rover modèle range rover evoque
bmw,série 3,2020.0,gasoline,130000,automatic,10cv,1998,sedan,good,standard,5 seats,4 doors,used,105000.0,2026-03,6.0,5.0,4.0,1998.0,130000.0,21666.666666666668,série 3
audi,: 07 / 2021   kilométrage : 38.000 km  puissance fiscale : 12 cv   energie : electrique  boite automatique    full led / xénon    tu 256  palettes au volant  start / stop   volant multifonction  hayon électrique 20 525 317 / 96585896  afficher plus détails spécifications marque audi modèle e-tron,2021.0,unknown,38000,automatic,12cv,unknown,suv 4x2,good,standard,5 seats,4 doors,used,155000.0,2026-03,5.0,5.0,4.0,,38000.0,7600.0,: 07 / 2021   kilométrage : 38.000 km  puissance fiscale : 12 cv   energie : electrique  boite automatique    full led / xénon    tu 256  palettes au volant  start / stop   volant multifonction  hayon électrique 20 525 317 / 96585896  afficher plus détails spécifications marque audi modèle e-tron
land rover,:  2015  kilométrage : 80.000  km  puissance fiscale : 43 cv   energie : essence 5.0l   salon cuir bi-couleur   toit panoramique   boite automatique   camera de recul   xénon / full led   climatronic  quad-zone   jantes 22p    tv / dvd arrière   keyless go  sonorisation meridian    20 525 317 / 96585896  afficher plus détails spécifications marque land rover modèle range rover sport,2015.0,gasoline,80000,automatic,43cv,4999,suv 4x2,good,standard,5 seats,5 doors,used,240000.0,2026-03,11.0,5.0,5.0,4999.0,80000.0,7272.727272727273,:  2015  kilométrage : 80.000  km  puissance fiscale : 43 cv   energie : essence 5.0l   salon cuir bi-couleur   toit panoramique   boite automatique   camera de recul   xénon / full led   climatronic  quad-zone   jantes 22p    tv / dvd arrière   keyless go  sonorisation meridian    20 525 317 / 96585896  afficher plus détails spécifications marque land rover modèle range rover sport
porsche,: 04 / 2019  kilométrage : 41.000 km  puissance fiscale : 29 cv   energie : essence 3.6l  boite automatique    camera de recul  feux led / xénon    sièges en cuir   volant multifonction  sièges électriques à mémoire   hayon électrique  toit panoramique   sonorisation burmester  suspension pneumatique  20 525 317 / 96585896  afficher plus détails spécifications marque porsche modèle macan,2019.0,gasoline,41000,automatic,29cv,3600,suv 4x2,good,standard,5 seats,4 doors,used,295000.0,2026-03,7.0,5.0,4.0,3600.0,41000.0,5857.142857142857,: 04 / 2019  kilométrage : 41.000 km  puissance fiscale : 29 cv   energie : essence 3.6l  boite automatique    camera de recul  feux led / xénon    sièges en cuir   volant multifonction  sièges électriques à mémoire   hayon électrique  toit panoramique   sonorisation burmester  suspension pneumatique  20 525 317 / 96585896  afficher plus détails spécifications marque porsche modèle macan
mg,e-hs,2022.0,gasoline,31000,automatic,8cv,1490,suv 4x2,good,standard,5 seats,5 doors,used,90000.0,2026-03,4.0,5.0,5.0,1490.0,31000.0,7750.0,e-hs
fiat,punto,2010.0,gasoline,241000,manual,5cv,unknown,coupe,good,standard,5 seats,5 doors,used,17000.0,2026-03,16.0,5.0,5.0,,241000.0,15062.5,punto
mercedes-benz,cla,2024.0,gasoline,18000,automatic,8cv,1499,sedan,good,standard,5 seats,4 doors,used,148000.0,2026-03,2.0,5.0,4.0,1499.0,18000.0,9000.0,cla
audi,a5 sportback,2018.0,gasoline,215000,automatic,8cv,1395,sedan,good,standard,5 seats,5 doors,used,88500.0,2026-03,8.0,5.0,5.0,1395.0,215000.0,26875.0,a5 sportback
mercedes-benz,cla,2024.0,gasoline,20000,automatic,8cv,1499,sedan,good,standard,5 seats,4 doors,used,157000.0,2026-03,2.0,5.0,4.0,1499.0,20000.0,10000.0,cla
mercedes-benz,classe a berline,2024.0,gasoline,24000,automatic,8cv,1499,sedan,good,standard,5 seats,4 doors,used,148000.0,2026-03,2.0,5.0,4.0,1499.0,24000.0,12000.0,classe a berline
mercedes-benz,classe c,2016.0,gasoline,182000,automatic,8cv,1599,sedan,good,standard,5 seats,4 doors,used,98000.0,2026-03,10.0,5.0,4.0,1599.0,182000.0,18200.0,classe c
mercedes-benz,gla,2022.0,gasoline,96000,automatic,7cv,1332,suv 4x2,good,standard,5 seats,4 doors,used,114000.0,2026-03,4.0,5.0,4.0,1332.0,96000.0,24000.0,gla
suzuki,swift,2022.0,gasoline,100000,automatic,5cv,1197,hatchback,good,standard,5 seats,5 doors,used,36000.0,2026-03,4.0,5.0,5.0,1197.0,100000.0,25000.0,swift
ford,focus,2016.0,gasoline,194000,manual,6cv,999,hatchback,good,standard,5 seats,5 doors,used,34500.0,2026-03,10.0,5.0,5.0,999.0,194000.0,19400.0,focus
mercedes-benz,: 2023 mars  kilométrage : 16.000 km  puissance fiscale : 8 cv   energie : diesel  2.0l  climatronic  feux xénon / led   volant multifonction  sièges en cuir   toit panoramique  boite automatique   sonorisation burmester  sièges chauffants   palettes au volant   pavillon tactile  camera   start / stop  20 525 317 / 96585896  afficher plus détails spécifications marque mercedes-benz modèle glb,2023.0,diesel,16000,automatic,8cv,2000,suv 4x2,good,standard,5 seats,4 doors,used,188000.0,2026-03,3.0,5.0,4.0,2000.0,16000.0,5333.333333333333,: 2023 mars  kilométrage : 16.000 km  puissance fiscale : 8 cv   energie : diesel  2.0l  climatronic  feux xénon / led   volant multifonction  sièges en cuir   toit panoramique  boite automatique   sonorisation burmester  sièges chauffants   palettes au volant   pavillon tactile  camera   start / stop  20 525 317 / 96585896  afficher plus détails spécifications marque mercedes-benz modèle glb
bmw,"2019 – importée d’allemagne   une berline haut de gamme alliant puissance, confort et technologie. voiture soigneusement entretenue, suivie exclusivement chez bmw, avec historique complet disponible dans le véhicule.  caractéristiques principales : 	•	modèle : bmw 530e iperformance hybride rechargeable 	•	année : 2019 	•	importée d’allemagne, immatriculée en tunisie 	•	puissance fiscale : 8 cv 	•	transmission : automatique 	•	état : excellent – aucun frais à prévoir  options et équipements : 	•	régulateur de vitesse adaptatif avec arrêt complet et redémarrage automatique 	•	bmw connecteddrive : commande du véhicule à distance, localisation en temps réel 	•	apple carplay & android auto 	•	appel d’urgence intelligent (bmw sos) 	•	pneus runflat, dont 2 bridgestone neuves 	•	intérieur premium, confort et finitions haut de gamme 	•	technologie hybride performante – consommation réduite et conduite fluide  autres points : 	•	véhicule très bien entretenue  afficher plus détails spécifications marque bmw modèle série 5",2019.0,gasoline,67000,automatic,8cv,1998,sedan,good,standard,5 seats,4 doors,used,135000.0,2026-03,7.0,5.0,4.0,1998.0,67000.0,9571.42857142857,"2019 – importée d’allemagne   une berline haut de gamme alliant puissance, confort et technologie. voiture soigneusement entretenue, suivie exclusivement chez bmw, avec historique complet disponible dans le véhicule.  caractéristiques principales : 	•	modèle : bmw 530e iperformance hybride rechargeable 	•	année : 2019 	•	importée d’allemagne, immatriculée en tunisie 	•	puissance fiscale : 8 cv 	•	transmission : automatique 	•	état : excellent – aucun frais à prévoir  options et équipements : 	•	régulateur de vitesse adaptatif avec arrêt complet et redémarrage automatique 	•	bmw connecteddrive : commande du véhicule à distance, localisation en temps réel 	•	apple carplay & android auto 	•	appel d’urgence intelligent (bmw sos) 	•	pneus runflat, dont 2 bridgestone neuves 	•	intérieur premium, confort et finitions haut de gamme 	•	technologie hybride performante – consommation réduite et conduite fluide  autres points : 	•	véhicule très bien entretenue  afficher plus détails spécifications marque bmw modèle série 5"
bmw,série 5,2017.0,gasoline,119000,automatic,10cv,1597,sedan,good,standard,5 seats,4 doors,used,105000.0,2026-03,9.0,5.0,4.0,1597.0,119000.0,13222.222222222223,série 5
mercedes-benz,gle coupé,2022.0,gasoline,49000,automatic,9cv,2000,suv 4x2,good,standard,5 seats,5 doors,used,275000.0,2026-03,4.0,5.0,5.0,2000.0,49000.0,12250.0,gle coupé
porsche,taycan,2021.0,unknown,9000,automatic,16cv,unknown,sedan,good,standard,5 seats,4 doors,used,320000.0,2026-03,5.0,5.0,4.0,,9000.0,1800.0,taycan
mercedes-benz,classe c,2023.0,gasoline,72500,automatic,9cv,1496,sedan,good,standard,5 seats,4 doors,used,165000.0,2026-03,3.0,5.0,4.0,1496.0,72500.0,24166.666666666668,classe c
chery,tiggo 3x,2023.0,gasoline,42000,automatic,6cv,998,suv 4x2,good,standard,5 seats,5 doors,used,69610.0,2026-03,3.0,5.0,5.0,998.0,42000.0,14000.0,tiggo 3x
land rover,range rover evoque,2012.0,gasoline,250000,automatic,15cv,1999,suv 4x2,good,standard,5 seats,5 doors,used,58000.0,2026-03,14.0,5.0,5.0,1999.0,250000.0,17857.14285714286,range rover evoque
tata,unknown,2016.0,diesel,400000,manual,7cv,2179,pickup 4x2,good,standard,5 seats,4 doors,used,25000.0,2026-03,10.0,5.0,4.0,2179.0,400000.0,40000.0,unknown
mercedes-benz,classe e,2009.0,diesel,240000,automatic,10cv,unknown,sedan,good,standard,5 seats,5 doors,used,55000.0,2026-03,17.0,5.0,5.0,,240000.0,14117.64705882353,classe e
mercedes-benz,glc coupé,2024.0,gasoline,14000,automatic,11cv,1999,suv 4x2,good,standard,5 seats,4 doors,used,325000.0,2026-03,2.0,5.0,4.0,1999.0,14000.0,7000.0,glc coupé
bmw,x6,2015.0,diesel,169000,automatic,26cv,2999,suv 4x2,good,standard,5 seats,4 doors,used,155000.0,2026-03,11.0,5.0,4.0,2999.0,169000.0,15363.636363636364,x6
mercedes-benz,classe c,2024.0,gasoline,38000,automatic,9cv,1496,sedan,good,standard,5 seats,4 doors,used,184000.0,2026-03,2.0,5.0,4.0,1496.0,38000.0,19000.0,classe c
bmw,série 1,2020.0,gasoline,124000,automatic,8cv,1499,hatchback,good,standard,5 seats,4 doors,used,88000.0,2026-03,6.0,5.0,4.0,1499.0,124000.0,20666.666666666668,série 1
mercedes-benz,gla,2021.0,gasoline,60000,automatic,8cv,1300,suv 4x2,good,standard,5 seats,5 doors,used,129000.0,2026-03,5.0,5.0,5.0,1300.0,60000.0,12000.0,gla
mercedes-benz,classe c,2022.0,gasoline,33000,automatic,9cv,1499,sedan,good,standard,5 seats,4 doors,used,178000.0,2026-03,4.0,5.0,4.0,1499.0,33000.0,8250.0,classe c
porsche,cayenne,2018.0,gasoline,85000,automatic,33cv,2900,suv 4x2,good,standard,5 seats,5 doors,used,245000.0,2026-03,8.0,5.0,5.0,2900.0,85000.0,10625.0,cayenne
hyundai,tucson,2004.0,diesel,145000,automatic,8cv,4444,suv 4x2,good,standard,5 seats,4 doors,used,38500.0,2026-03,22.0,5.0,4.0,4444.0,145000.0,6590.909090909091,tucson
chery,tiggo 2,2020.0,gasoline,43000,manual,6cv,1497,suv 4x2,good,standard,5 seats,5 doors,used,43800.0,2026-03,6.0,5.0,5.0,1497.0,43000.0,7166.666666666667,tiggo 2
gwm,haval h6,2023.0,gasoline,38000,automatic,8cv,1499,suv 4x2,good,standard,5 seats,5 doors,used,95000.0,2026-03,3.0,5.0,5.0,1499.0,38000.0,12666.666666666666,haval h6
renault,clio,2014.0,gasoline,180000,manual,5cv,1149,hatchback,good,standard,5 seats,5 doors,used,34500.0,2026-03,12.0,5.0,5.0,1149.0,180000.0,15000.0,clio
mg,zs,2022.0,gasoline,28000,manual,7cv,1498,suv 4x2,good,standard,5 seats,5 doors,used,67000.0,2026-03,4.0,5.0,5.0,1498.0,28000.0,7000.0,zs
gwm,haval h6,2025.0,gasoline,27000,automatic,8cv,1499,suv 4x2,good,standard,5 seats,5 doors,used,108000.0,2026-03,1.0,5.0,5.0,1499.0,27000.0,27000.0,haval h6
jeep,renegade,2021.0,gasoline,110000,automatic,8cv,1368,suv 4x2,good,standard,5 seats,5 doors,used,68000.0,2026-03,5.0,5.0,5.0,1368.0,110000.0,22000.0,renegade
mg,zs,2019.0,gasoline,80000,automatic,7cv,1498,suv 4x2,good,standard,5 seats,5 doors,used,59000.0,2026-03,7.0,5.0,5.0,1498.0,80000.0,11428.57142857143,zs
toyota,c-hr,2018.0,gasoline,150000,automatic,6cv,1197,suv 4x2,good,standard,5 seats,5 doors,used,66000.0,2026-03,8.0,5.0,5.0,1197.0,150000.0,18750.0,c-hr
hyundai,tucson,2023.0,gasoline,50000,automatic,10cv,1598,suv 4x2,good,standard,5 seats,5 doors,used,105000.0,2026-03,3.0,5.0,5.0,1598.0,50000.0,16666.666666666668,tucson
gwm,haval jolion,2023.0,gasoline,37000,automatic,9cv,1479,suv 4x2,good,standard,5 seats,5 doors,used,90000.0,2026-03,3.0,5.0,5.0,1479.0,37000.0,12333.333333333334,haval jolion
nissan,juke,2021.0,gasoline,115000,automatic,6cv,999,suv 4x2,good,standard,5 seats,5 doors,used,59500.0,2026-03,5.0,5.0,5.0,999.0,115000.0,23000.0,juke
skoda,kushaq,2025.0,gasoline,15000,manual,6cv,999,suv 4x2,good,standard,5 seats,5 doors,used,73500.0,2026-03,1.0,5.0,5.0,999.0,15000.0,15000.0,kushaq
chevrolet,unknown,2020.0,gasoline,188000,manual,5cv,1229,hatchback,good,standard,5 seats,5 doors,used,38500.0,2026-03,6.0,5.0,5.0,1229.0,188000.0,31333.333333333332,unknown
land rover,range rover sport,2016.0,diesel,165000,automatic,16cv,2999,suv 4x2,good,standard,5 seats,5 doors,used,135000.0,2026-03,10.0,5.0,5.0,2999.0,165000.0,16500.0,range rover sport
peugeot,partner,2022.0,diesel,50000,manual,5cv,1560,light commercial,good,standard,2 seats,3 doors,used,54000.0,2026-03,4.0,2.0,3.0,1560.0,50000.0,12500.0,partner
mercedes-benz,ml,2007.0,diesel,300000,automatic,15cv,3200,suv 4x2,good,standard,5 seats,5 doors,used,53000.0,2026-03,19.0,5.0,5.0,3200.0,300000.0,15789.473684210527,ml
mg,5,2024.0,gasoline,25000,manual,6cv,1498,sedan,good,standard,5 seats,4 doors,used,57500.0,2026-03,2.0,5.0,4.0,1498.0,25000.0,12500.0,5
land rover,discovery sport,2021.0,diesel,58000,automatic,9cv,1999,suv 4x2,good,standard,5 seats,5 doors,used,205000.0,2026-03,5.0,5.0,5.0,1999.0,58000.0,11600.0,discovery sport
kia,rio 5p,2019.0,gasoline,126000,manual,5cv,1248,hatchback,good,standard,5 seats,5 doors,used,42000.0,2026-03,7.0,5.0,5.0,1248.0,126000.0,18000.0,rio 5p
volkswagen,passat,2017.0,gasoline,117000,manual,7cv,1395,sedan,good,standard,5 seats,4 doors,used,68000.0,2026-03,9.0,5.0,4.0,1395.0,117000.0,13000.0,passat
suzuki,swift,2024.0,gasoline,73000,automatic,5cv,1197,hatchback,good,standard,5 seats,5 doors,used,45000.0,2026-03,2.0,5.0,5.0,1197.0,73000.0,36500.0,swift
audi,q5,2020.0,gasoline,114000,automatic,15cv,1999,suv 4x2,good,standard,5 seats,5 doors,used,169000.0,2026-03,6.0,5.0,5.0,1999.0,114000.0,19000.0,q5
volkswagen,golf 8,2023.0,gasoline,50000,automatic,8cv,1395,hatchback,good,standard,5 seats,5 doors,used,123000.0,2026-03,3.0,5.0,5.0,1395.0,50000.0,16666.666666666668,golf 8
hyundai,tucson,2023.0,gasoline,50000,automatic,10cv,1598,suv 4x2,good,standard,5 seats,5 doors,used,109000.0,2026-03,3.0,5.0,5.0,1598.0,50000.0,16666.666666666668,tucson
peugeot,208,2021.0,diesel,155000,manual,5cv,1399,hatchback,good,standard,5 seats,5 doors,used,49000.0,2026-03,5.0,5.0,5.0,1399.0,155000.0,31000.0,208
volkswagen,golf 7,2013.0,gasoline,200000,automatic,5cv,1197,hatchback,good,standard,5 seats,5 doors,used,44500.0,2026-03,13.0,5.0,5.0,1197.0,200000.0,15384.615384615385,golf 7
peugeot,2008,2021.0,diesel,28000,automatic,7cv,1499,suv 4x2,good,standard,5 seats,5 doors,used,105000.0,2026-03,5.0,5.0,5.0,1499.0,28000.0,5600.0,2008
tesla,model y,2022.0,unknown,30000,automatic,6cv,unknown,suv 4x2,good,standard,5 seats,5 doors,used,155000.0,2026-03,4.0,5.0,5.0,,30000.0,7500.0,model y
mercedes-benz,gla,2016.0,gasoline,60000,automatic,9cv,1799,suv 4x2,good,standard,5 seats,5 doors,used,89000.0,2026-03,10.0,5.0,5.0,1799.0,60000.0,6000.0,gla
mercedes-benz,classe e,2022.0,gasoline,8000,automatic,9cv,1497,sedan,good,standard,5 seats,4 doors,used,165000.0,2026-03,4.0,5.0,4.0,1497.0,8000.0,2000.0,classe e
toyota,c-hr,2024.0,gasoline,40000,automatic,5cv,1799,suv 4x2,good,standard,5 seats,5 doors,used,140000.0,2026-03,2.0,5.0,5.0,1799.0,40000.0,20000.0,c-hr
mitsubishi,unknown,2025.0,diesel,2000,automatic,8cv,2442,pickup 4x2,good,standard,5 seats,4 doors,used,225000.0,2026-03,1.0,5.0,4.0,2442.0,2000.0,2000.0,unknown
nissan,qashqai,2016.0,gasoline,140000,manual,6cv,1199,suv 4x2,good,standard,5 seats,5 doors,used,52000.0,2026-03,10.0,5.0,5.0,1199.0,140000.0,14000.0,qashqai
kia,seltos,2022.0,gasoline,90000,automatic,8cv,1353,suv 4x2,good,standard,5 seats,5 doors,used,81500.0,2026-03,4.0,5.0,5.0,1353.0,90000.0,22500.0,seltos
nissan,juke,2021.0,gasoline,50000,automatic,6cv,999,suv 4x2,good,standard,5 seats,5 doors,used,69000.0,2026-03,5.0,5.0,5.0,999.0,50000.0,10000.0,juke
nissan,qashqai,2021.0,gasoline,160000,automatic,6cv,1197,suv 4x2,good,standard,5 seats,5 doors,used,65000.0,2026-03,5.0,5.0,5.0,1197.0,160000.0,32000.0,qashqai
kia,seltos,2025.0,gasoline,6000,automatic,8cv,1353,suv 4x2,good,standard,5 seats,5 doors,used,112000.0,2026-03,1.0,5.0,5.0,1353.0,6000.0,6000.0,seltos
mercedes-benz,classe c,2023.0,gasoline,50000,automatic,9cv,1496,sedan,good,standard,5 seats,4 doors,used,199490.0,2026-03,3.0,5.0,4.0,1496.0,50000.0,16666.666666666668,classe c
chery,tiggo 3,2018.0,gasoline,80000,manual,8cv,1598,suv 4x2,good,standard,5 seats,5 doors,used,43500.0,2026-03,8.0,5.0,5.0,1598.0,80000.0,10000.0,tiggo 3
mercedes-benz,gla,2017.0,diesel,160000,automatic,9cv,2199,suv 4x2,good,standard,5 seats,5 doors,used,95000.0,2026-03,9.0,5.0,5.0,2199.0,160000.0,17777.777777777777,gla
kia,rio 5p,2023.0,gasoline,90000,manual,5cv,1197,hatchback,good,standard,5 seats,5 doors,used,58000.0,2026-03,3.0,5.0,5.0,1197.0,90000.0,30000.0,rio 5p
mercedes-benz,classe c,2012.0,gasoline,22000,manual,9cv,1799,sedan,good,standard,5 seats,5 doors,used,79000.0,2026-03,14.0,5.0,5.0,1799.0,22000.0,1571.4285714285713,classe c
porsche,cayenne,2008.0,gasoline,90000,automatic,21cv,3599,suv 4x2,good,standard,5 seats,5 doors,used,82000.0,2026-03,18.0,5.0,5.0,3599.0,90000.0,5000.0,cayenne
fiat,500,2023.0,gasoline,35000,automatic,4cv,1242,hatchback,good,standard,4 seats,3 doors,used,54500.0,2026-03,3.0,4.0,3.0,1242.0,35000.0,11666.666666666666,500
bmw,x1,2011.0,diesel,200000,manual,10cv,1999,suv 4x2,good,standard,5 seats,5 doors,used,55000.0,2026-03,15.0,5.0,5.0,1999.0,200000.0,13333.333333333334,x1
mercedes-benz,classe c,2017.0,diesel,196000,automatic,6cv,1599,sedan,good,standard,5 seats,5 doors,used,83000.0,2026-03,9.0,5.0,5.0,1599.0,196000.0,21777.777777777777,classe c
kia,sportage,2023.0,gasoline,29000,automatic,10cv,1598,suv 4x2,good,standard,5 seats,5 doors,used,125000.0,2026-03,3.0,5.0,5.0,1598.0,29000.0,9666.666666666666,sportage
peugeot,2008,2023.0,gasoline,18000,automatic,7cv,1199,suv 4x2,good,standard,5 seats,5 doors,used,87000.0,2026-03,3.0,5.0,5.0,1199.0,18000.0,6000.0,2008
kia,picanto,2022.0,gasoline,74000,manual,5cv,1197,hatchback,good,standard,5 seats,5 doors,used,38500.0,2026-03,4.0,5.0,5.0,1197.0,74000.0,18500.0,picanto
nissan,juke,2021.0,gasoline,78000,automatic,6cv,999,suv 4x2,good,standard,5 seats,5 doors,used,69000.0,2026-03,5.0,5.0,5.0,999.0,78000.0,15600.0,juke
land rover,discovery,2019.0,diesel,3000,automatic,16cv,2999,suv 4x2,good,standard,5 seats,5 doors,used,239000.0,2026-03,7.0,5.0,5.0,2999.0,3000.0,428.57142857142856,discovery
peugeot,3008,2021.0,diesel,140000,automatic,7cv,1499,suv 4x2,good,standard,5 seats,5 doors,used,85500.0,2026-03,5.0,5.0,5.0,1499.0,140000.0,28000.0,3008
citroën,berlingo van,2021.0,diesel,180000,automatic,6cv,1499,light commercial,good,standard,3 seats,4 doors,used,57000.0,2026-03,5.0,3.0,4.0,1499.0,180000.0,36000.0,berlingo van
honda,city,2022.0,gasoline,79000,automatic,6cv,1498,sedan,good,standard,5 seats,4 doors,used,63500.0,2026-03,4.0,5.0,4.0,1498.0,79000.0,19750.0,city
bmw,série 4 gran coupé,2018.0,gasoline,50000,automatic,7cv,1499,sedan,good,standard,5 seats,5 doors,used,105000.0,2026-03,8.0,5.0,5.0,1499.0,50000.0,6250.0,série 4 gran coupé
mercedes-benz,classe a,2022.0,gasoline,40000,automatic,8cv,1599,hatchback,good,standard,5 seats,5 doors,used,128000.0,2026-03,4.0,5.0,5.0,1599.0,40000.0,10000.0,classe a
land rover,discovery sport,2020.0,diesel,87000,automatic,8cv,1999,suv 4x2,good,standard,5 seats,5 doors,used,150000.0,2026-03,6.0,5.0,5.0,1999.0,87000.0,14500.0,discovery sport
mercedes-benz,cla,2021.0,gasoline,7000,automatic,7cv,1332,sedan,good,standard,5 seats,4 doors,used,155000.0,2026-03,5.0,5.0,4.0,1332.0,7000.0,1400.0,cla
seat,leon sc,2016.0,gasoline,200000,manual,6cv,1197,hatchback,good,standard,5 seats,3 doors,used,39000.0,2026-03,10.0,5.0,3.0,1197.0,200000.0,20000.0,leon sc
mercedes-benz,classe c,2016.0,diesel,158000,automatic,9cv,1998,sedan,good,standard,5 seats,5 doors,used,89000.0,2026-03,10.0,5.0,5.0,1998.0,158000.0,15800.0,classe c
audi,q5,2016.0,diesel,280000,automatic,10cv,1999,suv 4x2,good,standard,5 seats,5 doors,used,85000.0,2026-03,10.0,5.0,5.0,1999.0,280000.0,28000.0,q5
mercedes-benz,classe c,2017.0,diesel,220000,automatic,10cv,1799,sedan,good,standard,5 seats,5 doors,used,95000.0,2026-03,9.0,5.0,5.0,1799.0,220000.0,24444.444444444445,classe c
mercedes-benz,classe c,2024.0,gasoline,19000,automatic,9cv,1496,sedan,good,standard,5 seats,4 doors,used,243000.0,2026-03,2.0,5.0,4.0,1496.0,19000.0,9500.0,classe c
volkswagen,golf 7,2018.0,diesel,190000,automatic,6cv,1599,hatchback,good,standard,5 seats,5 doors,used,85000.0,2026-03,8.0,5.0,5.0,1599.0,190000.0,23750.0,golf 7
peugeot,2008,2017.0,gasoline,98000,manual,5cv,1199,suv 4x2,good,standard,5 seats,5 doors,used,48500.0,2026-03,9.0,5.0,5.0,1199.0,98000.0,10888.888888888889,2008
mercedes-benz,classe c,2017.0,gasoline,140000,automatic,8cv,1699,sedan,good,standard,5 seats,5 doors,used,95000.0,2026-03,9.0,5.0,5.0,1699.0,140000.0,15555.555555555555,classe c
land rover,range rover sport,2018.0,diesel,185000,automatic,14cv,2199,suv 4x2,good,standard,5 seats,5 doors,used,159000.0,2026-03,8.0,5.0,5.0,2199.0,185000.0,23125.0,range rover sport
kia,sportage,2019.0,gasoline,95000,automatic,10cv,1999,suv 4x2,good,standard,5 seats,5 doors,used,81000.0,2026-03,7.0,5.0,5.0,1999.0,95000.0,13571.42857142857,sportage
citroën,c4,2021.0,diesel,185000,automatic,7cv,1499,hatchback,good,standard,5 seats,5 doors,used,68000.0,2026-03,5.0,5.0,5.0,1499.0,185000.0,37000.0,c4
mercedes-benz,classe c,2024.0,gasoline,20000,automatic,9cv,1496,sedan,good,standard,5 seats,4 doors,used,218000.0,2026-03,2.0,5.0,4.0,1496.0,20000.0,10000.0,classe c
mercedes-benz,classe e,2014.0,gasoline,140000,automatic,10cv,1999,sedan,good,standard,5 seats,5 doors,used,83500.0,2026-03,12.0,5.0,5.0,1999.0,140000.0,11666.666666666666,classe e
kia,sportage,2021.0,diesel,50000,automatic,8cv,1699,suv 4x2,good,standard,5 seats,5 doors,used,111000.0,2026-03,5.0,5.0,5.0,1699.0,50000.0,10000.0,sportage
suzuki,jimny 5 portes,2025.0,gasoline,100,automatic,6cv,1462,suv 4x2,good,standard,4 seats,5 doors,used,119000.0,2026-03,1.0,4.0,5.0,1462.0,100.0,100.0,jimny 5 portes
land rover,discovery sport,2016.0,diesel,190000,automatic,9cv,2170,suv 4x2,good,standard,5 seats,5 doors,used,95000.0,2026-03,10.0,5.0,5.0,2170.0,190000.0,19000.0,discovery sport
volkswagen,golf 7,2016.0,gasoline,160000,manual,5cv,1200,hatchback,good,standard,5 seats,5 doors,used,54000.0,2026-03,10.0,5.0,5.0,1200.0,160000.0,16000.0,golf 7
porsche,panamera,2014.0,gasoline,79000,automatic,33cv,4800,sedan,good,standard,5 seats,5 doors,used,245000.0,2026-03,12.0,5.0,5.0,4800.0,79000.0,6583.333333333333,panamera
mercedes-benz,classe c,2020.0,gasoline,67000,automatic,8cv,1599,sedan,good,standard,5 seats,5 doors,used,135000.0,2026-03,6.0,5.0,5.0,1599.0,67000.0,11166.666666666666,classe c
peugeot,208,2021.0,gasoline,25000,manual,6cv,1200,hatchback,good,standard,5 seats,5 doors,used,55000.0,2026-03,5.0,5.0,5.0,1200.0,25000.0,5000.0,208
hyundai,tucson,2022.0,gasoline,35000,automatic,11cv,1999,suv 4x2,good,standard,5 seats,5 doors,used,147000.0,2026-03,4.0,5.0,5.0,1999.0,35000.0,8750.0,tucson
mercedes-benz,cla,2021.0,gasoline,48000,automatic,8cv,2000,sedan,good,standard,5 seats,5 doors,used,128000.0,2026-03,5.0,5.0,5.0,2000.0,48000.0,9600.0,cla
chevrolet,captiva,2023.0,gasoline,18000,automatic,9cv,1451,suv 4x2,good,standard,7 seats,5 doors,used,86000.0,2026-03,3.0,7.0,5.0,1451.0,18000.0,6000.0,captiva
citroën,c3,2019.0,gasoline,85000,manual,4cv,1199,hatchback,good,standard,5 seats,5 doors,used,39500.0,2026-03,7.0,5.0,5.0,1199.0,85000.0,12142.857142857143,c3
kia,sportage,2018.0,gasoline,149000,automatic,8cv,1591,suv 4x2,good,standard,5 seats,5 doors,used,68000.0,2026-03,8.0,5.0,5.0,1591.0,149000.0,18625.0,sportage
audi,q8,2021.0,gasoline,22000,automatic,23cv,2995,suv 4x2,good,standard,5 seats,5 doors,used,350000.0,2026-03,5.0,5.0,5.0,2995.0,22000.0,4400.0,q8
audi,q3,2017.0,gasoline,64000,automatic,8cv,1399,suv 4x2,good,standard,5 seats,5 doors,used,89000.0,2026-03,9.0,5.0,5.0,1399.0,64000.0,7111.111111111111,q3
gwm,haval h6,2021.0,gasoline,99000,automatic,9cv,1499,suv 4x2,good,standard,5 seats,5 doors,used,75000.0,2026-03,5.0,5.0,5.0,1499.0,99000.0,19800.0,haval h6
abarth,500,2011.0,gasoline,180000,manual,8cv,1368,coupe,good,standard,5 seats,5 doors,used,42500.0,2026-03,15.0,5.0,5.0,1368.0,180000.0,12000.0,500
seat,leon,2020.0,gasoline,85000,manual,6cv,1197,hatchback,good,standard,5 seats,5 doors,used,69000.0,2026-03,6.0,5.0,5.0,1197.0,85000.0,14166.666666666666,leon
kia,rio 5p,2023.0,gasoline,45000,automatic,6cv,1368,hatchback,good,standard,5 seats,5 doors,used,72000.0,2026-03,3.0,5.0,5.0,1368.0,45000.0,15000.0,rio 5p
bmw,série 4 gran coupé,2023.0,gasoline,100000,automatic,10cv,1998,sedan,good,standard,5 seats,5 doors,used,225000.0,2026-03,3.0,5.0,5.0,1998.0,100000.0,33333.333333333336,série 4 gran coupé
toyota,agya,2023.0,gasoline,33000,automatic,5cv,1197,hatchback,good,standard,5 seats,5 doors,used,43800.0,2026-03,3.0,5.0,5.0,1197.0,33000.0,11000.0,agya
nissan,qashqai,2024.0,gasoline,11000,automatic,7cv,1497,suv 4x2,good,standard,5 seats,5 doors,used,135000.0,2026-03,2.0,5.0,5.0,1497.0,11000.0,5500.0,qashqai
mercedes-benz,classe c,2019.0,gasoline,125000,automatic,9cv,1599,sedan,good,standard,5 seats,5 doors,used,135000.0,2026-03,7.0,5.0,5.0,1599.0,125000.0,17857.14285714286,classe c
land rover,range rover sport,2019.0,diesel,148000,automatic,20cv,2999,suv 4x2,good,standard,5 seats,5 doors,used,255000.0,2026-03,7.0,5.0,5.0,2999.0,148000.0,21142.85714285714,range rover sport
audi,a5 sportback,2020.0,gasoline,140000,automatic,8cv,1399,sedan,good,standard,5 seats,5 doors,used,115000.0,2026-03,6.0,5.0,5.0,1399.0,140000.0,23333.333333333332,a5 sportback
land rover,range rover evoque,2024.0,diesel,50000,automatic,9cv,1999,suv 4x2,good,standard,5 seats,5 doors,used,225000.0,2026-03,2.0,5.0,5.0,1999.0,50000.0,25000.0,range rover evoque
audi,q5,2017.0,diesel,83000,manual,8cv,1999,suv 4x2,good,standard,5 seats,5 doors,used,135000.0,2026-03,9.0,5.0,5.0,1999.0,83000.0,9222.222222222223,q5
mercedes-benz,classe c,2022.0,gasoline,90000,automatic,9cv,1496,sedan,good,standard,5 seats,4 doors,used,179000.0,2026-03,4.0,5.0,4.0,1496.0,90000.0,22500.0,classe c
renault,clio,2020.0,gasoline,100000,manual,5cv,999,hatchback,good,standard,5 seats,5 doors,used,51000.0,2026-03,6.0,5.0,5.0,999.0,100000.0,16666.666666666668,clio
kia,sportage,2020.0,gasoline,69000,automatic,11cv,1591,suv 4x2,good,standard,5 seats,5 doors,used,94500.0,2026-03,6.0,5.0,5.0,1591.0,69000.0,11500.0,sportage
kia,sportage,2021.0,gasoline,130000,automatic,8cv,1591,suv 4x2,good,standard,5 seats,5 doors,used,80000.0,2026-03,5.0,5.0,5.0,1591.0,130000.0,26000.0,sportage
ssangyong,tivoli,2022.0,gasoline,85000,manual,6cv,1197,suv 4x2,good,standard,5 seats,5 doors,used,69000.0,2026-03,4.0,5.0,5.0,1197.0,85000.0,21250.0,tivoli
volkswagen,tiguan,2024.0,gasoline,22000,automatic,8cv,1500,suv 4x2,good,standard,5 seats,5 doors,used,200000.0,2026-03,2.0,5.0,5.0,1500.0,22000.0,11000.0,tiguan
chery,tiggo 8 pro,2023.0,gasoline,11000,automatic,11cv,1598,suv 4x2,good,standard,7 seats,5 doors,used,91000.0,2026-03,3.0,7.0,5.0,1598.0,11000.0,3666.6666666666665,tiggo 8 pro
kia,sportage,2018.0,gasoline,90000,automatic,8cv,1591,suv 4x2,good,standard,5 seats,5 doors,used,78000.0,2026-03,8.0,5.0,5.0,1591.0,90000.0,11250.0,sportage
mercedes-benz,gle coupé,2023.0,hybrid,23000,automatic,16cv,2800,suv 4x2,good,standard,5 seats,5 doors,used,440000.0,2026-03,3.0,5.0,5.0,2800.0,23000.0,7666.666666666667,gle coupé
kia,sportage,2021.0,gasoline,88000,automatic,8cv,1591,suv 4x2,good,standard,5 seats,5 doors,used,92000.0,2026-03,5.0,5.0,5.0,1591.0,88000.0,17600.0,sportage
ford,ranger raptor,2021.0,diesel,45000,automatic,7cv,1996,pickup 4x2,good,standard,5 seats,4 doors,used,189000.0,2026-03,5.0,5.0,4.0,1996.0,45000.0,9000.0,ranger raptor
gwm,haval h6,2018.0,gasoline,125000,automatic,9cv,1497,suv 4x2,good,standard,5 seats,5 doors,used,61000.0,2026-03,8.0,5.0,5.0,1497.0,125000.0,15625.0,haval h6
mercedes-benz,classe c coupé,2016.0,gasoline,96000,automatic,9cv,1700,coupe,good,standard,4 seats,3 doors,used,119000.0,2026-03,10.0,4.0,3.0,1700.0,96000.0,9600.0,classe c coupé
mercedes-benz,classe c,2016.0,gasoline,150000,automatic,9cv,1595,sedan,good,standard,5 seats,4 doors,used,85000.0,2026-03,10.0,5.0,4.0,1595.0,150000.0,15000.0,classe c
toyota,rav 4,2020.0,gasoline,200000,automatic,9cv,2478,suv 4x2,good,standard,5 seats,5 doors,used,102000.0,2026-03,6.0,5.0,5.0,2478.0,200000.0,33333.333333333336,rav 4
gwm,haval jolion,2021.0,gasoline,91000,automatic,9cv,1479,suv 4x2,good,standard,5 seats,5 doors,used,79000.0,2026-03,5.0,5.0,5.0,1479.0,91000.0,18200.0,haval jolion
mercedes-benz,glc coupé,2018.0,diesel,150000,automatic,11cv,2153,suv 4x2,good,standard,5 seats,5 doors,used,179000.0,2026-03,8.0,5.0,5.0,2153.0,150000.0,18750.0,glc coupé
mercedes-benz,glc,2018.0,gasoline,105000,automatic,12cv,2450,suv 4x2,good,standard,5 seats,5 doors,used,145000.0,2026-03,8.0,5.0,5.0,2450.0,105000.0,13125.0,glc
cupra,formentor,2022.0,gasoline,55000,automatic,11cv,1998,suv 4x2,good,standard,5 seats,5 doors,used,117000.0,2026-03,4.0,5.0,5.0,1998.0,55000.0,13750.0,formentor
volkswagen,taigo,2022.0,gasoline,95000,manual,5cv,999,suv 4x2,good,standard,5 seats,5 doors,used,69500.0,2026-03,4.0,5.0,5.0,999.0,95000.0,23750.0,taigo
lexus,ls 430,2006.0,gasoline,278000,automatic,20cv,4290,sedan,good,standard,5 seats,5 doors,used,45000.0,2026-03,20.0,5.0,5.0,4290.0,278000.0,13900.0,ls 430
bmw,x1,2022.0,gasoline,68000,automatic,8cv,1499,suv 4x2,good,standard,5 seats,5 doors,used,119000.0,2026-03,4.0,5.0,5.0,1499.0,68000.0,17000.0,x1
bmw,série 2 gran coupé,2022.0,gasoline,69000,automatic,8cv,1499,sedan,good,standard,5 seats,4 doors,used,115000.0,2026-03,4.0,5.0,4.0,1499.0,69000.0,17250.0,série 2 gran coupé
kia,sportage,2020.0,gasoline,69000,automatic,11cv,2000,suv 4x2,good,standard,5 seats,5 doors,used,98000.0,2026-03,6.0,5.0,5.0,2000.0,69000.0,11500.0,sportage
gwm,haval jolion,2022.0,gasoline,60000,automatic,9cv,1479,suv 4x2,good,standard,5 seats,5 doors,used,79000.0,2026-03,4.0,5.0,5.0,1479.0,60000.0,15000.0,haval jolion
mercedes-benz,classe c,2023.0,gasoline,37000,automatic,9cv,1899,sedan,good,standard,5 seats,5 doors,used,220000.0,2026-03,3.0,5.0,5.0,1899.0,37000.0,12333.333333333334,classe c
volkswagen,golf 8,2022.0,gasoline,38000,automatic,19cv,2000,hatchback,good,standard,5 seats,5 doors,used,230000.0,2026-03,4.0,5.0,5.0,2000.0,38000.0,9500.0,golf 8
mercedes-benz,gla,2020.0,gasoline,139000,automatic,7cv,1599,suv 4x2,good,standard,5 seats,5 doors,used,105000.0,2026-03,6.0,5.0,5.0,1599.0,139000.0,23166.666666666668,gla
toyota,agya,2022.0,gasoline,160000,manual,5cv,1197,hatchback,good,standard,5 seats,5 doors,used,35500.0,2026-03,4.0,5.0,5.0,1197.0,160000.0,40000.0,agya
peugeot,unknown,2021.0,unknown,40000,automatic,4cv,unknown,hatchback,good,standard,5 seats,5 doors,used,63000.0,2026-03,5.0,5.0,5.0,,40000.0,8000.0,unknown
volkswagen,tiguan,2016.0,gasoline,180000,automatic,8cv,1395,suv 4x2,good,standard,5 seats,5 doors,used,66000.0,2026-03,10.0,5.0,5.0,1395.0,180000.0,18000.0,tiguan
volkswagen,tiguan,2015.0,gasoline,150000,automatic,9cv,1499,suv 4x2,good,standard,5 seats,5 doors,used,67000.0,2026-03,11.0,5.0,5.0,1499.0,150000.0,13636.363636363636,tiguan
peugeot,308,2020.0,gasoline,33000,manual,6cv,1199,hatchback,good,standard,5 seats,5 doors,used,52000.0,2026-03,6.0,5.0,5.0,1199.0,33000.0,5500.0,308
hyundai,i20,2021.0,gasoline,60000,automatic,5cv,998,hatchback,good,standard,5 seats,5 doors,used,65000.0,2026-03,5.0,5.0,5.0,998.0,60000.0,12000.0,i20
audi,q3,2023.0,gasoline,70000,automatic,9cv,1498,suv 4x2,good,standard,5 seats,5 doors,used,155000.0,2026-03,3.0,5.0,5.0,1498.0,70000.0,23333.333333333332,q3
toyota,unknown,2005.0,diesel,300000,manual,11cv,2500,suv 4x2,good,standard,7 seats,5 doors,used,79000.0,2026-03,21.0,7.0,5.0,2500.0,300000.0,14285.714285714286,unknown
jeep,grand cherokee,2005.0,gasoline,170000,automatic,15cv,3650,suv 4x2,good,standard,5 seats,5 doors,used,78000.0,2026-03,21.0,5.0,5.0,3650.0,170000.0,8095.238095238095,grand cherokee
audi,q7,2008.0,diesel,350000,automatic,16cv,3000,suv 4x2,good,standard,5 seats,5 doors,used,58000.0,2026-03,18.0,5.0,5.0,3000.0,350000.0,19444.444444444445,q7
mercedes-benz,classe s,2014.0,diesel,50000,automatic,15cv,3450,sedan,good,standard,5 seats,5 doors,used,250000.0,2026-03,12.0,5.0,5.0,3450.0,50000.0,4166.666666666667,classe s
gwm,haval h6,2022.0,gasoline,80000,automatic,8cv,1499,suv 4x2,good,standard,5 seats,5 doors,used,94500.0,2026-03,4.0,5.0,5.0,1499.0,80000.0,20000.0,haval h6
kia,sonet,2023.0,gasoline,74000,automatic,6cv,1599,suv 4x2,good,standard,5 seats,5 doors,used,94000.0,2026-03,3.0,5.0,5.0,1599.0,74000.0,24666.666666666668,sonet
volkswagen,tiguan,2021.0,gasoline,77000,automatic,8cv,1399,suv 4x2,good,standard,5 seats,5 doors,used,149000.0,2026-03,5.0,5.0,5.0,1399.0,77000.0,15400.0,tiguan
mercedes-benz,gle coupé,2021.0,gasoline,45000,automatic,12cv,2500,suv 4x2,good,standard,5 seats,5 doors,used,340000.0,2026-03,5.0,5.0,5.0,2500.0,45000.0,9000.0,gle coupé
mercedes-benz,classe c,2015.0,gasoline,168000,automatic,8cv,1599,sedan,good,standard,5 seats,5 doors,used,99000.0,2026-03,11.0,5.0,5.0,1599.0,168000.0,15272.727272727272,classe c
mercedes-benz,classe a berline,2020.0,gasoline,34000,manual,6cv,1599,sedan,good,standard,5 seats,5 doors,used,128000.0,2026-03,6.0,5.0,5.0,1599.0,34000.0,5666.666666666667,classe a berline
land rover,range rover evoque,2016.0,gasoline,175000,automatic,15cv,2500,suv 4x2,good,standard,5 seats,5 doors,used,78000.0,2026-03,10.0,5.0,5.0,2500.0,175000.0,17500.0,range rover evoque
porsche,macan,2022.0,gasoline,23000,automatic,17cv,2500,suv 4x2,good,standard,5 seats,5 doors,used,350000.0,2026-03,4.0,5.0,5.0,2500.0,23000.0,5750.0,macan
bmw,x6,2019.0,diesel,90000,automatic,16cv,2999,suv 4x2,good,standard,5 seats,5 doors,used,265000.0,2026-03,7.0,5.0,5.0,2999.0,90000.0,12857.142857142857,x6
audi,a3 sportback,2023.0,gasoline,1377,automatic,8cv,1499,hatchback,good,standard,5 seats,5 doors,used,135000.0,2026-03,3.0,5.0,5.0,1499.0,1377.0,459.0,a3 sportback
land rover,range rover sport,2018.0,diesel,57000,automatic,21cv,2993,suv 4x2,good,standard,5 seats,5 doors,used,290000.0,2026-03,8.0,5.0,5.0,2993.0,57000.0,7125.0,range rover sport
mercedes-benz,classe a,2021.0,gasoline,35000,automatic,8cv,1332,hatchback,good,standard,5 seats,5 doors,used,128000.0,2026-03,5.0,5.0,5.0,1332.0,35000.0,7000.0,classe a
bmw,série 7,2010.0,gasoline,200000,automatic,32cv,4400,sedan,good,standard,5 seats,5 doors,used,85000.0,2026-03,16.0,5.0,5.0,4400.0,200000.0,12500.0,série 7
land rover,range rover sport,2016.0,diesel,200000,automatic,19cv,2993,suv 4x2,good,standard,7 seats,5 doors,used,150000.0,2026-03,10.0,7.0,5.0,2993.0,200000.0,20000.0,range rover sport
mercedes-benz,glc coupé,2020.0,gasoline,79000,automatic,12cv,2000,suv 4x2,good,standard,5 seats,5 doors,used,235000.0,2026-03,6.0,5.0,5.0,2000.0,79000.0,13166.666666666666,glc coupé
bmw,x1,2017.0,gasoline,121000,automatic,7cv,1499,suv 4x2,good,standard,5 seats,5 doors,used,81000.0,2026-03,9.0,5.0,5.0,1499.0,121000.0,13444.444444444445,x1
mercedes-benz,classe s,2018.0,diesel,76000,automatic,17cv,2990,sedan,good,standard,5 seats,5 doors,used,259000.0,2026-03,8.0,5.0,5.0,2990.0,76000.0,9500.0,classe s
suzuki,jimny 3 portes,2023.0,gasoline,26000,automatic,6cv,1462,suv 4x2,good,standard,4 seats,3 doors,used,95000.0,2026-03,3.0,4.0,3.0,1462.0,26000.0,8666.666666666666,jimny 3 portes
mercedes-benz,gla,2015.0,gasoline,190000,automatic,7cv,1599,suv 4x2,good,standard,5 seats,5 doors,used,88000.0,2026-03,11.0,5.0,5.0,1599.0,190000.0,17272.727272727272,gla
land rover,discovery sport,2015.0,gasoline,170000,automatic,15cv,1999,suv 4x2,good,standard,5 seats,5 doors,used,98000.0,2026-03,11.0,5.0,5.0,1999.0,170000.0,15454.545454545454,discovery sport
land rover,range rover evoque,2020.0,diesel,94000,automatic,9cv,1998,suv 4x2,good,standard,5 seats,5 doors,used,179000.0,2026-03,6.0,5.0,5.0,1998.0,94000.0,15666.666666666666,range rover evoque
mg,hs,2021.0,gasoline,35000,automatic,15cv,1995,suv 4x2,good,standard,5 seats,5 doors,used,98000.0,2026-03,5.0,5.0,5.0,1995.0,35000.0,7000.0,hs
hyundai,tucson,2021.0,hybrid,75000,automatic,7cv,1599,suv 4x2,good,standard,5 seats,5 doors,used,125000.0,2026-03,5.0,5.0,5.0,1599.0,75000.0,15000.0,tucson
bmw,série 2 gran coupé,2021.0,gasoline,79000,automatic,8cv,1499,sedan,good,standard,5 seats,4 doors,used,135000.0,2026-03,5.0,5.0,4.0,1499.0,79000.0,15800.0,série 2 gran coupé
mercedes-benz,classe a,2020.0,gasoline,48000,automatic,8cv,1332,hatchback,good,standard,5 seats,5 doors,used,138000.0,2026-03,6.0,5.0,5.0,1332.0,48000.0,8000.0,classe a
bmw,série 4 coupé,2015.0,gasoline,200000,automatic,10cv,1997,coupe,good,standard,5 seats,2 doors,used,79000.0,2026-03,11.0,5.0,2.0,1997.0,200000.0,18181.81818181818,série 4 coupé
porsche,cayenne,2011.0,gasoline,150000,automatic,21cv,3599,suv 4x2,good,standard,5 seats,5 doors,used,125000.0,2026-03,15.0,5.0,5.0,3599.0,150000.0,10000.0,cayenne
porsche,cayenne,2016.0,diesel,130000,automatic,15cv,2999,suv 4x2,good,standard,5 seats,5 doors,used,249000.0,2026-03,10.0,5.0,5.0,2999.0,130000.0,13000.0,cayenne
chery,tiggo 7 pro,2022.0,gasoline,45000,automatic,9cv,1498,suv 4x2,good,standard,5 seats,5 doors,used,79500.0,2026-03,4.0,5.0,5.0,1498.0,45000.0,11250.0,tiggo 7 pro
land rover,discovery sport,2016.0,gasoline,42000,automatic,15cv,2999,suv 4x2,good,standard,5 seats,5 doors,used,140000.0,2026-03,10.0,5.0,5.0,2999.0,42000.0,4200.0,discovery sport
volkswagen,t-roc,2020.0,gasoline,85000,manual,6cv,1100,suv 4x2,good,standard,5 seats,5 doors,used,79000.0,2026-03,6.0,5.0,5.0,1100.0,85000.0,14166.666666666666,t-roc
volkswagen,polo,2020.0,gasoline,70000,manual,4cv,999,hatchback,good,standard,5 seats,5 doors,used,65500.0,2026-03,6.0,5.0,5.0,999.0,70000.0,11666.666666666666,polo
mercedes-benz,classe s,2023.0,gasoline,3000,automatic,16cv,2999,sedan,good,standard,5 seats,5 doors,used,570000.0,2026-03,3.0,5.0,5.0,2999.0,3000.0,1000.0,classe s
skoda,superb,2021.0,gasoline,60000,automatic,8cv,1395,sedan,good,standard,5 seats,5 doors,used,125000.0,2026-03,5.0,5.0,5.0,1395.0,60000.0,12000.0,superb
toyota,hilux double cabine,2024.0,diesel,3000,automatic,8cv,2899,pickup 4x2,good,standard,5 seats,5 doors,used,231000.0,2026-03,2.0,5.0,5.0,2899.0,3000.0,1500.0,hilux double cabine
volkswagen,passat,2019.0,gasoline,60000,automatic,8cv,1395,sedan,good,standard,5 seats,5 doors,used,106000.0,2026-03,7.0,5.0,5.0,1395.0,60000.0,8571.42857142857,passat
bmw,série 7,2008.0,gasoline,220000,automatic,22cv,4399,sedan,good,standard,5 seats,5 doors,used,47000.0,2026-03,18.0,5.0,5.0,4399.0,220000.0,12222.222222222223,série 7
mercedes-benz,2017 120.000km ( carnet d’entretien) etat comme neuf  𝐋𝐞𝐬 𝐨𝐩𝐭𝐢𝐨𝐧𝐬: finition premium 1ere main couleur noir obsidienne capteurs d’angle mort jantes par 21 sièges chauffants et à memoires toit panoramique ouvrant  marche pieds cuir beige  camera 360° système d’aide a la conduite avec assistance de trajectoire  distronic plus feux multibeam ecran tv et dvd arrières lumiere d’ambiance   etc...  afficher plus détails spécifications marque mercedes-benz modèle gle,2017.0,diesel,120000,automatic,12cv,2200,suv 4x2,good,standard,5 seats,4 doors,used,142000.0,2026-03,9.0,5.0,4.0,2200.0,120000.0,13333.333333333334,2017 120.000km ( carnet d’entretien) etat comme neuf  𝐋𝐞𝐬 𝐨𝐩𝐭𝐢𝐨𝐧𝐬: finition premium 1ere main couleur noir obsidienne capteurs d’angle mort jantes par 21 sièges chauffants et à memoires toit panoramique ouvrant  marche pieds cuir beige  camera 360° système d’aide a la conduite avec assistance de trajectoire  distronic plus feux multibeam ecran tv et dvd arrières lumiere d’ambiance   etc...  afficher plus détails spécifications marque mercedes-benz modèle gle
citroën,c3,2017.0,gasoline,87000,manual,4cv,1199,hatchback,good,standard,5 seats,5 doors,used,30000.0,2026-03,9.0,5.0,5.0,1199.0,87000.0,9666.666666666666,c3
seat,ibiza,2018.0,gasoline,78000,manual,4cv,999,hatchback,good,standard,5 seats,5 doors,used,49500.0,2026-03,8.0,5.0,5.0,999.0,78000.0,9750.0,ibiza
toyota,c-hr,2020.0,gasoline,52000,automatic,6cv,1197,suv 4x2,good,standard,5 seats,5 doors,used,70000.0,2026-03,6.0,5.0,5.0,1197.0,52000.0,8666.666666666666,c-hr
land rover,discovery sport,2017.0,diesel,182000,automatic,8cv,1999,suv 4x2,good,standard,5 seats,5 doors,used,90000.0,2026-03,9.0,5.0,5.0,1999.0,182000.0,20222.222222222223,discovery sport
nissan,micra,2016.0,gasoline,189000,manual,5cv,1198,hatchback,good,standard,5 seats,4 doors,used,28000.0,2026-03,10.0,5.0,4.0,1198.0,189000.0,18900.0,micra
volkswagen,polo sedan,2022.0,gasoline,81000,manual,5cv,1390,sedan,good,standard,5 seats,4 doors,used,51000.0,2026-03,4.0,5.0,4.0,1390.0,81000.0,20250.0,polo sedan
cupra,formentor,2024.0,gasoline,52000,automatic,11cv,1998,suv 4x2,good,standard,5 seats,5 doors,used,116000.0,2026-03,2.0,5.0,5.0,1998.0,52000.0,26000.0,formentor
seat,ateca,2022.0,gasoline,127000,automatic,8cv,1395,suv 4x2,good,standard,5 seats,5 doors,used,86000.0,2026-03,4.0,5.0,5.0,1395.0,127000.0,31750.0,ateca
mini,cooper 3 portes,2013.0,gasoline,30000,automatic,7cv,1000,hatchback,good,standard,2 seats,2 doors,used,56000.0,2026-03,13.0,2.0,2.0,1000.0,30000.0,2307.6923076923076,cooper 3 portes
mg,hs,2022.0,gasoline,123000,automatic,15cv,1995,suv 4x2,good,standard,5 seats,5 doors,used,72000.0,2026-03,4.0,5.0,5.0,1995.0,123000.0,30750.0,hs
audi,e-tron gt,2024.0,unknown,28000,automatic,10cv,unknown,sedan,good,standard,5 seats,4 doors,used,270000.0,2026-03,2.0,5.0,4.0,,28000.0,14000.0,e-tron gt
land rover,range rover evoque,2022.0,gasoline,70000,automatic,11cv,1000,suv 4x2,good,standard,4 seats,4 doors,used,142000.0,2026-03,4.0,4.0,4.0,1000.0,70000.0,17500.0,range rover evoque
land rover,range rover evoque,2012.0,gasoline,178000,automatic,15cv,1999,suv 4x2,good,standard,4 seats,5 doors,used,63000.0,2026-03,14.0,4.0,5.0,1999.0,178000.0,12714.285714285714,range rover evoque
ford,mustang,2015.0,gasoline,39000,automatic,33cv,1000,coupe,good,standard,4 seats,2 doors,used,158000.0,2026-03,11.0,4.0,2.0,1000.0,39000.0,3545.4545454545455,mustang
jaguar,f-type,2017.0,gasoline,12000,automatic,19cv,2000,coupe,good,standard,2 seats,2 doors,used,245000.0,2026-03,9.0,2.0,2.0,2000.0,12000.0,1333.3333333333333,f-type
volkswagen,passat,2023.0,gasoline,58000,automatic,8cv,1395,sedan,good,standard,5 seats,4 doors,used,98000.0,2026-03,3.0,5.0,4.0,1395.0,58000.0,19333.333333333332,passat
mercedes-benz,classe e,2018.0,gasoline,48000,automatic,9cv,1497,sedan,good,standard,5 seats,4 doors,used,129000.0,2026-03,8.0,5.0,4.0,1497.0,48000.0,6000.0,classe e
mercedes-benz,classe g,2015.0,gasoline,32000,automatic,unknowncv,1000,hatchback,good,standard,4 seats,4 doors,used,485000.0,2026-03,11.0,4.0,4.0,1000.0,32000.0,2909.090909090909,classe g
jeep,grand cherokee,2021.0,gasoline,54000,automatic,20cv,3604,suv 4x2,good,standard,5 seats,4 doors,used,220000.0,2026-03,5.0,5.0,4.0,3604.0,54000.0,10800.0,grand cherokee
porsche,unknown,2022.0,gasoline,18000,automatic,19cv,1988,coupe,good,standard,2 seats,2 doors,used,303000.0,2026-03,4.0,2.0,2.0,1988.0,18000.0,4500.0,unknown
mercedes-benz,classe e,2013.0,gasoline,199000,automatic,10cv,1991,sedan,good,standard,4 seats,4 doors,used,73000.0,2026-03,13.0,4.0,4.0,1991.0,199000.0,15307.692307692309,classe e
mercedes-benz,gla,2016.0,gasoline,125000,automatic,8cv,1595,suv 4x2,good,standard,4 seats,4 doors,used,84000.0,2026-03,10.0,4.0,4.0,1595.0,125000.0,12500.0,gla
smart,fortwo,2016.0,gasoline,44000,automatic,4cv,1000,coupe,good,standard,2 seats,2 doors,used,45000.0,2026-03,10.0,2.0,2.0,1000.0,44000.0,4400.0,fortwo
mercedes-benz,cls,2015.0,diesel,66000,automatic,11cv,2143,coupe,good,standard,4 seats,4 doors,used,155000.0,2026-03,11.0,4.0,4.0,2143.0,66000.0,6000.0,cls
peugeot,landtrek double cabine,2023.0,diesel,82000,manual,6cv,1910,pickup 4x2,good,standard,5 seats,4 doors,used,64000.0,2026-03,3.0,5.0,4.0,1910.0,82000.0,27333.333333333332,landtrek double cabine
jaguar,xf,2017.0,gasoline,46000,automatic,15cv,1997,sedan,good,standard,5 seats,4 doors,used,98000.0,2026-03,9.0,5.0,4.0,1997.0,46000.0,5111.111111111111,xf
renault,megane sedan,2019.0,gasoline,58000,manual,7cv,1197,sedan,good,standard,5 seats,4 doors,used,51000.0,2026-03,7.0,5.0,4.0,1197.0,58000.0,8285.714285714286,megane sedan
ford,ecosport,2022.0,gasoline,27000,manual,7cv,998,suv 4x2,good,standard,5 seats,4 doors,used,72000.0,2026-03,4.0,5.0,4.0,998.0,27000.0,6750.0,ecosport
mercedes-benz,classe e coupé,2014.0,gasoline,158000,automatic,10cv,unknown,hatchback,good,standard,5 seats,3 doors,used,79000.0,2026-03,12.0,5.0,3.0,,158000.0,13166.666666666666,classe e coupé
kia,rio berline,2020.0,gasoline,96000,manual,6cv,1368,sedan,good,standard,5 seats,4 doors,used,51000.0,2026-03,6.0,5.0,4.0,1368.0,96000.0,16000.0,rio berline
porsche,cayenne coupé,2021.0,gasoline,34000,automatic,22cv,unknown,suv 4x2,good,standard,5 seats,5 doors,used,380000.0,2026-03,5.0,5.0,5.0,,34000.0,6800.0,cayenne coupé
renault,clio,2023.0,gasoline,131000,manual,5cv,999,hatchback,good,standard,5 seats,5 doors,used,41000.0,2026-03,3.0,5.0,5.0,999.0,131000.0,43666.666666666664,clio
bmw,série 3 coupé,2001.0,gasoline,340000,manual,9cv,unknown,coupe,good,standard,5 seats,3 doors,used,38800.0,2026-03,25.0,5.0,3.0,,340000.0,13600.0,série 3 coupé
land rover,range rover evoque,2021.0,gasoline,26000,automatic,11cv,unknown,suv 4x2,good,standard,5 seats,5 doors,used,148000.0,2026-03,5.0,5.0,5.0,,26000.0,5200.0,range rover evoque
peugeot,208,2021.0,gasoline,38000,manual,5cv,1199,hatchback,good,standard,5 seats,5 doors,used,39500.0,2026-03,5.0,5.0,5.0,1199.0,38000.0,7600.0,208
fiat,500x,2017.0,gasoline,100000,manual,6cv,unknown,suv 4x2,good,standard,5 seats,5 doors,used,56000.0,2026-03,9.0,5.0,5.0,,100000.0,11111.111111111111,500x
ford,ranger raptor,2022.0,diesel,100000,automatic,7cv,1996,pickup 4x2,good,standard,5 seats,4 doors,used,180000.0,2026-03,4.0,5.0,4.0,1996.0,100000.0,25000.0,ranger raptor
renault,unknown,2014.0,diesel,260000,manual,8cv,unknown,suv 4x2,good,standard,3 seats,4 doors,used,41000.0,2026-03,12.0,3.0,4.0,,260000.0,21666.666666666668,unknown
porsche,cayenne,2007.0,gasoline,230000,automatic,21cv,unknown,suv 4x2,good,standard,5 seats,5 doors,used,57000.0,2026-03,19.0,5.0,5.0,,230000.0,12105.263157894737,cayenne
land rover,discovery,2015.0,diesel,151000,automatic,9cv,unknown,suv 4x2,good,standard,5 seats,5 doors,used,82000.0,2026-03,11.0,5.0,5.0,,151000.0,13727.272727272728,discovery
honda,cr-v,2014.0,diesel,143000,manual,6cv,unknown,suv 4x2,good,standard,5 seats,5 doors,used,54000.0,2026-03,12.0,5.0,5.0,,143000.0,11916.666666666666,cr-v
mg,5,2024.0,gasoline,27000,manual,6cv,1498,sedan,good,standard,5 seats,4 doors,used,57000.0,2026-03,2.0,5.0,4.0,1498.0,27000.0,13500.0,5
fiat,500,2016.0,gasoline,150000,manual,4cv,1242,hatchback,good,standard,4 seats,3 doors,used,38800.0,2026-03,10.0,4.0,3.0,1242.0,150000.0,15000.0,500
mercedes-benz,unknown,2014.0,gasoline,154000,automatic,9cv,unknown,sedan,good,standard,5 seats,3 doors,used,46800.0,2026-03,12.0,5.0,3.0,,154000.0,12833.333333333334,unknown
mini,cooper 3 portes,2013.0,gasoline,148000,manual,6cv,unknown,hatchback,good,standard,5 seats,3 doors,used,37500.0,2026-03,13.0,5.0,3.0,,148000.0,11384.615384615385,cooper 3 portes
kia,picanto,2023.0,gasoline,84000,manual,5cv,1197,hatchback,good,standard,5 seats,5 doors,used,42500.0,2026-03,3.0,5.0,5.0,1197.0,84000.0,28000.0,picanto
mercedes-benz,classe c,2010.0,gasoline,210000,automatic,9cv,unknown,sedan,good,standard,5 seats,5 doors,used,52000.0,2026-03,16.0,5.0,5.0,,210000.0,13125.0,classe c
bmw,série 1,2009.0,gasoline,220000,manual,7cv,unknown,hatchback,good,standard,5 seats,5 doors,used,35800.0,2026-03,17.0,5.0,5.0,,220000.0,12941.176470588236,série 1
gwm,haval jolion,2021.0,gasoline,90000,automatic,9cv,1479,suv 4x2,good,standard,5 seats,5 doors,used,74500.0,2026-03,5.0,5.0,5.0,1479.0,90000.0,18000.0,haval jolion
mercedes-benz,classe c,2016.0,diesel,213000,automatic,9cv,unknown,sedan,good,standard,5 seats,5 doors,used,94000.0,2026-03,10.0,5.0,5.0,,213000.0,21300.0,classe c
toyota,rav 4,2003.0,diesel,360000,manual,8cv,unknown,suv 4x2,good,standard,5 seats,5 doors,used,37500.0,2026-03,23.0,5.0,5.0,,360000.0,15652.173913043478,rav 4
audi,a5 sportback,2018.0,gasoline,190000,automatic,8cv,1395,sedan,good,standard,5 seats,5 doors,used,86000.0,2026-03,8.0,5.0,5.0,1395.0,190000.0,23750.0,a5 sportback
kia,seltos,2022.0,gasoline,90000,automatic,8cv,1353,suv 4x2,good,standard,5 seats,5 doors,used,82000.0,2026-03,4.0,5.0,5.0,1353.0,90000.0,22500.0,seltos
bmw,série 5,2012.0,gasoline,180000,automatic,10cv,1997,sedan,good,standard,5 seats,4 doors,used,74000.0,2026-03,14.0,5.0,4.0,1997.0,180000.0,12857.142857142857,série 5
peugeot,208,2021.0,gasoline,90000,manual,5cv,1199,hatchback,good,standard,5 seats,5 doors,used,39500.0,2026-03,5.0,5.0,5.0,1199.0,90000.0,18000.0,208
land rover,range rover sport,2018.0,gasoline,170000,automatic,44cv,unknown,suv 4x2,good,standard,5 seats,5 doors,used,290000.0,2026-03,8.0,5.0,5.0,,170000.0,21250.0,range rover sport
volkswagen,golf 7,2018.0,gasoline,132000,automatic,6cv,1197,hatchback,good,standard,5 seats,5 doors,used,58000.0,2026-03,8.0,5.0,5.0,1197.0,132000.0,16500.0,golf 7
mini,cooper 3 portes,2016.0,gasoline,95000,manual,7cv,1499,hatchback,good,standard,5 seats,3 doors,used,49000.0,2026-03,10.0,5.0,3.0,1499.0,95000.0,9500.0,cooper 3 portes
bmw,série 1,2018.0,diesel,236000,manual,5cv,unknown,hatchback,good,standard,5 seats,5 doors,used,52000.0,2026-03,8.0,5.0,5.0,,236000.0,29500.0,série 1
gwm,haval h6,2022.0,gasoline,77000,automatic,8cv,1499,suv 4x2,good,standard,5 seats,5 doors,used,94000.0,2026-03,4.0,5.0,5.0,1499.0,77000.0,19250.0,haval h6
mercedes-benz,cla,2013.0,gasoline,169000,automatic,8cv,unknown,sedan,good,standard,5 seats,5 doors,used,74500.0,2026-03,13.0,5.0,5.0,,169000.0,13000.0,cla
bmw,série 1,2010.0,diesel,260000,manual,6cv,unknown,hatchback,good,standard,5 seats,5 doors,used,36500.0,2026-03,16.0,5.0,5.0,,260000.0,16250.0,série 1
peugeot,landtrek simple cabine,2022.0,diesel,135000,manual,6cv,1910,pickup 4x2,good,standard,2 seats,2 doors,used,54500.0,2026-03,4.0,2.0,2.0,1910.0,135000.0,33750.0,landtrek simple cabine
volkswagen,golf 8,2021.0,gasoline,77000,automatic,6cv,1395,hatchback,good,standard,5 seats,5 doors,used,99000.0,2026-03,5.0,5.0,5.0,1395.0,77000.0,15400.0,golf 8
bmw,série 5,2023.0,gasoline,37000,automatic,10cv,unknown,sedan,good,standard,5 seats,5 doors,used,190000.0,2026-03,3.0,5.0,5.0,,37000.0,12333.333333333334,série 5
mercedes-benz,classe c,2022.0,gasoline,57000,automatic,9cv,unknown,sedan,good,standard,5 seats,5 doors,used,195000.0,2026-03,4.0,5.0,5.0,,57000.0,14250.0,classe c
volkswagen,golf 6,2012.0,gasoline,197000,manual,6cv,unknown,hatchback,good,standard,5 seats,3 doors,used,40000.0,2026-03,14.0,5.0,3.0,,197000.0,14071.42857142857,golf 6
hyundai,bayon,2023.0,gasoline,35000,manual,5cv,1197,suv 4x2,good,standard,5 seats,5 doors,used,75000.0,2026-03,3.0,5.0,5.0,1197.0,35000.0,11666.666666666666,bayon
gwm,haval h6,2019.0,gasoline,66000,automatic,9cv,1499,suv 4x2,good,standard,5 seats,5 doors,used,74500.0,2026-03,7.0,5.0,5.0,1499.0,66000.0,9428.57142857143,haval h6
mahindra,kuv 100,2021.0,gasoline,91000,manual,5cv,1198,suv 4x2,good,standard,5 seats,5 doors,used,27500.0,2026-03,5.0,5.0,5.0,1198.0,91000.0,18200.0,kuv 100
jeep,renegade,2018.0,gasoline,102000,automatic,8cv,1368,suv 4x2,good,standard,5 seats,5 doors,used,72000.0,2026-03,8.0,5.0,5.0,1368.0,102000.0,12750.0,renegade
hyundai,unknown,2019.0,gasoline,149000,manual,6cv,1000,suv 4x2,good,standard,5 seats,5 doors,used,56000.0,2026-03,7.0,5.0,5.0,1000.0,149000.0,21285.714285714286,unknown
bmw,série 5,2007.0,diesel,180000,automatic,13cv,2999,sedan,good,standard,5 seats,5 doors,used,52000.0,2026-03,19.0,5.0,5.0,2999.0,180000.0,9473.684210526315,série 5
honda,city,2020.0,gasoline,117000,automatic,7cv,1497,sedan,good,standard,5 seats,5 doors,used,46000.0,2026-03,6.0,5.0,5.0,1497.0,117000.0,19500.0,city
volkswagen,golf 8,2021.0,gasoline,120000,automatic,8cv,1395,hatchback,good,standard,5 seats,5 doors,used,98000.0,2026-03,5.0,5.0,5.0,1395.0,120000.0,24000.0,golf 8
kia,sportage,2020.0,gasoline,85000,automatic,8cv,1591,suv 4x2,good,standard,5 seats,5 doors,used,84000.0,2026-03,6.0,5.0,5.0,1591.0,85000.0,14166.666666666666,sportage
fiat,500,2019.0,gasoline,96000,manual,4cv,1242,hatchback,good,standard,4 seats,3 doors,used,43500.0,2026-03,7.0,4.0,3.0,1242.0,96000.0,13714.285714285714,500
chery,tiggo 3x,2021.0,gasoline,33000,automatic,6cv,998,suv 4x2,good,standard,5 seats,5 doors,used,56000.0,2026-03,5.0,5.0,5.0,998.0,33000.0,6600.0,tiggo 3x
toyota,yaris sedan,2016.0,gasoline,210000,manual,5cv,1329,sedan,good,standard,5 seats,4 doors,used,39000.0,2026-03,10.0,5.0,4.0,1329.0,210000.0,21000.0,yaris sedan
mercedes-benz,classe c,2015.0,gasoline,170000,automatic,8cv,1600,sedan,good,standard,5 seats,5 doors,used,99500.0,2026-03,11.0,5.0,5.0,1600.0,170000.0,15454.545454545454,classe c
volkswagen,golf 7,2019.0,gasoline,130000,automatic,6cv,1197,hatchback,good,standard,5 seats,5 doors,used,58500.0,2026-03,7.0,5.0,5.0,1197.0,130000.0,18571.428571428572,golf 7
mazda,bt-50,2018.0,diesel,350000,manual,9cv,2200,pickup 4x2,good,standard,5 seats,5 doors,used,49500.0,2026-03,8.0,5.0,5.0,2200.0,350000.0,43750.0,bt-50
mercedes-benz,classe e,2016.0,gasoline,174000,automatic,10cv,1991,sedan,good,standard,5 seats,4 doors,used,128000.0,2026-03,10.0,5.0,4.0,1991.0,174000.0,17400.0,classe e
volkswagen,passat,2018.0,gasoline,280000,automatic,8cv,1395,sedan,good,standard,5 seats,4 doors,used,72000.0,2026-03,8.0,5.0,4.0,1395.0,280000.0,35000.0,passat
kia,xceed,2022.0,diesel,99000,automatic,7cv,1600,suv 4x2,good,standard,5 seats,5 doors,used,79000.0,2026-03,4.0,5.0,5.0,1600.0,99000.0,24750.0,xceed
hyundai,grand i10 sedan,2022.0,gasoline,100000,manual,5cv,1197,sedan,good,standard,5 seats,4 doors,used,39500.0,2026-03,4.0,5.0,4.0,1197.0,100000.0,25000.0,grand i10 sedan
hyundai,tucson,2021.0,hybrid,70000,automatic,7cv,1600,suv 4x2,good,standard,5 seats,5 doors,used,130000.0,2026-03,5.0,5.0,5.0,1600.0,70000.0,14000.0,tucson
mercedes-benz,classe e,2010.0,diesel,340000,automatic,10cv,2000,sedan,good,standard,5 seats,5 doors,used,48000.0,2026-03,16.0,5.0,5.0,2000.0,340000.0,21250.0,classe e
audi,a3 sportback,2020.0,gasoline,93000,manual,6cv,999,hatchback,good,standard,5 seats,5 doors,used,92000.0,2026-03,6.0,5.0,5.0,999.0,93000.0,15500.0,a3 sportback
mercedes-benz,classe c,2014.0,gasoline,180000,automatic,8cv,1595,sedan,good,standard,5 seats,5 doors,used,77000.0,2026-03,12.0,5.0,5.0,1595.0,180000.0,15000.0,classe c
audi,q7,2007.0,diesel,248000,automatic,16cv,3000,suv 4x2,good,standard,5 seats,5 doors,used,64000.0,2026-03,19.0,5.0,5.0,3000.0,248000.0,13052.631578947368,q7
bmw,série 3,2015.0,gasoline,77000,automatic,10cv,2000,sedan,good,standard,5 seats,5 doors,used,74000.0,2026-03,11.0,5.0,5.0,2000.0,77000.0,7000.0,série 3
suzuki,celerio,2022.0,gasoline,108000,automatic,4cv,998,hatchback,good,standard,5 seats,5 doors,used,36500.0,2026-03,4.0,5.0,5.0,998.0,108000.0,27000.0,celerio
audi,a4,2014.0,gasoline,183000,manual,7cv,1798,sedan,good,standard,5 seats,4 doors,used,45500.0,2026-03,12.0,5.0,4.0,1798.0,183000.0,15250.0,a4
land rover,range rover sport,2019.0,gasoline,103000,automatic,17cv,2000,suv 4x2,good,standard,5 seats,5 doors,used,260000.0,2026-03,7.0,5.0,5.0,2000.0,103000.0,14714.285714285714,range rover sport
nissan,x-trail,2004.0,diesel,357000,manual,9cv,2200,suv 4x2,good,standard,5 seats,5 doors,used,35500.0,2026-03,22.0,5.0,5.0,2200.0,357000.0,16227.272727272728,x-trail
kia,sorento,2010.0,diesel,356000,automatic,12cv,2200,suv 4x2,good,standard,5 seats,5 doors,used,45000.0,2026-03,16.0,5.0,5.0,2200.0,356000.0,22250.0,sorento
nissan,qashqai,2017.0,gasoline,163000,automatic,6cv,1200,suv 4x2,good,standard,5 seats,5 doors,used,59500.0,2026-03,9.0,5.0,5.0,1200.0,163000.0,18111.11111111111,qashqai
ssangyong,tivoli,2021.0,gasoline,23000,manual,6cv,1197,suv 4x2,good,standard,5 seats,5 doors,used,66000.0,2026-03,5.0,5.0,5.0,1197.0,23000.0,4600.0,tivoli
land rover,range rover sport,2015.0,gasoline,196000,automatic,43cv,5000,suv 4x2,good,standard,5 seats,5 doors,used,175000.0,2026-03,11.0,5.0,5.0,5000.0,196000.0,17818.18181818182,range rover sport
audi,e-tron,2020.0,unknown,72000,automatic,12cv,unknown,suv 4x2,good,standard,5 seats,5 doors,used,160000.0,2026-03,6.0,5.0,5.0,,72000.0,12000.0,e-tron
peugeot,208,2016.0,gasoline,111000,manual,5cv,1199,hatchback,good,standard,5 seats,5 doors,used,35000.0,2026-03,10.0,5.0,5.0,1199.0,111000.0,11100.0,208
toyota,hilux double cabine,2019.0,diesel,250000,manual,8cv,2393,pickup 4x2,good,standard,5 seats,5 doors,used,113000.0,2026-03,7.0,5.0,5.0,2393.0,250000.0,35714.28571428572,hilux double cabine
mercedes-benz,classe e,2018.0,gasoline,176000,automatic,9cv,1497,sedan,good,standard,5 seats,4 doors,used,129000.0,2026-03,8.0,5.0,4.0,1497.0,176000.0,22000.0,classe e
mercedes-benz,gle,2022.0,hybrid,97000,automatic,11cv,1950,suv 4x2,good,standard,5 seats,4 doors,used,209000.0,2026-03,4.0,5.0,4.0,1950.0,97000.0,24250.0,gle
skoda,octavia,2021.0,gasoline,86000,automatic,6cv,999,sedan,good,standard,5 seats,4 doors,used,79000.0,2026-03,5.0,5.0,4.0,999.0,86000.0,17200.0,octavia
opel,vivaro,2021.0,diesel,114000,manual,6cv,1997,light commercial,good,standard,3 seats,4 doors,used,58000.0,2026-03,5.0,3.0,4.0,1997.0,114000.0,22800.0,vivaro
seat,ibiza,2018.0,gasoline,43000,manual,4cv,999,hatchback,good,standard,5 seats,5 doors,used,48500.0,2026-03,8.0,5.0,5.0,999.0,43000.0,5375.0,ibiza
hyundai,i20,2024.0,gasoline,57100,automatic,5cv,998,hatchback,good,standard,5 seats,5 doors,used,67000.0,2026-03,2.0,5.0,5.0,998.0,57100.0,28550.0,i20
porsche,panamera,2011.0,gasoline,161000,automatic,21cv,unknown,sedan,good,standard,5 seats,4 doors,used,115000.0,2026-03,15.0,5.0,4.0,,161000.0,10733.333333333334,panamera
bmw,xm,2024.0,gasoline,44000,automatic,39cv,4395,suv 4x2,good,standard,5 seats,5 doors,used,580000.0,2026-03,2.0,5.0,5.0,4395.0,44000.0,22000.0,xm
hyundai,grand i10,2021.0,gasoline,74000,automatic,5cv,1197,hatchback,good,standard,5 seats,5 doors,used,49500.0,2026-03,5.0,5.0,5.0,1197.0,74000.0,14800.0,grand i10
citroën,berlingo utilitaire,2016.0,diesel,200000,manual,5cv,1600,light commercial,good,standard,3 seats,2 doors,used,40000.0,2026-03,10.0,3.0,2.0,1600.0,200000.0,20000.0,berlingo utilitaire
fiat,unknown,2002.0,gasoline,350000,manual,4cv,999,mpv,good,standard,5 seats,5 doors,used,12250.0,2026-03,24.0,5.0,5.0,999.0,350000.0,14583.333333333334,unknown
bmw,ix3,2022.0,unknown,48000,automatic,6cv,unknown,suv 4x2,good,standard,5 seats,5 doors,used,147000.0,2026-03,4.0,5.0,5.0,,48000.0,12000.0,ix3
bmw,i4,2023.0,unknown,8000,automatic,6cv,unknown,sedan,good,standard,5 seats,4 doors,used,169000.0,2026-03,3.0,5.0,4.0,,8000.0,2666.6666666666665,i4
chery,tiggo 3x,2023.0,gasoline,10000,automatic,6cv,998,suv 4x2,good,standard,5 seats,5 doors,used,60000.0,2026-03,3.0,5.0,5.0,998.0,10000.0,3333.3333333333335,tiggo 3x
fiat,panda city cross,2022.0,gasoline,60000,manual,4cv,1242,hatchback,good,standard,5 seats,5 doors,used,39500.0,2026-03,4.0,5.0,5.0,1242.0,60000.0,15000.0,panda city cross
hyundai,tucson,2018.0,gasoline,186000,automatic,8cv,1591,suv 4x2,good,standard,5 seats,5 doors,used,68000.0,2026-03,8.0,5.0,5.0,1591.0,186000.0,23250.0,tucson
seat,ibiza,2021.0,gasoline,110000,manual,4cv,999,hatchback,good,standard,5 seats,5 doors,used,50500.0,2026-03,5.0,5.0,5.0,999.0,110000.0,22000.0,ibiza
volkswagen,golf 7,2019.0,gasoline,112000,manual,6cv,999,hatchback,good,standard,5 seats,4 doors,used,78000.0,2026-03,7.0,5.0,4.0,999.0,112000.0,16000.0,golf 7
mercedes-benz,classe a,2016.0,diesel,170000,manual,5cv,1500,hatchback,good,standard,5 seats,5 doors,used,49500.0,2026-03,10.0,5.0,5.0,1500.0,170000.0,17000.0,classe a
seat,ibiza,2019.0,gasoline,140000,manual,4cv,999,hatchback,good,standard,5 seats,5 doors,used,47500.0,2026-03,7.0,5.0,5.0,999.0,140000.0,20000.0,ibiza
volkswagen,eos,2007.0,gasoline,66000,manual,7cv,1600,convertible,good,standard,4 seats,3 doors,used,46000.0,2026-03,19.0,4.0,3.0,1600.0,66000.0,3473.684210526316,eos
volkswagen,golf 7,2016.0,gasoline,100000,manual,6cv,920,hatchback,good,standard,5 seats,4 doors,used,65000.0,2026-03,10.0,5.0,4.0,920.0,100000.0,10000.0,golf 7
mercedes-benz,gla,2024.0,gasoline,40000,automatic,9cv,1332,suv 4x2,good,standard,5 seats,5 doors,used,172000.0,2026-03,2.0,5.0,5.0,1332.0,40000.0,20000.0,gla
peugeot,rifter,2021.0,diesel,120000,manual,5cv,unknown,mpv,good,standard,7 seats,5 doors,used,72000.0,2026-03,5.0,7.0,5.0,,120000.0,24000.0,rifter
toyota,corolla,2023.0,gasoline,69000,automatic,6cv,1197,hatchback,good,standard,5 seats,5 doors,used,65000.0,2026-03,3.0,5.0,5.0,1197.0,69000.0,23000.0,corolla
land rover,range rover evoque,2015.0,diesel,124000,automatic,11cv,unknown,suv 4x2,good,standard,5 seats,5 doors,used,88000.0,2026-03,11.0,5.0,5.0,,124000.0,11272.727272727272,range rover evoque
mercedes-benz,classe c,2010.0,diesel,300000,manual,7cv,unknown,sedan,good,standard,5 seats,5 doors,used,44000.0,2026-03,16.0,5.0,5.0,,300000.0,18750.0,classe c
mg,e-hs,2023.0,gasoline,60000,automatic,7cv,unknown,suv 4x2,good,standard,5 seats,5 doors,used,109000.0,2026-03,3.0,5.0,5.0,,60000.0,20000.0,e-hs
mg,e-hs,2023.0,gasoline,50000,automatic,7cv,unknown,suv 4x2,good,standard,5 seats,5 doors,used,109000.0,2026-03,3.0,5.0,5.0,,50000.0,16666.666666666668,e-hs
kia,sportage,2020.0,diesel,129000,automatic,8cv,unknown,suv 4x2,good,standard,5 seats,5 doors,used,82000.0,2026-03,6.0,5.0,5.0,,129000.0,21500.0,sportage
peugeot,208,2021.0,gasoline,60000,automatic,6cv,unknown,hatchback,good,standard,5 seats,5 doors,used,49000.0,2026-03,5.0,5.0,5.0,,60000.0,12000.0,208
peugeot,208,2021.0,gasoline,90000,manual,5cv,1199,hatchback,good,standard,5 seats,5 doors,used,39500.0,2026-03,5.0,5.0,5.0,1199.0,90000.0,18000.0,208
ford,fiesta,2016.0,gasoline,130000,manual,5cv,1242,hatchback,good,standard,5 seats,5 doors,used,34500.0,2026-03,10.0,5.0,5.0,1242.0,130000.0,13000.0,fiesta
hyundai,tucson,2021.0,hybrid,75000,automatic,8cv,unknown,suv 4x2,good,standard,5 seats,5 doors,used,117000.0,2026-03,5.0,5.0,5.0,,75000.0,15000.0,tucson
hyundai,i10,2013.0,gasoline,195000,manual,4cv,1086,hatchback,good,standard,5 seats,5 doors,used,25500.0,2026-03,13.0,5.0,5.0,1086.0,195000.0,15000.0,i10
bmw,série 1,2018.0,diesel,230000,manual,6cv,unknown,hatchback,good,standard,5 seats,4 doors,used,57500.0,2026-03,8.0,5.0,4.0,,230000.0,28750.0,série 1
chevrolet,captiva,2024.0,gasoline,16000,automatic,9cv,1451,suv 4x2,good,standard,5 seats,5 doors,used,87500.0,2026-03,2.0,5.0,5.0,1451.0,16000.0,8000.0,captiva
peugeot,2008,2021.0,gasoline,65000,automatic,6cv,unknown,suv 4x2,good,standard,5 seats,4 doors,used,68000.0,2026-03,5.0,5.0,4.0,,65000.0,13000.0,2008
skoda,scala,2021.0,gasoline,140000,automatic,6cv,1598,hatchback,good,standard,5 seats,5 doors,used,54500.0,2026-03,5.0,5.0,5.0,1598.0,140000.0,28000.0,scala
suzuki,celerio,2022.0,gasoline,110000,automatic,4cv,998,hatchback,good,standard,5 seats,5 doors,used,35500.0,2026-03,4.0,5.0,5.0,998.0,110000.0,27500.0,celerio
hyundai,grand i10 sedan,2022.0,gasoline,100000,manual,5cv,1197,sedan,good,standard,5 seats,4 doors,used,38500.0,2026-03,4.0,5.0,4.0,1197.0,100000.0,25000.0,grand i10 sedan
renault,trafic,2022.0,diesel,98000,manual,6cv,unknown,light commercial,good,standard,3 seats,2 doors,used,55000.0,2026-03,4.0,3.0,2.0,,98000.0,24500.0,trafic
renault,clio,2020.0,gasoline,105000,manual,5cv,898,hatchback,good,standard,5 seats,4 doors,used,35500.0,2026-03,6.0,5.0,4.0,898.0,105000.0,17500.0,clio
mercedes-benz,cla,2021.0,diesel,160000,automatic,7cv,1600,sedan,good,standard,5 seats,4 doors,used,117000.0,2026-03,5.0,5.0,4.0,1600.0,160000.0,32000.0,cla
audi,e-tron sportback,2020.0,unknown,54000,automatic,8cv,unknown,suv 4x2,good,standard,5 seats,4 doors,used,143000.0,2026-03,6.0,5.0,4.0,,54000.0,9000.0,e-tron sportback
mercedes-benz,eqs berline,2023.0,unknown,5000,automatic,8cv,unknown,sedan,good,standard,5 seats,4 doors,used,297000.0,2026-03,3.0,5.0,4.0,,5000.0,1666.6666666666667,eqs berline
land rover,range rover sport,2018.0,diesel,95000,automatic,16cv,3000,suv 4x2,good,standard,5 seats,4 doors,used,195000.0,2026-03,8.0,5.0,4.0,3000.0,95000.0,11875.0,range rover sport
jeep,wrangler unlimited,2019.0,diesel,90000,automatic,10cv,1956,suv 4x2,good,standard,5 seats,4 doors,used,205000.0,2026-03,7.0,5.0,4.0,1956.0,90000.0,12857.142857142857,wrangler unlimited
jaguar,xf,2016.0,gasoline,50000,automatic,15cv,1999,sedan,good,standard,5 seats,4 doors,used,65000.0,2026-03,10.0,5.0,4.0,1999.0,50000.0,5000.0,xf
volkswagen,golf 7,2019.0,gasoline,130000,manual,5cv,1000,hatchback,good,standard,5 seats,4 doors,used,64000.0,2026-03,7.0,5.0,4.0,1000.0,130000.0,18571.428571428572,golf 7
kia,sportage,2020.0,gasoline,112000,automatic,8cv,1591,suv 4x2,good,standard,5 seats,5 doors,used,79000.0,2026-03,6.0,5.0,5.0,1591.0,112000.0,18666.666666666668,sportage
mercedes-benz,classe c,2018.0,gasoline,79000,automatic,8cv,1600,sedan,good,standard,5 seats,5 doors,used,108000.0,2026-03,8.0,5.0,5.0,1600.0,79000.0,9875.0,classe c
bmw,série 5,2011.0,diesel,280000,manual,10cv,unknown,sedan,good,standard,5 seats,5 doors,used,60000.0,2026-03,15.0,5.0,5.0,,280000.0,18666.666666666668,série 5
land rover,range rover sport,2025.0,gasoline,16700,automatic,28cv,2997,suv 4x2,good,standard,5 seats,4 doors,used,400000.0,2026-03,1.0,5.0,4.0,2997.0,16700.0,16700.0,range rover sport
volkswagen,new beetle,2017.0,gasoline,135000,manual,6cv,1200,convertible,good,standard,4 seats,2 doors,used,66610.0,2026-03,9.0,4.0,2.0,1200.0,135000.0,15000.0,new beetle
mercedes-benz,gle,2022.0,gasoline,62250,automatic,12cv,1991,suv 4x2,good,standard,5 seats,4 doors,used,230000.0,2026-03,4.0,5.0,4.0,1991.0,62250.0,15562.5,gle
mercedes-benz,gle coupé,2022.0,gasoline,92500,automatic,12cv,1991,suv 4x2,good,standard,5 seats,4 doors,used,235000.0,2026-03,4.0,5.0,4.0,1991.0,92500.0,23125.0,gle coupé
mercedes-benz,cla,2023.0,gasoline,27000,automatic,8cv,1332,sedan,good,standard,5 seats,4 doors,used,139000.0,2026-03,3.0,5.0,4.0,1332.0,27000.0,9000.0,cla
mercedes-benz,unknown,2022.0,gasoline,62000,automatic,12cv,1995,sedan,good,standard,5 seats,4 doors,used,169900.0,2026-03,4.0,5.0,4.0,1995.0,62000.0,15500.0,unknown
mercedes-benz,cla,2021.0,gasoline,65225,automatic,8cv,1400,sedan,good,standard,5 seats,4 doors,used,130000.0,2026-03,5.0,5.0,4.0,1400.0,65225.0,13045.0,cla
mercedes-benz,gla,2024.0,gasoline,25000,automatic,8cv,1400,suv 4x2,good,standard,5 seats,4 doors,used,179900.0,2026-03,2.0,5.0,4.0,1400.0,25000.0,12500.0,gla
mercedes-benz,gla,2024.0,gasoline,8000,automatic,9cv,1332,suv 4x2,good,standard,4 seats,4 doors,used,160000.0,2026-03,2.0,4.0,4.0,1332.0,8000.0,4000.0,gla
mercedes-benz,classe s,2024.0,gasoline,50000,automatic,20cv,2999,sedan,good,standard,5 seats,4 doors,used,375000.0,2026-03,2.0,5.0,4.0,2999.0,50000.0,25000.0,classe s
toyota,c-hr,2025.0,gasoline,10900,automatic,9cv,1987,suv 4x2,good,standard,5 seats,4 doors,used,145000.0,2026-03,1.0,5.0,4.0,1987.0,10900.0,10900.0,c-hr
audi,q3 sportback,2026.0,gasoline,0,automatic,9cv,1498,suv 4x2,good,standard,5 seats,4 doors,used,238000.0,2026-03,0.0,5.0,4.0,1498.0,0.0,,q3 sportback
land rover,range rover evoque,2021.0,gasoline,30235,automatic,11cv,1500,suv 4x2,good,standard,5 seats,4 doors,used,175000.0,2026-03,5.0,5.0,4.0,1500.0,30235.0,6047.0,range rover evoque
mercedes-benz,classe e,2013.0,diesel,234528,automatic,7cv,2200,sedan,good,standard,5 seats,5 doors,used,80000.0,2026-03,13.0,5.0,5.0,2200.0,234528.0,18040.615384615383,classe e
volkswagen,passat,2020.0,gasoline,106465,manual,8cv,1395,sedan,good,standard,5 seats,4 doors,used,70000.0,2026-03,6.0,5.0,4.0,1395.0,106465.0,17744.166666666668,passat
toyota,unknown,2017.0,gasoline,34222,automatic,18cv,4000,suv 4x2,good,standard,5 seats,4 doors,used,220000.0,2026-03,9.0,5.0,4.0,4000.0,34222.0,3802.4444444444443,unknown
chery,tiggo 7 pro,2021.0,gasoline,89523,automatic,8cv,1498,suv 4x2,good,standard,5 seats,5 doors,used,73000.0,2026-03,5.0,5.0,5.0,1498.0,89523.0,17904.6,tiggo 7 pro
volkswagen,multivan 6.1,2022.0,gasoline,60762,automatic,11cv,2000,mpv,good,standard,5 seats,6 doors,used,290000.0,2026-03,4.0,5.0,6.0,2000.0,60762.0,15190.5,multivan 6.1
mercedes-benz,classe e,2025.0,gasoline,12500,automatic,11cv,1999,sedan,good,standard,5 seats,5 doors,used,235000.0,2026-03,1.0,5.0,5.0,1999.0,12500.0,12500.0,classe e
mercedes-benz,cle coupé,2024.0,gasoline,20000,automatic,12cv,1999,coupe,good,standard,4 seats,2 doors,used,225000.0,2026-03,2.0,4.0,2.0,1999.0,20000.0,10000.0,cle coupé
toyota,rav 4,2024.0,gasoline,16000,automatic,12cv,2487,suv 4x2,good,standard,5 seats,4 doors,used,190000.0,2026-03,2.0,5.0,4.0,2487.0,16000.0,8000.0,rav 4
mercedes-benz,gla,2021.0,gasoline,80423,automatic,8cv,1333,suv 4x2,good,standard,5 seats,4 doors,used,146000.0,2026-03,5.0,5.0,4.0,1333.0,80423.0,16084.6,gla
volkswagen,golf 8,2020.0,gasoline,114787,automatic,8cv,1395,hatchback,good,standard,5 seats,4 doors,used,110000.0,2026-03,6.0,5.0,4.0,1395.0,114787.0,19131.166666666668,golf 8
mercedes-benz,cla,2021.0,gasoline,59000,automatic,8cv,1398,sedan,good,standard,5 seats,4 doors,used,138000.0,2026-03,5.0,5.0,4.0,1398.0,59000.0,11800.0,cla
mercedes-benz,cla,2025.0,gasoline,3588,automatic,8cv,unknown,sedan,good,standard,5 seats,4 doors,used,230000.0,2026-03,1.0,5.0,4.0,,3588.0,3588.0,cla
audi,q2,2021.0,gasoline,38412,automatic,8cv,1498,suv 4x2,good,standard,5 seats,5 doors,used,90000.0,2026-03,5.0,5.0,5.0,1498.0,38412.0,7682.4,q2
seat,arona,2020.0,gasoline,100000,automatic,6cv,1000,suv 4x2,good,standard,5 seats,4 doors,used,73000.0,2026-03,6.0,5.0,4.0,1000.0,100000.0,16666.666666666668,arona
hyundai,unknown,2021.0,diesel,35774,automatic,12cv,2199,suv 4x2,good,standard,7 seats,5 doors,used,250000.0,2026-03,5.0,7.0,5.0,2199.0,35774.0,7154.8,unknown
chevrolet,captiva,2013.0,diesel,176494,manual,9cv,2200,suv 4x2,good,standard,5 seats,4 doors,used,55000.0,2026-03,13.0,5.0,4.0,2200.0,176494.0,13576.461538461539,captiva
porsche,macan,2017.0,gasoline,56300,automatic,15cv,2000,suv 4x2,good,standard,5 seats,4 doors,used,185000.0,2026-03,9.0,5.0,4.0,2000.0,56300.0,6255.555555555556,macan
mercedes-benz,cla,2025.0,gasoline,29572,automatic,8cv,1332,sedan,good,standard,5 seats,4 doors,used,160000.0,2026-03,1.0,5.0,4.0,1332.0,29572.0,29572.0,cla
toyota,land cruiser,2005.0,diesel,244000,automatic,12cv,3000,suv 4x2,good,standard,7 seats,4 doors,used,135000.0,2026-03,21.0,7.0,4.0,3000.0,244000.0,11619.047619047618,land cruiser
mercedes-benz,cla,2021.0,gasoline,51339,automatic,8cv,1332,sedan,good,standard,5 seats,4 doors,used,128000.0,2026-03,5.0,5.0,4.0,1332.0,51339.0,10267.8,cla
volkswagen,tiguan,2022.0,gasoline,50471,automatic,8cv,1395,suv 4x2,good,standard,5 seats,5 doors,used,155000.0,2026-03,4.0,5.0,5.0,1395.0,50471.0,12617.75,tiguan
mercedes-benz,classe c,2023.0,gasoline,42016,automatic,9cv,1500,sedan,good,standard,5 seats,4 doors,used,179000.0,2026-03,3.0,5.0,4.0,1500.0,42016.0,14005.333333333334,classe c
mercedes-benz,classe c,2023.0,gasoline,52099,automatic,9cv,1500,sedan,good,standard,5 seats,4 doors,used,195000.0,2026-03,3.0,5.0,4.0,1500.0,52099.0,17366.333333333332,classe c
audi,q3 sportback,2020.0,gasoline,116520,automatic,8cv,1500,suv 4x2,good,standard,5 seats,4 doors,used,128000.0,2026-03,6.0,5.0,4.0,1500.0,116520.0,19420.0,q3 sportback
toyota,land cruiser,2007.0,diesel,216544,automatic,17cv,4200,suv 4x2,good,standard,8 seats,5 doors,used,129000.0,2026-03,19.0,8.0,5.0,4200.0,216544.0,11397.052631578947,land cruiser
mercedes-benz,eqa,2021.0,unknown,18646,automatic,6cv,unknown,suv 4x2,good,standard,5 seats,4 doors,used,125000.0,2026-03,5.0,5.0,4.0,,18646.0,3729.2,eqa
mercedes-benz,glc coupé,2021.0,gasoline,41765,automatic,12cv,2000,suv 4x2,good,standard,5 seats,4 doors,used,190000.0,2026-03,5.0,5.0,4.0,2000.0,41765.0,8353.0,glc coupé
mercedes-benz,gla,2024.0,gasoline,10730,automatic,8cv,1332,suv 4x2,good,standard,5 seats,4 doors,used,180000.0,2026-03,2.0,5.0,4.0,1332.0,10730.0,5365.0,gla
bmw,x3,2006.0,diesel,186000,automatic,13cv,3000,suv 4x2,good,standard,5 seats,4 doors,used,49990.0,2026-03,20.0,5.0,4.0,3000.0,186000.0,9300.0,x3
mercedes-benz,gle coupé,2021.0,hybrid,91800,automatic,12cv,1991,coupe,good,standard,5 seats,4 doors,used,235000.0,2026-03,5.0,5.0,4.0,1991.0,91800.0,18360.0,gle coupé
porsche,unknown,2014.0,gasoline,150000,automatic,20cv,3600,sedan,good,standard,4 seats,4 doors,used,119000.0,2026-03,12.0,4.0,4.0,3600.0,150000.0,12500.0,unknown
bmw,x2,2021.0,gasoline,90000,manual,8cv,1499,suv 4x2,good,standard,5 seats,5 doors,used,110000.0,2026-03,5.0,5.0,5.0,1499.0,90000.0,18000.0,x2
chery,tiggo 3x,2025.0,gasoline,30000,automatic,6cv,998,suv 4x2,good,standard,5 seats,5 doors,used,78000.0,2026-03,1.0,5.0,5.0,998.0,30000.0,30000.0,tiggo 3x
mahindra,kuv 100,2020.0,gasoline,107000,manual,5cv,1198,suv 4x2,good,standard,5 seats,5 doors,used,29500.0,2026-03,6.0,5.0,5.0,1198.0,107000.0,17833.333333333332,kuv 100
mercedes-benz,glc coupé,2018.0,diesel,134000,automatic,9cv,899,coupe,good,standard,5 seats,4 doors,used,160000.0,2026-03,8.0,5.0,4.0,899.0,134000.0,16750.0,glc coupé
kia,sportage,2021.0,diesel,120000,automatic,8cv,1559,suv 4x2,good,standard,5 seats,5 doors,used,90500.0,2026-03,5.0,5.0,5.0,1559.0,120000.0,24000.0,sportage
/,2016 en très bon état.  -marque / modèle : mazda 2 skyactiv -année : 2016 -kilométrage : 130 000 km -motorisation : essence (skyactiv) -boîte : manuelle -puissance : 6 cv -couleur : bleu   équipements :  -climatisation -direction assistée -vitres électriques -fermeture centralisée -airbags -abs / esp -autoradio / bluetooth  état :  -très bon état général -entretien régulier -aucun frais à prévoir -moteur économique et fiable (technologie skyactiv)   prix : 34 000 tnd  lieu : sfax   contact : 29 488 365  afficher plus détails spécifications marque mazda modèle 2,2016.0,gasoline,130000,manual,6cv,1498,hatchback,good,standard,5 seats,5 doors,used,34000.0,2026-03,10.0,5.0,5.0,1498.0,130000.0,13000.0,2016 en très bon état.  -marque / modèle : mazda 2 skyactiv -année : 2016 -kilométrage : 130 000 km -motorisation : essence (skyactiv) -boîte : manuelle -puissance : 6 cv -couleur : bleu   équipements :  -climatisation -direction assistée -vitres électriques -fermeture centralisée -airbags -abs / esp -autoradio / bluetooth  état :  -très bon état général -entretien régulier -aucun frais à prévoir -moteur économique et fiable (technologie skyactiv)   prix : 34 000 tnd  lieu : sfax   contact : 29 488 365  afficher plus détails spécifications marque mazda modèle 2
volkswagen,golf 7,2020.0,gasoline,67000,automatic,6cv,1197,hatchback,good,standard,5 seats,5 doors,used,72000.0,2026-03,6.0,5.0,5.0,1197.0,67000.0,11166.666666666666,golf 7
kia,rio 5p,2022.0,gasoline,67000,manual,5cv,1197,hatchback,good,standard,5 seats,5 doors,used,57000.0,2026-03,4.0,5.0,5.0,1197.0,67000.0,16750.0,rio 5p
kia,sportage,2024.0,gasoline,55000,automatic,10cv,1598,suv 4x2,good,standard,5 seats,5 doors,used,125000.0,2026-03,2.0,5.0,5.0,1598.0,55000.0,27500.0,sportage
kia,sportage,2022.0,gasoline,76000,automatic,10cv,1598,suv 4x2,good,standard,5 seats,5 doors,used,98000.0,2026-03,4.0,5.0,5.0,1598.0,76000.0,19000.0,sportage
citroën,c4,2016.0,gasoline,188000,manual,6cv,1199,hatchback,good,standard,5 seats,5 doors,used,33000.0,2026-03,10.0,5.0,5.0,1199.0,188000.0,18800.0,c4
toyota,agya,2022.0,gasoline,60000,manual,4cv,998,hatchback,good,standard,5 seats,5 doors,used,35000.0,2026-03,4.0,5.0,5.0,998.0,60000.0,15000.0,agya
peugeot,2008,2020.0,diesel,133000,manual,5cv,1499,sedan,good,standard,5 seats,5 doors,used,72500.0,2026-03,6.0,5.0,5.0,1499.0,133000.0,22166.666666666668,2008
peugeot,208,2023.0,gasoline,26500,manual,4cv,1199,hatchback,good,standard,5 seats,5 doors,used,39500.0,2026-03,3.0,5.0,5.0,1199.0,26500.0,8833.333333333334,208
ds,4 crossback,2018.0,gasoline,178000,automatic,9cv,unknown,hatchback,good,standard,5 seats,5 doors,used,45000.0,2026-03,8.0,5.0,5.0,,178000.0,22250.0,4 crossback
citroën,c3,2021.0,gasoline,64000,manual,4cv,unknown,hatchback,good,standard,5 seats,5 doors,used,37500.0,2026-03,5.0,5.0,5.0,,64000.0,12800.0,c3
citroën,c3,2021.0,diesel,148000,manual,5cv,unknown,hatchback,good,standard,5 seats,5 doors,used,44800.0,2026-03,5.0,5.0,5.0,,148000.0,29600.0,c3
ford,ecosport,2019.0,gasoline,60000,automatic,7cv,998,suv 4x2,good,standard,5 seats,5 doors,used,53500.0,2026-03,7.0,5.0,5.0,998.0,60000.0,8571.42857142857,ecosport
mercedes-benz,gla,2022.0,gasoline,55000,automatic,8cv,unknown,suv 4x2,good,standard,5 seats,5 doors,used,129000.0,2026-03,4.0,5.0,5.0,,55000.0,13750.0,gla
seat,leon,2021.0,gasoline,89000,automatic,8cv,1400,hatchback,good,standard,5 seats,5 doors,used,89000.0,2026-03,5.0,5.0,5.0,1400.0,89000.0,17800.0,leon
peugeot,308,2021.0,diesel,173000,manual,5cv,unknown,hatchback,good,standard,5 seats,5 doors,used,51800.0,2026-03,5.0,5.0,5.0,,173000.0,34600.0,308
volkswagen,t-cross,2022.0,gasoline,123000,manual,6cv,unknown,suv 4x2,good,standard,5 seats,5 doors,used,73500.0,2026-03,4.0,5.0,5.0,,123000.0,30750.0,t-cross
mercedes-benz,cla,2022.0,gasoline,70000,automatic,8cv,unknown,sedan,good,standard,5 seats,5 doors,used,127000.0,2026-03,4.0,5.0,5.0,,70000.0,17500.0,cla
mercedes-benz,classe a,2022.0,gasoline,78000,automatic,8cv,unknown,hatchback,good,standard,5 seats,5 doors,used,109000.0,2026-03,4.0,5.0,5.0,,78000.0,19500.0,classe a
mercedes-benz,cla,2021.0,gasoline,125000,automatic,8cv,1332,sedan,good,standard,5 seats,5 doors,used,113000.0,2026-03,5.0,5.0,5.0,1332.0,125000.0,25000.0,cla
mercedes-benz,eqa,2022.0,unknown,39000,automatic,8cv,unknown,suv 4x2,good,standard,5 seats,5 doors,used,119000.0,2026-03,4.0,5.0,5.0,,39000.0,9750.0,eqa
renault,megane,2021.0,diesel,120000,automatic,6cv,unknown,hatchback,good,standard,5 seats,5 doors,used,59800.0,2026-03,5.0,5.0,5.0,,120000.0,24000.0,megane
volkswagen,golf 8,2021.0,gasoline,153000,automatic,6cv,unknown,hatchback,good,standard,5 seats,5 doors,used,73500.0,2026-03,5.0,5.0,5.0,,153000.0,30600.0,golf 8
audi,a3 sportback,2022.0,gasoline,98000,automatic,8cv,unknown,hatchback,good,standard,5 seats,5 doors,used,119000.0,2026-03,4.0,5.0,5.0,,98000.0,24500.0,a3 sportback
peugeot,308,2021.0,diesel,168000,manual,5cv,unknown,hatchback,good,standard,5 seats,5 doors,used,49800.0,2026-03,5.0,5.0,5.0,,168000.0,33600.0,308
volkswagen,passat,2021.0,gasoline,112000,automatic,8cv,1395,sedan,good,standard,5 seats,5 doors,used,93000.0,2026-03,5.0,5.0,5.0,1395.0,112000.0,22400.0,passat
audi,a3 sportback,2021.0,electric,170000,manual,6cv,1600,hatchback,good,standard,5 seats,5 doors,used,79500.0,2026-03,5.0,5.0,5.0,1600.0,170000.0,34000.0,a3 sportback
kia,sportage,2021.0,gasoline,118000,automatic,11cv,1591,suv 4x2,good,standard,5 seats,5 doors,used,89000.0,2026-03,5.0,5.0,5.0,1591.0,118000.0,23600.0,sportage
mercedes-benz,glc coupé,2021.0,gasoline,73000,automatic,12cv,unknown,suv 4x2,good,standard,5 seats,5 doors,used,178000.0,2026-03,5.0,5.0,5.0,,73000.0,14600.0,glc coupé
mercedes-benz,classe a,2021.0,gasoline,80000,automatic,8cv,1332,hatchback,good,standard,5 seats,5 doors,used,115000.0,2026-03,5.0,5.0,5.0,1332.0,80000.0,16000.0,classe a
land rover,range rover evoque,2022.0,gasoline,98000,automatic,11cv,unknown,suv 4x2,good,standard,5 seats,5 doors,used,169000.0,2026-03,4.0,5.0,5.0,,98000.0,24500.0,range rover evoque
mercedes-benz,classe a,2021.0,gasoline,80000,automatic,8cv,1332,hatchback,good,standard,5 seats,5 doors,used,119000.0,2026-03,5.0,5.0,5.0,1332.0,80000.0,16000.0,classe a
toyota,unknown,2023.0,diesel,42000,automatic,11cv,2755,pickup 4x2,good,standard,4 seats,2 doors,used,163000.0,2026-03,3.0,4.0,2.0,2755.0,42000.0,14000.0,unknown
volkswagen,golf 8,2021.0,gasoline,40000,manual,6cv,1000,hatchback,good,standard,5 seats,5 doors,used,78000.0,2026-03,5.0,5.0,5.0,1000.0,40000.0,8000.0,golf 8
mazda,2 sedan,2016.0,gasoline,175000,manual,6cv,1498,sedan,good,standard,5 seats,4 doors,used,35000.0,2026-03,10.0,5.0,4.0,1498.0,175000.0,17500.0,2 sedan
mercedes-benz,": 03 / 2018  kilométrage : 130 000 km  puissance fiscale : 16 cv  energie : diesel 3.0l  climatronic  start / stop  sièges électriques   feux led / xénon   camera   volant multifonction  palettes au volant   toit panoramique   sièges en cuir   jantes 21""  20 525 317 / 96585896  afficher plus détails spécifications marque mercedes-benz modèle gle coupé",2018.0,diesel,130000,automatic,16cv,3000,suv 4x2,good,standard,5 seats,4 doors,used,195000.0,2026-03,8.0,5.0,4.0,3000.0,130000.0,16250.0,": 03 / 2018  kilométrage : 130 000 km  puissance fiscale : 16 cv  energie : diesel 3.0l  climatronic  start / stop  sièges électriques   feux led / xénon   camera   volant multifonction  palettes au volant   toit panoramique   sièges en cuir   jantes 21""  20 525 317 / 96585896  afficher plus détails spécifications marque mercedes-benz modèle gle coupé"
seat,ateca,2023.0,gasoline,56000,automatic,8cv,1395,suv 4x2,good,standard,5 seats,5 doors,used,98000.0,2026-03,3.0,5.0,5.0,1395.0,56000.0,18666.666666666668,ateca
seat,leon,2021.0,gasoline,83000,automatic,8cv,1395,hatchback,good,standard,5 seats,5 doors,used,79000.0,2026-03,5.0,5.0,5.0,1395.0,83000.0,16600.0,leon
kia,sportage,2022.0,gasoline,72840,automatic,10cv,1598,suv 4x2,good,standard,5 seats,5 doors,used,128000.0,2026-03,4.0,5.0,5.0,1598.0,72840.0,18210.0,sportage
mercedes-benz,cla,2021.0,gasoline,64000,automatic,8cv,1400,coupe,good,standard,5 seats,5 doors,used,130000.0,2026-03,5.0,5.0,5.0,1400.0,64000.0,12800.0,cla
mg,gt,2023.0,gasoline,24500,automatic,9cv,1498,sedan,good,standard,5 seats,4 doors,used,75000.0,2026-03,3.0,5.0,4.0,1498.0,24500.0,8166.666666666667,gt
mercedes-benz,cla,2021.0,gasoline,48000,automatic,7cv,1332,sedan,good,standard,5 seats,4 doors,used,116000.0,2026-03,5.0,5.0,4.0,1332.0,48000.0,9600.0,cla
nissan,juke,2021.0,gasoline,48000,automatic,6cv,999,suv 4x2,good,standard,5 seats,5 doors,used,69000.0,2026-03,5.0,5.0,5.0,999.0,48000.0,9600.0,juke
porsche,macan,2017.0,gasoline,38000,automatic,15cv,1996,suv 4x2,good,standard,5 seats,5 doors,used,179000.0,2026-03,9.0,5.0,5.0,1996.0,38000.0,4222.222222222223,macan
volkswagen,new beetle,2012.0,gasoline,100000,manual,6cv,unknown,coupe,good,standard,5 seats,2 doors,used,46000.0,2026-03,14.0,5.0,2.0,,100000.0,7142.857142857143,new beetle
ford,focus,2017.0,gasoline,162000,manual,6cv,999,hatchback,good,standard,5 seats,5 doors,used,39900.0,2026-03,9.0,5.0,5.0,999.0,162000.0,18000.0,focus
mitsubishi,lancer,2010.0,gasoline,225000,automatic,9cv,1500,sedan,good,standard,5 seats,4 doors,used,22000.0,2026-03,16.0,5.0,4.0,1500.0,225000.0,14062.5,lancer
skoda,octavia,2015.0,gasoline,260000,automatic,8cv,1395,sedan,good,standard,5 seats,4 doors,used,38000.0,2026-03,11.0,5.0,4.0,1395.0,260000.0,23636.363636363636,octavia
mg,hs,2020.0,gasoline,110000,automatic,10cv,1490,suv 4x2,good,standard,5 seats,5 doors,used,67000.0,2026-03,6.0,5.0,5.0,1490.0,110000.0,18333.333333333332,hs
hyundai,veloster,2015.0,gasoline,148000,automatic,8cv,1591,hatchback,good,standard,4 seats,4 doors,used,37500.0,2026-03,11.0,4.0,4.0,1591.0,148000.0,13454.545454545454,veloster
ford,fiesta,2014.0,gasoline,180000,manual,5cv,1242,hatchback,good,standard,5 seats,5 doors,used,32500.0,2026-03,12.0,5.0,5.0,1242.0,180000.0,15000.0,fiesta
citroën,c4 coupé,2010.0,gasoline,210000,manual,7cv,1600,coupe,good,standard,5 seats,2 doors,used,21500.0,2026-03,16.0,5.0,2.0,1600.0,210000.0,13125.0,c4 coupé
mercedes-benz,cla,2021.0,gasoline,85000,automatic,7cv,1332,sedan,good,standard,5 seats,4 doors,used,117000.0,2026-03,5.0,5.0,4.0,1332.0,85000.0,17000.0,cla
jaguar,xf,2022.0,hybrid,110000,automatic,10cv,1998,sedan,good,standard,5 seats,4 doors,used,135000.0,2026-03,4.0,5.0,4.0,1998.0,110000.0,27500.0,xf
bmw,série 4 gran coupé,2019.0,gasoline,79000,automatic,7cv,1499,sedan,good,standard,5 seats,5 doors,used,110000.0,2026-03,7.0,5.0,5.0,1499.0,79000.0,11285.714285714286,série 4 gran coupé
audi,q3,2020.0,gasoline,110000,automatic,9cv,1498,suv 4x2,good,standard,5 seats,5 doors,used,115000.0,2026-03,6.0,5.0,5.0,1498.0,110000.0,18333.333333333332,q3
porsche,panamera,2010.0,gasoline,78000,automatic,21cv,3598,sedan,good,standard,4 seats,4 doors,used,129000.0,2026-03,16.0,4.0,4.0,3598.0,78000.0,4875.0,panamera
mercedes-benz,classe s,2010.0,gasoline,165000,automatic,18cv,3498,sedan,good,standard,5 seats,4 doors,used,99000.0,2026-03,16.0,5.0,4.0,3498.0,165000.0,10312.5,classe s
bmw,série 4 gran coupé,2020.0,gasoline,90000,automatic,7cv,1498,sedan,good,standard,5 seats,4 doors,used,112000.0,2026-03,6.0,5.0,4.0,1498.0,90000.0,15000.0,série 4 gran coupé
volvo,ex30,2025.0,unknown,0,automatic,5cv,unknown,suv 4x2,good,standard,5 seats,4 doors,used,102000.0,2026-03,1.0,5.0,4.0,,0.0,0.0,ex30
mercedes-benz,classe c,2019.0,gasoline,147000,automatic,8cv,1598,sedan,good,standard,5 seats,4 doors,used,132000.0,2026-03,7.0,5.0,4.0,1598.0,147000.0,21000.0,classe c
porsche,cayenne,2012.0,gasoline,195000,automatic,21cv,3598,suv 4x2,good,standard,5 seats,5 doors,used,106000.0,2026-03,14.0,5.0,5.0,3598.0,195000.0,13928.57142857143,cayenne
land rover,range rover evoque,2016.0,diesel,160000,automatic,10cv,1998,suv 4x2,good,standard,5 seats,5 doors,used,92000.0,2026-03,10.0,5.0,5.0,1998.0,160000.0,16000.0,range rover evoque
mercedes-benz,classe e,2020.0,diesel,35000,automatic,9cv,2000,sedan,good,standard,5 seats,4 doors,used,185000.0,2026-03,6.0,5.0,4.0,2000.0,35000.0,5833.333333333333,classe e
kia,sportage,2019.0,gasoline,162000,automatic,8cv,1591,suv 4x2,good,standard,5 seats,5 doors,used,73000.0,2026-03,7.0,5.0,5.0,1591.0,162000.0,23142.85714285714,sportage
mercedes-benz,classe e,2019.0,gasoline,47000,automatic,9cv,1497,sedan,good,standard,5 seats,4 doors,used,148000.0,2026-03,7.0,5.0,4.0,1497.0,47000.0,6714.285714285715,classe e
volkswagen,golf 8,2020.0,gasoline,66800,manual,5cv,999,hatchback,good,standard,5 seats,5 doors,used,76000.0,2026-03,6.0,5.0,5.0,999.0,66800.0,11133.333333333334,golf 8
suzuki,celerio,2018.0,gasoline,62000,manual,4cv,998,hatchback,good,standard,5 seats,5 doors,used,29000.0,2026-03,8.0,5.0,5.0,998.0,62000.0,7750.0,celerio
fiat,unknown,2011.0,gasoline,145000,manual,5cv,1242,hatchback,good,standard,5 seats,4 doors,used,22000.0,2026-03,15.0,5.0,4.0,1242.0,145000.0,9666.666666666666,unknown
hyundai,unknown,2015.0,diesel,308000,automatic,12cv,2199,suv 4x2,good,standard,7 seats,5 doors,used,65000.0,2026-03,11.0,7.0,5.0,2199.0,308000.0,28000.0,unknown
fiat,panda city cross,2020.0,gasoline,52000,manual,4cv,1242,hatchback,good,standard,5 seats,5 doors,used,41000.0,2026-03,6.0,5.0,5.0,1242.0,52000.0,8666.666666666666,panda city cross
audi,q5,2008.0,diesel,370000,automatic,15cv,3000,suv 4x2,good,standard,5 seats,5 doors,used,55000.0,2026-03,18.0,5.0,5.0,3000.0,370000.0,20555.555555555555,q5
volkswagen,golf 8,2021.0,gasoline,75000,automatic,6cv,1500,hatchback,good,standard,5 seats,5 doors,used,108000.0,2026-03,5.0,5.0,5.0,1500.0,75000.0,15000.0,golf 8
bmw,x5,2015.0,diesel,152000,automatic,13cv,2000,suv 4x2,good,standard,5 seats,5 doors,used,108000.0,2026-03,11.0,5.0,5.0,2000.0,152000.0,13818.181818181818,x5
volkswagen,t-cross,2021.0,gasoline,40000,manual,6cv,1000,suv 4x2,good,standard,5 seats,5 doors,used,79000.0,2026-03,5.0,5.0,5.0,1000.0,40000.0,8000.0,t-cross
kia,unknown,2024.0,diesel,31000,manual,8cv,2497,pickup 4x2,good,standard,3 seats,2 doors,used,59000.0,2026-03,2.0,3.0,2.0,2497.0,31000.0,15500.0,unknown
skoda,scala,2021.0,gasoline,79000,automatic,6cv,1598,hatchback,good,standard,5 seats,5 doors,used,59000.0,2026-03,5.0,5.0,5.0,1598.0,79000.0,15800.0,scala
audi,a4,2016.0,gasoline,112000,manual,7cv,1800,sedan,good,standard,5 seats,4 doors,used,59000.0,2026-03,10.0,5.0,4.0,1800.0,112000.0,11200.0,a4
skoda,scala,2021.0,gasoline,79000,automatic,6cv,1598,hatchback,good,standard,5 seats,5 doors,used,59000.0,2026-03,5.0,5.0,5.0,1598.0,79000.0,15800.0,scala
renault,: 11  / 2020 ▸ kilométrage :  17.000 km  ▸ puissance fiscale : 5 cv  ▸ energie : essence   ▸ climatronic  ▸ feux led  ▸ volant multifonction  ▸ start / stop ———————————— expert auto  24 194 040  afficher plus détails spécifications marque renault modèle clio,2020.0,gasoline,17000,manual,5cv,999,hatchback,good,standard,5 seats,5 doors,used,46000.0,2026-03,6.0,5.0,5.0,999.0,17000.0,2833.3333333333335,: 11  / 2020 ▸ kilométrage :  17.000 km  ▸ puissance fiscale : 5 cv  ▸ energie : essence   ▸ climatronic  ▸ feux led  ▸ volant multifonction  ▸ start / stop ———————————— expert auto  24 194 040  afficher plus détails spécifications marque renault modèle clio
audi,": 02  / 2022 ▸ kilométrage :  57 000 km  ▸ puissance fiscale : 8 cv  2.0 l ▸ energie : essence   ▸ climatronic  ▸ camera ▸ feux xénon / led  ▸ jantes 18"" ▸ volant multifonction  ▸ boite automatique ▸ compteur digital ▸ start stop  ▸ sièges en cuir  brun  ▸ vitres teintées ▸ hayon électrique ———————————— expert auto  24 194 040  afficher plus détails spécifications marque audi modèle a5 sportback",2022.0,gasoline,57000,automatic,8cv,1984,sedan,good,standard,5 seats,5 doors,used,128000.0,2026-03,4.0,5.0,5.0,1984.0,57000.0,14250.0,": 02  / 2022 ▸ kilométrage :  57 000 km  ▸ puissance fiscale : 8 cv  2.0 l ▸ energie : essence   ▸ climatronic  ▸ camera ▸ feux xénon / led  ▸ jantes 18"" ▸ volant multifonction  ▸ boite automatique ▸ compteur digital ▸ start stop  ▸ sièges en cuir  brun  ▸ vitres teintées ▸ hayon électrique ———————————— expert auto  24 194 040  afficher plus détails spécifications marque audi modèle a5 sportback"
dacia,lodgy,2024.0,diesel,6000,manual,5cv,1500,mpv,good,standard,5 seats,5 doors,used,69000.0,2026-03,2.0,5.0,5.0,1500.0,6000.0,3000.0,lodgy
bmw,série 2 gran coupé,2021.0,gasoline,77000,automatic,7cv,1500,sedan,good,standard,5 seats,5 doors,used,125000.0,2026-03,5.0,5.0,5.0,1500.0,77000.0,15400.0,série 2 gran coupé
bmw,x5,2015.0,diesel,188000,automatic,13cv,2000,suv 4x2,good,standard,7 seats,5 doors,used,128000.0,2026-03,11.0,7.0,5.0,2000.0,188000.0,17090.909090909092,x5
bmw,série 3,2023.0,gasoline,47000,automatic,9cv,2000,sedan,good,standard,5 seats,4 doors,used,138000.0,2026-03,3.0,5.0,4.0,2000.0,47000.0,15666.666666666666,série 3
ds,7 crossback,2020.0,gasoline,153000,automatic,10cv,1598,suv 4x2,good,standard,5 seats,5 doors,used,65000.0,2026-03,6.0,5.0,5.0,1598.0,153000.0,25500.0,7 crossback
kia,niro hybride,2022.0,gasoline,75000,automatic,5cv,1580,suv 4x2,good,standard,5 seats,5 doors,used,75000.0,2026-03,4.0,5.0,5.0,1580.0,75000.0,18750.0,niro hybride
mercedes-benz,classe e,2012.0,diesel,183000,automatic,8cv,2143,sedan,good,standard,5 seats,5 doors,used,65000.0,2026-03,14.0,5.0,5.0,2143.0,183000.0,13071.42857142857,classe e
kia,rio 5p,2021.0,gasoline,160000,manual,5cv,1197,hatchback,good,standard,5 seats,5 doors,used,53000.0,2026-03,5.0,5.0,5.0,1197.0,160000.0,32000.0,rio 5p
cupra,formentor,2023.0,gasoline,60000,automatic,11cv,1998,suv 4x2,good,standard,5 seats,5 doors,used,130000.0,2026-03,3.0,5.0,5.0,1998.0,60000.0,20000.0,formentor
nissan,qashqai,2015.0,gasoline,175000,automatic,6cv,1200,suv 4x2,good,standard,5 seats,5 doors,used,48000.0,2026-03,11.0,5.0,5.0,1200.0,175000.0,15909.09090909091,qashqai
mercedes-benz,cla,2020.0,gasoline,50000,manual,9cv,1332,sedan,good,standard,5 seats,5 doors,used,125000.0,2026-03,6.0,5.0,5.0,1332.0,50000.0,8333.333333333334,cla
volkswagen.  très bon état  moteur v6 tdi fiable et puissant  finition r-line sport / premium  entretien suivi infos rapides : • 2015 • 210 000 km • diesel prix attractif / à débattre raisonnablement  mp pour infos ou photos – disponible rapidement.  afficher plus détails spécifications marque volkswagen,touareg,2015.0,diesel,210000,automatic,16cv,unknown,suv 4x2,good,standard,5 seats,5 doors,used,105000.0,2026-03,11.0,5.0,5.0,,210000.0,19090.909090909092,touareg
mg,hs,2023.0,gasoline,24800,automatic,9cv,1490,suv 4x2,good,standard,5 seats,5 doors,used,92000.0,2026-03,3.0,5.0,5.0,1490.0,24800.0,8266.666666666666,hs
opel,corsa,2023.0,gasoline,68000,manual,6cv,1199,hatchback,good,standard,5 seats,5 doors,used,47000.0,2026-03,3.0,5.0,5.0,1199.0,68000.0,22666.666666666668,corsa
ford,unknown,2015.0,diesel,257000,automatic,11cv,unknown,pickup 4x2,good,standard,5 seats,4 doors,used,69000.0,2026-03,11.0,5.0,4.0,,257000.0,23363.636363636364,unknown
audi,a3 sportback,2021.0,gasoline,53000,automatic,6cv,999,hatchback,good,standard,5 seats,5 doors,used,108000.0,2026-03,5.0,5.0,5.0,999.0,53000.0,10600.0,a3 sportback
kia,rio 5p,2013.0,gasoline,250000,manual,5cv,1248,hatchback,good,standard,5 seats,5 doors,used,35000.0,2026-03,13.0,5.0,5.0,1248.0,250000.0,19230.76923076923,rio 5p
mercedes-benz,classe e,2019.0,gasoline,215000,automatic,9cv,1497,sedan,good,standard,5 seats,4 doors,used,95000.0,2026-03,7.0,5.0,4.0,1497.0,215000.0,30714.285714285714,classe e
mercedes-benz,cla,2019.0,gasoline,55000,automatic,9cv,1332,sedan,good,standard,5 seats,4 doors,used,145000.0,2026-03,7.0,5.0,4.0,1332.0,55000.0,7857.142857142857,cla
volkswagen,golf 7,2014.0,gasoline,280000,manual,5cv,1197,hatchback,good,standard,5 seats,5 doors,used,42000.0,2026-03,12.0,5.0,5.0,1197.0,280000.0,23333.333333333332,golf 7
kia,sportage,2023.0,gasoline,65000,automatic,10cv,1598,suv 4x2,good,standard,5 seats,5 doors,used,115000.0,2026-03,3.0,5.0,5.0,1598.0,65000.0,21666.666666666668,sportage
volkswagen,tiguan,2021.0,gasoline,33000,automatic,8cv,1498,suv 4x2,good,standard,5 seats,5 doors,used,95000.0,2026-03,5.0,5.0,5.0,1498.0,33000.0,6600.0,tiguan
suzuki,jimny 3 portes,2020.0,gasoline,130000,manual,6cv,1462,suv 4x2,good,standard,4 seats,3 doors,used,70000.0,2026-03,6.0,4.0,3.0,1462.0,130000.0,21666.666666666668,jimny 3 portes
mercedes-benz,classe e coupé,2017.0,gasoline,91000,automatic,10cv,1991,coupe,good,standard,5 seats,2 doors,used,148000.0,2026-03,9.0,5.0,2.0,1991.0,91000.0,10111.111111111111,classe e coupé
ford,mustang,2015.0,gasoline,130000,automatic,22cv,2300,convertible,good,standard,4 seats,2 doors,used,98000.0,2026-03,11.0,4.0,2.0,2300.0,130000.0,11818.181818181818,mustang
jaguar,xe,2017.0,diesel,105000,automatic,9cv,1999,sedan,good,standard,5 seats,4 doors,used,95000.0,2026-03,9.0,5.0,4.0,1999.0,105000.0,11666.666666666666,xe
fiat,fiorino,2021.0,diesel,256000,manual,5cv,1248,light commercial,good,standard,2 seats,2 doors,used,32500.0,2026-03,5.0,2.0,2.0,1248.0,256000.0,51200.0,fiorino
cupra,unknown,2025.0,gasoline,16000,automatic,9cv,2000,suv 4x2,good,standard,5 seats,4 doors,used,150000.0,2026-03,1.0,5.0,4.0,2000.0,16000.0,16000.0,unknown
volkswagen,polo sedan,2022.0,gasoline,80000,manual,5cv,1390,sedan,good,standard,5 seats,4 doors,used,49000.0,2026-03,4.0,5.0,4.0,1390.0,80000.0,20000.0,polo sedan
land rover,range rover evoque,2020.0,diesel,110000,automatic,8cv,1999,suv 4x2,good,standard,5 seats,4 doors,used,169000.0,2026-03,6.0,5.0,4.0,1999.0,110000.0,18333.333333333332,range rover evoque
skoda,octavia,2018.0,gasoline,130000,automatic,8cv,1395,sedan,good,standard,5 seats,4 doors,used,49500.0,2026-03,8.0,5.0,4.0,1395.0,130000.0,16250.0,octavia
land rover,discovery sport,2014.0,diesel,115000,automatic,15cv,2000,suv 4x2,good,standard,5 seats,5 doors,used,93000.0,2026-03,12.0,5.0,5.0,2000.0,115000.0,9583.333333333334,discovery sport
mercedes-benz,cla,2020.0,gasoline,70000,automatic,7cv,1332,sedan,good,standard,5 seats,4 doors,used,125000.0,2026-03,6.0,5.0,4.0,1332.0,70000.0,11666.666666666666,cla
nissan,juke,2022.0,gasoline,64000,automatic,6cv,999,suv 4x2,good,standard,5 seats,5 doors,used,75000.0,2026-03,4.0,5.0,5.0,999.0,64000.0,16000.0,juke
mercedes-benz,classe c coupé,2012.0,gasoline,255000,automatic,9cv,1176,coupe,good,standard,4 seats,2 doors,used,59000.0,2026-03,14.0,4.0,2.0,1176.0,255000.0,18214.285714285714,classe c coupé
mercedes-benz,glc coupé,2018.0,diesel,130000,automatic,9cv,2195,suv 4x2,good,standard,5 seats,5 doors,used,165000.0,2026-03,8.0,5.0,5.0,2195.0,130000.0,16250.0,glc coupé
volkswagen,golf 7,2018.0,gasoline,120000,automatic,7cv,1197,hatchback,good,standard,5 seats,5 doors,used,62000.0,2026-03,8.0,5.0,5.0,1197.0,120000.0,15000.0,golf 7
kia,stonic,2023.0,gasoline,40000,manual,6cv,1600,suv 4x2,good,standard,5 seats,5 doors,used,77000.0,2026-03,3.0,5.0,5.0,1600.0,40000.0,13333.333333333334,stonic
mercedes-benz,classe a,2021.0,gasoline,70000,automatic,8cv,1332,hatchback,good,standard,5 seats,5 doors,used,115000.0,2026-03,5.0,5.0,5.0,1332.0,70000.0,14000.0,classe a
nissan,juke,2016.0,gasoline,160000,manual,6cv,1200,suv 4x2,good,standard,5 seats,4 doors,used,43000.0,2026-03,10.0,5.0,4.0,1200.0,160000.0,16000.0,juke
volkswagen,golf 8,2021.0,gasoline,118000,automatic,6cv,999,hatchback,good,standard,5 seats,5 doors,used,73000.0,2026-03,5.0,5.0,5.0,999.0,118000.0,23600.0,golf 8
land rover,range rover velar,2018.0,diesel,125000,automatic,15cv,1999,suv 4x2,good,standard,5 seats,6 doors,used,180000.0,2026-03,8.0,5.0,6.0,1999.0,125000.0,15625.0,range rover velar
mercedes-benz,classe c,2020.0,diesel,159000,automatic,6cv,1597,sedan,good,standard,5 seats,5 doors,used,105000.0,2026-03,6.0,5.0,5.0,1597.0,159000.0,26500.0,classe c
mercedes-benz,classe c coupé,2018.0,gasoline,105000,automatic,8cv,1497,coupe,good,standard,5 seats,2 doors,used,115000.0,2026-03,8.0,5.0,2.0,1497.0,105000.0,13125.0,classe c coupé
mercedes-benz,glc coupé,2018.0,diesel,134000,automatic,9cv,2195,suv 4x2,good,standard,5 seats,5 doors,used,165000.0,2026-03,8.0,5.0,5.0,2195.0,134000.0,16750.0,glc coupé
bmw,x5,2008.0,diesel,227000,automatic,15cv,3000,suv 4x2,good,standard,5 seats,4 doors,used,52000.0,2026-03,18.0,5.0,4.0,3000.0,227000.0,12611.111111111111,x5
mercedes-benz,classe a,2021.0,gasoline,102000,automatic,7cv,1332,hatchback,good,standard,5 seats,5 doors,used,85000.0,2026-03,5.0,5.0,5.0,1332.0,102000.0,20400.0,classe a
renault,clio,2022.0,gasoline,140000,manual,5cv,1000,hatchback,good,standard,5 seats,4 doors,used,59000.0,2026-03,4.0,5.0,4.0,1000.0,140000.0,35000.0,clio
gwm,haval h6,2022.0,gasoline,90000,automatic,8cv,1499,suv 4x2,good,standard,5 seats,5 doors,used,93000.0,2026-03,4.0,5.0,5.0,1499.0,90000.0,22500.0,haval h6
hyundai,grand i10 sedan,2022.0,gasoline,49000,manual,5cv,1197,sedan,good,standard,5 seats,4 doors,used,42500.0,2026-03,4.0,5.0,4.0,1197.0,49000.0,12250.0,grand i10 sedan
dacia,logan,2025.0,gasoline,17000,manual,5cv,999,sedan,good,standard,5 seats,4 doors,used,85740.0,2026-03,1.0,5.0,4.0,999.0,17000.0,17000.0,logan
kia,sorento,2010.0,diesel,200000,manual,12cv,2199,suv 4x2,good,standard,5 seats,4 doors,used,51000.0,2026-03,16.0,5.0,4.0,2199.0,200000.0,12500.0,sorento
audi,a3 sportback,2015.0,gasoline,230000,manual,6cv,unknown,hatchback,good,standard,5 seats,5 doors,used,52000.0,2026-03,11.0,5.0,5.0,,230000.0,20909.090909090908,a3 sportback
mercedes-benz,classe c,2014.0,gasoline,170000,automatic,9cv,1600,sedan,good,standard,5 seats,4 doors,used,80000.0,2026-03,12.0,5.0,4.0,1600.0,170000.0,14166.666666666666,classe c
volkswagen,amarok,2017.0,diesel,145000,automatic,7cv,2000,pickup 4x2,good,standard,5 seats,4 doors,used,110000.0,2026-03,9.0,5.0,4.0,2000.0,145000.0,16111.111111111111,amarok
mercedes-benz,cla,2021.0,gasoline,65000,automatic,8cv,1400,sedan,good,standard,5 seats,4 doors,used,140000.0,2026-03,5.0,5.0,4.0,1400.0,65000.0,13000.0,cla
volkswagen,t-roc,2023.0,gasoline,90000,manual,6cv,1000,suv 4x2,good,standard,5 seats,5 doors,used,81500.0,2026-03,3.0,5.0,5.0,1000.0,90000.0,30000.0,t-roc
isuzu,d-max double cabine,2021.0,diesel,78000,automatic,9cv,1900,pickup 4x2,good,standard,5 seats,5 doors,used,155000.0,2026-03,5.0,5.0,5.0,1900.0,78000.0,15600.0,d-max double cabine
porsche,macan,2018.0,diesel,104000,automatic,16cv,3000,suv 4x2,good,standard,5 seats,5 doors,used,168000.0,2026-03,8.0,5.0,5.0,3000.0,104000.0,13000.0,macan
peugeot,partner,2024.0,diesel,44000,manual,5cv,1560,light commercial,good,standard,2 seats,2 doors,used,52859.0,2026-03,2.0,2.0,2.0,1560.0,44000.0,22000.0,partner
mercedes-benz,classe a berline,2019.0,diesel,104000,automatic,6cv,1461,sedan,good,standard,5 seats,5 doors,used,105000.0,2026-03,7.0,5.0,5.0,1461.0,104000.0,14857.142857142857,classe a berline
mercedes-benz,glc,2021.0,hybrid,123000,automatic,9cv,1999,suv 4x2,good,standard,5 seats,5 doors,used,150000.0,2026-03,5.0,5.0,5.0,1999.0,123000.0,24600.0,glc
fiat,panda city cross,2021.0,gasoline,77000,manual,4cv,1242,hatchback,good,standard,5 seats,5 doors,used,39700.0,2026-03,5.0,5.0,5.0,1242.0,77000.0,15400.0,panda city cross
hyundai,tucson,2022.0,gasoline,182000,automatic,10cv,1598,suv 4x2,good,standard,5 seats,5 doors,used,83000.0,2026-03,4.0,5.0,5.0,1598.0,182000.0,45500.0,tucson
citroën,berlingo van,2023.0,diesel,158000,manual,5cv,1560,light commercial,good,standard,2 seats,5 doors,used,43000.0,2026-03,3.0,2.0,5.0,1560.0,158000.0,52666.666666666664,berlingo van
land rover,freelander,2009.0,diesel,200000,automatic,11cv,2505,suv 4x2,good,standard,5 seats,5 doors,used,55000.0,2026-03,17.0,5.0,5.0,2505.0,200000.0,11764.70588235294,freelander
renault,express van,2022.0,diesel,120000,manual,5cv,1461,light commercial,good,standard,2 seats,2 doors,used,36000.0,2026-03,4.0,2.0,2.0,1461.0,120000.0,30000.0,express van
renault,clio,2020.0,gasoline,200000,manual,5cv,1149,hatchback,good,standard,5 seats,5 doors,used,36000.0,2026-03,6.0,5.0,5.0,1149.0,200000.0,33333.333333333336,clio
citroën,c-elysée,2016.0,gasoline,94000,manual,5cv,1199,sedan,good,standard,5 seats,4 doors,used,31500.0,2026-03,10.0,5.0,4.0,1199.0,94000.0,9400.0,c-elysée
fiat,fiorino,2024.0,diesel,38000,manual,5cv,1248,light commercial,good,standard,2 seats,2 doors,used,43000.0,2026-03,2.0,2.0,2.0,1248.0,38000.0,19000.0,fiorino
hyundai,i20,2022.0,gasoline,90000,manual,5cv,1197,hatchback,good,standard,5 seats,5 doors,used,52000.0,2026-03,4.0,5.0,5.0,1197.0,90000.0,22500.0,i20
fiat,500,2010.0,gasoline,120,manual,4cv,1242,hatchback,good,standard,4 seats,3 doors,used,34000.0,2026-03,16.0,4.0,3.0,1242.0,120.0,7.5,500
jaguar,xf,2013.0,diesel,150000,automatic,11cv,2179,sedan,good,standard,5 seats,4 doors,used,85000.0,2026-03,13.0,5.0,4.0,2179.0,150000.0,11538.461538461539,xf
mercedes-benz,classe c,2019.0,diesel,84300,automatic,6cv,1597,sedan,good,standard,5 seats,5 doors,used,120000.0,2026-03,7.0,5.0,5.0,1597.0,84300.0,12042.857142857143,classe c
kia,rio berline,2016.0,gasoline,125000,manual,5cv,1248,sedan,good,standard,5 seats,5 doors,used,37200.0,2026-03,10.0,5.0,5.0,1248.0,125000.0,12500.0,rio berline
cupra,leon,2022.0,gasoline,66000,automatic,8cv,1395,hatchback,good,standard,5 seats,5 doors,used,108000.0,2026-03,4.0,5.0,5.0,1395.0,66000.0,16500.0,leon
fiat,500,2024.0,gasoline,16500,automatic,4cv,1242,hatchback,good,standard,4 seats,3 doors,used,62000.0,2026-03,2.0,4.0,3.0,1242.0,16500.0,8250.0,500
mg,zs,2021.0,gasoline,45500,automatic,7cv,1498,suv 4x2,good,standard,5 seats,5 doors,used,64000.0,2026-03,5.0,5.0,5.0,1498.0,45500.0,9100.0,zs
opel,crossland,2022.0,gasoline,39000,manual,5cv,1199,suv 4x2,good,standard,5 seats,5 doors,used,65000.0,2026-03,4.0,5.0,5.0,1199.0,39000.0,9750.0,crossland
skoda,kamiq,2021.0,gasoline,107000,manual,6cv,1598,suv 4x2,good,standard,5 seats,5 doors,used,64000.0,2026-03,5.0,5.0,5.0,1598.0,107000.0,21400.0,kamiq
suzuki,celerio,2019.0,gasoline,183000,manual,5cv,998,hatchback,good,standard,5 seats,5 doors,used,23000.0,2026-03,7.0,5.0,5.0,998.0,183000.0,26142.85714285714,celerio
ford,kuga,2017.0,gasoline,50500,automatic,11cv,1498,suv 4x2,good,standard,5 seats,5 doors,used,64000.0,2026-03,9.0,5.0,5.0,1498.0,50500.0,5611.111111111111,kuga
hyundai,grand i10,2020.0,gasoline,58000,automatic,5cv,1197,hatchback,good,standard,5 seats,5 doors,used,43500.0,2026-03,6.0,5.0,5.0,1197.0,58000.0,9666.666666666666,grand i10
fiat,panda,2021.0,gasoline,96000,manual,4cv,1242,hatchback,good,standard,5 seats,5 doors,used,35000.0,2026-03,5.0,5.0,5.0,1242.0,96000.0,19200.0,panda
renault,kwid outsider,2022.0,gasoline,20300,manual,4cv,999,suv 4x2,good,standard,5 seats,5 doors,used,32000.0,2026-03,4.0,5.0,5.0,999.0,20300.0,5075.0,kwid outsider
mini,cooper 3 portes,2016.0,gasoline,72000,manual,7cv,1499,hatchback,good,standard,5 seats,3 doors,used,51000.0,2026-03,10.0,5.0,3.0,1499.0,72000.0,7200.0,cooper 3 portes
porsche,macan,2016.0,gasoline,113000,automatic,23cv,2997,suv 4x2,good,standard,5 seats,5 doors,used,175000.0,2026-03,10.0,5.0,5.0,2997.0,113000.0,11300.0,macan
toyota,corolla,2023.0,gasoline,72000,automatic,6cv,1197,hatchback,good,standard,5 seats,5 doors,used,63000.0,2026-03,3.0,5.0,5.0,1197.0,72000.0,24000.0,corolla
wallyscar,619,2022.0,gasoline,68000,manual,5cv,1323,hatchback,good,standard,5 seats,5 doors,used,19000.0,2026-03,4.0,5.0,5.0,1323.0,68000.0,17000.0,619
wallyscar,619,2023.0,gasoline,132000,manual,5cv,1323,hatchback,good,standard,5 seats,5 doors,used,19000.0,2026-03,3.0,5.0,5.0,1323.0,132000.0,44000.0,619
citroën,c-elysée,2015.0,gasoline,182000,manual,5cv,1199,sedan,good,standard,5 seats,4 doors,used,19000.0,2026-03,11.0,5.0,4.0,1199.0,182000.0,16545.454545454544,c-elysée
ford,focus,2018.0,gasoline,162000,automatic,7cv,999,hatchback,good,standard,5 seats,5 doors,used,38000.0,2026-03,8.0,5.0,5.0,999.0,162000.0,20250.0,focus
hyundai,i20,2023.0,gasoline,35000,manual,5cv,1197,hatchback,good,standard,5 seats,5 doors,used,59000.0,2026-03,3.0,5.0,5.0,1197.0,35000.0,11666.666666666666,i20
hyundai,grand i10,2022.0,gasoline,145000,manual,5cv,1200,hatchback,good,standard,5 seats,5 doors,used,36000.0,2026-03,4.0,5.0,5.0,1200.0,145000.0,36250.0,grand i10
chery,tiggo 2,2020.0,gasoline,151000,manual,6cv,1497,suv 4x2,good,standard,5 seats,5 doors,used,35000.0,2026-03,6.0,5.0,5.0,1497.0,151000.0,25166.666666666668,tiggo 2
mercedes-benz,classe c coupé,2018.0,gasoline,93500,automatic,9cv,1497,coupe,good,standard,5 seats,2 doors,used,135000.0,2026-03,8.0,5.0,2.0,1497.0,93500.0,11687.5,classe c coupé
audi,a3 berline,2015.0,gasoline,140000,manual,6cv,1197,sedan,good,standard,5 seats,4 doors,used,51000.0,2026-03,11.0,5.0,4.0,1197.0,140000.0,12727.272727272728,a3 berline
mg,gs,2017.0,gasoline,179500,automatic,9cv,1490,suv 4x2,good,standard,5 seats,5 doors,used,39500.0,2026-03,9.0,5.0,5.0,1490.0,179500.0,19944.444444444445,gs
bmw,série 5,2017.0,gasoline,79500,automatic,10cv,1597,sedan,good,standard,5 seats,4 doors,used,139000.0,2026-03,9.0,5.0,4.0,1597.0,79500.0,8833.333333333334,série 5
nissan,qashqai,2020.0,gasoline,172000,automatic,6cv,1197,suv 4x2,good,standard,5 seats,5 doors,used,65000.0,2026-03,6.0,5.0,5.0,1197.0,172000.0,28666.666666666668,qashqai
suzuki,vitara,2013.0,gasoline,90500,manual,14cv,2393,suv 4x2,good,standard,5 seats,5 doors,used,38000.0,2026-03,13.0,5.0,5.0,2393.0,90500.0,6961.538461538462,vitara
volkswagen,golf 7,2019.0,gasoline,127000,automatic,5cv,1197,hatchback,good,standard,5 seats,5 doors,used,88500.0,2026-03,7.0,5.0,5.0,1197.0,127000.0,18142.85714285714,golf 7
bmw,série 4 gran coupé,2015.0,gasoline,125000,automatic,10cv,1998,sedan,good,standard,5 seats,5 doors,used,89500.0,2026-03,11.0,5.0,5.0,1998.0,125000.0,11363.636363636364,série 4 gran coupé
bmw,série 3,2013.0,gasoline,126500,manual,7cv,1598,sedan,good,standard,5 seats,4 doors,used,58000.0,2026-03,13.0,5.0,4.0,1598.0,126500.0,9730.76923076923,série 3
geely,unknown,2024.0,gasoline,20000,automatic,10cv,1477,suv 4x2,good,standard,5 seats,5 doors,used,72000.0,2026-03,2.0,5.0,5.0,1477.0,20000.0,10000.0,unknown
hyundai,grand i10,2022.0,gasoline,116500,manual,5cv,1197,hatchback,good,standard,5 seats,5 doors,used,37000.0,2026-03,4.0,5.0,5.0,1197.0,116500.0,29125.0,grand i10
mercedes-benz,classe c,2009.0,diesel,227000,automatic,7cv,2143,sedan,good,standard,5 seats,5 doors,used,39500.0,2026-03,17.0,5.0,5.0,2143.0,227000.0,13352.941176470587,classe c
peugeot,3008,2020.0,gasoline,56000,automatic,7cv,1199,suv 4x2,good,standard,5 seats,5 doors,used,67000.0,2026-03,6.0,5.0,5.0,1199.0,56000.0,9333.333333333334,3008
gwm,haval jolion,2023.0,gasoline,29000,automatic,9cv,1479,suv 4x2,good,standard,5 seats,5 doors,used,81500.0,2026-03,3.0,5.0,5.0,1479.0,29000.0,9666.666666666666,haval jolion
mercedes-benz,classe e coupé,2009.0,diesel,175000,automatic,12cv,2143,coupe,good,standard,4 seats,2 doors,used,56000.0,2026-03,17.0,4.0,2.0,2143.0,175000.0,10294.117647058823,classe e coupé
mercedes-benz,classe a,2013.0,gasoline,158000,manual,6cv,1597,hatchback,good,standard,5 seats,5 doors,used,44000.0,2026-03,13.0,5.0,5.0,1597.0,158000.0,12153.846153846154,classe a
mercedes-benz,classe c,2022.0,gasoline,77000,automatic,9cv,1496,sedan,good,standard,5 seats,4 doors,used,153000.0,2026-03,4.0,5.0,4.0,1496.0,77000.0,19250.0,classe c
mercedes-benz,classe e,2022.0,gasoline,11400,automatic,9cv,1497,sedan,good,standard,5 seats,4 doors,used,179000.0,2026-03,4.0,5.0,4.0,1497.0,11400.0,2850.0,classe e
seat,ateca,2022.0,gasoline,58000,automatic,8cv,1395,suv 4x2,good,standard,5 seats,5 doors,used,95000.0,2026-03,4.0,5.0,5.0,1395.0,58000.0,14500.0,ateca
kia,seltos,2021.0,gasoline,161000,automatic,8cv,1353,suv 4x2,good,standard,5 seats,5 doors,used,69000.0,2026-03,5.0,5.0,5.0,1353.0,161000.0,32200.0,seltos
mazda,2 sedan,2017.0,gasoline,152000,manual,6cv,1498,sedan,good,standard,5 seats,4 doors,used,39000.0,2026-03,9.0,5.0,4.0,1498.0,152000.0,16888.88888888889,2 sedan
renault,express van,2024.0,diesel,25500,manual,5cv,1461,light commercial,good,standard,2 seats,4 doors,used,49500.0,2026-03,2.0,2.0,4.0,1461.0,25500.0,12750.0,express van
bmw,série 5,2022.0,gasoline,74000,automatic,10cv,1597,sedan,good,standard,5 seats,4 doors,used,145000.0,2026-03,4.0,5.0,4.0,1597.0,74000.0,18500.0,série 5
peugeot,208,2017.0,gasoline,113000,manual,5cv,1199,hatchback,good,standard,5 seats,5 doors,used,27500.0,2026-03,9.0,5.0,5.0,1199.0,113000.0,12555.555555555555,208
toyota,corolla,2020.0,gasoline,47000,automatic,6cv,1197,hatchback,good,standard,5 seats,5 doors,used,59500.0,2026-03,6.0,5.0,5.0,1197.0,47000.0,7833.333333333333,corolla
toyota,rav 4,2014.0,gasoline,70000,automatic,9cv,1987,suv 4x2,good,standard,5 seats,5 doors,used,68000.0,2026-03,12.0,5.0,5.0,1987.0,70000.0,5833.333333333333,rav 4
kia,picanto,2017.0,gasoline,74000,manual,4cv,998,hatchback,good,standard,5 seats,5 doors,used,32500.0,2026-03,9.0,5.0,5.0,998.0,74000.0,8222.222222222223,picanto
hyundai,grand i10,2023.0,gasoline,65000,manual,4cv,998,hatchback,good,standard,5 seats,5 doors,used,42500.0,2026-03,3.0,5.0,5.0,998.0,65000.0,21666.666666666668,grand i10
ford,fiesta,2014.0,gasoline,154000,manual,5cv,1242,hatchback,good,standard,5 seats,5 doors,used,33500.0,2026-03,12.0,5.0,5.0,1242.0,154000.0,12833.333333333334,fiesta
fiat,500,2017.0,gasoline,170000,automatic,4cv,1242,hatchback,good,standard,4 seats,2 doors,used,36000.0,2026-03,9.0,4.0,2.0,1242.0,170000.0,18888.88888888889,500
toyota,c-hr,2020.0,gasoline,144000,automatic,6cv,1197,suv 4x2,good,standard,5 seats,5 doors,used,65000.0,2026-03,6.0,5.0,5.0,1197.0,144000.0,24000.0,c-hr
changan,hunter,2023.0,diesel,57000,manual,6cv,1910,pickup 4x2,good,standard,5 seats,4 doors,used,95000.0,2026-03,3.0,5.0,4.0,1910.0,57000.0,19000.0,hunter
peugeot,208,2019.0,gasoline,118000,manual,4cv,1199,hatchback,good,standard,5 seats,5 doors,used,27500.0,2026-03,7.0,5.0,5.0,1199.0,118000.0,16857.14285714286,208
dacia,duster,2020.0,diesel,87500,manual,6cv,1461,suv 4x2,good,standard,5 seats,5 doors,used,65500.0,2026-03,6.0,5.0,5.0,1461.0,87500.0,14583.333333333334,duster
geely,gx3,2021.0,gasoline,62200,automatic,6cv,1498,suv 4x2,good,standard,5 seats,5 doors,used,52000.0,2026-03,5.0,5.0,5.0,1498.0,62200.0,12440.0,gx3
ford,ecosport,2019.0,gasoline,118000,manual,7cv,998,suv 4x2,good,standard,5 seats,5 doors,used,53500.0,2026-03,7.0,5.0,5.0,998.0,118000.0,16857.14285714286,ecosport
seat,ateca,2023.0,gasoline,86000,automatic,8cv,1395,suv 4x2,good,standard,5 seats,5 doors,used,97000.0,2026-03,3.0,5.0,5.0,1395.0,86000.0,28666.666666666668,ateca
hyundai,i20,2025.0,gasoline,10000,manual,4cv,1197,hatchback,good,standard,5 seats,5 doors,used,57500.0,2026-03,1.0,5.0,5.0,1197.0,10000.0,10000.0,i20
peugeot,3008,2021.0,gasoline,73000,automatic,7cv,1199,suv 4x2,good,standard,5 seats,5 doors,used,73000.0,2026-03,5.0,5.0,5.0,1199.0,73000.0,14600.0,3008
peugeot,landtrek double cabine,2021.0,diesel,45500,manual,6cv,1910,pickup 4x2,good,standard,5 seats,4 doors,used,72000.0,2026-03,5.0,5.0,4.0,1910.0,45500.0,9100.0,landtrek double cabine
citroën,c3,2019.0,gasoline,86000,automatic,6cv,1199,hatchback,good,standard,5 seats,5 doors,used,39500.0,2026-03,7.0,5.0,5.0,1199.0,86000.0,12285.714285714286,c3
opel,corsa,2022.0,gasoline,75000,manual,5cv,1199,hatchback,good,standard,5 seats,5 doors,used,46500.0,2026-03,4.0,5.0,5.0,1199.0,75000.0,18750.0,corsa
citroën,c3,2020.0,gasoline,187000,manual,4cv,1199,hatchback,good,standard,5 seats,5 doors,used,32500.0,2026-03,6.0,5.0,5.0,1199.0,187000.0,31166.666666666668,c3
suzuki,swift,2021.0,gasoline,133000,manual,5cv,1197,hatchback,good,standard,5 seats,5 doors,used,37500.0,2026-03,5.0,5.0,5.0,1197.0,133000.0,26600.0,swift
bmw,série 3,2014.0,gasoline,150000,automatic,7cv,1598,sedan,good,standard,5 seats,4 doors,used,54000.0,2026-03,12.0,5.0,4.0,1598.0,150000.0,12500.0,série 3
seat,leon,2020.0,gasoline,126000,manual,6cv,1197,hatchback,good,standard,5 seats,5 doors,used,53000.0,2026-03,6.0,5.0,5.0,1197.0,126000.0,21000.0,leon
bmw,série 3,2014.0,gasoline,150000,automatic,7cv,1598,sedan,good,standard,5 seats,4 doors,used,54000.0,2026-03,12.0,5.0,4.0,1598.0,150000.0,12500.0,série 3
mg,5,2022.0,gasoline,65000,automatic,7cv,1498,sedan,good,standard,5 seats,4 doors,used,49500.0,2026-03,4.0,5.0,4.0,1498.0,65000.0,16250.0,5
ford,focus,2017.0,gasoline,186000,manual,6cv,999,hatchback,good,standard,5 seats,5 doors,used,36500.0,2026-03,9.0,5.0,5.0,999.0,186000.0,20666.666666666668,focus
kia,sportage,2023.0,hybrid,51000,manual,7cv,1598,suv 4x2,good,standard,5 seats,5 doors,used,123000.0,2026-03,3.0,5.0,5.0,1598.0,51000.0,17000.0,sportage
honda,hr-v,2019.0,gasoline,115000,manual,7cv,1498,suv 4x2,good,standard,5 seats,5 doors,used,62500.0,2026-03,7.0,5.0,5.0,1498.0,115000.0,16428.571428571428,hr-v
opel,grandland,2020.0,gasoline,178500,automatic,7cv,1119,suv 4x2,good,standard,5 seats,5 doors,used,64500.0,2026-03,6.0,5.0,5.0,1119.0,178500.0,29750.0,grandland
peugeot,308,2017.0,gasoline,171500,manual,6cv,1199,hatchback,good,standard,5 seats,5 doors,used,36500.0,2026-03,9.0,5.0,5.0,1199.0,171500.0,19055.555555555555,308
wallyscar,719,2023.0,gasoline,78000,manual,7cv,1587,sedan,good,standard,5 seats,4 doors,used,31500.0,2026-03,3.0,5.0,4.0,1587.0,78000.0,26000.0,719
mercedes-benz,gla,2022.0,gasoline,73000,automatic,7cv,1332,suv 4x2,good,standard,5 seats,5 doors,used,139000.0,2026-03,4.0,5.0,5.0,1332.0,73000.0,18250.0,gla
dongfeng,sx3,2021.0,gasoline,84000,manual,8cv,1590,suv 4x2,good,standard,5 seats,5 doors,used,49000.0,2026-03,5.0,5.0,5.0,1590.0,84000.0,16800.0,sx3
volkswagen,polo,2019.0,gasoline,124000,manual,4cv,999,hatchback,good,standard,5 seats,5 doors,used,39800.0,2026-03,7.0,5.0,5.0,999.0,124000.0,17714.285714285714,polo
mazda,6,2014.0,gasoline,191500,automatic,9cv,1998,sedan,good,standard,5 seats,4 doors,used,45500.0,2026-03,12.0,5.0,4.0,1998.0,191500.0,15958.333333333334,6
bmw,série 4 gran coupé,2016.0,diesel,188000,automatic,10cv,1995,sedan,good,standard,5 seats,5 doors,used,89000.0,2026-03,10.0,5.0,5.0,1995.0,188000.0,18800.0,série 4 gran coupé
peugeot,208,2016.0,gasoline,179000,manual,5cv,1199,hatchback,good,standard,5 seats,5 doors,used,29500.0,2026-03,10.0,5.0,5.0,1199.0,179000.0,17900.0,208
mercedes-benz,cla,2021.0,gasoline,3200,automatic,7cv,1332,sedan,good,standard,5 seats,4 doors,used,135000.0,2026-03,5.0,5.0,4.0,1332.0,3200.0,640.0,cla
mg,zs,2022.0,gasoline,59000,manual,7cv,1498,suv 4x2,good,standard,5 seats,5 doors,used,64000.0,2026-03,4.0,5.0,5.0,1498.0,59000.0,14750.0,zs
kia,seltos,2021.0,gasoline,82500,automatic,8cv,1353,suv 4x2,good,standard,5 seats,5 doors,used,81500.0,2026-03,5.0,5.0,5.0,1353.0,82500.0,16500.0,seltos
bmw,série 4 gran coupé,2020.0,gasoline,132000,automatic,7cv,1499,sedan,good,standard,5 seats,5 doors,used,104000.0,2026-03,6.0,5.0,5.0,1499.0,132000.0,22000.0,série 4 gran coupé
kia,picanto,2020.0,gasoline,73000,manual,4cv,1248,hatchback,good,standard,5 seats,5 doors,used,37500.0,2026-03,6.0,5.0,5.0,1248.0,73000.0,12166.666666666666,picanto
mercedes-benz,classe c,2018.0,gasoline,148000,automatic,8cv,1595,sedan,good,standard,5 seats,4 doors,used,90000.0,2026-03,8.0,5.0,4.0,1595.0,148000.0,18500.0,classe c
peugeot,208,2020.0,gasoline,96000,manual,4cv,1199,hatchback,good,standard,5 seats,5 doors,used,29000.0,2026-03,6.0,5.0,5.0,1199.0,96000.0,16000.0,208
suzuki,ciaz,2023.0,gasoline,52500,manual,6cv,1462,sedan,good,standard,5 seats,4 doors,used,52000.0,2026-03,3.0,5.0,4.0,1462.0,52500.0,17500.0,ciaz
toyota,rav 4,2023.0,gasoline,58900,automatic,9cv,2478,suv 4x2,good,standard,5 seats,5 doors,used,139500.0,2026-03,3.0,5.0,5.0,2478.0,58900.0,19633.333333333332,rav 4
cupra,formentor,2024.0,gasoline,26000,automatic,11cv,1998,suv 4x2,good,standard,5 seats,5 doors,used,135000.0,2026-03,2.0,5.0,5.0,1998.0,26000.0,13000.0,formentor
jaguar,f-pace,2018.0,diesel,159000,manual,9cv,1999,suv 4x2,good,standard,5 seats,5 doors,used,125000.0,2026-03,8.0,5.0,5.0,1999.0,159000.0,19875.0,f-pace
ford,ecosport,2020.0,gasoline,49500,manual,7cv,998,suv 4x2,good,standard,5 seats,5 doors,used,57000.0,2026-03,6.0,5.0,5.0,998.0,49500.0,8250.0,ecosport
land rover,range rover velar,2017.0,diesel,92000,automatic,15cv,1999,suv 4x2,good,standard,5 seats,5 doors,used,182000.0,2026-03,9.0,5.0,5.0,1999.0,92000.0,10222.222222222223,range rover velar
mazda,3 sedan,2016.0,gasoline,112000,manual,6cv,1598,sedan,good,standard,5 seats,4 doors,used,42000.0,2026-03,10.0,5.0,4.0,1598.0,112000.0,11200.0,3 sedan
volkswagen,tiguan,2010.0,gasoline,184000,manual,12cv,1984,suv 4x2,good,standard,5 seats,5 doors,used,38000.0,2026-03,16.0,5.0,5.0,1984.0,184000.0,11500.0,tiguan
volkswagen,tiguan,2010.0,gasoline,158000,manual,11cv,1984,suv 4x2,good,standard,5 seats,5 doors,used,42000.0,2026-03,16.0,5.0,5.0,1984.0,158000.0,9875.0,tiguan
volvo,xc60,2022.0,gasoline,19000,automatic,20cv,1969,suv 4x2,good,standard,5 seats,5 doors,used,286000.0,2026-03,4.0,5.0,5.0,1969.0,19000.0,4750.0,xc60
mercedes-benz,cla,2013.0,gasoline,143000,manual,7cv,1595,sedan,good,standard,5 seats,5 doors,used,66000.0,2026-03,13.0,5.0,5.0,1595.0,143000.0,11000.0,cla
audi,a5 sportback,2020.0,gasoline,164000,automatic,8cv,1395,sedan,good,standard,5 seats,5 doors,used,93000.0,2026-03,6.0,5.0,5.0,1395.0,164000.0,27333.333333333332,a5 sportback
mg,zs,2020.0,gasoline,92000,automatic,7cv,1498,suv 4x2,good,standard,5 seats,5 doors,used,55000.0,2026-03,6.0,5.0,5.0,1498.0,92000.0,15333.333333333334,zs
jeep,compass,2021.0,gasoline,45000,manual,8cv,1368,suv 4x2,good,standard,5 seats,5 doors,used,87000.0,2026-03,5.0,5.0,5.0,1368.0,45000.0,9000.0,compass
peugeot,2008,2020.0,gasoline,43000,manual,5cv,1199,suv 4x2,good,standard,5 seats,5 doors,used,75500.0,2026-03,6.0,5.0,5.0,1199.0,43000.0,7166.666666666667,2008
geely,gx3,2021.0,gasoline,73000,manual,6cv,1498,suv 4x2,good,standard,5 seats,5 doors,used,47000.0,2026-03,5.0,5.0,5.0,1498.0,73000.0,14600.0,gx3
volkswagen,golf 8,2022.0,gasoline,65500,automatic,6cv,999,hatchback,good,standard,5 seats,4 doors,used,85000.0,2026-03,4.0,5.0,4.0,999.0,65500.0,16375.0,golf 8
toyota,prado,2014.0,diesel,230000,manual,11cv,2982,suv 4x2,good,standard,7 seats,5 doors,used,145000.0,2026-03,12.0,7.0,5.0,2982.0,230000.0,19166.666666666668,prado
mercedes-benz,classe a,2022.0,gasoline,55000,automatic,19cv,2000,hatchback,good,standard,5 seats,4 doors,used,185000.0,2026-03,4.0,5.0,4.0,2000.0,55000.0,13750.0,classe a
ford,kuga,2019.0,gasoline,172000,manual,8cv,1498,suv 4x2,good,standard,5 seats,5 doors,used,62000.0,2026-03,7.0,5.0,5.0,1498.0,172000.0,24571.428571428572,kuga
kia,picanto,2018.0,gasoline,79000,manual,5cv,1248,hatchback,good,standard,5 seats,5 doors,used,39800.0,2026-03,8.0,5.0,5.0,1248.0,79000.0,9875.0,picanto
toyota,c-hr,2019.0,gasoline,117500,automatic,6cv,1197,suv 4x2,good,standard,5 seats,5 doors,used,69000.0,2026-03,7.0,5.0,5.0,1197.0,117500.0,16785.714285714286,c-hr
mercedes-benz,classe e,2015.0,gasoline,52500,automatic,10cv,1901,sedan,good,standard,5 seats,4 doors,used,95500.0,2026-03,11.0,5.0,4.0,1901.0,52500.0,4772.727272727273,classe e
dongfeng,s50,2019.0,gasoline,24000,manual,6cv,1499,sedan,good,standard,5 seats,4 doors,used,39500.0,2026-03,7.0,5.0,4.0,1499.0,24000.0,3428.5714285714284,s50
cadillac,ats,2014.0,gasoline,58000,automatic,18cv,2000,sedan,good,standard,5 seats,5 doors,used,69000.0,2026-03,12.0,5.0,5.0,2000.0,58000.0,4833.333333333333,ats
nissan,navara,2012.0,diesel,238000,manual,10cv,2488,pickup 4x2,good,standard,5 seats,4 doors,used,46500.0,2026-03,14.0,5.0,4.0,2488.0,238000.0,17000.0,navara
volkswagen,tiguan,2020.0,gasoline,138000,automatic,8cv,1395,suv 4x2,good,standard,5 seats,5 doors,used,98000.0,2026-03,6.0,5.0,5.0,1395.0,138000.0,23000.0,tiguan
hyundai,i20,2018.0,gasoline,82000,manual,5cv,1197,hatchback,good,standard,5 seats,5 doors,used,42700.0,2026-03,8.0,5.0,5.0,1197.0,82000.0,10250.0,i20
bmw,série 1 3p,2010.0,gasoline,182000,manual,7cv,1596,hatchback,good,standard,5 seats,3 doors,used,34000.0,2026-03,16.0,5.0,3.0,1596.0,182000.0,11375.0,série 1 3p
land rover,range rover,2019.0,gasoline,116000,automatic,25cv,4999,suv 4x2,good,standard,5 seats,5 doors,used,380000.0,2026-03,7.0,5.0,5.0,4999.0,116000.0,16571.428571428572,range rover
seat,arona,2023.0,gasoline,27000,automatic,6cv,999,suv 4x2,good,standard,5 seats,5 doors,used,79800.0,2026-03,3.0,5.0,5.0,999.0,27000.0,9000.0,arona
geely,gx3,2021.0,gasoline,78000,manual,6cv,1498,suv 4x2,good,standard,5 seats,5 doors,used,45000.0,2026-03,5.0,5.0,5.0,1498.0,78000.0,15600.0,gx3
audi,q5,2016.0,diesel,112000,automatic,8cv,2000,suv 4x2,good,standard,5 seats,5 doors,used,96000.0,2026-03,10.0,5.0,5.0,2000.0,112000.0,11200.0,q5
land rover,range rover velar,2018.0,diesel,144000,automatic,19cv,2993,suv 4x2,good,standard,5 seats,5 doors,used,192000.0,2026-03,8.0,5.0,5.0,2993.0,144000.0,18000.0,range rover velar
porsche,macan,2024.0,unknown,9000,automatic,9cv,unknown,suv 4x2,good,standard,5 seats,5 doors,used,289500.0,2026-03,2.0,5.0,5.0,,9000.0,4500.0,macan
toyota,rav 4,2024.0,gasoline,30000,automatic,9cv,2478,suv 4x2,good,standard,5 seats,5 doors,used,147000.0,2026-03,2.0,5.0,5.0,2478.0,30000.0,15000.0,rav 4
audi,a1 sportback,2024.0,gasoline,35000,automatic,6cv,999,hatchback,good,standard,5 seats,5 doors,used,83000.0,2026-03,2.0,5.0,5.0,999.0,35000.0,17500.0,a1 sportback
mercedes-benz,classe a,2018.0,gasoline,122000,manual,9cv,1333,hatchback,good,standard,5 seats,4 doors,used,75000.0,2026-03,8.0,5.0,4.0,1333.0,122000.0,15250.0,classe a
bmw,série 3,2016.0,gasoline,157000,automatic,7cv,1499,sedan,good,standard,5 seats,4 doors,used,67000.0,2026-03,10.0,5.0,4.0,1499.0,157000.0,15700.0,série 3
audi,a5 sportback,2020.0,gasoline,186000,automatic,8cv,1395,sedan,good,standard,5 seats,5 doors,used,94500.0,2026-03,6.0,5.0,5.0,1395.0,186000.0,31000.0,a5 sportback
geely,gx3,2021.0,gasoline,105000,manual,6cv,1498,suv 4x2,good,standard,5 seats,5 doors,used,42000.0,2026-03,5.0,5.0,5.0,1498.0,105000.0,21000.0,gx3
mazda,6,2015.0,gasoline,157000,automatic,9cv,1998,sedan,good,standard,5 seats,4 doors,used,48000.0,2026-03,11.0,5.0,4.0,1998.0,157000.0,14272.727272727272,6
mercedes-benz,classe a berline,2021.0,gasoline,37500,automatic,7cv,1332,sedan,good,standard,5 seats,4 doors,used,94500.0,2026-03,5.0,5.0,4.0,1332.0,37500.0,7500.0,classe a berline
ssangyong,tivoli,2018.0,gasoline,61000,automatic,8cv,1597,suv 4x2,good,standard,5 seats,5 doors,used,56000.0,2026-03,8.0,5.0,5.0,1597.0,61000.0,7625.0,tivoli
chery,tiggo 3x,2022.0,gasoline,68000,automatic,6cv,998,suv 4x2,good,standard,5 seats,5 doors,used,52000.0,2026-03,4.0,5.0,5.0,998.0,68000.0,17000.0,tiggo 3x
peugeot,208,2018.0,gasoline,75000,manual,5cv,1199,hatchback,good,standard,5 seats,5 doors,used,33500.0,2026-03,8.0,5.0,5.0,1199.0,75000.0,9375.0,208
seat,arona,2022.0,gasoline,39000,manual,6cv,1598,suv 4x2,good,standard,5 seats,5 doors,used,66000.0,2026-03,4.0,5.0,5.0,1598.0,39000.0,9750.0,arona
ford,kuga,2017.0,gasoline,127000,manual,8cv,1498,suv 4x2,good,standard,5 seats,6 doors,used,56500.0,2026-03,9.0,5.0,6.0,1498.0,127000.0,14111.111111111111,kuga
mg,zs,2022.0,gasoline,51500,automatic,7cv,1498,suv 4x2,good,standard,5 seats,5 doors,used,69500.0,2026-03,4.0,5.0,5.0,1498.0,51500.0,12875.0,zs
bmw,série 4 gran coupé,2017.0,gasoline,132500,automatic,7cv,1499,sedan,good,standard,5 seats,5 doors,used,74000.0,2026-03,9.0,5.0,5.0,1499.0,132500.0,14722.222222222223,série 4 gran coupé
hyundai,unknown,2021.0,gasoline,102000,automatic,7cv,998,hatchback,good,standard,5 seats,5 doors,used,72000.0,2026-03,5.0,5.0,5.0,998.0,102000.0,20400.0,unknown
kia,sportage,2021.0,gasoline,104500,automatic,8cv,1591,suv 4x2,good,standard,5 seats,5 doors,used,89500.0,2026-03,5.0,5.0,5.0,1591.0,104500.0,20900.0,sportage
land rover,range rover,2017.0,gasoline,52000,automatic,43cv,4999,suv 4x2,good,standard,5 seats,5 doors,used,350000.0,2026-03,9.0,5.0,5.0,4999.0,52000.0,5777.777777777777,range rover
audi,unknown,2022.0,gasoline,42000,automatic,15cv,1984,coupe,good,standard,4 seats,3 doors,used,235000.0,2026-03,4.0,4.0,3.0,1984.0,42000.0,10500.0,unknown
audi,a été soigneusement inspecté pour garantir des performances optimales.  consultez le rapport complet et prenez rendez-vous pour un essai sur www.sparkauto.tn.  afficher plus détails spécifications marque audi modèle a5 sportback,2021.0,gasoline,94000,automatic,8cv,1984,sedan,good,standard,5 seats,5 doors,used,140000.0,2026-03,5.0,5.0,5.0,1984.0,94000.0,18800.0,a été soigneusement inspecté pour garantir des performances optimales.  consultez le rapport complet et prenez rendez-vous pour un essai sur www.sparkauto.tn.  afficher plus détails spécifications marque audi modèle a5 sportback
kia,sportage,2021.0,gasoline,78000,automatic,11cv,1591,suv 4x2,good,standard,5 seats,5 doors,used,83500.0,2026-03,5.0,5.0,5.0,1591.0,78000.0,15600.0,sportage
honda,cr-v,2021.0,gasoline,110000,automatic,11cv,1498,suv 4x2,good,standard,5 seats,5 doors,used,99000.0,2026-03,5.0,5.0,5.0,1498.0,110000.0,22000.0,cr-v
mercedes-benz,a été rigoureusement inspecté et est prêt à vous offrir une expérience de conduite haut de gamme et écologique.  rapport complet disponible : visitez www.sparkauto.tn pour consulter les détails et prendre rendez-vous pour un essai.  afficher plus détails spécifications marque mercedes-benz modèle cla,2021.0,gasoline,49000,automatic,8cv,1332,sedan,good,standard,5 seats,5 doors,used,162000.0,2026-03,5.0,5.0,5.0,1332.0,49000.0,9800.0,a été rigoureusement inspecté et est prêt à vous offrir une expérience de conduite haut de gamme et écologique.  rapport complet disponible : visitez www.sparkauto.tn pour consulter les détails et prendre rendez-vous pour un essai.  afficher plus détails spécifications marque mercedes-benz modèle cla
mg,allie robustesse et performance pour vos trajets quotidiens comme vos escapades.  fiabilité spark auto : chaque véhicule est soigneusement inspecté pour garantir une expérience de conduite sereine et fiable.  envie d’en savoir plus ? rendez-vous sur www.sparkauto.tn pour consulter les détails ou prendre rendez-vous pour un essai.  afficher plus détails spécifications marque mg modèle zs,2022.0,gasoline,23500,automatic,7cv,1498,suv 4x2,good,standard,5 seats,5 doors,used,73500.0,2026-03,4.0,5.0,5.0,1498.0,23500.0,5875.0,allie robustesse et performance pour vos trajets quotidiens comme vos escapades.  fiabilité spark auto : chaque véhicule est soigneusement inspecté pour garantir une expérience de conduite sereine et fiable.  envie d’en savoir plus ? rendez-vous sur www.sparkauto.tn pour consulter les détails ou prendre rendez-vous pour un essai.  afficher plus détails spécifications marque mg modèle zs
audi,unknown,2016.0,gasoline,160000,manual,6cv,1197,hatchback,good,standard,5 seats,5 doors,used,57000.0,2026-03,10.0,5.0,5.0,1197.0,160000.0,16000.0,unknown
mercedes-benz,classe a,2021.0,gasoline,37000,automatic,8cv,1332,hatchback,good,standard,5 seats,5 doors,used,107500.0,2026-03,5.0,5.0,5.0,1332.0,37000.0,7400.0,classe a
bmw,x2,2018.0,gasoline,38000,automatic,7cv,1499,suv 4x2,good,standard,5 seats,5 doors,used,132000.0,2026-03,8.0,5.0,5.0,1499.0,38000.0,4750.0,x2
mg,hs,2021.0,gasoline,78000,automatic,10cv,1490,suv 4x2,good,standard,5 seats,5 doors,used,77500.0,2026-03,5.0,5.0,5.0,1490.0,78000.0,15600.0,hs
mercedes-benz,classe c,2022.0,gasoline,46000,automatic,9cv,1496,sedan,good,standard,5 seats,4 doors,used,170000.0,2026-03,4.0,5.0,4.0,1496.0,46000.0,11500.0,classe c
ssangyong,actyon sports,2018.0,diesel,87000,manual,7cv,1998,pickup 4x2,good,standard,5 seats,4 doors,used,55000.0,2026-03,8.0,5.0,4.0,1998.0,87000.0,10875.0,actyon sports
mercedes-benz,cla,2018.0,gasoline,150000,automatic,7cv,1575,sedan,good,standard,5 seats,4 doors,used,83000.0,2026-03,8.0,5.0,4.0,1575.0,150000.0,18750.0,cla
volkswagen,golf cabriolet,2012.0,gasoline,145000,manual,6cv,unknown,convertible,good,standard,5 seats,2 doors,used,40000.0,2026-03,14.0,5.0,2.0,,145000.0,10357.142857142857,golf cabriolet
opel,corsa,1999.0,gasoline,420000,automatic,4cv,973,hatchback,good,standard,5 seats,4 doors,used,11000.0,2026-03,27.0,5.0,4.0,973.0,420000.0,15555.555555555555,corsa
bmw,x5,2007.0,diesel,270000,automatic,15cv,3000,suv 4x2,good,standard,5 seats,5 doors,used,66000.0,2026-03,19.0,5.0,5.0,3000.0,270000.0,14210.526315789473,x5
volkswagen,t-roc,2022.0,gasoline,72000,manual,6cv,unknown,suv 4x2,good,standard,5 seats,5 doors,used,78000.0,2026-03,4.0,5.0,5.0,,72000.0,18000.0,t-roc
volkswagen,golf 6,2010.0,gasoline,341000,manual,5cv,1390,hatchback,good,standard,5 seats,5 doors,used,34000.0,2026-03,16.0,5.0,5.0,1390.0,341000.0,21312.5,golf 6
bmw,série 4 coupé,2014.0,gasoline,140000,automatic,10cv,1997,coupe,good,standard,4 seats,2 doors,used,79000.0,2026-03,12.0,4.0,2.0,1997.0,140000.0,11666.666666666666,série 4 coupé
volkswagen,golf 8,2020.0,gasoline,58000,manual,7cv,1499,hatchback,good,standard,5 seats,5 doors,used,100000.0,2026-03,6.0,5.0,5.0,1499.0,58000.0,9666.666666666666,golf 8
mg,gt,2023.0,gasoline,9772,automatic,7cv,1498,sedan,good,standard,5 seats,4 doors,used,78000.0,2026-03,3.0,5.0,4.0,1498.0,9772.0,3257.3333333333335,gt
fiat,grande punto,2017.0,gasoline,73000,manual,4cv,1242,hatchback,good,standard,5 seats,5 doors,used,31500.0,2026-03,9.0,5.0,5.0,1242.0,73000.0,8111.111111111111,grande punto
kia,rio 5p,2019.0,gasoline,50000,manual,5cv,1248,hatchback,good,standard,5 seats,5 doors,used,49000.0,2026-03,7.0,5.0,5.0,1248.0,50000.0,7142.857142857143,rio 5p
ds,unknown,2014.0,gasoline,135000,automatic,9cv,1598,sedan,good,standard,5 seats,5 doors,used,50000.0,2026-03,12.0,5.0,5.0,1598.0,135000.0,11250.0,unknown
citroën,c4,2012.0,gasoline,165000,manual,6cv,1397,hatchback,good,standard,5 seats,5 doors,used,29000.0,2026-03,14.0,5.0,5.0,1397.0,165000.0,11785.714285714286,c4
fiat,doblo,2023.0,diesel,128000,manual,5cv,1248,light commercial,good,standard,3 seats,5 doors,used,38000.0,2026-03,3.0,3.0,5.0,1248.0,128000.0,42666.666666666664,doblo
ford,focus,2017.0,gasoline,250000,manual,6cv,999,hatchback,good,standard,5 seats,5 doors,used,35500.0,2026-03,9.0,5.0,5.0,999.0,250000.0,27777.777777777777,focus
mercedes-benz,classe c,2020.0,diesel,102000,automatic,9cv,1597,sedan,good,standard,5 seats,4 doors,used,120000.0,2026-03,6.0,5.0,4.0,1597.0,102000.0,17000.0,classe c
toyota,corolla sedan,2006.0,gasoline,269000,manual,6cv,1300,sedan,good,standard,5 seats,4 doors,used,30000.0,2026-03,20.0,5.0,4.0,1300.0,269000.0,13450.0,corolla sedan
hyundai,tucson,2022.0,gasoline,88000,automatic,10cv,1598,suv 4x2,good,standard,5 seats,5 doors,used,130000.0,2026-03,4.0,5.0,5.0,1598.0,88000.0,22000.0,tucson
skoda,unknown,2022.0,gasoline,71000,automatic,8cv,1395,suv 4x2,good,standard,5 seats,5 doors,used,105000.0,2026-03,4.0,5.0,5.0,1395.0,71000.0,17750.0,unknown
renault,clio,2023.0,gasoline,30294,manual,5cv,999,hatchback,good,standard,5 seats,5 doors,used,48000.0,2026-03,3.0,5.0,5.0,999.0,30294.0,10098.0,clio
seat,ibiza,2020.0,gasoline,70000,manual,4cv,999,hatchback,good,standard,5 seats,5 doors,used,55000.0,2026-03,6.0,5.0,5.0,999.0,70000.0,11666.666666666666,ibiza
renault,clio,2020.0,gasoline,94000,manual,5cv,1149,hatchback,good,standard,5 seats,5 doors,used,43500.0,2026-03,6.0,5.0,5.0,1149.0,94000.0,15666.666666666666,clio
geely,gx3,2021.0,gasoline,83000,manual,6cv,1498,suv 4x2,good,standard,5 seats,5 doors,used,43000.0,2026-03,5.0,5.0,5.0,1498.0,83000.0,16600.0,gx3
mercedes-benz,classe a,2019.0,diesel,86000,automatic,6cv,1461,hatchback,good,standard,5 seats,5 doors,used,105000.0,2026-03,7.0,5.0,5.0,1461.0,86000.0,12285.714285714286,classe a
mercedes-benz,classe e coupé,2014.0,gasoline,112000,automatic,10cv,1991,coupe,good,standard,5 seats,2 doors,used,87000.0,2026-03,12.0,5.0,2.0,1991.0,112000.0,9333.333333333334,classe e coupé
volkswagen,amarok,2016.0,diesel,280000,manual,7cv,1968,pickup 4x2,good,standard,5 seats,4 doors,used,65000.0,2026-03,10.0,5.0,4.0,1968.0,280000.0,28000.0,amarok
chery,tiggo 7 pro,2022.0,gasoline,95000,automatic,9cv,1498,suv 4x2,good,standard,5 seats,5 doors,used,74000.0,2026-03,4.0,5.0,5.0,1498.0,95000.0,23750.0,tiggo 7 pro
gwm,haval jolion,2022.0,gasoline,60000,automatic,9cv,1479,suv 4x2,good,standard,5 seats,5 doors,used,74000.0,2026-03,4.0,5.0,5.0,1479.0,60000.0,15000.0,haval jolion
volkswagen,amarok,2021.0,diesel,86000,automatic,7cv,1968,pickup 4x2,good,standard,5 seats,4 doors,used,135000.0,2026-03,5.0,5.0,4.0,1968.0,86000.0,17200.0,amarok
fiat,linea,2011.0,gasoline,203000,manual,6cv,1400,sedan,good,standard,5 seats,5 doors,used,28500.0,2026-03,15.0,5.0,5.0,1400.0,203000.0,13533.333333333334,linea
ford,ranger,2009.0,diesel,350000,manual,10cv,2500,pickup 4x2,good,standard,5 seats,4 doors,used,39000.0,2026-03,17.0,5.0,4.0,2500.0,350000.0,20588.235294117647,ranger
kia,sportage,2023.0,gasoline,30000,automatic,10cv,1598,suv 4x2,good,standard,5 seats,5 doors,used,125000.0,2026-03,3.0,5.0,5.0,1598.0,30000.0,10000.0,sportage
land rover,discovery,2007.0,gasoline,185000,automatic,23cv,2998,suv 4x2,good,standard,5 seats,5 doors,used,57000.0,2026-03,19.0,5.0,5.0,2998.0,185000.0,9736.842105263158,discovery
volkswagen,polo,2022.0,gasoline,113000,manual,4cv,999,hatchback,good,standard,5 seats,5 doors,used,56500.0,2026-03,4.0,5.0,5.0,999.0,113000.0,28250.0,polo
suzuki,celerio,2022.0,gasoline,70000,automatic,4cv,998,hatchback,good,standard,5 seats,5 doors,used,39500.0,2026-03,4.0,5.0,5.0,998.0,70000.0,17500.0,celerio
toyota,corolla,2022.0,gasoline,84000,automatic,6cv,1197,hatchback,good,standard,5 seats,5 doors,used,65000.0,2026-03,4.0,5.0,5.0,1197.0,84000.0,21000.0,corolla
dacia,sandero stepway,2022.0,gasoline,85000,automatic,5cv,999,suv 4x2,good,standard,5 seats,5 doors,used,55000.0,2026-03,4.0,5.0,5.0,999.0,85000.0,21250.0,sandero stepway
suzuki,swift,2022.0,gasoline,87000,manual,5cv,1197,hatchback,good,standard,5 seats,5 doors,used,39800.0,2026-03,4.0,5.0,5.0,1197.0,87000.0,21750.0,swift
dfsk,unknown,2025.0,gasoline,8000,manual,7cv,1498,suv 4x2,good,standard,5 seats,5 doors,used,67500.0,2026-03,1.0,5.0,5.0,1498.0,8000.0,8000.0,unknown
hyundai,unknown,2022.0,gasoline,74000,automatic,6cv,1396,sedan,good,standard,5 seats,4 doors,used,65000.0,2026-03,4.0,5.0,4.0,1396.0,74000.0,18500.0,unknown
toyota,c-hr,2022.0,gasoline,87000,automatic,6cv,1197,suv 4x2,good,standard,5 seats,5 doors,used,75000.0,2026-03,4.0,5.0,5.0,1197.0,87000.0,21750.0,c-hr
bmw,série 3,2015.0,gasoline,100000,automatic,11cv,unknown,sedan,good,standard,5 seats,5 doors,used,75000.0,2026-03,11.0,5.0,5.0,,100000.0,9090.90909090909,série 3
mercedes-benz,classe c,2022.0,gasoline,105000,automatic,9cv,1496,sedan,good,standard,5 seats,5 doors,used,148000.0,2026-03,4.0,5.0,5.0,1496.0,105000.0,26250.0,classe c
volkswagen,golf 7,2019.0,diesel,100000,manual,6cv,unknown,hatchback,good,standard,5 seats,5 doors,used,73000.0,2026-03,7.0,5.0,5.0,,100000.0,14285.714285714286,golf 7
audi,q2,2018.0,gasoline,240000,automatic,6cv,999,suv 4x2,good,standard,5 seats,5 doors,used,58000.0,2026-03,8.0,5.0,5.0,999.0,240000.0,30000.0,q2
volkswagen,tiguan,2018.0,gasoline,104000,automatic,8cv,1395,suv 4x2,good,standard,5 seats,5 doors,used,95000.0,2026-03,8.0,5.0,5.0,1395.0,104000.0,13000.0,tiguan
fiat,doblo maxi,2021.0,diesel,113000,manual,5cv,1248,light commercial,good,standard,5 seats,5 doors,used,49500.0,2026-03,5.0,5.0,5.0,1248.0,113000.0,22600.0,doblo maxi
mercedes-benz,classe a,2022.0,gasoline,63000,automatic,7cv,unknown,hatchback,good,standard,5 seats,5 doors,used,123000.0,2026-03,4.0,5.0,5.0,,63000.0,15750.0,classe a
volkswagen,golf 8,2023.0,gasoline,69000,automatic,8cv,1395,hatchback,good,standard,5 seats,5 doors,used,108000.0,2026-03,3.0,5.0,5.0,1395.0,69000.0,23000.0,golf 8
citroën,berlingo,2022.0,diesel,29000,manual,5cv,1498,light commercial,good,standard,3 seats,5 doors,used,57000.0,2026-03,4.0,3.0,5.0,1498.0,29000.0,7250.0,berlingo
hyundai,grand i10,2022.0,gasoline,103000,manual,5cv,1197,hatchback,good,standard,5 seats,5 doors,used,40500.0,2026-03,4.0,5.0,5.0,1197.0,103000.0,25750.0,grand i10
volkswagen,polo sedan,2023.0,gasoline,95000,manual,5cv,1390,sedan,good,standard,5 seats,4 doors,used,49000.0,2026-03,3.0,5.0,4.0,1390.0,95000.0,31666.666666666668,polo sedan
suzuki,baleno,2018.0,gasoline,89000,automatic,5cv,1373,hatchback,good,standard,5 seats,5 doors,used,39000.0,2026-03,8.0,5.0,5.0,1373.0,89000.0,11125.0,baleno
volkswagen,golf 7,2018.0,diesel,170000,automatic,6cv,unknown,hatchback,good,standard,5 seats,5 doors,used,74000.0,2026-03,8.0,5.0,5.0,,170000.0,21250.0,golf 7
mercedes-benz,classe a,2019.0,diesel,121000,automatic,7cv,unknown,hatchback,good,standard,5 seats,5 doors,used,98000.0,2026-03,7.0,5.0,5.0,,121000.0,17285.714285714286,classe a
mercedes-benz,ml,2011.0,diesel,253000,automatic,15cv,unknown,suv 4x2,good,standard,5 seats,5 doors,used,67000.0,2026-03,15.0,5.0,5.0,,253000.0,16866.666666666668,ml
audi,a4,2016.0,gasoline,220000,automatic,8cv,1395,sedan,good,standard,5 seats,5 doors,used,69000.0,2026-03,10.0,5.0,5.0,1395.0,220000.0,22000.0,a4
chevrolet,groove,2022.0,gasoline,58000,automatic,6cv,1485,suv 4x2,good,standard,5 seats,5 doors,used,65000.0,2026-03,4.0,5.0,5.0,1485.0,58000.0,14500.0,groove
bmw,série 1,2013.0,gasoline,180000,manual,7cv,1598,hatchback,good,standard,5 seats,5 doors,used,43000.0,2026-03,13.0,5.0,5.0,1598.0,180000.0,13846.153846153846,série 1
suzuki,ciaz,2020.0,gasoline,112000,automatic,6cv,1462,sedan,good,standard,5 seats,4 doors,used,46000.0,2026-03,6.0,5.0,4.0,1462.0,112000.0,18666.666666666668,ciaz
kia,rio 5p,2022.0,gasoline,93000,manual,5cv,1197,hatchback,good,standard,5 seats,5 doors,used,51000.0,2026-03,4.0,5.0,5.0,1197.0,93000.0,23250.0,rio 5p
suzuki,swift,2022.0,gasoline,95000,automatic,5cv,1197,hatchback,good,standard,5 seats,5 doors,used,42000.0,2026-03,4.0,5.0,5.0,1197.0,95000.0,23750.0,swift
volkswagen,golf 7,2020.0,gasoline,132000,automatic,6cv,1197,hatchback,good,standard,5 seats,5 doors,used,69000.0,2026-03,6.0,5.0,5.0,1197.0,132000.0,22000.0,golf 7
mercedes-benz,classe e,2014.0,gasoline,140000,automatic,9cv,1800,sedan,good,standard,5 seats,5 doors,used,82000.0,2026-03,12.0,5.0,5.0,1800.0,140000.0,11666.666666666666,classe e
citroën,jumpy combi,2020.0,diesel,160000,manual,6cv,unknown,mpv,good,standard,9 seats,4 doors,used,78000.0,2026-03,6.0,9.0,4.0,,160000.0,26666.666666666668,jumpy combi
mercedes-benz,classe x,2018.0,diesel,158000,manual,8cv,unknown,pickup 4x2,good,standard,5 seats,4 doors,used,120000.0,2026-03,8.0,5.0,4.0,,158000.0,19750.0,classe x
bmw,x3,2014.0,diesel,185000,automatic,10cv,unknown,suv 4x2,good,standard,4 seats,5 doors,used,82000.0,2026-03,12.0,4.0,5.0,,185000.0,15416.666666666666,x3
audi,a3 berline,2019.0,gasoline,178000,automatic,6cv,1197,sedan,good,standard,5 seats,4 doors,used,69000.0,2026-03,7.0,5.0,4.0,1197.0,178000.0,25428.571428571428,a3 berline
hyundai,i20,2022.0,gasoline,93000,manual,5cv,1197,hatchback,good,standard,5 seats,5 doors,used,50000.0,2026-03,4.0,5.0,5.0,1197.0,93000.0,23250.0,i20
volkswagen,t-cross,2022.0,gasoline,39000,manual,5cv,999,suv 4x2,good,standard,5 seats,5 doors,used,79000.0,2026-03,4.0,5.0,5.0,999.0,39000.0,9750.0,t-cross
land rover,range rover sport,2021.0,gasoline,90000,automatic,25cv,2995,suv 4x2,good,standard,5 seats,5 doors,used,280000.0,2026-03,5.0,5.0,5.0,2995.0,90000.0,18000.0,range rover sport
renault,clio,2022.0,gasoline,95000,manual,5cv,898,hatchback,good,standard,5 seats,5 doors,used,47000.0,2026-03,4.0,5.0,5.0,898.0,95000.0,23750.0,clio
bmw,unknown,2020.0,diesel,112000,automatic,14cv,1998,suv 4x2,good,standard,5 seats,5 doors,used,250000.0,2026-03,6.0,5.0,5.0,1998.0,112000.0,18666.666666666668,unknown
audi,q8,2023.0,gasoline,10000,automatic,22cv,3000,suv 4x2,good,standard,5 seats,5 doors,used,290000.0,2026-03,3.0,5.0,5.0,3000.0,10000.0,3333.3333333333335,q8
toyota,rav 4,2014.0,gasoline,173000,automatic,9cv,1987,suv 4x2,good,standard,5 seats,5 doors,used,60000.0,2026-03,12.0,5.0,5.0,1987.0,173000.0,14416.666666666666,rav 4
mercedes-benz,classe s,1999.0,gasoline,307000,automatic,16cv,3199,sedan,good,standard,5 seats,5 doors,used,35000.0,2026-03,27.0,5.0,5.0,3199.0,307000.0,11370.37037037037,classe s
ford,focus sedan,2023.0,gasoline,38500,automatic,7cv,1496,sedan,good,standard,5 seats,4 doors,used,66000.0,2026-03,3.0,5.0,4.0,1496.0,38500.0,12833.333333333334,focus sedan
kia,rio 5p,2020.0,gasoline,146000,manual,5cv,1197,hatchback,good,standard,5 seats,5 doors,used,52000.0,2026-03,6.0,5.0,5.0,1197.0,146000.0,24333.333333333332,rio 5p
peugeot,2008,2016.0,gasoline,165000,manual,5cv,1199,suv 4x2,good,standard,5 seats,5 doors,used,36500.0,2026-03,10.0,5.0,5.0,1199.0,165000.0,16500.0,2008
mercedes-benz,classe c,2019.0,diesel,186000,automatic,6cv,1597,sedan,good,standard,5 seats,5 doors,used,115000.0,2026-03,7.0,5.0,5.0,1597.0,186000.0,26571.428571428572,classe c
kia,picanto,2020.0,gasoline,60000,manual,4cv,998,hatchback,good,standard,5 seats,5 doors,used,36000.0,2026-03,6.0,5.0,5.0,998.0,60000.0,10000.0,picanto
