brand,model,year,fuel,mileage_km,transmission,fiscal_power,engine_cc,body_style,car_condition,trim_level,seats,doors,condition,price,recorded_at,seats_num,doors_num,engine_cc_num,mileage_num,car_age,mileage_per_year,depreciation_zone,model_group
renault,clio 2,2000.0,gasoline,unknown,manual,4cv,1200,hatchback,good,standard,5 seats,4 doors,used,18000.0,2026-03,5.0,4.0,1200.0,,26.0,,4,clio 2
renault,clio 2,1999.0,gasoline,unknown,manual,4cv,1200,hatchback,good,standard,5 seats,4 doors,used,16000.0,2026-03,5.0,4.0,1200.0,,27.0,,4,clio 2
renault,clio 2,2006.0,gasoline,unknown,manual,4cv,1200,sedan,good,standard,5 seats,4 doors,used,22000.0,2026-03,5.0,4.0,1200.0,,20.0,,4,clio 2
renault,clio 3,2010.0,gasoline,unknown,manual,5cv,1200,hatchback,good,standard,5 seats,4 doors,used,22000.0,2026-03,5.0,4.0,1200.0,,16.0,,4,clio 3
renault,clio 1,1996.0,gasoline,unknown,manual,4cv,1200,hatchback,good,standard,5 seats,4 doors,used,11000.0,2026-03,5.0,4.0,1200.0,,30.0,,4,clio 1
renault,clio 2,2003.0,gasoline,unknown,manual,5cv,1200,sedan,good,standard,5 seats,4 doors,used,20000.0,2026-03,5.0,4.0,1200.0,,23.0,,4,clio 2
renault,clio 2,2000.0,gasoline,unknown,manual,4cv,1200,hatchback,good,standard,5 seats,4 doors,used,19000.0,2026-03,5.0,4.0,1200.0,,26.0,,4,clio 2
renault,clio 3,2012.0,gasoline,unknown,manual,5cv,1200,hatchback,good,standard,5 seats,4 doors,used,29000.0,2026-03,5.0,4.0,1200.0,,14.0,,3,clio 3
renault,clio 4,2014.0,gasoline,unknown,manual,5cv,1200,hatchback,good,standard,5 seats,4 doors,used,35000.0,2026-03,5.0,4.0,1200.0,,12.0,,3,clio 4
renault,clio 2,2002.0,diesel,unknown,manual,5cv,1500,hatchback,good,standard,5 seats,4 doors,used,16000.0,2026-03,5.0,4.0,1500.0,,24.0,,4,clio 2
renault,clio 3,2009.0,diesel,unknown,manual,5cv,1500,hatchback,good,standard,5 seats,4 doors,used,18000.0,2026-03,5.0,4.0,1500.0,,17.0,,4,clio 3
renault,clio 4,2019.0,diesel,150000,manual,5cv,1500,hatchback,good,standard,5 seats,4 doors,used,40000.0,2026-03,5.0,4.0,1500.0,150000.0,7.0,21428.571428571428,2,clio 4
renault,clio 2,2004.0,diesel,unknown,manual,5cv,1500,hatchback,good,standard,5 seats,4 doors,used,15000.0,2026-03,5.0,4.0,1500.0,,22.0,,4,clio 2
renault,clio 4,2018.0,gasoline,117000,manual,5cv,1200,hatchback,good,standard,5 seats,4 doors,used,35000.0,2026-03,5.0,4.0,1200.0,117000.0,8.0,14625.0,2,clio 4
renault,clio 5,2022.0,gasoline,110000,manual,5cv,1000,hatchback,good,standard,5 seats,4 doors,used,34000.0,2026-03,5.0,4.0,1000.0,110000.0,4.0,27500.0,2,clio 5
renault,clio compus,2008.0,gasoline,150000,manual,5cv,1200,hatchback,good,standard,5 seats,4 doors,used,27000.0,2026-03,5.0,4.0,1200.0,150000.0,18.0,8333.333333333334,4,renault_hatchback
renault,clio compus,2009.0,gasoline,378000,manual,5cv,1200,hatchback,good,standard,5 seats,4 doors,used,23000.0,2026-03,5.0,4.0,1200.0,378000.0,17.0,22235.29411764706,4,renault_hatchback
renault,clio 4,2021.0,gasoline,43000,manual,4cv,1000,hatchback,good,standard,5 seats,4 doors,used,43000.0,2026-03,5.0,4.0,1000.0,43000.0,5.0,8600.0,2,clio 4
renault,clio 4,2021.0,gasoline,117000,manual,5cv,1200,hatchback,good,standard,5 seats,4 doors,used,44000.0,2026-03,5.0,4.0,1200.0,117000.0,5.0,23400.0,2,clio 4
renault,clio 2,2008.0,gasoline,182000,manual,5cv,1200,sedan,good,standard,5 seats,4 doors,used,24000.0,2026-03,5.0,4.0,1200.0,182000.0,18.0,10111.111111111111,4,clio 2
renault,clio 4,2016.0,gasoline,189000,manual,5cv,1000,hatchback,good,standard,5 seats,4 doors,used,34000.0,2026-03,5.0,4.0,1000.0,189000.0,10.0,18900.0,3,clio 4
renault,clio 4,2022.0,gasoline,200000,manual,5cv,1000,hatchback,good,standard,5 seats,4 doors,used,35000.0,2026-03,5.0,4.0,1000.0,200000.0,4.0,50000.0,2,clio 4
renault,clio 2,2004.0,gasoline,225000,manual,5cv,1200,sedan,good,standard,5 seats,4 doors,used,21000.0,2026-03,5.0,4.0,1200.0,225000.0,22.0,10227.272727272728,4,clio 2
renault,clio 4,2019.0,gasoline,120000,manual,5cv,1200,hatchback,good,standard,5 seats,4 doors,used,35000.0,2026-03,5.0,4.0,1200.0,120000.0,7.0,17142.85714285714,2,clio 4
renault,clio 4,2020.0,gasoline,155000,manual,5cv,1200,hatchback,good,standard,5 seats,4 doors,used,38000.0,2026-03,5.0,4.0,1200.0,155000.0,6.0,25833.33333333333,2,clio 4
renault,clio 2,2004.0,gasoline,240000,manual,5cv,1200,sedan,good,standard,5 seats,4 doors,used,20000.0,2026-03,5.0,4.0,1200.0,240000.0,22.0,10909.09090909091,4,clio 2
renault,clio 5,2022.0,gasoline,39000,manual,5cv,1000,hatchback,good,standard,5 seats,4 doors,used,51000.0,2026-03,5.0,4.0,1000.0,39000.0,4.0,9750.0,2,clio 5
renault,clio 4,2019.0,gasoline,160000,manual,5cv,1000,hatchback,good,standard,5 seats,4 doors,used,39000.0,2026-03,5.0,4.0,1000.0,160000.0,7.0,22857.14285714286,2,clio 4
renault,clio 2,1998.0,gasoline,unknown,manual,4cv,1200,hatchback,good,standard,5 seats,4 doors,used,14000.0,2026-03,5.0,4.0,1200.0,,28.0,,4,clio 2
renault,clio 4,2021.0,gasoline,160000,manual,5cv,1200,hatchback,good,standard,5 seats,4 doors,used,35000.0,2026-03,5.0,4.0,1200.0,160000.0,5.0,32000.0,2,clio 4
renault,clio 5,2023.0,gasoline,130000,manual,5cv,1000,hatchback,good,standard,5 seats,4 doors,used,39000.0,2026-03,5.0,4.0,1000.0,130000.0,3.0,43333.333333333336,1,clio 5
renault,clio 5,2022.0,gasoline,145000,manual,5cv,1000,hatchback,good,standard,5 seats,4 doors,used,41000.0,2026-03,5.0,4.0,1000.0,145000.0,4.0,36250.0,2,clio 5
renault,clio 2,2007.0,gasoline,220000,manual,5cv,1200,sedan,good,standard,5 seats,4 doors,used,20000.0,2026-03,5.0,4.0,1200.0,220000.0,19.0,11578.947368421052,4,clio 2
renault,clio 4,2016.0,gasoline,190000,manual,5cv,1000,hatchback,good,standard,5 seats,4 doors,used,34000.0,2026-03,5.0,4.0,1000.0,190000.0,10.0,19000.0,3,clio 4
renault,clio 4,2017.0,gasoline,150000,manual,5cv,1200,hatchback,good,standard,5 seats,4 doors,used,37000.0,2026-03,5.0,4.0,1200.0,150000.0,9.0,16666.666666666668,3,clio 4
renault,clio 1,1994.0,gasoline,unknown,manual,4cv,1200,hatchback,good,standard,5 seats,4 doors,used,10000.0,2026-03,5.0,4.0,1200.0,,32.0,,4,clio 1
renault,clio 4,2016.0,diesel,180000,manual,5cv,1500,hatchback,good,standard,5 seats,4 doors,used,40000.0,2026-03,5.0,4.0,1500.0,180000.0,10.0,18000.0,3,clio 4
renault,clio 5,2022.0,gasoline,95000,manual,5cv,1000,hatchback,good,standard,5 seats,4 doors,used,46000.0,2026-03,5.0,4.0,1000.0,95000.0,4.0,23750.0,2,clio 5
renault,clio 4,2014.0,gasoline,200000,manual,5cv,1000,hatchback,good,standard,5 seats,4 doors,used,30000.0,2026-03,5.0,4.0,1000.0,200000.0,12.0,16666.666666666668,3,clio 4
renault,clio 2,1999.0,gasoline,350000,manual,4cv,1200,hatchback,good,standard,5 seats,4 doors,used,16000.0,2026-03,5.0,4.0,1200.0,350000.0,27.0,12962.962962962964,4,clio 2
renault,clio 4,2013.0,gasoline,220000,manual,5cv,1200,hatchback,good,standard,5 seats,4 doors,used,31000.0,2026-03,5.0,4.0,1200.0,220000.0,13.0,16923.076923076922,3,clio 4
renault,clio 3,2011.0,gasoline,135000,manual,5cv,1200,hatchback,good,standard,5 seats,4 doors,used,32000.0,2026-03,5.0,4.0,1200.0,135000.0,15.0,9000.0,3,clio 3
renault,clio compus,2009.0,gasoline,255000,manual,5cv,1200,hatchback,good,standard,5 seats,4 doors,used,22000.0,2026-03,5.0,4.0,1200.0,255000.0,17.0,15000.0,4,renault_hatchback
renault,clio 1,1997.0,gasoline,380000,manual,4cv,1200,hatchback,good,standard,5 seats,4 doors,used,7500.0,2026-03,5.0,4.0,1200.0,380000.0,29.0,13103.448275862069,4,clio 1
renault,clio 2,2000.0,gasoline,250000,manual,4cv,1200,hatchback,good,standard,5 seats,4 doors,used,18000.0,2026-03,5.0,4.0,1200.0,250000.0,26.0,9615.384615384615,4,clio 2
renault,clio 4,2013.0,gasoline,160000,manual,5cv,1200,hatchback,good,standard,5 seats,4 doors,used,35000.0,2026-03,5.0,4.0,1200.0,160000.0,13.0,12307.692307692309,3,clio 4
renault,clio 5,2020.0,gasoline,100000,manual,5cv,1000,hatchback,good,standard,5 seats,4 doors,used,47000.0,2026-03,5.0,4.0,1000.0,100000.0,6.0,16666.666666666668,2,clio 5
renault,clio 5,2022.0,gasoline,115000,manual,5cv,1000,hatchback,good,standard,5 seats,4 doors,used,38000.0,2026-03,5.0,4.0,1000.0,115000.0,4.0,28750.0,2,clio 5
renault,symbol 1,2010.0,gasoline,220000,manual,5cv,1200,sedan,good,standard,5 seats,4 doors,used,23000.0,2026-03,5.0,4.0,1200.0,220000.0,16.0,13750.0,4,symbol 1
renault,symbol 1,2009.0,gasoline,140000,manual,5cv,1200,sedan,good,standard,5 seats,4 doors,used,28000.0,2026-03,5.0,4.0,1200.0,140000.0,17.0,8235.29411764706,4,symbol 1
renault,symbol 1,2012.0,gasoline,300000,manual,5cv,1200,sedan,good,standard,5 seats,4 doors,used,27000.0,2026-03,5.0,4.0,1200.0,300000.0,14.0,21428.571428571428,3,symbol 1
renault,symbol 2,2013.0,gasoline,125000,manual,5cv,1200,sedan,good,standard,5 seats,4 doors,used,27000.0,2026-03,5.0,4.0,1200.0,125000.0,13.0,9615.384615384615,3,symbol 2
renault,symbol 1,2010.0,gasoline,255000,manual,5cv,1200,sedan,good,standard,5 seats,4 doors,used,25000.0,2026-03,5.0,4.0,1200.0,255000.0,16.0,15937.5,4,symbol 1
renault,symbol 1,2010.0,gasoline,unknown,manual,5cv,1200,sedan,good,standard,5 seats,4 doors,used,19000.0,2026-03,5.0,4.0,1200.0,,16.0,,4,symbol 1
renault,symbol 1,2010.0,gasoline,400000,manual,5cv,1200,sedan,good,standard,5 seats,4 doors,used,20000.0,2026-03,5.0,4.0,1200.0,400000.0,16.0,25000.0,4,symbol 1
renault,symbol 1,2009.0,gasoline,336000,manual,5cv,1200,sedan,good,standard,5 seats,4 doors,used,27000.0,2026-03,5.0,4.0,1200.0,336000.0,17.0,19764.70588235294,4,symbol 1
renault,symbol 2,2017.0,gasoline,120000,manual,5cv,1200,sedan,good,standard,5 seats,4 doors,used,35000.0,2026-03,5.0,4.0,1200.0,120000.0,9.0,13333.333333333334,3,symbol 2
renault,symbol 1,2009.0,gasoline,275000,manual,5cv,1200,sedan,good,standard,5 seats,4 doors,used,22000.0,2026-03,5.0,4.0,1200.0,275000.0,17.0,16176.470588235294,4,symbol 1
renault,symbol 2,2021.0,gasoline,130000,manual,5cv,1000,sedan,good,standard,5 seats,4 doors,used,41000.0,2026-03,5.0,4.0,1000.0,130000.0,5.0,26000.0,2,symbol 2
renault,symbol 2,2022.0,gasoline,unknown,manual,5cv,1000,sedan,good,standard,5 seats,4 doors,used,37000.0,2026-03,5.0,4.0,1000.0,,4.0,,2,symbol 2
renault,symbol 2,2014.0,gasoline,370000,manual,5cv,1200,sedan,good,standard,5 seats,4 doors,used,28000.0,2026-03,5.0,4.0,1200.0,370000.0,12.0,30833.33333333333,3,symbol 2
renault,symbol 1,2012.0,gasoline,340000,manual,5cv,1200,sedan,good,standard,5 seats,4 doors,used,23000.0,2026-03,5.0,4.0,1200.0,340000.0,14.0,24285.714285714286,3,symbol 1
renault,symbol 2,2016.0,gasoline,250000,manual,5cv,1200,sedan,good,standard,5 seats,4 doors,used,25000.0,2026-03,5.0,4.0,1200.0,250000.0,10.0,25000.0,3,symbol 2
renault,symbol 2,2016.0,gasoline,115000,manual,5cv,1200,sedan,good,standard,5 seats,4 doors,used,33000.0,2026-03,5.0,4.0,1200.0,115000.0,10.0,11500.0,3,symbol 2
renault,symbol 1,2010.0,gasoline,210000,manual,5cv,1200,sedan,good,standard,5 seats,4 doors,used,24000.0,2026-03,5.0,4.0,1200.0,210000.0,16.0,13125.0,4,symbol 1
renault,kwid,2023.0,gasoline,unknown,manual,4cv,1000,crossover,good,standard,5 seats,4 doors,used,25000.0,2026-03,5.0,4.0,1000.0,,3.0,,1,kwid
renault,modus,2008.0,gasoline,unknown,manual,5cv,1200,hatchback,good,standard,5 seats,4 doors,used,15000.0,2026-03,5.0,4.0,1200.0,,18.0,,4,renault_hatchback
renault,captur,2014.0,gasoline,unknown,manual,5cv,1200,crossover,good,standard,5 seats,4 doors,used,32000.0,2026-03,5.0,4.0,1200.0,,12.0,,3,captur
renault,megane 2,2004.0,diesel,unknown,manual,5cv,1500,hatchback,good,standard,5 seats,4 doors,used,16000.0,2026-03,5.0,4.0,1500.0,,22.0,,4,megane 2
renault,megane 3,2015.0,diesel,289000,manual,5cv,1600,hatchback,good,standard,5 seats,4 doors,used,30000.0,2026-03,5.0,4.0,1600.0,289000.0,11.0,26272.727272727272,3,megane 3
renault,megane 2,2008.0,gasoline,300000,manual,7cv,1600,sedan,good,standard,5 seats,4 doors,used,15000.0,2026-03,5.0,4.0,1600.0,300000.0,18.0,16666.666666666668,4,megane 2
renault,megane 2,2004.0,diesel,400000,manual,5cv,1500,hatchback,good,standard,5 seats,4 doors,used,16000.0,2026-03,5.0,4.0,1500.0,400000.0,22.0,18181.81818181818,4,megane 2
renault,megane 2,2006.0,gasoline,230000,manual,6cv,1400,hatchback,good,standard,5 seats,4 doors,used,24000.0,2026-03,5.0,4.0,1400.0,230000.0,20.0,11500.0,4,megane 2
renault,megane 3,2009.0,diesel,250000,manual,5cv,1500,hatchback,good,standard,5 seats,4 doors,used,27000.0,2026-03,5.0,4.0,1500.0,250000.0,17.0,14705.882352941177,4,megane 3
renault,megane 3,2012.0,gasoline,200000,manual,6cv,1400,hatchback,good,standard,5 seats,4 doors,used,33000.0,2026-03,5.0,4.0,1400.0,200000.0,14.0,14285.714285714286,3,megane 3
renault,megane 4,2020.0,gasoline,105000,manual,7cv,1200,hatchback,good,standard,5 seats,4 doors,used,45000.0,2026-03,5.0,4.0,1200.0,105000.0,6.0,17500.0,2,megane 4
renault,megane 4,2019.0,gasoline,125000,manual,7cv,1200,sedan,good,standard,5 seats,4 doors,used,49000.0,2026-03,5.0,4.0,1200.0,125000.0,7.0,17857.14285714286,2,megane 4
renault,megane 3,2012.0,diesel,unknown,manual,5cv,1500,hatchback,good,standard,5 seats,4 doors,used,34000.0,2026-03,5.0,4.0,1500.0,,14.0,,3,megane 3
renault,megane 2,2003.0,gasoline,370000,manual,7cv,1600,hatchback,good,standard,5 seats,4 doors,used,15000.0,2026-03,5.0,4.0,1600.0,370000.0,23.0,16086.95652173913,4,megane 2
renault,megane 2,2006.0,diesel,400000,manual,5cv,1500,hatchback,good,standard,5 seats,4 doors,used,16000.0,2026-03,5.0,4.0,1500.0,400000.0,20.0,20000.0,4,megane 2
renault,megane 3,2010.0,diesel,200000,manual,5cv,1500,hatchback,good,standard,5 seats,4 doors,used,28000.0,2026-03,5.0,4.0,1500.0,200000.0,16.0,12500.0,4,megane 3
renault,megane 2,2009.0,diesel,200000,manual,5cv,1500,sedan,good,standard,5 seats,4 doors,used,20000.0,2026-03,5.0,4.0,1500.0,200000.0,17.0,11764.70588235294,4,megane 2
renault,megane 4,2021.0,gasoline,145000,manual,7cv,1200,sedan,good,standard,5 seats,4 doors,used,46000.0,2026-03,5.0,4.0,1200.0,145000.0,5.0,29000.0,2,megane 4
renault,megane 4,2017.0,diesel,250000,manual,5cv,1500,hatchback,good,standard,5 seats,4 doors,used,41000.0,2026-03,5.0,4.0,1500.0,250000.0,9.0,27777.777777777777,3,megane 4
renault,megane 3,2012.0,diesel,240000,manual,5cv,1500,hatchback,good,standard,5 seats,4 doors,used,33000.0,2026-03,5.0,4.0,1500.0,240000.0,14.0,17142.85714285714,3,megane 3
renault,megane 4,2019.0,gasoline,58000,manual,7cv,1200,sedan,good,standard,5 seats,4 doors,used,50000.0,2026-03,5.0,4.0,1200.0,58000.0,7.0,8285.714285714286,2,megane 4
renault,megane 1,1999.0,gasoline,unknown,manual,4cv,unknown,hatchback,good,standard,5 seats,4 doors,used,14000.0,2026-03,5.0,4.0,,,27.0,,4,renault_hatchback
renault,scenic,2006.0,diesel,unknown,automatic,5cv,unknown,mpv,good,standard,5 seats,4 doors,used,17000.0,2026-03,5.0,4.0,,,20.0,,4,scenic
renault,megane 2,2004.0,gasoline,unknown,manual,7cv,1600,hatchback,good,standard,5 seats,4 doors,used,18000.0,2026-03,5.0,4.0,1600.0,,22.0,,4,megane 2
renault,megane 4,2021.0,gasoline,56000,automatic,7cv,1200,hatchback,good,standard,5 seats,4 doors,used,53000.0,2026-03,5.0,4.0,1200.0,56000.0,5.0,11200.0,2,megane 4
renault,megane 3,2010.0,diesel,unknown,manual,6cv,1500,hatchback,good,standard,5 seats,4 doors,used,28000.0,2026-03,5.0,4.0,1500.0,,16.0,,4,megane 3
renault,megane 3,2005.0,diesel,unknown,manual,7cv,1900,wagon,good,standard,5 seats,4 doors,used,18000.0,2026-03,5.0,4.0,1900.0,,21.0,,4,megane 3
renault,megane 1,1997.0,diesel,unknown,manual,7cv,1900,hatchback,good,standard,5 seats,4 doors,used,12000.0,2026-03,5.0,4.0,1900.0,,29.0,,4,renault_hatchback
renault,megane 2,2006.0,diesel,unknown,manual,5cv,1500,hatchback,good,standard,5 seats,4 doors,used,20000.0,2026-03,5.0,4.0,1500.0,,20.0,,4,megane 2
renault,clio 5,2022.0,hybrid,35000,automatic,5cv,1500,hatchback,good,standard,5 seats,4 doors,used,57000.0,2026-03,5.0,4.0,1500.0,35000.0,4.0,8750.0,2,clio 5
renault,captur,2017.0,diesel,230000,manual,5cv,1500,crossover,good,standard,5 seats,4 doors,used,42000.0,2026-03,5.0,4.0,1500.0,230000.0,9.0,25555.555555555555,3,captur
renault,captur,2018.0,diesel,177000,manual,5cv,1500,crossover,good,standard,5 seats,4 doors,used,37000.0,2026-03,5.0,4.0,1500.0,177000.0,8.0,22125.0,2,captur
renault,kwid,2022.0,gasoline,29000,manual,4cv,1000,crossover,good,standard,5 seats,4 doors,used,34000.0,2026-03,5.0,4.0,1000.0,29000.0,4.0,7250.0,2,kwid
renault,kwid,2022.0,gasoline,64000,manual,4cv,1000,crossover,good,standard,5 seats,4 doors,used,33000.0,2026-03,5.0,4.0,1000.0,64000.0,4.0,16000.0,2,kwid
renault,fluence,2011.0,diesel,335000,manual,5cv,1500,sedan,good,standard,5 seats,4 doors,used,25000.0,2026-03,5.0,4.0,1500.0,335000.0,15.0,22333.33333333333,3,fluence
renault,kadjar,2019.0,gasoline,280000,manual,7cv,1400,crossover,good,standard,5 seats,4 doors,used,37000.0,2026-03,5.0,4.0,1400.0,280000.0,7.0,40000.0,2,kadjar
renault,kwid,2023.0,gasoline,31000,manual,4cv,1000,crossover,good,standard,5 seats,4 doors,used,33000.0,2026-03,5.0,4.0,1000.0,31000.0,3.0,10333.333333333334,1,kwid
renault,express,2024.0,diesel,60000,manual,5cv,1500,light commercial,good,standard,5 seats,4 doors,used,40000.0,2026-03,5.0,4.0,1500.0,60000.0,2.0,30000.0,1,express
renault,megane 4,2019.0,diesel,150000,manual,5cv,1500,hatchback,good,standard,5 seats,4 doors,used,43000.0,2026-03,5.0,4.0,1500.0,150000.0,7.0,21428.571428571428,2,megane 4
renault,fluence,2012.0,gasoline,215000,automatic,7cv,1400,sedan,good,standard,5 seats,4 doors,used,22000.0,2026-03,5.0,4.0,1400.0,215000.0,14.0,15357.142857142857,3,fluence
renault,megane 3,2009.0,diesel,320000,manual,5cv,1500,hatchback,good,standard,5 seats,4 doors,used,26000.0,2026-03,5.0,4.0,1500.0,320000.0,17.0,18823.529411764703,4,megane 3
renault,master,2015.0,diesel,260000,manual,8cv,unknown,heavy commercial,good,standard,5 seats,4 doors,used,33000.0,2026-03,5.0,4.0,,260000.0,11.0,23636.36363636364,3,renault_heavy commercial
renault,r19,1992.0,diesel,unknown,manual,6cv,unknown,sedan,good,standard,5 seats,4 doors,used,9000.0,2026-03,5.0,4.0,,,34.0,,4,renault_sedan
renault,fluence,2014.0,gasoline,105000,manual,7cv,1500,sedan,good,standard,5 seats,4 doors,used,36000.0,2026-03,5.0,4.0,1500.0,105000.0,12.0,8750.0,3,fluence
renault,captur,2016.0,gasoline,212000,automatic,5cv,1200,crossover,good,standard,5 seats,4 doors,used,37000.0,2026-03,5.0,4.0,1200.0,212000.0,10.0,21200.0,3,captur
renault,kadjar,2015.0,diesel,150000,manual,5cv,1500,suv 4x2,good,standard,5 seats,4 doors,used,53000.0,2026-03,5.0,4.0,1500.0,150000.0,11.0,13636.363636363636,3,kadjar
renault,captur,2017.0,gasoline,87000,automatic,6cv,1200,crossover,good,standard,5 seats,4 doors,used,45000.0,2026-03,5.0,4.0,1200.0,87000.0,9.0,9666.666666666666,3,captur
renault,laguna,2006.0,diesel,400000,manual,7cv,1900,sedan,good,standard,5 seats,4 doors,used,12000.0,2026-03,5.0,4.0,1900.0,400000.0,20.0,20000.0,4,laguna
renault,master,2014.0,diesel,260000,manual,8cv,2300,heavy commercial,good,standard,5 seats,4 doors,used,40000.0,2026-03,5.0,4.0,2300.0,260000.0,12.0,21666.666666666668,3,renault_heavy commercial
renault,express,2025.0,diesel,20000,manual,5cv,1500,light commercial,good,standard,5 seats,4 doors,used,48000.0,2026-03,5.0,4.0,1500.0,20000.0,1.0,20000.0,1,express
renault,clio 3,2012.0,diesel,201000,manual,5cv,1500,wagon,good,standard,5 seats,4 doors,used,27000.0,2026-03,5.0,4.0,1500.0,201000.0,14.0,14357.142857142857,3,clio 3
renault,captur,2020.0,hybrid,12000,automatic,6cv,1600,crossover,good,standard,5 seats,4 doors,used,70000.0,2026-03,5.0,4.0,1600.0,12000.0,6.0,2000.0,2,captur
renault,kadjar,2018.0,gasoline,130000,automatic,7cv,1300,suv 4x2,good,standard,5 seats,4 doors,used,53000.0,2026-03,5.0,4.0,1300.0,130000.0,8.0,16250.0,2,kadjar
renault,megane 4,2021.0,diesel,202000,manual,5cv,1500,hatchback,good,standard,5 seats,4 doors,used,50000.0,2026-03,5.0,4.0,1500.0,202000.0,5.0,40400.0,2,megane 4
renault,trafic,1997.0,diesel,unknown,manual,unknown,unknown,heavy commercial,good,standard,5 seats,4 doors,used,5000.0,2026-03,5.0,4.0,,,29.0,,4,trafic
renault,express,2024.0,diesel,11000,manual,5cv,1500,light commercial,good,standard,5 seats,4 doors,used,53000.0,2026-03,5.0,4.0,1500.0,11000.0,2.0,5500.0,1,express
renault,express,1995.0,diesel,unknown,manual,7cv,1900,light commercial,good,standard,5 seats,4 doors,used,4500.0,2026-03,5.0,4.0,1900.0,,31.0,,4,express
renault,kadjar,2018.0,gasoline,145000,manual,7cv,1400,suv 4x2,good,standard,5 seats,4 doors,used,50000.0,2026-03,5.0,4.0,1400.0,145000.0,8.0,18125.0,2,kadjar
renault,kangoo,2001.0,diesel,unknown,manual,7cv,1900,light commercial,good,standard,5 seats,4 doors,used,10000.0,2026-03,5.0,4.0,1900.0,,25.0,,4,kangoo
renault,kangoo,2020.0,diesel,unknown,manual,6cv,1500,mpv,good,standard,5 seats,4 doors,used,63000.0,2026-03,5.0,4.0,1500.0,,6.0,,2,kangoo
renault,r19,1999.0,gasoline,unknown,manual,6cv,1400,sedan,good,standard,5 seats,4 doors,used,10000.0,2026-03,5.0,4.0,1400.0,,27.0,,4,renault_sedan
renault,r19,1990.0,gasoline,unknown,manual,5cv,1400,sedan,good,standard,5 seats,4 doors,used,8000.0,2026-03,5.0,4.0,1400.0,,36.0,,4,renault_sedan
renault,trafic,2021.0,diesel,170000,manual,8cv,2000,heavy commercial,good,standard,5 seats,4 doors,used,50000.0,2026-03,5.0,4.0,2000.0,170000.0,5.0,34000.0,2,trafic
renault,super 5,1996.0,gasoline,unknown,manual,4cv,1100,hatchback,good,standard,5 seats,4 doors,used,5000.0,2026-03,5.0,4.0,1100.0,,30.0,,4,super 5
renault,megane 4,2021.0,diesel,140000,manual,6cv,1600,hatchback,good,standard,5 seats,4 doors,used,58000.0,2026-03,5.0,4.0,1600.0,140000.0,5.0,28000.0,2,megane 4
renault,captur,2020.0,gasoline,25000,manual,5cv,1000,crossover,good,standard,5 seats,4 doors,used,57000.0,2026-03,5.0,4.0,1000.0,25000.0,6.0,4166.666666666667,2,captur
renault,megane 2,2006.0,diesel,328000,manual,5cv,1500,hatchback,good,standard,5 seats,4 doors,used,24000.0,2026-03,5.0,4.0,1500.0,328000.0,20.0,16400.0,4,megane 2
renault,kadjar,2020.0,gasoline,190000,manual,6cv,1600,suv 4x2,good,standard,5 seats,4 doors,used,60000.0,2026-03,5.0,4.0,1600.0,190000.0,6.0,31666.666666666668,2,kadjar
renault,r9,1985.0,gasoline,unknown,manual,7cv,1600,sedan,good,standard,5 seats,4 doors,used,8000.0,2026-03,5.0,4.0,1600.0,,41.0,,4,renault_sedan
renault,captur,2015.0,gasoline,187000,manual,6cv,1000,crossover,good,standard,5 seats,4 doors,used,35000.0,2026-03,5.0,4.0,1000.0,187000.0,11.0,17000.0,3,captur
renault,trafic,2001.0,diesel,unknown,manual,7cv,1400,heavy commercial,good,standard,5 seats,4 doors,used,10000.0,2026-03,5.0,4.0,1400.0,,25.0,,4,trafic
renault,trafic,2004.0,diesel,350000,manual,8cv,2000,heavy commercial,good,standard,5 seats,4 doors,used,13000.0,2026-03,5.0,4.0,2000.0,350000.0,22.0,15909.09090909091,4,trafic
renault,super 5,1990.0,gasoline,unknown,manual,4cv,1000,hatchback,good,standard,5 seats,4 doors,used,7000.0,2026-03,5.0,4.0,1000.0,,36.0,,4,super 5
renault,fluence,2012.0,gasoline,180000,automatic,7cv,1600,sedan,good,standard,5 seats,4 doors,used,22000.0,2026-03,5.0,4.0,1600.0,180000.0,14.0,12857.142857142857,3,fluence
renault,megane 4,2019.0,diesel,265000,automatic,5cv,1600,hatchback,good,standard,5 seats,4 doors,used,47000.0,2026-03,5.0,4.0,1600.0,265000.0,7.0,37857.142857142855,2,megane 4
renault,express,1988.0,gasoline,unknown,manual,6cv,1600,light commercial,good,standard,5 seats,4 doors,used,6000.0,2026-03,5.0,4.0,1600.0,,38.0,,4,express
renault,scenic,2005.0,diesel,unknown,manual,6cv,1500,mpv,good,standard,5 seats,4 doors,used,20000.0,2026-03,5.0,4.0,1500.0,,21.0,,4,scenic
renault,r21,1988.0,diesel,unknown,manual,6cv,1500,wagon,good,standard,5 seats,4 doors,used,9000.0,2026-03,5.0,4.0,1500.0,,38.0,,4,renault_wagon
renault,laguna,2010.0,gasoline,130000,manual,7cv,1600,sedan,good,standard,5 seats,4 doors,used,30000.0,2026-03,5.0,4.0,1600.0,130000.0,16.0,8125.0,4,laguna
renault,clio 5,2021.0,diesel,95000,manual,4cv,1500,hatchback,good,standard,5 seats,4 doors,used,50000.0,2026-03,5.0,4.0,1500.0,95000.0,5.0,19000.0,2,clio 5
renault,captur,2017.0,diesel,200000,manual,5cv,1500,crossover,good,standard,5 seats,4 doors,used,43000.0,2026-03,5.0,4.0,1500.0,200000.0,9.0,22222.222222222223,3,captur
renault,230,1990.0,diesel,unknown,automatic,unknown,unknown,heavy commercial,good,standard,5 seats,4 doors,used,45000.0,2026-03,5.0,4.0,,,36.0,,4,renault_heavy commercial
renault,kangoo,2019.0,gasoline,230000,manual,7cv,1200,light commercial,good,standard,5 seats,4 doors,used,28000.0,2026-03,5.0,4.0,1200.0,230000.0,7.0,32857.142857142855,2,kangoo
renault,trafic,2019.0,diesel,116000,manual,7cv,1900,heavy commercial,good,standard,5 seats,4 doors,used,65000.0,2026-03,5.0,4.0,1900.0,116000.0,7.0,16571.428571428572,2,trafic
renault,trafic,2017.0,diesel,360000,automatic,7cv,2000,heavy commercial,good,standard,5 seats,4 doors,used,33000.0,2026-03,5.0,4.0,2000.0,360000.0,9.0,40000.0,3,trafic
renault,r4,1972.0,gasoline,unknown,manual,5cv,1000,hatchback,good,standard,5 seats,4 doors,used,6000.0,2026-03,5.0,4.0,1000.0,,54.0,,4,r4
renault,express,1999.0,diesel,unknown,manual,7cv,1900,light commercial,good,standard,5 seats,4 doors,used,7000.0,2026-03,5.0,4.0,1900.0,,27.0,,4,express
renault,fluence,2012.0,gasoline,287000,manual,7cv,1600,sedan,good,standard,5 seats,4 doors,used,24000.0,2026-03,5.0,4.0,1600.0,287000.0,14.0,20500.0,3,fluence
renault,r4,1970.0,gasoline,unknown,manual,5cv,1000,hatchback,good,standard,5 seats,4 doors,used,6000.0,2026-03,5.0,4.0,1000.0,,56.0,,4,r4
renault,express,1993.0,gasoline,unknown,manual,7cv,1600,light commercial,good,standard,5 seats,4 doors,used,8000.0,2026-03,5.0,4.0,1600.0,,33.0,,4,express
renault,r21,1995.0,gasoline,unknown,manual,7cv,1600,sedan,good,standard,5 seats,4 doors,used,6000.0,2026-03,5.0,4.0,1600.0,,31.0,,4,renault_sedan
renault,express,1994.0,gasoline,unknown,manual,7cv,1900,light commercial,good,standard,5 seats,4 doors,used,5500.0,2026-03,5.0,4.0,1900.0,,32.0,,4,express
renault,express,1998.0,gasoline,unknown,manual,7cv,1900,light commercial,good,standard,5 seats,4 doors,used,7000.0,2026-03,5.0,4.0,1900.0,,28.0,,4,express
renault,r4,1988.0,gasoline,unknown,manual,5cv,1000,light commercial,good,standard,5 seats,4 doors,used,5000.0,2026-03,5.0,4.0,1000.0,,38.0,,4,r4
renault,kangoo,2001.0,diesel,unknown,manual,7cv,1900,light commercial,good,standard,5 seats,4 doors,used,12000.0,2026-03,5.0,4.0,1900.0,,25.0,,4,kangoo
renault,kangoo,2006.0,gasoline,unknown,manual,6cv,1600,light commercial,good,standard,5 seats,4 doors,used,16000.0,2026-03,5.0,4.0,1600.0,,20.0,,4,kangoo
renault,kangoo,2010.0,diesel,unknown,manual,5cv,1500,light commercial,good,standard,5 seats,4 doors,used,20000.0,2026-03,5.0,4.0,1500.0,,16.0,,4,kangoo
renault,kangoo,2008.0,diesel,unknown,manual,7cv,1900,mpv,good,standard,5 seats,4 doors,used,16000.0,2026-03,5.0,4.0,1900.0,,18.0,,4,kangoo
renault,scenic,2008.0,diesel,unknown,manual,unknown,unknown,mpv,good,standard,5 seats,4 doors,used,24000.0,2026-03,5.0,4.0,,,18.0,,4,scenic
renault,clio 1,1993.0,gasoline,unknown,manual,4cv,1000,hatchback,good,standard,5 seats,4 doors,used,8000.0,2026-03,5.0,4.0,1000.0,,33.0,,4,clio 1
renault,super 5,1990.0,gasoline,unknown,manual,4cv,1000,hatchback,good,standard,5 seats,4 doors,used,4000.0,2026-03,5.0,4.0,1000.0,,36.0,,4,super 5
renault,master,2005.0,diesel,unknown,manual,unknown,unknown,heavy commercial,good,standard,5 seats,4 doors,used,30000.0,2026-03,5.0,4.0,,,21.0,,4,renault_heavy commercial
renault,laguna,2000.0,gasoline,unknown,manual,unknown,unknown,wagon,good,standard,5 seats,4 doors,used,15000.0,2026-03,5.0,4.0,,,26.0,,4,laguna
renault,trafic,2006.0,diesel,unknown,manual,8cv,2000,heavy commercial,good,standard,5 seats,4 doors,used,17000.0,2026-03,5.0,4.0,2000.0,,20.0,,4,trafic
renault,trafic,2010.0,diesel,unknown,manual,8cv,2000,heavy commercial,good,standard,5 seats,4 doors,used,20000.0,2026-03,5.0,4.0,2000.0,,16.0,,4,trafic
renault,express,2000.0,diesel,unknown,manual,unknown,unknown,light commercial,good,standard,5 seats,4 doors,used,9000.0,2026-03,5.0,4.0,,,26.0,,4,express
renault,r9,1994.0,gasoline,unknown,manual,unknown,unknown,sedan,good,standard,5 seats,4 doors,used,5000.0,2026-03,5.0,4.0,,,32.0,,4,renault_sedan
renault,kangoo,1998.0,gasoline,220000,manual,7cv,1600,mpv,good,standard,5 seats,4 doors,used,20000.0,2026-03,5.0,4.0,1600.0,220000.0,28.0,7857.142857142857,4,kangoo
renault,twingo,2001.0,gasoline,unknown,manual,5cv,1200,hatchback,good,standard,5 seats,4 doors,used,10000.0,2026-03,5.0,4.0,1200.0,,25.0,,4,renault_hatchback
renault,kangoo,2004.0,gasoline,210000,manual,5cv,1200,mpv,good,standard,5 seats,4 doors,used,25000.0,2026-03,5.0,4.0,1200.0,210000.0,22.0,9545.454545454546,4,kangoo
renault,express,2022.0,diesel,60000,manual,6cv,1500,light commercial,good,standard,5 seats,4 doors,used,48000.0,2026-03,5.0,4.0,1500.0,60000.0,4.0,15000.0,2,express
renault,laguna,2000.0,gasoline,unknown,manual,unknown,unknown,sedan,good,standard,5 seats,4 doors,used,20000.0,2026-03,5.0,4.0,,,26.0,,4,laguna
renault,r5,1986.0,gasoline,unknown,manual,4cv,1000,hatchback,good,standard,5 seats,4 doors,used,5000.0,2026-03,5.0,4.0,1000.0,,40.0,,4,renault_hatchback
renault,trafic,2022.0,diesel,60000,manual,8cv,2000,heavy commercial,good,standard,5 seats,4 doors,used,67000.0,2026-03,5.0,4.0,2000.0,60000.0,4.0,15000.0,2,trafic
renault,super 5,1994.0,gasoline,unknown,manual,4cv,1000,hatchback,good,standard,5 seats,4 doors,used,3500.0,2026-03,5.0,4.0,1000.0,,32.0,,4,super 5
renault,r4,1988.0,gasoline,unknown,manual,4cv,1000,hatchback,good,standard,5 seats,4 doors,used,3000.0,2026-03,5.0,4.0,1000.0,,38.0,,4,r4
renault,kangoo,2004.0,diesel,unknown,manual,5cv,1500,light commercial,good,standard,5 seats,4 doors,used,12000.0,2026-03,5.0,4.0,1500.0,,22.0,,4,kangoo
renault,scenic,2004.0,gasoline,unknown,manual,7cv,1600,mpv,good,standard,5 seats,4 doors,used,18000.0,2026-03,5.0,4.0,1600.0,,22.0,,4,scenic
renault,kangoo,2022.0,diesel,94000,manual,5cv,1500,light commercial,good,standard,5 seats,4 doors,used,56000.0,2026-03,5.0,4.0,1500.0,94000.0,4.0,23500.0,2,kangoo
renault,kangoo,2000.0,diesel,unknown,manual,unknown,unknown,light commercial,good,standard,5 seats,4 doors,used,13000.0,2026-03,5.0,4.0,,,26.0,,4,kangoo
renault,kangoo,2006.0,diesel,unknown,manual,7cv,1900,light commercial,good,standard,5 seats,4 doors,used,15000.0,2026-03,5.0,4.0,1900.0,,20.0,,4,kangoo
renault,kangoo,2004.0,diesel,unknown,manual,7cv,1900,light commercial,good,standard,5 seats,4 doors,used,16000.0,2026-03,5.0,4.0,1900.0,,22.0,,4,kangoo
renault,scenic 3,2015.0,diesel,unknown,manual,5cv,1500,mpv,good,standard,5 seats,4 doors,used,23000.0,2026-03,5.0,4.0,1500.0,,11.0,,3,renault_mpv
renault,scenic 2,2008.0,diesel,270000,manual,7cv,2000,mpv,good,standard,5 seats,4 doors,used,24000.0,2026-03,5.0,4.0,2000.0,270000.0,18.0,15000.0,4,renault_mpv
renault,scenic 3,2015.0,diesel,235000,manual,5cv,1500,mpv,good,standard,5 seats,4 doors,used,36000.0,2026-03,5.0,4.0,1500.0,235000.0,11.0,21363.636363636364,3,renault_mpv
renault,scenic 3,2009.0,diesel,200000,manual,6cv,1500,mpv,good,standard,5 seats,4 doors,used,32000.0,2026-03,5.0,4.0,1500.0,200000.0,17.0,11764.70588235294,4,renault_mpv
renault,megane 4,2021.0,diesel,126000,manual,6cv,1500,hatchback,good,standard,5 seats,4 doors,used,55000.0,2026-03,5.0,4.0,1500.0,126000.0,5.0,25200.0,2,megane 4
renault,megane 4,2020.0,diesel,unknown,manual,5cv,1500,hatchback,good,standard,5 seats,4 doors,used,53000.0,2026-03,5.0,4.0,1500.0,,6.0,,2,megane 4
renault,espace,2009.0,diesel,unknown,manual,7cv,2000,mpv,good,standard,5 seats,4 doors,used,27000.0,2026-03,5.0,4.0,2000.0,,17.0,,4,renault_mpv
renault,trafic,2018.0,diesel,270000,manual,7cv,2000,mpv,good,standard,5 seats,4 doors,used,45000.0,2026-03,5.0,4.0,2000.0,270000.0,8.0,33750.0,2,trafic
volkswagen,polo 8,2022.0,gasoline,140000,manual,5cv,1000,hatchback,good,standard,5 seats,4 doors,used,45000.0,2026-03,5.0,4.0,1000.0,140000.0,4.0,35000.0,2,polo 8
volkswagen,polo 7,2010.0,gasoline,270000,manual,4cv,1000,hatchback,good,standard,5 seats,4 doors,used,25000.0,2026-03,5.0,4.0,1000.0,270000.0,16.0,16875.0,4,polo 7
volkswagen,polo 6,2008.0,gasoline,344000,manual,5cv,1200,hatchback,good,standard,5 seats,4 doors,used,21000.0,2026-03,5.0,4.0,1200.0,344000.0,18.0,19111.11111111111,4,polo 6
volkswagen,polo 7,2010.0,gasoline,210000,manual,5cv,1200,hatchback,good,standard,5 seats,4 doors,used,25000.0,2026-03,5.0,4.0,1200.0,210000.0,16.0,13125.0,4,polo 7
volkswagen,polo,2022.0,gasoline,127000,manual,5cv,1400,sedan,good,standard,5 seats,4 doors,used,39000.0,2026-03,5.0,4.0,1400.0,127000.0,4.0,31750.0,2,polo
volkswagen,polo 8,2021.0,gasoline,124000,manual,4cv,1000,hatchback,good,standard,5 seats,4 doors,used,39000.0,2026-03,5.0,4.0,1000.0,124000.0,5.0,24800.0,2,polo 8
volkswagen,polo,2018.0,gasoline,217000,manual,5cv,1400,sedan,good,standard,5 seats,4 doors,used,36000.0,2026-03,5.0,4.0,1400.0,217000.0,8.0,27125.0,2,polo
volkswagen,polo 8,2020.0,gasoline,92000,manual,4cv,1000,hatchback,good,standard,5 seats,4 doors,used,48000.0,2026-03,5.0,4.0,1000.0,92000.0,6.0,15333.333333333334,2,polo 8
volkswagen,polo 7,2010.0,gasoline,215000,manual,5cv,1200,hatchback,good,standard,5 seats,4 doors,used,29000.0,2026-03,5.0,4.0,1200.0,215000.0,16.0,13437.5,4,polo 7
volkswagen,polo 8,2022.0,gasoline,130000,manual,4cv,1000,hatchback,good,r line,5 seats,4 doors,used,53000.0,2026-03,5.0,4.0,1000.0,130000.0,4.0,32500.0,2,polo 8
volkswagen,polo 6,2008.0,gasoline,200000,manual,4cv,1000,hatchback,good,standard,5 seats,4 doors,used,23000.0,2026-03,5.0,4.0,1000.0,200000.0,18.0,11111.111111111111,4,polo 6
volkswagen,polo,2022.0,gasoline,80000,manual,5cv,1400,sedan,good,standard,5 seats,4 doors,used,50000.0,2026-03,5.0,4.0,1400.0,80000.0,4.0,20000.0,2,polo
volkswagen,polo 8,2020.0,gasoline,95000,manual,4cv,1000,hatchback,good,standard,5 seats,4 doors,used,51000.0,2026-03,5.0,4.0,1000.0,95000.0,6.0,15833.333333333334,2,polo 8
volkswagen,polo 6,2007.0,gasoline,170000,manual,4cv,1200,hatchback,good,standard,5 seats,4 doors,used,24000.0,2026-03,5.0,4.0,1200.0,170000.0,19.0,8947.368421052632,4,polo 6
volkswagen,polo 7,2013.0,gasoline,195000,automatic,5cv,1400,hatchback,good,standard,5 seats,4 doors,used,28000.0,2026-03,5.0,4.0,1400.0,195000.0,13.0,15000.0,3,polo 7
volkswagen,polo,2019.0,gasoline,226000,manual,5cv,1400,sedan,good,standard,5 seats,4 doors,used,38000.0,2026-03,5.0,4.0,1400.0,226000.0,7.0,32285.714285714286,2,polo
volkswagen,polo 7,2013.0,gasoline,198000,automatic,5cv,1400,hatchback,good,standard,5 seats,4 doors,used,30000.0,2026-03,5.0,4.0,1400.0,198000.0,13.0,15230.76923076923,3,polo 7
volkswagen,polo,2002.0,diesel,unknown,manual,5cv,1400,sedan,good,standard,5 seats,4 doors,used,10000.0,2026-03,5.0,4.0,1400.0,,24.0,,4,polo
volkswagen,polo 4,2000.0,gasoline,unknown,manual,4cv,1000,hatchback,good,standard,5 seats,4 doors,used,14000.0,2026-03,5.0,4.0,1000.0,,26.0,,4,volkswagen_hatchback
volkswagen,polo,2023.0,gasoline,140000,manual,5cv,1200,sedan,good,standard,5 seats,4 doors,used,41000.0,2026-03,5.0,4.0,1200.0,140000.0,3.0,46666.66666666666,1,polo
volkswagen,polo 6,2007.0,diesel,unknown,manual,5cv,1400,hatchback,good,standard,5 seats,4 doors,used,16000.0,2026-03,5.0,4.0,1400.0,,19.0,,4,polo 6
volkswagen,polo 6,2009.0,diesel,unknown,manual,5cv,1400,hatchback,good,standard,5 seats,4 doors,used,17000.0,2026-03,5.0,4.0,1400.0,,17.0,,4,polo 6
volkswagen,polo 3,1997.0,gasoline,unknown,manual,4cv,1000,hatchback,good,standard,5 seats,4 doors,used,11000.0,2026-03,5.0,4.0,1000.0,,29.0,,4,volkswagen_hatchback
volkswagen,polo 3,1999.0,gasoline,unknown,manual,4cv,1000,hatchback,good,standard,5 seats,4 doors,used,12000.0,2026-03,5.0,4.0,1000.0,,27.0,,4,volkswagen_hatchback
volkswagen,polo 4,2000.0,gasoline,unknown,manual,4cv,1000,hatchback,good,standard,5 seats,4 doors,used,12000.0,2026-03,5.0,4.0,1000.0,,26.0,,4,volkswagen_hatchback
volkswagen,polo,2016.0,gasoline,223000,manual,5cv,1400,sedan,good,standard,5 seats,4 doors,used,34000.0,2026-03,5.0,4.0,1400.0,223000.0,10.0,22300.0,3,polo
volkswagen,polo 8,2022.0,gasoline,130000,manual,4cv,1000,hatchback,good,r line,5 seats,4 doors,used,56000.0,2026-03,5.0,4.0,1000.0,130000.0,4.0,32500.0,2,polo 8
volkswagen,polo 5,2003.0,gasoline,unknown,manual,4cv,1200,hatchback,good,standard,5 seats,4 doors,used,13500.0,2026-03,5.0,4.0,1200.0,,23.0,,4,polo 5
volkswagen,polo 7,2011.0,diesel,unknown,manual,5cv,1400,hatchback,good,standard,5 seats,4 doors,used,19000.0,2026-03,5.0,4.0,1400.0,,15.0,,3,polo 7
volkswagen,polo,2016.0,gasoline,170000,manual,5cv,1400,sedan,good,standard,5 seats,4 doors,used,35000.0,2026-03,5.0,4.0,1400.0,170000.0,10.0,17000.0,3,polo
volkswagen,polo,2022.0,gasoline,110000,manual,5cv,1400,sedan,good,standard,5 seats,4 doors,used,45500.0,2026-03,5.0,4.0,1400.0,110000.0,4.0,27500.0,2,polo
volkswagen,polo,2021.0,gasoline,225000,manual,5cv,1400,sedan,good,standard,5 seats,4 doors,used,42000.0,2026-03,5.0,4.0,1400.0,225000.0,5.0,45000.0,2,polo
volkswagen,polo 7,2012.0,gasoline,213000,manual,5cv,1200,hatchback,good,standard,5 seats,4 doors,used,28000.0,2026-03,5.0,4.0,1200.0,213000.0,14.0,15214.285714285714,3,polo 7
volkswagen,polo 7,2011.0,gasoline,158000,manual,4cv,1000,hatchback,good,standard,5 seats,4 doors,used,30000.0,2026-03,5.0,4.0,1000.0,158000.0,15.0,10533.333333333334,3,polo 7
volkswagen,polo 7,2014.0,gasoline,250000,manual,5cv,1200,hatchback,good,standard,5 seats,4 doors,used,25000.0,2026-03,5.0,4.0,1200.0,250000.0,12.0,20833.33333333333,3,polo 7
volkswagen,polo,2017.0,gasoline,270000,manual,5cv,1400,sedan,good,standard,5 seats,4 doors,used,31000.0,2026-03,5.0,4.0,1400.0,270000.0,9.0,30000.0,3,polo
volkswagen,polo,2023.0,gasoline,95000,manual,5cv,1400,sedan,good,standard,5 seats,4 doors,used,47000.0,2026-03,5.0,4.0,1400.0,95000.0,3.0,31666.666666666668,1,polo
volkswagen,polo 7,2016.0,gasoline,215000,manual,4cv,1000,hatchback,good,standard,5 seats,4 doors,used,33000.0,2026-03,5.0,4.0,1000.0,215000.0,10.0,21500.0,3,polo 7
volkswagen,polo 8,2021.0,gasoline,70000,manual,4cv,1000,hatchback,good,standard,5 seats,4 doors,used,50000.0,2026-03,5.0,4.0,1000.0,70000.0,5.0,14000.0,2,polo 8
volkswagen,polo 6,2006.0,gasoline,280000,manual,4cv,1000,hatchback,good,standard,5 seats,4 doors,used,22000.0,2026-03,5.0,4.0,1000.0,280000.0,20.0,14000.0,4,polo 6
volkswagen,polo 8,2020.0,gasoline,180000,manual,4cv,1000,hatchback,good,standard,5 seats,4 doors,used,35000.0,2026-03,5.0,4.0,1000.0,180000.0,6.0,30000.0,2,polo 8
volkswagen,polo 7,2015.0,gasoline,160000,manual,5cv,1400,hatchback,good,standard,5 seats,4 doors,used,35000.0,2026-03,5.0,4.0,1400.0,160000.0,11.0,14545.454545454546,3,polo 7
volkswagen,polo 5,2005.0,gasoline,228000,manual,5cv,1200,hatchback,good,standard,5 seats,4 doors,used,19000.0,2026-03,5.0,4.0,1200.0,228000.0,21.0,10857.142857142857,4,polo 5
volkswagen,polo 8,2018.0,gasoline,142000,manual,4cv,1000,hatchback,good,standard,5 seats,4 doors,used,41000.0,2026-03,5.0,4.0,1000.0,142000.0,8.0,17750.0,2,polo 8
volkswagen,polo 6,2010.0,diesel,unknown,manual,5cv,1400,hatchback,good,standard,5 seats,4 doors,used,17000.0,2026-03,5.0,4.0,1400.0,,16.0,,4,polo 6
volkswagen,polo 8,2020.0,gasoline,160000,manual,4cv,1000,hatchback,good,standard,5 seats,4 doors,used,44000.0,2026-03,5.0,4.0,1000.0,160000.0,6.0,26666.666666666668,2,polo 8
volkswagen,polo,2013.0,gasoline,110000,manual,5cv,1400,sedan,good,standard,5 seats,4 doors,used,32000.0,2026-03,5.0,4.0,1400.0,110000.0,13.0,8461.538461538461,3,polo
volkswagen,polo 8,2021.0,gasoline,109000,manual,4cv,1000,hatchback,good,standard,5 seats,4 doors,used,44000.0,2026-03,5.0,4.0,1000.0,109000.0,5.0,21800.0,2,polo 8
volkswagen,polo,2013.0,gasoline,200000,manual,5cv,1400,sedan,good,standard,5 seats,4 doors,used,29000.0,2026-03,5.0,4.0,1400.0,200000.0,13.0,15384.615384615385,3,polo
volkswagen,polo,2000.0,gasoline,280000,manual,5cv,1400,sedan,good,standard,5 seats,4 doors,used,14000.0,2026-03,5.0,4.0,1400.0,280000.0,26.0,10769.23076923077,4,polo
volkswagen,polo 8,2018.0,gasoline,250000,manual,4cv,1000,hatchback,good,standard,5 seats,4 doors,used,34000.0,2026-03,5.0,4.0,1000.0,250000.0,8.0,31250.0,2,polo 8
volkswagen,polo 5,2003.0,gasoline,unknown,manual,5cv,1200,hatchback,good,standard,5 seats,4 doors,used,17000.0,2026-03,5.0,4.0,1200.0,,23.0,,4,polo 5
volkswagen,polo 6,2007.0,diesel,unknown,manual,5cv,1400,hatchback,good,standard,5 seats,4 doors,used,15000.0,2026-03,5.0,4.0,1400.0,,19.0,,4,polo 6
volkswagen,polo 6,2008.0,gasoline,150000,manual,4cv,1000,hatchback,good,standard,5 seats,4 doors,used,23000.0,2026-03,5.0,4.0,1000.0,150000.0,18.0,8333.333333333334,4,polo 6
volkswagen,polo 5,2007.0,gasoline,unknown,manual,5cv,1200,hatchback,good,standard,5 seats,4 doors,used,17000.0,2026-03,5.0,4.0,1200.0,,19.0,,4,polo 5
volkswagen,polo,2000.0,diesel,unknown,manual,5cv,1400,sedan,good,standard,5 seats,4 doors,used,10000.0,2026-03,5.0,4.0,1400.0,,26.0,,4,polo
volkswagen,polo fox,1992.0,gasoline,unknown,manual,6cv,1300,hatchback,good,standard,5 seats,4 doors,used,5000.0,2026-03,5.0,4.0,1300.0,,34.0,,4,volkswagen_hatchback
volkswagen,polo 8,2021.0,gasoline,40000,manual,4cv,1000,hatchback,good,r line,5 seats,4 doors,used,65000.0,2026-03,5.0,4.0,1000.0,40000.0,5.0,8000.0,2,polo 8
volkswagen,polo 8,2019.0,gasoline,120000,manual,4cv,1000,hatchback,good,standard,5 seats,4 doors,used,44000.0,2026-03,5.0,4.0,1000.0,120000.0,7.0,17142.85714285714,2,polo 8
volkswagen,polo 8,2023.0,gasoline,134000,manual,4cv,1000,hatchback,good,standard,5 seats,4 doors,used,60000.0,2026-03,5.0,4.0,1000.0,134000.0,3.0,44666.66666666666,1,polo 8
volkswagen,polo 8,2020.0,gasoline,156000,manual,4cv,1000,hatchback,good,standard,5 seats,4 doors,used,41000.0,2026-03,5.0,4.0,1000.0,156000.0,6.0,26000.0,2,polo 8
volkswagen,polo fox,1995.0,gasoline,unknown,manual,5cv,1000,hatchback,good,standard,5 seats,4 doors,used,7000.0,2026-03,5.0,4.0,1000.0,,31.0,,4,volkswagen_hatchback
volkswagen,polo 4,2000.0,gasoline,320000,manual,5cv,1400,hatchback,good,standard,5 seats,4 doors,used,14000.0,2026-03,5.0,4.0,1400.0,320000.0,26.0,12307.692307692309,4,volkswagen_hatchback
volkswagen,polo 8,2020.0,gasoline,95000,manual,4cv,1000,hatchback,good,standard,5 seats,4 doors,used,52000.0,2026-03,5.0,4.0,1000.0,95000.0,6.0,15833.333333333334,2,polo 8
volkswagen,virtus,2023.0,gasoline,94000,manual,6cv,1000,sedan,good,standard,5 seats,4 doors,used,52000.0,2026-03,5.0,4.0,1000.0,94000.0,3.0,31333.33333333333,1,volkswagen_sedan
volkswagen,t-cross,2022.0,gasoline,unknown,manual,6cv,1000,crossover,good,standard,5 seats,4 doors,used,70000.0,2026-03,5.0,4.0,1000.0,,4.0,,2,t-cross
volkswagen,t-cross,2021.0,gasoline,82000,automatic,5cv,1000,crossover,good,standard,5 seats,4 doors,used,80000.0,2026-03,5.0,4.0,1000.0,82000.0,5.0,16400.0,2,t-cross
volkswagen,t-cross,2023.0,gasoline,55000,manual,6cv,1000,crossover,good,standard,5 seats,4 doors,used,62000.0,2026-03,5.0,4.0,1000.0,55000.0,3.0,18333.33333333333,1,t-cross
volkswagen,t-cross,2024.0,gasoline,79000,manual,6cv,1000,crossover,good,standard,5 seats,4 doors,used,72000.0,2026-03,5.0,4.0,1000.0,79000.0,2.0,39500.0,1,t-cross
volkswagen,t-cross,2022.0,gasoline,39000,manual,6cv,1000,crossover,good,standard,5 seats,4 doors,used,70000.0,2026-03,5.0,4.0,1000.0,39000.0,4.0,9750.0,2,t-cross
volkswagen,t-cross,2021.0,gasoline,62000,manual,6cv,1000,crossover,good,standard,5 seats,4 doors,used,75000.0,2026-03,5.0,4.0,1000.0,62000.0,5.0,12400.0,2,t-cross
volkswagen,t-cross,2024.0,gasoline,50000,automatic,7cv,1000,crossover,good,standard,5 seats,4 doors,used,72000.0,2026-03,5.0,4.0,1000.0,50000.0,2.0,25000.0,1,t-cross
volkswagen,t-cross,2024.0,gasoline,16000,manual,6cv,1000,crossover,good,standard,5 seats,4 doors,used,73000.0,2026-03,5.0,4.0,1000.0,16000.0,2.0,8000.0,1,t-cross
volkswagen,t-cross,2020.0,gasoline,100000,manual,6cv,1000,crossover,good,standard,5 seats,4 doors,used,58000.0,2026-03,5.0,4.0,1000.0,100000.0,6.0,16666.666666666668,2,t-cross
volkswagen,t-roc,2021.0,gasoline,111000,manual,6cv,1000,crossover,good,standard,5 seats,4 doors,used,70500.0,2026-03,5.0,4.0,1000.0,111000.0,5.0,22200.0,2,t-roc
volkswagen,t-roc,2023.0,gasoline,95000,manual,6cv,1000,crossover,good,standard,5 seats,4 doors,used,80000.0,2026-03,5.0,4.0,1000.0,95000.0,3.0,31666.666666666668,1,t-roc
volkswagen,t-roc,2021.0,gasoline,40000,manual,6cv,1000,crossover,good,standard,5 seats,4 doors,used,78000.0,2026-03,5.0,4.0,1000.0,40000.0,5.0,8000.0,2,t-roc
volkswagen,t-roc,2020.0,gasoline,120000,manual,6cv,1000,crossover,good,standard,5 seats,4 doors,used,71000.0,2026-03,5.0,4.0,1000.0,120000.0,6.0,20000.0,2,t-roc
volkswagen,t-roc,2020.0,diesel,unknown,manual,5cv,1600,crossover,good,standard,5 seats,4 doors,used,80000.0,2026-03,5.0,4.0,1600.0,,6.0,,2,t-roc
volkswagen,t-roc,2020.0,gasoline,115000,manual,6cv,1000,crossover,good,standard,5 seats,4 doors,used,71000.0,2026-03,5.0,4.0,1000.0,115000.0,6.0,19166.666666666668,2,t-roc
volkswagen,t-roc,2019.0,gasoline,100000,manual,7cv,1000,crossover,good,standard,5 seats,4 doors,used,80000.0,2026-02,5.0,4.0,1000.0,100000.0,7.0,14285.714285714286,2,t-roc
volkswagen,t-roc,2021.0,gasoline,22500,manual,6cv,1000,crossover,good,standard,5 seats,4 doors,used,81000.0,2026-01,5.0,4.0,1000.0,22500.0,5.0,4500.0,2,t-roc
volkswagen,t-roc,2023.0,gasoline,48000,manual,6cv,1000,crossover,good,standard,5 seats,4 doors,used,90000.0,2026-01,5.0,4.0,1000.0,48000.0,3.0,16000.0,1,t-roc
volkswagen,tiguan,2021.0,hybrid,98000,automatic,8cv,1400,suv 4x2,good,r line,5 seats,4 doors,used,115000.0,2026-03,5.0,4.0,1400.0,98000.0,5.0,19600.0,2,tiguan
volkswagen,tiguan,2010.0,diesel,317000,automatic,9cv,2000,suv 4x4,good,standard,5 seats,4 doors,used,54000.0,2026-03,5.0,4.0,2000.0,317000.0,16.0,19812.5,4,tiguan
volkswagen,tiguan,2018.0,gasoline,194000,automatic,8cv,1500,suv 4x2,good,r line,5 seats,4 doors,used,90000.0,2026-03,5.0,4.0,1500.0,194000.0,8.0,24250.0,2,tiguan
volkswagen,tiguan,2019.0,gasoline,78000,automatic,8cv,1400,suv 4x2,good,r line,5 seats,4 doors,used,97000.0,2026-03,5.0,4.0,1400.0,78000.0,7.0,11142.857142857143,2,tiguan
volkswagen,tiguan,2011.0,gasoline,198000,manual,11cv,2000,suv 4x4,good,standard,5 seats,4 doors,used,35000.0,2026-03,5.0,4.0,2000.0,198000.0,15.0,13200.0,3,tiguan
volkswagen,tiguan,2014.0,gasoline,220000,automatic,9cv,1400,suv 4x2,good,standard,5 seats,4 doors,used,55000.0,2026-03,5.0,4.0,1400.0,220000.0,12.0,18333.33333333333,3,tiguan
volkswagen,tiguan,2018.0,gasoline,104000,automatic,6cv,1400,suv 4x2,good,standard,5 seats,4 doors,used,93000.0,2026-03,5.0,4.0,1400.0,104000.0,8.0,13000.0,2,tiguan
volkswagen,tiguan,2018.0,gasoline,130000,automatic,6cv,1400,suv 4x2,good,standard,5 seats,4 doors,used,100000.0,2026-03,5.0,4.0,1400.0,130000.0,8.0,16250.0,2,tiguan
volkswagen,tiguan,2020.0,diesel,134000,manual,8cv,2000,suv 4x4,good,standard,5 seats,4 doors,used,81000.0,2026-03,5.0,4.0,2000.0,134000.0,6.0,22333.33333333333,2,tiguan
volkswagen,tiguan,2010.0,diesel,280000,manual,8cv,2000,suv 4x2,good,r line,5 seats,4 doors,used,39000.0,2026-02,5.0,4.0,2000.0,280000.0,16.0,17500.0,4,tiguan
volkswagen,tiguan,2012.0,diesel,195000,manual,8cv,2000,suv 4x2,good,standard,5 seats,4 doors,used,63000.0,2026-02,5.0,4.0,2000.0,195000.0,14.0,13928.57142857143,3,tiguan
volkswagen,tiguan,2018.0,diesel,132000,automatic,8cv,2000,suv 4x2,good,standard,5 seats,4 doors,used,94000.0,2026-02,5.0,4.0,2000.0,132000.0,8.0,16500.0,2,tiguan
volkswagen,tiguan,2016.0,diesel,310000,automatic,8cv,2000,suv 4x4,good,standard,5 seats,4 doors,used,70000.0,2026-02,5.0,4.0,2000.0,310000.0,10.0,31000.0,3,tiguan
volkswagen,tiguan,2021.0,hybrid,51000,automatic,8cv,1400,suv 4x2,good,standard,5 seats,4 doors,used,108000.0,2026-02,5.0,4.0,1400.0,51000.0,5.0,10200.0,2,tiguan
volkswagen,tiguan,2009.0,gasoline,260000,manual,9cv,1600,suv 4x2,good,standard,5 seats,4 doors,used,40000.0,2026-01,5.0,4.0,1600.0,260000.0,17.0,15294.117647058823,4,tiguan
volkswagen,tiguan,2010.0,gasoline,291000,automatic,13cv,2000,suv 4x4,good,standard,5 seats,4 doors,used,42000.0,2026-01,5.0,4.0,2000.0,291000.0,16.0,18187.5,4,tiguan
volkswagen,tiguan,2018.0,gasoline,220000,automatic,8cv,1400,suv 4x4,good,standard,5 seats,4 doors,used,65000.0,2026-01,5.0,4.0,1400.0,220000.0,8.0,27500.0,2,tiguan
volkswagen,tiguan,2011.0,diesel,258000,manual,8cv,2000,suv 4x4,good,standard,5 seats,4 doors,used,44000.0,2026-01,5.0,4.0,2000.0,258000.0,15.0,17200.0,3,tiguan
volkswagen,tiguan,2010.0,gasoline,184000,manual,12cv,2000,suv 4x2,good,standard,5 seats,4 doors,used,38000.0,2026-01,5.0,4.0,2000.0,184000.0,16.0,11500.0,4,tiguan
volkswagen,tiguan,2010.0,gasoline,158000,manual,11cv,2000,suv 4x2,good,standard,5 seats,4 doors,used,41000.0,2026-01,5.0,4.0,2000.0,158000.0,16.0,9875.0,4,tiguan
volkswagen,tiguan,2020.0,gasoline,138000,automatic,8cv,1400,suv 4x2,good,r line,5 seats,4 doors,used,94000.0,2026-01,5.0,4.0,1400.0,138000.0,6.0,23000.0,2,tiguan
volkswagen,tiguan,2014.0,diesel,14400,manual,8cv,2000,suv 4x2,good,standard,5 seats,4 doors,used,74000.0,2026-01,5.0,4.0,2000.0,14400.0,12.0,1200.0,3,tiguan
volkswagen,tiguan,2018.0,gasoline,235000,automatic,8cv,1400,suv 4x2,good,standard,5 seats,4 doors,used,73000.0,2026-01,5.0,4.0,1400.0,235000.0,8.0,29375.0,2,tiguan
volkswagen,tiguan,2018.0,diesel,190000,automatic,8cv,2000,suv 4x4,good,standard,5 seats,4 doors,used,79000.0,2026-01,5.0,4.0,2000.0,190000.0,8.0,23750.0,2,tiguan
volkswagen,tiguan,2021.0,gasoline,80000,automatic,8cv,1500,suv 4x2,good,standard,5 seats,4 doors,used,119000.0,2026-01,5.0,4.0,1500.0,80000.0,5.0,16000.0,2,tiguan
volkswagen,tiguan,2013.0,gasoline,176000,manual,11cv,2000,suv 4x2,good,standard,5 seats,4 doors,used,51000.0,2026-01,5.0,4.0,2000.0,176000.0,13.0,13538.46153846154,3,tiguan
volkswagen,tiguan,2010.0,gasoline,200000,manual,11cv,2000,suv 4x2,good,standard,5 seats,4 doors,used,40000.0,2026-01,5.0,4.0,2000.0,200000.0,16.0,12500.0,4,tiguan
volkswagen,tiguan,2023.0,gasoline,unknown,automatic,8cv,1400,suv 4x2,good,r line,5 seats,4 doors,used,135000.0,2026-03,5.0,4.0,1400.0,,3.0,,1,tiguan
volkswagen,tiguan,2009.0,diesel,328000,automatic,10cv,2000,suv 4x4,good,standard,5 seats,4 doors,used,44000.0,2026-02,5.0,4.0,2000.0,328000.0,17.0,19294.117647058825,4,tiguan
volkswagen,tiguan,2016.0,gasoline,182000,automatic,8cv,1400,suv 4x2,good,standard,5 seats,4 doors,used,64000.0,2026-03,5.0,4.0,1400.0,182000.0,10.0,18200.0,3,tiguan
volkswagen,tiguan,2015.0,diesel,147000,automatic,10cv,2000,suv 4x4,good,standard,5 seats,4 doors,used,56000.0,2026-03,5.0,4.0,2000.0,147000.0,11.0,13363.636363636364,3,tiguan
volkswagen,tiguan,2016.0,diesel,174000,manual,6cv,2000,suv 4x2,good,standard,5 seats,4 doors,used,72000.0,2026-03,5.0,4.0,2000.0,174000.0,10.0,17400.0,3,tiguan
volkswagen,tiguan,2020.0,gasoline,110000,automatic,8cv,1500,suv 4x2,good,standard,5 seats,4 doors,used,84000.0,2026-03,5.0,4.0,1500.0,110000.0,6.0,18333.33333333333,2,tiguan
volkswagen,tiguan,2023.0,hybrid,130000,automatic,8cv,1400,suv 4x2,good,standard,5 seats,4 doors,used,96000.0,2026-03,5.0,4.0,1400.0,130000.0,3.0,43333.333333333336,1,tiguan
volkswagen,tiguan,2011.0,gasoline,200000,manual,11cv,2000,suv 4x4,good,standard,5 seats,4 doors,used,35000.0,2026-03,5.0,4.0,2000.0,200000.0,15.0,13333.333333333334,3,tiguan
volkswagen,touareg,2004.0,diesel,unknown,automatic,12cv,2500,suv 4x4,good,standard,5 seats,4 doors,used,44000.0,2026-02,5.0,4.0,2500.0,,22.0,,4,touareg
volkswagen,touareg,2006.0,diesel,400000,automatic,24cv,5000,suv 4x4,good,standard,5 seats,4 doors,used,35000.0,2026-02,5.0,4.0,5000.0,400000.0,20.0,20000.0,4,touareg
volkswagen,touareg,2010.0,diesel,300000,automatic,16cv,3000,suv 4x4,good,standard,5 seats,4 doors,used,37000.0,2026-02,5.0,4.0,3000.0,300000.0,16.0,18750.0,4,touareg
volkswagen,touareg,2006.0,gasoline,150000,automatic,16cv,3200,suv 4x4,good,standard,5 seats,4 doors,used,44000.0,2026-01,5.0,4.0,3200.0,150000.0,20.0,7500.0,4,touareg
volkswagen,touareg,2008.0,diesel,290000,automatic,13cv,2500,suv 4x4,good,standard,5 seats,4 doors,used,41000.0,2026-01,5.0,4.0,2500.0,290000.0,18.0,16111.111111111111,4,touareg
volkswagen,touareg,2009.0,diesel,80000,automatic,12cv,2500,suv 4x4,good,standard,5 seats,4 doors,used,68000.0,2026-01,5.0,4.0,2500.0,80000.0,17.0,4705.882352941177,4,touareg
volkswagen,touareg,2016.0,diesel,113000,automatic,16cv,3000,suv 4x4,good,standard,5 seats,4 doors,used,135000.0,2026-01,5.0,4.0,3000.0,113000.0,10.0,11300.0,3,touareg
volkswagen,touareg,2009.0,diesel,unknown,automatic,16cv,3000,suv 4x4,good,standard,5 seats,4 doors,used,37000.0,2026-03,5.0,4.0,3000.0,,17.0,,4,touareg
volkswagen,touareg,2005.0,diesel,unknown,automatic,12cv,2500,suv 4x4,good,standard,5 seats,4 doors,used,29000.0,2026-03,5.0,4.0,2500.0,,21.0,,4,touareg
volkswagen,touareg,2010.0,diesel,220000,automatic,16cv,3000,suv 4x4,good,standard,5 seats,4 doors,used,46000.0,2026-01,5.0,4.0,3000.0,220000.0,16.0,13750.0,4,touareg
volkswagen,touareg,2006.0,diesel,120000,automatic,16cv,3000,suv 4x4,good,standard,5 seats,4 doors,used,38000.0,2026-01,5.0,4.0,3000.0,120000.0,20.0,6000.0,4,touareg
volkswagen,touareg,2005.0,diesel,unknown,automatic,12cv,2500,suv 4x4,good,standard,5 seats,4 doors,used,26500.0,2026-03,5.0,4.0,2500.0,,21.0,,4,touareg
volkswagen,touareg,2007.0,diesel,unknown,automatic,16cv,3000,suv 4x4,good,standard,5 seats,4 doors,used,42000.0,2026-02,5.0,4.0,3000.0,,19.0,,4,touareg
volkswagen,touareg,2013.0,gasoline,93000,automatic,18cv,3600,suv 4x4,good,standard,5 seats,4 doors,used,116000.0,2026-03,5.0,4.0,3600.0,93000.0,13.0,7153.846153846154,3,touareg
volkswagen,touareg,2013.0,gasoline,72000,automatic,19cv,3600,suv 4x4,good,standard,5 seats,4 doors,used,114000.0,2026-03,5.0,4.0,3600.0,72000.0,13.0,5538.461538461538,3,touareg
volkswagen,touareg,2015.0,diesel,210000,automatic,16cv,3000,suv 4x4,good,standard,5 seats,4 doors,used,128000.0,2026-03,5.0,4.0,3000.0,210000.0,11.0,19090.90909090909,3,touareg
volkswagen,golf 8,2026.0,gasoline,0,automatic,8cv,1400,hatchback,good,standard,5 seats,4 doors,used,118000.0,2026-03,5.0,4.0,1400.0,0.0,0.0,,1,golf 8
volkswagen,golf 8,2026.0,gasoline,0,automatic,8cv,1400,hatchback,good,r line,5 seats,4 doors,used,153000.0,2026-03,5.0,4.0,1400.0,0.0,0.0,,1,golf 8
volkswagen,golf 1,1980.0,gasoline,unknown,manual,5cv,1300,hatchback,good,standard,5 seats,4 doors,used,3500.0,2026-03,5.0,4.0,1300.0,,46.0,,4,volkswagen_hatchback
volkswagen,golf 1,1982.0,gasoline,unknown,manual,5cv,1300,hatchback,good,standard,5 seats,4 doors,used,4500.0,2026-03,5.0,4.0,1300.0,,44.0,,4,volkswagen_hatchback
volkswagen,golf 2,1985.0,gasoline,unknown,manual,5cv,1400,hatchback,good,standard,5 seats,4 doors,used,7000.0,2026-03,5.0,4.0,1400.0,,41.0,,4,golf 2
volkswagen,golf 2,1985.0,gasoline,unknown,manual,5cv,1600,hatchback,good,standard,5 seats,4 doors,used,7500.0,2026-03,5.0,4.0,1600.0,,41.0,,4,golf 2
volkswagen,golf 2,1989.0,gasoline,unknown,manual,5cv,1600,hatchback,good,standard,5 seats,4 doors,used,8000.0,2026-03,5.0,4.0,1600.0,,37.0,,4,golf 2
volkswagen,golf 2,1986.0,diesel,unknown,manual,5cv,1400,hatchback,good,standard,5 seats,4 doors,used,9000.0,2026-03,5.0,4.0,1400.0,,40.0,,4,golf 2
volkswagen,golf 2,1987.0,diesel,unknown,manual,5cv,1400,hatchback,good,standard,5 seats,4 doors,used,9500.0,2026-03,5.0,4.0,1400.0,,39.0,,4,golf 2
volkswagen,golf 2,1992.0,gasoline,unknown,manual,6cv,1400,hatchback,good,standard,5 seats,4 doors,used,12000.0,2026-03,5.0,4.0,1400.0,,34.0,,4,golf 2
volkswagen,golf vento,1994.0,diesel,unknown,manual,6cv,1400,sedan,good,standard,5 seats,4 doors,used,11000.0,2026-03,5.0,4.0,1400.0,,32.0,,4,volkswagen_sedan
volkswagen,golf vento,1997.0,diesel,unknown,manual,6cv,1400,sedan,good,standard,5 seats,4 doors,used,8000.0,2026-03,5.0,4.0,1400.0,,29.0,,4,volkswagen_sedan
volkswagen,golf 3,1995.0,diesel,280000,manual,6cv,1900,hatchback,good,standard,5 seats,4 doors,used,16500.0,2026-03,5.0,4.0,1900.0,280000.0,31.0,9032.258064516129,4,golf 3
volkswagen,golf 3,1993.0,gasoline,unknown,manual,5cv,1400,hatchback,good,standard,5 seats,4 doors,used,9000.0,2026-03,5.0,4.0,1400.0,,33.0,,4,golf 3
volkswagen,golf vendo,1996.0,diesel,unknown,manual,6cv,1900,sedan,good,standard,5 seats,4 doors,used,11000.0,2026-03,5.0,4.0,1900.0,,30.0,,4,volkswagen_sedan
volkswagen,golf 3,1996.0,gasoline,unknown,manual,5cv,1400,hatchback,good,standard,5 seats,4 doors,used,14000.0,2026-03,5.0,4.0,1400.0,,30.0,,4,golf 3
volkswagen,golf 3,1995.0,gasoline,unknown,manual,6cv,1400,hatchback,good,standard,5 seats,4 doors,used,13000.0,2026-03,5.0,4.0,1400.0,,31.0,,4,golf 3
volkswagen,polo 5,2002.0,gasoline,unknown,manual,5cv,1200,hatchback,good,standard,5 seats,4 doors,used,18000.0,2026-03,5.0,4.0,1200.0,,24.0,,4,polo 5
volkswagen,golf 3,1994.0,gasoline,unknown,manual,6cv,1400,hatchback,good,standard,5 seats,4 doors,used,12000.0,2026-03,5.0,4.0,1400.0,,32.0,,4,golf 3
volkswagen,golf 4,2000.0,diesel,unknown,manual,6cv,1900,hatchback,good,standard,5 seats,4 doors,used,20000.0,2026-03,5.0,4.0,1900.0,,26.0,,4,golf 4
volkswagen,golf 4,1999.0,diesel,unknown,manual,6cv,1900,hatchback,good,standard,5 seats,4 doors,used,19000.0,2026-03,5.0,4.0,1900.0,,27.0,,4,golf 4
volkswagen,golf 4,2000.0,gasoline,unknown,manual,6cv,1400,hatchback,good,standard,5 seats,4 doors,used,22000.0,2026-03,5.0,4.0,1400.0,,26.0,,4,golf 4
volkswagen,golf 4,1998.0,gasoline,unknown,manual,7cv,1600,hatchback,good,standard,5 seats,4 doors,used,19000.0,2026-03,5.0,4.0,1600.0,,28.0,,4,golf 4
volkswagen,golf 2,1990.0,diesel,unknown,manual,6cv,1900,hatchback,good,standard,5 seats,4 doors,used,6000.0,2026-03,5.0,4.0,1900.0,,36.0,,4,golf 2
volkswagen,bora,1999.0,gasoline,unknown,manual,7cv,1600,sedan,good,standard,5 seats,4 doors,used,20000.0,2026-03,5.0,4.0,1600.0,,27.0,,4,volkswagen_sedan
volkswagen,golf 4,1996.0,gasoline,unknown,manual,7cv,1600,hatchback,good,standard,5 seats,4 doors,used,21000.0,2026-03,5.0,4.0,1600.0,,30.0,,4,golf 4
volkswagen,golf 4,2001.0,gasoline,300000,manual,5cv,1400,hatchback,good,standard,5 seats,4 doors,used,22000.0,2026-03,5.0,4.0,1400.0,300000.0,25.0,12000.0,4,golf 4
volkswagen,golf 5,2008.0,gasoline,221000,manual,5cv,1400,hatchback,good,standard,5 seats,4 doors,used,29000.0,2026-03,5.0,4.0,1400.0,221000.0,18.0,12277.777777777776,4,golf 5
volkswagen,golf 5,2008.0,diesel,260000,automatic,6cv,1900,hatchback,good,standard,5 seats,4 doors,used,31000.0,2026-03,5.0,4.0,1900.0,260000.0,18.0,14444.444444444443,4,golf 5
volkswagen,golf 5,2009.0,diesel,450000,manual,5cv,1900,hatchback,good,standard,5 seats,4 doors,used,30000.0,2026-03,5.0,4.0,1900.0,450000.0,17.0,26470.58823529412,4,golf 5
volkswagen,golf 5,2009.0,diesel,255000,manual,7cv,1900,hatchback,good,standard,5 seats,4 doors,used,30000.0,2026-03,5.0,4.0,1900.0,255000.0,17.0,15000.0,4,golf 5
volkswagen,golf 5,2008.0,gasoline,311000,manual,7cv,1600,hatchback,good,standard,5 seats,4 doors,used,27000.0,2026-03,5.0,4.0,1600.0,311000.0,18.0,17277.777777777777,4,golf 5
volkswagen,golf 5,2008.0,gasoline,414000,manual,5cv,1400,hatchback,good,standard,5 seats,4 doors,used,30000.0,2026-03,5.0,4.0,1400.0,414000.0,18.0,23000.0,4,golf 5
volkswagen,golf 5,2008.0,diesel,unknown,manual,6cv,1900,hatchback,good,standard,5 seats,4 doors,used,29000.0,2026-03,5.0,4.0,1900.0,,18.0,,4,golf 5
volkswagen,golf 5,2008.0,gasoline,220000,manual,5cv,1400,hatchback,good,standard,5 seats,4 doors,used,29000.0,2026-03,5.0,4.0,1400.0,220000.0,18.0,12222.222222222224,4,golf 5
volkswagen,golf 5,2009.0,diesel,230000,manual,5cv,1600,hatchback,good,standard,5 seats,4 doors,used,31500.0,2026-03,5.0,4.0,1600.0,230000.0,17.0,13529.411764705885,4,golf 5
volkswagen,golf 5,2006.0,gasoline,280000,manual,5cv,1400,hatchback,good,standard,5 seats,4 doors,used,29500.0,2026-03,5.0,4.0,1400.0,280000.0,20.0,14000.0,4,golf 5
volkswagen,golf 5,2008.0,diesel,229000,manual,7cv,1900,hatchback,good,standard,5 seats,4 doors,used,32000.0,2026-03,5.0,4.0,1900.0,229000.0,18.0,12722.222222222224,4,golf 5
volkswagen,virtus,2023.0,gasoline,135000,manual,6cv,1000,sedan,good,standard,5 seats,4 doors,used,51000.0,2026-03,5.0,4.0,1000.0,135000.0,3.0,45000.0,1,volkswagen_sedan
volkswagen,golf 6,2012.0,diesel,200000,manual,5cv,1600,hatchback,good,standard,5 seats,4 doors,used,42000.0,2026-03,5.0,4.0,1600.0,200000.0,14.0,14285.714285714286,3,golf 6
volkswagen,golf 6,2011.0,gasoline,191000,manual,6cv,1200,hatchback,good,standard,5 seats,4 doors,used,39000.0,2026-03,5.0,4.0,1200.0,191000.0,15.0,12733.333333333334,3,golf 6
volkswagen,golf 6,2012.0,gasoline,197000,manual,6cv,1200,hatchback,good,standard,5 seats,4 doors,used,39000.0,2026-03,5.0,4.0,1200.0,197000.0,14.0,14071.42857142857,3,golf 6
volkswagen,golf 6,2010.0,diesel,258000,manual,5cv,1600,hatchback,medium,standard,5 seats,4 doors,used,33000.0,2026-03,5.0,4.0,1600.0,258000.0,16.0,16125.0,4,golf 6
volkswagen,golf 6,2010.0,diesel,210000,automatic,5cv,1600,hatchback,good,standard,5 seats,4 doors,used,37000.0,2026-03,5.0,4.0,1600.0,210000.0,16.0,13125.0,4,golf 6
volkswagen,golf 6,2010.0,diesel,350000,automatic,5cv,1600,hatchback,medium,standard,5 seats,4 doors,used,33000.0,2026-03,5.0,4.0,1600.0,350000.0,16.0,21875.0,4,golf 6
volkswagen,golf 6,2011.0,gasoline,240000,manual,5cv,1400,hatchback,medium,standard,5 seats,4 doors,used,34000.0,2026-03,5.0,4.0,1400.0,240000.0,15.0,16000.0,3,golf 6
volkswagen,golf 6,2012.0,gasoline,230000,manual,7cv,1200,hatchback,good,standard,5 seats,4 doors,used,40000.0,2026-03,5.0,4.0,1200.0,230000.0,14.0,16428.571428571428,3,golf 6
volkswagen,golf 6,2013.0,gasoline,78000,manual,5cv,1400,hatchback,good,standard,5 seats,4 doors,used,50000.0,2026-03,5.0,4.0,1400.0,78000.0,13.0,6000.0,3,golf 6
volkswagen,golf 6,2012.0,diesel,285000,manual,5cv,1600,hatchback,good,standard,5 seats,4 doors,used,40000.0,2026-03,5.0,4.0,1600.0,285000.0,14.0,20357.14285714286,3,golf 6
volkswagen,golf 6,2012.0,gasoline,218000,automatic,7cv,1600,hatchback,good,standard,5 seats,4 doors,used,42000.0,2026-03,5.0,4.0,1600.0,218000.0,14.0,15571.42857142857,3,golf 6
volkswagen,golf 6,2009.0,gasoline,200000,manual,5cv,1600,hatchback,medium,standard,5 seats,4 doors,used,33000.0,2026-03,5.0,4.0,1600.0,200000.0,17.0,11764.70588235294,4,golf 6
volkswagen,golf 6,2012.0,gasoline,222000,manual,5cv,1200,hatchback,medium,standard,5 seats,4 doors,used,36000.0,2026-03,5.0,4.0,1200.0,222000.0,14.0,15857.142857142857,3,golf 6
volkswagen,golf 6,2009.0,gasoline,235000,manual,7cv,1600,hatchback,medium,standard,5 seats,4 doors,used,36000.0,2026-03,5.0,4.0,1600.0,235000.0,17.0,13823.529411764706,4,golf 6
volkswagen,golf 6,2013.0,gasoline,191000,manual,5cv,1400,hatchback,good,standard,5 seats,4 doors,used,38000.0,2026-03,5.0,4.0,1400.0,191000.0,13.0,14692.307692307691,3,golf 6
volkswagen,golf 6,2010.0,diesel,255000,manual,5cv,1600,hatchback,medium,standard,5 seats,4 doors,used,34000.0,2026-03,5.0,4.0,1600.0,255000.0,16.0,15937.5,4,golf 6
volkswagen,golf 6,2012.0,diesel,285000,manual,5cv,1600,hatchback,good,standard,5 seats,4 doors,used,38000.0,2026-03,5.0,4.0,1600.0,285000.0,14.0,20357.14285714286,3,golf 6
volkswagen,golf 6,2010.0,gasoline,182000,manual,7cv,1200,hatchback,good,standard,5 seats,4 doors,used,38000.0,2026-03,5.0,4.0,1200.0,182000.0,16.0,11375.0,4,golf 6
volkswagen,golf 6,2010.0,gasoline,187000,automatic,8cv,1400,hatchback,medium,standard,5 seats,4 doors,used,32000.0,2026-03,5.0,4.0,1400.0,187000.0,16.0,11687.5,4,golf 6
volkswagen,golf 6,2012.0,gasoline,232000,manual,6cv,1200,hatchback,good,standard,5 seats,4 doors,used,41000.0,2026-03,5.0,4.0,1200.0,232000.0,14.0,16571.428571428572,3,golf 6
volkswagen,golf 6 plus,2010.0,diesel,207000,manual,6cv,1600,hatchback,medium,standard,5 seats,4 doors,used,35000.0,2026-03,5.0,4.0,1600.0,207000.0,16.0,12937.5,4,volkswagen_hatchback
volkswagen,golf 6,2010.0,gasoline,224000,manual,6cv,1400,hatchback,medium,standard,5 seats,4 doors,used,35000.0,2026-03,5.0,4.0,1400.0,224000.0,16.0,14000.0,4,golf 6
volkswagen,golf 6,2011.0,diesel,239000,manual,5cv,1400,hatchback,good,standard,5 seats,4 doors,used,36000.0,2026-03,5.0,4.0,1400.0,239000.0,15.0,15933.333333333334,3,golf 6
volkswagen,golf 6,2011.0,diesel,235000,manual,5cv,1600,hatchback,good,standard,5 seats,4 doors,used,38000.0,2026-03,5.0,4.0,1600.0,235000.0,15.0,15666.666666666666,3,golf 6
volkswagen,golf 6,2012.0,gasoline,150000,manual,5cv,1400,hatchback,medium,standard,5 seats,4 doors,used,30000.0,2026-03,5.0,4.0,1400.0,150000.0,14.0,10714.285714285714,3,golf 6
volkswagen,golf 6,2013.0,gasoline,187000,manual,7cv,1200,hatchback,good,standard,5 seats,4 doors,used,42000.0,2026-03,5.0,4.0,1200.0,187000.0,13.0,14384.615384615385,3,golf 6
volkswagen,golf 6,2010.0,diesel,219000,manual,6cv,2000,hatchback,good,standard,5 seats,4 doors,used,41000.0,2026-03,5.0,4.0,2000.0,219000.0,16.0,13687.5,4,golf 6
volkswagen,golf 7,2016.0,gasoline,112000,manual,6cv,1200,hatchback,good,standard,5 seats,4 doors,used,54000.0,2026-03,5.0,4.0,1200.0,112000.0,10.0,11200.0,3,golf 7
volkswagen,golf 7,2014.0,gasoline,108000,manual,10cv,1800,hatchback,good,standard,5 seats,4 doors,used,53000.0,2026-03,5.0,4.0,1800.0,108000.0,12.0,9000.0,3,golf 7
volkswagen,golf 7,2014.0,gasoline,245000,manual,5cv,1200,hatchback,good,standard,5 seats,4 doors,used,43000.0,2026-03,5.0,4.0,1200.0,245000.0,12.0,20416.666666666668,3,golf 7
volkswagen,golf 7,2019.0,diesel,176500,manual,6cv,1600,hatchback,good,standard,5 seats,4 doors,used,62000.0,2026-03,5.0,4.0,1600.0,176500.0,7.0,25214.28571428572,2,golf 7
volkswagen,golf 7,2020.0,gasoline,95000,manual,6cv,1000,hatchback,good,standard,5 seats,4 doors,used,64000.0,2026-03,5.0,4.0,1000.0,95000.0,6.0,15833.333333333334,2,golf 7
volkswagen,golf 7,2018.0,gasoline,142000,manual,6cv,12000,hatchback,good,standard,5 seats,4 doors,used,59000.0,2026-03,5.0,4.0,,142000.0,8.0,17750.0,2,golf 7
volkswagen,golf 7,2018.0,diesel,100000,manual,6cv,1600,hatchback,good,standard,5 seats,4 doors,used,67000.0,2026-03,5.0,4.0,1600.0,100000.0,8.0,12500.0,2,golf 7
volkswagen,golf 7,2014.0,gasoline,487000,manual,5cv,1200,hatchback,medium,standard,5 seats,4 doors,used,52000.0,2026-03,5.0,4.0,1200.0,487000.0,12.0,40583.333333333336,3,golf 7
volkswagen,golf 7,2013.0,gasoline,290000,manual,5cv,1200,hatchback,medium,standard,5 seats,4 doors,used,36000.0,2026-03,5.0,4.0,1200.0,290000.0,13.0,22307.69230769231,3,golf 7
volkswagen,golf 7,2013.0,gasoline,131000,manual,5cv,1200,hatchback,good,standard,5 seats,4 doors,used,48000.0,2026-03,5.0,4.0,1200.0,131000.0,13.0,10076.923076923076,3,golf 7
volkswagen,golf 7,2013.0,gasoline,264000,manual,5cv,1200,hatchback,good,standard,5 seats,4 doors,used,46000.0,2026-03,5.0,4.0,1200.0,264000.0,13.0,20307.69230769231,3,golf 7
volkswagen,golf 7,2020.0,gasoline,132000,automatic,6cv,1200,hatchback,good,standard,5 seats,4 doors,used,68000.0,2026-03,5.0,4.0,1200.0,132000.0,6.0,22000.0,2,golf 7
volkswagen,golf 7,2019.0,diesel,75000,manual,6cv,1600,hatchback,good,standard,5 seats,4 doors,used,73000.0,2026-03,5.0,4.0,1600.0,75000.0,7.0,10714.285714285714,2,golf 7
volkswagen,golf 7,2016.0,gasoline,179000,manual,5cv,1200,hatchback,good,standard,5 seats,4 doors,used,49000.0,2026-03,5.0,4.0,1200.0,179000.0,10.0,17900.0,3,golf 7
volkswagen,golf 7,2015.0,gasoline,278000,manual,5cv,1200,hatchback,medium,standard,5 seats,4 doors,used,43000.0,2026-03,5.0,4.0,1200.0,278000.0,11.0,25272.727272727272,3,golf 7
volkswagen,golf 7,2021.0,gasoline,25000,automatic,7cv,1600,hatchback,good,standard,5 seats,4 doors,used,73000.0,2026-03,5.0,4.0,1600.0,25000.0,5.0,5000.0,2,golf 7
volkswagen,golf 7,2013.0,diesel,210000,manual,5cv,1600,hatchback,medium,standard,5 seats,4 doors,used,50000.0,2026-03,5.0,4.0,1600.0,210000.0,13.0,16153.846153846154,3,golf 7
volkswagen,golf 7,2017.0,gasoline,216000,manual,5cv,1200,hatchback,good,standard,5 seats,4 doors,used,55000.0,2026-03,5.0,4.0,1200.0,216000.0,9.0,24000.0,3,golf 7
volkswagen,golf 7,2016.0,gasoline,162000,manual,5cv,1200,hatchback,medium,standard,5 seats,4 doors,used,47000.0,2026-03,5.0,4.0,1200.0,162000.0,10.0,16200.0,3,golf 7
volkswagen,golf 7,2018.0,diesel,170000,automatic,6cv,1600,hatchback,good,standard,5 seats,4 doors,used,70000.0,2026-03,5.0,4.0,1600.0,170000.0,8.0,21250.0,2,golf 7
volkswagen,golf 7,2016.0,gasoline,89500,automatic,6cv,1400,hatchback,good,standard,5 seats,4 doors,used,67000.0,2026-03,5.0,4.0,1400.0,89500.0,10.0,8950.0,3,golf 7
volkswagen,golf 7,2019.0,gasoline,127000,automatic,6cv,1200,hatchback,good,r line,5 seats,4 doors,used,86000.0,2026-03,5.0,4.0,1200.0,127000.0,7.0,18142.85714285714,2,golf 7
volkswagen,golf 7,2018.0,gasoline,200000,manual,7cv,1600,hatchback,good,standard,5 seats,4 doors,used,63000.0,2026-03,5.0,4.0,1600.0,200000.0,8.0,25000.0,2,golf 7
volkswagen,golf 7,2014.0,gasoline,290000,manual,5cv,1200,hatchback,good,standard,5 seats,4 doors,used,39000.0,2026-03,5.0,4.0,1200.0,290000.0,12.0,24166.666666666668,3,golf 7
volkswagen,golf 7,2020.0,gasoline,98000,manual,6cv,1000,hatchback,good,standard,5 seats,4 doors,used,67000.0,2026-03,5.0,4.0,1000.0,98000.0,6.0,16333.333333333334,2,golf 7
volkswagen,golf 7,2016.0,gasoline,138000,automatic,6cv,1200,hatchback,good,r line,5 seats,4 doors,used,70000.0,2026-03,5.0,4.0,1200.0,138000.0,10.0,13800.0,3,golf 7
volkswagen,golf 7,2015.0,gasoline,210000,manual,5cv,1200,hatchback,good,standard,5 seats,4 doors,used,50000.0,2026-03,5.0,4.0,1200.0,210000.0,11.0,19090.90909090909,3,golf 7
volkswagen,golf 7,2013.0,gasoline,unknown,manual,5cv,1200,hatchback,medium,standard,5 seats,4 doors,used,35000.0,2026-03,5.0,4.0,1200.0,,13.0,,3,golf 7
volkswagen,golf 7,2013.0,gasoline,199000,manual,5cv,1200,hatchback,medium,standard,5 seats,4 doors,used,41000.0,2026-03,5.0,4.0,1200.0,199000.0,13.0,15307.692307692309,3,golf 7
volkswagen,golf 7,2013.0,gasoline,228000,manual,5cv,1200,hatchback,medium,r line,5 seats,4 doors,used,44000.0,2026-03,5.0,4.0,1200.0,228000.0,13.0,17538.46153846154,3,golf 7
volkswagen,golf 7,2018.0,gasoline,105000,manual,6cv,1200,hatchback,medium,standard,5 seats,4 doors,used,50000.0,2026-03,5.0,4.0,1200.0,105000.0,8.0,13125.0,2,golf 7
volkswagen,golf 7,2017.0,gasoline,210000,automatic,6cv,1000,hatchback,good,standard,5 seats,4 doors,used,55000.0,2026-03,5.0,4.0,1000.0,210000.0,9.0,23333.33333333333,3,golf 7
volkswagen,golf 7,2015.0,gasoline,180000,automatic,6cv,1400,hatchback,good,standard,5 seats,4 doors,used,48000.0,2026-03,5.0,4.0,1400.0,180000.0,11.0,16363.636363636364,3,golf 7
volkswagen,golf 7,2017.0,gasoline,153000,manual,6cv,1200,hatchback,good,standard,5 seats,4 doors,used,58000.0,2026-03,5.0,4.0,1200.0,153000.0,9.0,17000.0,3,golf 7
volkswagen,golf 7,2013.0,gasoline,180000,manual,6cv,1400,hatchback,good,standard,5 seats,4 doors,used,50000.0,2026-03,5.0,4.0,1400.0,180000.0,13.0,13846.153846153846,3,golf 7
volkswagen,golf 7,2015.0,gasoline,220000,manual,6cv,1200,hatchback,good,standard,5 seats,4 doors,used,44000.0,2026-03,5.0,4.0,1200.0,220000.0,11.0,20000.0,3,golf 7
volkswagen,golf 7,2017.0,diesel,190000,manual,5cv,1600,hatchback,good,standard,5 seats,4 doors,used,55000.0,2026-03,5.0,4.0,1600.0,190000.0,9.0,21111.11111111111,3,golf 7
volkswagen,golf 7,2014.0,gasoline,290000,manual,5cv,1400,hatchback,good,standard,5 seats,4 doors,used,45000.0,2026-03,5.0,4.0,1400.0,290000.0,12.0,24166.666666666668,3,golf 7
volkswagen,golf 7,2014.0,gasoline,200000,manual,5cv,1200,hatchback,medium,standard,5 seats,4 doors,used,42000.0,2026-03,5.0,4.0,1200.0,200000.0,12.0,16666.666666666668,3,golf 7
volkswagen,golf 7,2018.0,gasoline,55000,automatic,6cv,1200,hatchback,good,standard,5 seats,4 doors,used,67000.0,2026-03,5.0,4.0,1200.0,55000.0,8.0,6875.0,2,golf 7
volkswagen,golf 7,2013.0,gasoline,unknown,manual,5cv,1200,hatchback,medium,standard,5 seats,4 doors,used,39000.0,2026-03,5.0,4.0,1200.0,,13.0,,3,golf 7
volkswagen,golf 7,2013.0,gasoline,170000,manual,5cv,1200,hatchback,medium,standard,5 seats,4 doors,used,43000.0,2026-03,5.0,4.0,1200.0,170000.0,13.0,13076.923076923076,3,golf 7
volkswagen,golf 7,2019.0,gasoline,160000,automatic,6cv,1200,hatchback,good,standard,5 seats,4 doors,used,72000.0,2026-03,5.0,4.0,1200.0,160000.0,7.0,22857.14285714286,2,golf 7
volkswagen,golf 7,2013.0,gasoline,240000,manual,5cv,1200,hatchback,medium,standard,5 seats,4 doors,used,38000.0,2026-03,5.0,4.0,1200.0,240000.0,13.0,18461.53846153846,3,golf 7
volkswagen,golf 7,2019.0,gasoline,100000,manual,6cv,1000,hatchback,good,standard,5 seats,4 doors,used,63000.0,2026-03,5.0,4.0,1000.0,100000.0,7.0,14285.714285714286,2,golf 7
volkswagen,virtus,2023.0,gasoline,74000,manual,6cv,1000,sedan,good,standard,5 seats,4 doors,used,59000.0,2026-03,5.0,4.0,1000.0,74000.0,3.0,24666.666666666668,1,volkswagen_sedan
volkswagen,golf 8,2021.0,gasoline,146000,manual,6cv,1000,hatchback,good,standard,5 seats,4 doors,used,84000.0,2026-03,5.0,4.0,1000.0,146000.0,5.0,29200.0,2,golf 8
volkswagen,golf 8,2021.0,gasoline,92000,manual,7cv,1500,hatchback,good,standard,5 seats,4 doors,used,90000.0,2026-03,5.0,4.0,1500.0,92000.0,5.0,18400.0,2,golf 8
volkswagen,golf 8,2021.0,gasoline,57000,manual,7cv,1500,hatchback,good,standard,5 seats,4 doors,used,86000.0,2026-03,5.0,4.0,1500.0,57000.0,5.0,11400.0,2,golf 8
volkswagen,golf 8,2022.0,gasoline,82000,manual,6cv,1000,hatchback,good,standard,5 seats,4 doors,used,74000.0,2026-03,5.0,4.0,1000.0,82000.0,4.0,20500.0,2,golf 8
volkswagen,golf 8,2022.0,hybrid,42000,automatic,8cv,1400,hatchback,good,gte,5 seats,4 doors,used,96000.0,2026-03,5.0,4.0,1400.0,42000.0,4.0,10500.0,2,golf 8
volkswagen,golf 8,2021.0,gasoline,79000,manual,6cv,1000,hatchback,good,standard,5 seats,4 doors,used,75000.0,2026-03,5.0,4.0,1000.0,79000.0,5.0,15800.0,2,golf 8
volkswagen,golf 8,2022.0,gasoline,78000,automatic,6cv,1000,hatchback,good,standard,5 seats,4 doors,used,80000.0,2026-03,5.0,4.0,1000.0,78000.0,4.0,19500.0,2,golf 8
volkswagen,golf 8,2022.0,gasoline,40000,manual,6cv,1000,hatchback,good,standard,5 seats,4 doors,used,79000.0,2026-03,5.0,4.0,1000.0,40000.0,4.0,10000.0,2,golf 8
volkswagen,golf 8,2020.0,gasoline,130000,manual,6cv,1000,hatchback,good,standard,5 seats,4 doors,used,74000.0,2026-03,5.0,4.0,1000.0,130000.0,6.0,21666.666666666668,2,golf 8
volkswagen,golf 8,2021.0,gasoline,50000,manual,6cv,1000,hatchback,good,standard,5 seats,4 doors,used,76000.0,2026-03,5.0,4.0,1000.0,50000.0,5.0,10000.0,2,golf 8
volkswagen,golf 8,2021.0,gasoline,86000,manual,8cv,1500,hatchback,good,r line,5 seats,4 doors,used,105000.0,2026-03,5.0,4.0,1500.0,86000.0,5.0,17200.0,2,golf 8
volkswagen,golf 8,2021.0,gasoline,90000,manual,6cv,1000,hatchback,good,standard,5 seats,4 doors,used,74000.0,2026-03,5.0,4.0,1000.0,90000.0,5.0,18000.0,2,golf 8
volkswagen,golf 8,2025.0,gasoline,60000,automatic,8cv,1500,hatchback,good,r line,5 seats,4 doors,used,160000.0,2026-03,5.0,4.0,1500.0,60000.0,1.0,60000.0,1,golf 8
volkswagen,golf 8,2023.0,gasoline,69000,automatic,8cv,1400,hatchback,good,standard,5 seats,4 doors,used,105000.0,2026-03,5.0,4.0,1400.0,69000.0,3.0,23000.0,1,golf 8
volkswagen,golf 8,2021.0,gasoline,107000,manual,6cv,1000,wagon,good,standard,5 seats,4 doors,used,92000.0,2026-03,5.0,4.0,1000.0,107000.0,5.0,21400.0,2,golf 8
volkswagen,golf 8,2020.0,gasoline,60000,manual,7cv,1500,hatchback,good,r line,5 seats,4 doors,used,105000.0,2026-03,5.0,4.0,1500.0,60000.0,6.0,10000.0,2,golf 8
volkswagen,golf 8,2021.0,gasoline,150000,automatic,6cv,1000,hatchback,good,standard,5 seats,4 doors,used,67000.0,2026-03,5.0,4.0,1000.0,150000.0,5.0,30000.0,2,golf 8
volkswagen,golf 8,2022.0,gasoline,153000,automatic,6cv,1000,hatchback,good,standard,5 seats,4 doors,used,72000.0,2026-03,5.0,4.0,1000.0,153000.0,4.0,38250.0,2,golf 8
volkswagen,golf 6 plus,2011.0,diesel,277000,manual,5cv,1600,hatchback,good,standard,5 seats,4 doors,used,33500.0,2026-03,5.0,4.0,1600.0,277000.0,15.0,18466.666666666668,3,volkswagen_hatchback
volkswagen,golf 5,2009.0,diesel,175000,manual,6cv,1900,wagon,medium,standard,5 seats,4 doors,used,35000.0,2026-03,5.0,4.0,1900.0,175000.0,17.0,10294.117647058823,4,golf 5
volkswagen,golf 5 plus,2009.0,diesel,unknown,manual,6cv,1900,hatchback,medium,standard,5 seats,4 doors,used,31000.0,2026-03,5.0,4.0,1900.0,,17.0,,4,volkswagen_hatchback
volkswagen,passat,2007.0,diesel,unknown,automatic,8cv,2000,wagon,medium,standard,5 seats,4 doors,used,31000.0,2026-03,5.0,4.0,2000.0,,19.0,,4,passat
volkswagen,passat,2010.0,diesel,238000,manual,5cv,1600,sedan,medium,standard,5 seats,4 doors,used,36000.0,2026-03,5.0,4.0,1600.0,238000.0,16.0,14875.0,4,passat
volkswagen,passat,2021.0,gasoline,100000,automatic,8cv,1400,sedan,good,r line,5 seats,4 doors,used,92000.0,2026-03,5.0,4.0,1400.0,100000.0,5.0,20000.0,2,passat
volkswagen,passat cc,2016.0,diesel,150000,manual,8cv,2000,sedan,good,standard,5 seats,4 doors,used,63000.0,2026-03,5.0,4.0,2000.0,150000.0,10.0,15000.0,3,passat cc
volkswagen,passat,2006.0,diesel,350000,manual,6cv,1900,sedan,medium,standard,5 seats,4 doors,used,29000.0,2026-03,5.0,4.0,1900.0,350000.0,20.0,17500.0,4,passat
volkswagen,passat,2012.0,diesel,330000,manual,5cv,1600,sedan,medium,standard,5 seats,4 doors,used,39000.0,2026-03,5.0,4.0,1600.0,330000.0,14.0,23571.42857142857,3,passat
volkswagen,passat,2013.0,diesel,265000,manual,5cv,1600,sedan,good,standard,5 seats,4 doors,used,46000.0,2026-03,5.0,4.0,1600.0,265000.0,13.0,20384.615384615383,3,passat
volkswagen,passat,2014.0,gasoline,240000,manual,7cv,1400,sedan,medium,standard,5 seats,4 doors,used,38000.0,2026-03,5.0,4.0,1400.0,240000.0,12.0,20000.0,3,passat
volkswagen,passat cc,2010.0,diesel,450000,automatic,8cv,2000,sedan,medium,standard,5 seats,4 doors,used,36000.0,2026-03,5.0,4.0,2000.0,450000.0,16.0,28125.0,4,passat cc
volkswagen,passat,2011.0,gasoline,281000,automatic,7cv,1400,wagon,medium,standard,5 seats,4 doors,used,37000.0,2026-03,5.0,4.0,1400.0,281000.0,15.0,18733.33333333333,3,passat
volkswagen,passat,2012.0,gasoline,215000,manual,7cv,1400,sedan,good,standard,5 seats,4 doors,used,41000.0,2026-03,5.0,4.0,1400.0,215000.0,14.0,15357.142857142857,3,passat
volkswagen,passat,2008.0,diesel,245000,manual,6cv,1900,sedan,medium,standard,5 seats,4 doors,used,33000.0,2026-03,5.0,4.0,1900.0,245000.0,18.0,13611.111111111111,4,passat
volkswagen,passat,2008.0,diesel,265000,manual,6cv,1900,sedan,medium,standard,5 seats,4 doors,used,32000.0,2026-03,5.0,4.0,1900.0,265000.0,18.0,14722.222222222224,4,passat
volkswagen,passat,2018.0,gasoline,190000,automatic,7cv,1400,sedan,good,standard,5 seats,4 doors,used,52000.0,2026-03,5.0,4.0,1400.0,190000.0,8.0,23750.0,2,passat
volkswagen,passat,2020.0,gasoline,81000,manual,8cv,2000,sedan,good,standard,5 seats,4 doors,used,76000.0,2026-03,5.0,4.0,2000.0,81000.0,6.0,13500.0,2,passat
volkswagen,passat cc,2013.0,gasoline,103000,automatic,9cv,1800,sedan,good,standard,5 seats,4 doors,used,67000.0,2026-03,5.0,4.0,1800.0,103000.0,13.0,7923.076923076923,3,passat cc
volkswagen,passat,2016.0,gasoline,265000,manual,7cv,1400,sedan,good,standard,5 seats,4 doors,used,50000.0,2026-03,5.0,4.0,1400.0,265000.0,10.0,26500.0,3,passat
volkswagen,passat,2004.0,gasoline,unknown,manual,7cv,1600,sedan,medium,standard,5 seats,4 doors,used,22000.0,2026-03,5.0,4.0,1600.0,,22.0,,4,passat
volkswagen,passat,2011.0,gasoline,300000,automatic,9cv,1400,sedan,medium,standard,5 seats,4 doors,used,27000.0,2026-03,5.0,4.0,1400.0,300000.0,15.0,20000.0,3,passat
volkswagen,passat,2011.0,diesel,174000,manual,5cv,1600,sedan,medium,standard,5 seats,4 doors,used,38000.0,2026-03,5.0,4.0,1600.0,174000.0,15.0,11600.0,3,passat
volkswagen,passat,2021.0,gasoline,200000,automatic,8cv,1400,sedan,good,r line,5 seats,4 doors,used,86000.0,2026-03,5.0,4.0,1400.0,200000.0,5.0,40000.0,2,passat
volkswagen,passat,2011.0,gasoline,230000,manual,7cv,1400,sedan,good,standard,5 seats,4 doors,used,44000.0,2026-03,5.0,4.0,1400.0,230000.0,15.0,15333.333333333334,3,passat
volkswagen,passat,2013.0,diesel,185000,manual,7cv,2000,sedan,good,standard,5 seats,4 doors,used,50000.0,2026-03,5.0,4.0,2000.0,185000.0,13.0,14230.76923076923,3,passat
volkswagen,passat,2008.0,diesel,330000,manual,6cv,1900,sedan,medium,standard,5 seats,4 doors,used,32000.0,2026-03,5.0,4.0,1900.0,330000.0,18.0,18333.33333333333,4,passat
volkswagen,passat,2014.0,gasoline,185000,manual,7cv,1400,sedan,good,standard,5 seats,4 doors,used,42000.0,2026-03,5.0,4.0,1400.0,185000.0,12.0,15416.666666666666,3,passat
volkswagen,passat,2016.0,gasoline,205000,manual,7cv,1400,sedan,good,standard,5 seats,4 doors,used,58000.0,2026-03,5.0,4.0,1400.0,205000.0,10.0,20500.0,3,passat
volkswagen,passat,2018.0,gasoline,304000,manual,7cv,1400,sedan,good,standard,5 seats,4 doors,used,57000.0,2026-03,5.0,4.0,1400.0,304000.0,8.0,38000.0,2,passat
volkswagen,passat,2012.0,gasoline,262000,automatic,9cv,1800,sedan,medium,standard,5 seats,4 doors,used,35000.0,2026-03,5.0,4.0,1800.0,262000.0,14.0,18714.28571428572,3,passat
volkswagen,passat,1997.0,diesel,unknown,manual,6cv,1600,wagon,bad,standard,5 seats,4 doors,used,10000.0,2026-03,5.0,4.0,1600.0,,29.0,,4,passat
volkswagen,passat,2017.0,gasoline,250000,manual,7cv,1400,sedan,good,standard,5 seats,4 doors,used,48000.0,2026-03,5.0,4.0,1400.0,250000.0,9.0,27777.777777777777,3,passat
volkswagen,passat,2003.0,diesel,380000,manual,6cv,1900,sedan,medium,standard,5 seats,4 doors,used,24000.0,2026-03,5.0,4.0,1900.0,380000.0,23.0,16521.739130434784,4,passat
volkswagen,passat,2001.0,diesel,unknown,manual,7cv,2000,sedan,bad,standard,5 seats,4 doors,used,10000.0,2026-03,5.0,4.0,2000.0,,25.0,,4,passat
volkswagen,passat,2015.0,gasoline,374000,manual,7cv,1400,sedan,good,standard,5 seats,4 doors,used,44000.0,2026-03,5.0,4.0,1400.0,374000.0,11.0,34000.0,3,passat
volkswagen,passat,2011.0,diesel,232000,manual,6cv,1600,sedan,good,standard,5 seats,4 doors,used,46000.0,2026-03,5.0,4.0,1600.0,232000.0,15.0,15466.666666666666,3,passat
volkswagen,passat,2009.0,diesel,369000,manual,6cv,1900,sedan,medium,standard,5 seats,4 doors,used,33000.0,2026-03,5.0,4.0,1900.0,369000.0,17.0,21705.88235294117,4,passat
volkswagen,passat cc,2010.0,gasoline,155000,automatic,12cv,2000,sedan,medium,standard,5 seats,4 doors,used,34000.0,2026-03,5.0,4.0,2000.0,155000.0,16.0,9687.5,4,passat cc
volkswagen,passat,1963.0,diesel,unknown,manual,4cv,1600,sedan,medium,standard,5 seats,4 doors,used,11000.0,2026-03,5.0,4.0,1600.0,,63.0,,4,passat
volkswagen,passat,2000.0,gasoline,670000,manual,7cv,1600,sedan,medium,standard,5 seats,4 doors,used,16000.0,2026-03,5.0,4.0,1600.0,670000.0,26.0,25769.23076923077,4,passat
volkswagen,passat,2017.0,gasoline,200000,automatic,7cv,1400,sedan,good,standard,5 seats,4 doors,used,60000.0,2026-03,5.0,4.0,1400.0,200000.0,9.0,22222.222222222223,3,passat
volkswagen,passat,2014.0,gasoline,195000,manual,7cv,1400,sedan,good,standard,5 seats,4 doors,used,52000.0,2026-03,5.0,4.0,1400.0,195000.0,12.0,16250.0,3,passat
volkswagen,passat,2008.0,diesel,unknown,manual,8cv,2000,sedan,medium,standard,5 seats,4 doors,used,34000.0,2026-03,5.0,4.0,2000.0,,18.0,,4,passat
volkswagen,passat cc,2009.0,gasoline,233000,automatic,9cv,1800,sedan,medium,standard,5 seats,4 doors,used,35000.0,2026-03,5.0,4.0,1800.0,233000.0,17.0,13705.882352941177,4,passat cc
volkswagen,passat,2006.0,diesel,unknown,manual,8cv,2000,sedan,medium,standard,5 seats,4 doors,used,34000.0,2026-03,5.0,4.0,2000.0,,20.0,,4,passat
volkswagen,passat,2020.0,hybrid,112000,automatic,8cv,1400,sedan,good,standard,5 seats,4 doors,used,85000.0,2026-03,5.0,4.0,1400.0,112000.0,6.0,18666.666666666668,2,passat
volkswagen,passat,2001.0,diesel,485000,manual,6cv,1500,sedan,medium,standard,5 seats,4 doors,used,20000.0,2026-03,5.0,4.0,1500.0,485000.0,25.0,19400.0,4,passat
volkswagen,passat,2009.0,diesel,228000,manual,6cv,1900,sedan,good,standard,5 seats,4 doors,used,37000.0,2026-03,5.0,4.0,1900.0,228000.0,17.0,13411.764705882351,4,passat
volkswagen,passat cc,2013.0,gasoline,85000,automatic,8cv,1800,sedan,good,standard,5 seats,4 doors,used,54000.0,2026-03,5.0,4.0,1800.0,85000.0,13.0,6538.461538461538,3,passat cc
volkswagen,passat,2019.0,gasoline,100000,manual,7cv,1400,sedan,good,standard,5 seats,4 doors,used,80000.0,2026-03,5.0,4.0,1400.0,100000.0,7.0,14285.714285714286,2,passat
volkswagen,passat,2009.0,diesel,77000,manual,6cv,1900,sedan,good,standard,5 seats,4 doors,used,50000.0,2026-03,5.0,4.0,1900.0,77000.0,17.0,4529.411764705882,4,passat
volkswagen,passat,2017.0,gasoline,250000,automatic,7cv,1400,sedan,good,standard,5 seats,4 doors,used,55000.0,2026-03,5.0,4.0,1400.0,250000.0,9.0,27777.777777777777,3,passat
volkswagen,passat,2016.0,diesel,250000,automatic,6cv,1600,sedan,good,standard,5 seats,4 doors,used,60000.0,2026-03,5.0,4.0,1600.0,250000.0,10.0,25000.0,3,passat
volkswagen,passat,2008.0,diesel,250000,manual,6cv,1900,sedan,medium,standard,5 seats,4 doors,used,24000.0,2026-03,5.0,4.0,1900.0,250000.0,18.0,13888.888888888889,4,passat
volkswagen,jetta,2010.0,gasoline,300000,manual,7cv,1600,sedan,good,standard,5 seats,4 doors,used,26000.0,2026-03,5.0,4.0,1600.0,300000.0,16.0,18750.0,4,jetta
volkswagen,jetta,2011.0,gasoline,150000,manual,6cv,1200,sedan,good,standard,5 seats,4 doors,used,37000.0,2026-03,5.0,4.0,1200.0,150000.0,15.0,10000.0,3,jetta
volkswagen,jetta,2012.0,diesel,223500,manual,7cv,2000,sedan,good,standard,5 seats,4 doors,used,36500.0,2026-03,5.0,4.0,2000.0,223500.0,14.0,15964.285714285714,3,jetta
volkswagen,jetta,2013.0,gasoline,165000,manual,6cv,1200,sedan,good,standard,5 seats,4 doors,used,41000.0,2026-03,5.0,4.0,1200.0,165000.0,13.0,12692.307692307691,3,jetta
volkswagen,jetta,1988.0,gasoline,unknown,manual,7cv,1600,sedan,good,standard,5 seats,4 doors,used,10000.0,2026-03,5.0,4.0,1600.0,,38.0,,4,jetta
volkswagen,jetta,2010.0,diesel,373000,manual,6cv,1900,sedan,good,standard,5 seats,4 doors,used,26000.0,2026-03,5.0,4.0,1900.0,373000.0,16.0,23312.5,4,jetta
volkswagen,jetta,2010.0,diesel,197000,automatic,6cv,1600,sedan,good,standard,5 seats,4 doors,used,34000.0,2026-03,5.0,4.0,1600.0,197000.0,16.0,12312.5,4,jetta
volkswagen,jetta,2016.0,gasoline,122000,manual,5cv,1200,sedan,good,standard,5 seats,4 doors,used,53000.0,2026-03,5.0,4.0,1200.0,122000.0,10.0,12200.0,3,jetta
volkswagen,jetta,2016.0,gasoline,233000,manual,7cv,1400,sedan,good,standard,5 seats,4 doors,used,38000.0,2026-03,5.0,4.0,1400.0,233000.0,10.0,23300.0,3,jetta
volkswagen,jetta,1981.0,diesel,unknown,manual,5cv,1100,sedan,bad,standard,5 seats,4 doors,used,5500.0,2026-03,5.0,4.0,1100.0,,45.0,,4,jetta
volkswagen,jetta,2012.0,diesel,250000,manual,6cv,1900,sedan,medium,standard,5 seats,4 doors,used,25000.0,2026-03,5.0,4.0,1900.0,250000.0,14.0,17857.14285714286,3,jetta
volkswagen,jetta,2009.0,gasoline,unknown,manual,6cv,1200,sedan,medium,standard,5 seats,4 doors,used,24000.0,2026-03,5.0,4.0,1200.0,,17.0,,4,jetta
volkswagen,jetta,2011.0,gasoline,229000,manual,6cv,1200,sedan,medium,standard,5 seats,4 doors,used,30000.0,2026-03,5.0,4.0,1200.0,229000.0,15.0,15266.666666666666,3,jetta
volkswagen,jetta,2013.0,gasoline,260000,automatic,8cv,2000,sedan,good,standard,5 seats,4 doors,used,42000.0,2026-03,5.0,4.0,2000.0,260000.0,13.0,20000.0,3,jetta
volkswagen,jetta,2015.0,gasoline,155000,manual,6cv,1200,sedan,good,standard,5 seats,4 doors,used,40000.0,2026-03,5.0,4.0,1200.0,155000.0,11.0,14090.90909090909,3,jetta
volkswagen,jetta,2010.0,diesel,196000,automatic,6cv,1600,sedan,good,standard,5 seats,4 doors,used,35000.0,2026-03,5.0,4.0,1600.0,196000.0,16.0,12250.0,4,jetta
volkswagen,jetta,2015.0,gasoline,100000,manual,6cv,1400,sedan,good,standard,5 seats,4 doors,used,43000.0,2026-03,5.0,4.0,1400.0,100000.0,11.0,9090.90909090909,3,jetta
volkswagen,jetta,1994.0,gasoline,unknown,manual,5cv,1200,sedan,medium,standard,5 seats,4 doors,used,8000.0,2026-03,5.0,4.0,1200.0,,32.0,,4,jetta
volkswagen,caddy,2010.0,diesel,unknown,manual,7cv,2000,mpv,medium,standard,5 seats,4 doors,used,30000.0,2026-03,5.0,4.0,2000.0,,16.0,,4,caddy
volkswagen,caddy,2023.0,diesel,124000,manual,7cv,2000,light commercial,good,standard,5 seats,4 doors,used,60000.0,2026-03,5.0,4.0,2000.0,124000.0,3.0,41333.333333333336,1,caddy
volkswagen,caddy,2023.0,diesel,79000,manual,7cv,2000,light commercial,good,standard,5 seats,4 doors,used,61000.0,2026-03,5.0,4.0,2000.0,79000.0,3.0,26333.33333333333,1,caddy
volkswagen,caddy,2022.0,diesel,170000,manual,7cv,2000,light commercial,good,standard,5 seats,4 doors,used,57500.0,2026-03,5.0,4.0,2000.0,170000.0,4.0,42500.0,2,caddy
volkswagen,caddy,2023.0,diesel,60000,manual,7cv,2000,light commercial,good,standard,5 seats,4 doors,used,60000.0,2026-03,5.0,4.0,2000.0,60000.0,3.0,20000.0,1,caddy
volkswagen,caddy,2024.0,diesel,60000,manual,7cv,2000,light commercial,good,standard,5 seats,4 doors,used,65000.0,2026-03,5.0,4.0,2000.0,60000.0,2.0,30000.0,1,caddy
volkswagen,caddy,2020.0,diesel,167000,manual,7cv,2000,light commercial,good,standard,5 seats,4 doors,used,50000.0,2026-03,5.0,4.0,2000.0,167000.0,6.0,27833.33333333333,2,caddy
volkswagen,caddy,2021.0,diesel,160000,manual,7cv,2000,light commercial,good,standard,5 seats,4 doors,used,53000.0,2026-03,5.0,4.0,2000.0,160000.0,5.0,32000.0,2,caddy
volkswagen,caddy,2016.0,diesel,300000,manual,5cv,1600,light commercial,medium,standard,5 seats,4 doors,used,35000.0,2026-03,5.0,4.0,1600.0,300000.0,10.0,30000.0,3,caddy
volkswagen,caddy,2014.0,diesel,unknown,manual,8cv,2000,light commercial,medium,standard,5 seats,4 doors,used,25000.0,2026-03,5.0,4.0,2000.0,,12.0,,3,caddy
volkswagen,caddy,2017.0,diesel,178000,manual,5cv,1600,light commercial,good,standard,5 seats,4 doors,used,37500.0,2026-03,5.0,4.0,1600.0,178000.0,9.0,19777.777777777777,3,caddy
volkswagen,caddy,2011.0,diesel,336000,manual,5cv,1600,light commercial,good,standard,5 seats,4 doors,used,27000.0,2026-03,5.0,4.0,1600.0,336000.0,15.0,22400.0,3,caddy
volkswagen,caddy,2011.0,diesel,324000,manual,5cv,1600,mpv,good,standard,5 seats,4 doors,used,34000.0,2026-03,5.0,4.0,1600.0,324000.0,15.0,21600.0,3,caddy
volkswagen,caddy,2023.0,diesel,190000,manual,7cv,2000,light commercial,good,standard,5 seats,4 doors,used,57000.0,2026-03,5.0,4.0,2000.0,190000.0,3.0,63333.333333333336,1,caddy
volkswagen,caddy,2021.0,diesel,170000,manual,7cv,2000,light commercial,good,standard,5 seats,4 doors,used,55000.0,2026-03,5.0,4.0,2000.0,170000.0,5.0,34000.0,2,caddy
volkswagen,caddy,2020.0,diesel,400000,manual,5cv,1600,light commercial,good,standard,5 seats,4 doors,used,43000.0,2026-03,5.0,4.0,1600.0,400000.0,6.0,66666.66666666667,2,caddy
volkswagen,caddy,2012.0,gasoline,220000,manual,7cv,1600,mpv,good,standard,5 seats,4 doors,used,38000.0,2026-03,5.0,4.0,1600.0,220000.0,14.0,15714.285714285714,3,caddy
volkswagen,caddy,2001.0,diesel,unknown,manual,6cv,2000,light commercial,medium,standard,5 seats,4 doors,used,10000.0,2026-03,5.0,4.0,2000.0,,25.0,,4,caddy
volkswagen,caddy,2011.0,diesel,200000,manual,5cv,1600,light commercial,medium,standard,5 seats,4 doors,used,27000.0,2026-03,5.0,4.0,1600.0,200000.0,15.0,13333.333333333334,3,caddy
volkswagen,caddy,2015.0,diesel,160000,manual,5cv,1600,light commercial,medium,standard,5 seats,4 doors,used,32000.0,2026-03,5.0,4.0,1600.0,160000.0,11.0,14545.454545454546,3,caddy
volkswagen,caddy,2018.0,diesel,180000,manual,5cv,1600,light commercial,good,standard,5 seats,4 doors,used,42000.0,2026-03,5.0,4.0,1600.0,180000.0,8.0,22500.0,2,caddy
volkswagen,caddy,2000.0,diesel,unknown,manual,6cv,2000,light commercial,bad,standard,5 seats,4 doors,used,8000.0,2026-03,5.0,4.0,2000.0,,26.0,,4,caddy
volkswagen,caddy,2005.0,diesel,unknown,manual,6cv,1900,light commercial,bad,standard,5 seats,4 doors,used,18000.0,2026-03,5.0,4.0,1900.0,,21.0,,4,caddy
volkswagen,caddy,2010.0,diesel,unknown,manual,6cv,1900,light commercial,bad,standard,5 seats,4 doors,used,16000.0,2026-03,5.0,4.0,1900.0,,16.0,,4,caddy
volkswagen,caddy,2006.0,diesel,unknown,manual,5cv,1900,mpv,medium,standard,5 seats,4 doors,used,27000.0,2026-03,5.0,4.0,1900.0,,20.0,,4,caddy
volkswagen,caddy,2015.0,diesel,unknown,manual,7cv,2000,light commercial,good,standard,5 seats,4 doors,used,34000.0,2026-03,5.0,4.0,2000.0,,11.0,,3,caddy
volkswagen,caddy,2017.0,diesel,unknown,manual,5cv,1600,light commercial,good,standard,5 seats,4 doors,used,36000.0,2026-03,5.0,4.0,1600.0,,9.0,,3,caddy
volkswagen,caddy,2016.0,diesel,205000,manual,5cv,1600,light commercial,good,standard,5 seats,4 doors,used,45000.0,2026-03,5.0,4.0,1600.0,205000.0,10.0,20500.0,3,caddy
volkswagen,caddy,2017.0,diesel,260000,manual,5cv,1600,light commercial,medium,standard,5 seats,4 doors,used,35000.0,2026-03,5.0,4.0,1600.0,260000.0,9.0,28888.88888888889,3,caddy
volkswagen,caddy,2016.0,diesel,300000,manual,5cv,1600,light commercial,medium,standard,5 seats,4 doors,used,34000.0,2026-03,5.0,4.0,1600.0,300000.0,10.0,30000.0,3,caddy
volkswagen,touran,2010.0,gasoline,330000,automatic,9cv,1400,mpv,medium,standard,5 seats,4 doors,used,24000.0,2026-03,5.0,4.0,1400.0,330000.0,16.0,20625.0,4,volkswagen_mpv
volkswagen,touran,2015.0,diesel,360000,manual,7cv,2000,mpv,good,standard,5 seats,4 doors,used,42000.0,2026-03,5.0,4.0,2000.0,360000.0,11.0,32727.272727272728,3,volkswagen_mpv
volkswagen,transporter,2013.0,diesel,unknown,manual,7cv,2000,mpv,good,standard,5 seats,4 doors,used,46000.0,2026-03,5.0,4.0,2000.0,,13.0,,3,transporter
volkswagen,transporter,2017.0,diesel,400000,manual,7cv,2000,heavy commercial,good,standard,5 seats,4 doors,used,36000.0,2026-03,5.0,4.0,2000.0,400000.0,9.0,44444.444444444445,3,transporter
volkswagen,transporter,2016.0,diesel,unknown,manual,7cv,2000,heavy commercial,medium,standard,5 seats,4 doors,used,37000.0,2026-03,5.0,4.0,2000.0,,10.0,,3,transporter
volkswagen,transporter,2001.0,diesel,unknown,manual,6cv,1900,mpv,medium,standard,5 seats,4 doors,used,18000.0,2026-03,5.0,4.0,1900.0,,25.0,,4,transporter
volkswagen,up,2017.0,gasoline,unknown,manual,5cv,1200,hatchback,good,standard,5 seats,4 doors,used,28000.0,2026-03,5.0,4.0,1200.0,,9.0,,3,volkswagen_hatchback
volkswagen,transporter,1998.0,diesel,unknown,manual,7cv,1900,mpv,medium,standard,5 seats,4 doors,used,15000.0,2026-03,5.0,4.0,1900.0,,28.0,,4,transporter
volkswagen,transporter,2008.0,diesel,unknown,manual,7cv,2000,heavy commercial,medium,standard,5 seats,4 doors,used,18500.0,2026-03,5.0,4.0,2000.0,,18.0,,4,transporter
volkswagen,transporter,2012.0,diesel,339000,manual,7cv,2000,heavy commercial,good,standard,5 seats,4 doors,used,42000.0,2026-03,5.0,4.0,2000.0,339000.0,14.0,24214.28571428572,3,transporter
volkswagen,transporter,2002.0,diesel,unknown,manual,7cv,2000,heavy commercial,medium,standard,5 seats,4 doors,used,16500.0,2026-03,5.0,4.0,2000.0,,24.0,,4,transporter
volkswagen,transporter,2018.0,diesel,290000,manual,7cv,2000,heavy commercial,good,standard,5 seats,4 doors,used,48000.0,2026-03,5.0,4.0,2000.0,290000.0,8.0,36250.0,2,transporter
volkswagen,caddy,2001.0,diesel,unknown,manual,6cv,1900,light commercial,good,standard,5 seats,4 doors,used,12000.0,2026-03,5.0,4.0,1900.0,,25.0,,4,caddy
volkswagen,transporter,2016.0,diesel,240000,manual,7cv,2000,heavy commercial,good,standard,5 seats,4 doors,used,51000.0,2026-03,5.0,4.0,2000.0,240000.0,10.0,24000.0,3,transporter
volkswagen,bora,2001.0,gasoline,270000,manual,8cv,1600,sedan,good,standard,5 seats,4 doors,used,22000.0,2026-03,5.0,4.0,1600.0,270000.0,25.0,10800.0,4,volkswagen_sedan
volkswagen,transporter,2008.0,diesel,unknown,manual,7cv,2000,mpv,good,standard,5 seats,4 doors,used,27000.0,2026-03,5.0,4.0,2000.0,,18.0,,4,transporter
volkswagen,transporter,1983.0,diesel,unknown,manual,8cv,2000,mpv,medium,standard,5 seats,4 doors,used,10000.0,2026-03,5.0,4.0,2000.0,,43.0,,4,transporter
volkswagen,transporter,1994.0,diesel,unknown,manual,7cv,1900,heavy commercial,bad,standard,5 seats,4 doors,used,11000.0,2026-03,5.0,4.0,1900.0,,32.0,,4,transporter
volkswagen,transporter,2006.0,diesel,unknown,manual,7cv,1900,mpv,medium,standard,5 seats,4 doors,used,18000.0,2026-03,5.0,4.0,1900.0,,20.0,,4,transporter
volkswagen,crafter,2021.0,diesel,195000,manual,7cv,2000,heavy commercial,good,standard,5 seats,4 doors,used,70000.0,2026-03,5.0,4.0,2000.0,195000.0,5.0,39000.0,2,crafter
volkswagen,crafter,2021.0,diesel,250000,manual,7cv,2000,heavy commercial,good,standard,5 seats,4 doors,used,65000.0,2026-03,5.0,4.0,2000.0,250000.0,5.0,50000.0,2,crafter
volkswagen,crafter,2009.0,diesel,unknown,manual,7cv,2000,heavy commercial,medium,standard,5 seats,4 doors,used,22000.0,2026-03,5.0,4.0,2000.0,,17.0,,4,crafter
volkswagen,crafter,2012.0,diesel,unknown,manual,7cv,2000,heavy commercial,medium,standard,5 seats,4 doors,used,29000.0,2026-03,5.0,4.0,2000.0,,14.0,,3,crafter
volkswagen,crafter,2021.0,diesel,unknown,manual,7cv,2000,heavy commercial,good,standard,5 seats,4 doors,used,61000.0,2026-03,5.0,4.0,2000.0,,5.0,,2,crafter
volkswagen,crafter,2012.0,diesel,320000,manual,7cv,2000,heavy commercial,medium,standard,5 seats,4 doors,used,26000.0,2026-03,5.0,4.0,2000.0,320000.0,14.0,22857.14285714286,3,crafter
volkswagen,crafter,2007.0,diesel,unknown,manual,7cv,2000,heavy commercial,medium,standard,5 seats,4 doors,used,23000.0,2026-03,5.0,4.0,2000.0,,19.0,,4,crafter
volkswagen,crafter,2011.0,diesel,unknown,manual,8cv,2000,heavy commercial,bad,standard,5 seats,4 doors,used,19000.0,2026-03,5.0,4.0,2000.0,,15.0,,3,crafter
volkswagen,crafter,2014.0,diesel,unknown,manual,8cv,2000,heavy commercial,medium,standard,5 seats,4 doors,used,35000.0,2026-03,5.0,4.0,2000.0,,12.0,,3,crafter
volkswagen,crafter,2020.0,diesel,142000,manual,7cv,2000,heavy commercial,good,standard,5 seats,4 doors,used,80000.0,2026-03,5.0,4.0,2000.0,142000.0,6.0,23666.666666666668,2,crafter
volkswagen,crafter,2014.0,diesel,unknown,manual,8cv,2000,heavy commercial,medium,standard,5 seats,4 doors,used,24000.0,2026-03,5.0,4.0,2000.0,,12.0,,3,crafter
volkswagen,crafter,2012.0,diesel,unknown,manual,7cv,2000,heavy commercial,medium,standard,5 seats,4 doors,used,25000.0,2026-03,5.0,4.0,2000.0,,14.0,,3,crafter
volkswagen,amarok,2019.0,diesel,125000,automatic,10cv,3000,pickup 4x4,good,standard,5 seats,4 doors,used,165000.0,2026-03,5.0,4.0,3000.0,125000.0,7.0,17857.14285714286,2,amarok
volkswagen,amarok,2014.0,diesel,225000,manual,7cv,2000,pickup 4x4,good,standard,5 seats,4 doors,used,62000.0,2026-03,5.0,4.0,2000.0,225000.0,12.0,18750.0,3,amarok
volkswagen,amarok,2013.0,diesel,200000,manual,7cv,2000,pickup 4x4,good,standard,5 seats,4 doors,used,63000.0,2026-03,5.0,4.0,2000.0,200000.0,13.0,15384.615384615385,3,amarok
volkswagen,amarok,2016.0,diesel,300000,manual,9cv,2000,pickup 4x4,good,standard,5 seats,4 doors,used,90000.0,2026-03,5.0,4.0,2000.0,300000.0,10.0,30000.0,3,amarok
volkswagen,amarok,2011.0,diesel,266000,manual,8cv,2000,pickup 4x2,medium,standard,5 seats,4 doors,used,56000.0,2026-03,5.0,4.0,2000.0,266000.0,15.0,17733.333333333332,3,amarok
volkswagen,amarok,2015.0,diesel,116000,automatic,8cv,2000,pickup 4x4,good,standard,5 seats,4 doors,used,110000.0,2026-03,5.0,4.0,2000.0,116000.0,11.0,10545.454545454546,3,amarok
volkswagen,amarok,2011.0,diesel,160000,manual,8cv,2000,pickup 4x4,good,standard,5 seats,4 doors,used,55000.0,2026-03,5.0,4.0,2000.0,160000.0,15.0,10666.666666666666,3,amarok
volkswagen,amarok,2018.0,diesel,227000,automatic,7cv,2000,pickup 4x4,good,standard,5 seats,4 doors,used,91000.0,2026-03,5.0,4.0,2000.0,227000.0,8.0,28375.0,2,amarok
volkswagen,amarok,2013.0,diesel,205000,manual,7cv,2000,pickup 4x4,good,standard,5 seats,4 doors,used,56000.0,2026-03,5.0,4.0,2000.0,205000.0,13.0,15769.23076923077,3,amarok
volkswagen,amarok,2012.0,diesel,280000,manual,8cv,2000,pickup 4x4,good,standard,5 seats,4 doors,used,60000.0,2026-03,5.0,4.0,2000.0,280000.0,14.0,20000.0,3,amarok
volkswagen,amarok,2013.0,diesel,94000,automatic,7cv,2000,suv 4x2,good,standard,5 seats,4 doors,used,80000.0,2026-03,5.0,4.0,2000.0,94000.0,13.0,7230.7692307692305,3,amarok
volkswagen,amarok,2016.0,diesel,275000,automatic,7cv,2000,pickup 4x4,good,standard,5 seats,4 doors,used,85000.0,2026-03,5.0,4.0,2000.0,275000.0,10.0,27500.0,3,amarok
volkswagen,amarok,2020.0,diesel,105000,automatic,7cv,2000,pickup 4x4,good,standard,5 seats,4 doors,used,130000.0,2026-03,5.0,4.0,2000.0,105000.0,6.0,17500.0,2,amarok
volkswagen,amarok,2013.0,diesel,350000,manual,7cv,2000,pickup 4x2,good,standard,5 seats,4 doors,used,40000.0,2026-03,5.0,4.0,2000.0,350000.0,13.0,26923.07692307692,3,amarok
volkswagen,amarok,2011.0,diesel,unknown,manual,7cv,2000,pickup 4x2,good,standard,5 seats,4 doors,used,51000.0,2026-03,5.0,4.0,2000.0,,15.0,,3,amarok
volkswagen,amarok,2011.0,diesel,unknown,manual,8cv,2000,pickup 4x4,good,standard,5 seats,4 doors,used,58000.0,2026-03,5.0,4.0,2000.0,,15.0,,3,amarok
volkswagen,amarok,2013.0,diesel,303000,automatic,7cv,2000,pickup 4x4,good,standard,5 seats,4 doors,used,62000.0,2026-03,5.0,4.0,2000.0,303000.0,13.0,23307.69230769231,3,amarok
volkswagen,amarok,2013.0,diesel,250000,manual,7cv,2000,pickup 4x4,good,standard,5 seats,4 doors,used,64000.0,2026-03,5.0,4.0,2000.0,250000.0,13.0,19230.76923076923,3,amarok
volkswagen,amarok,2013.0,diesel,unknown,manual,7cv,2000,pickup 4x4,good,standard,5 seats,4 doors,used,56000.0,2026-03,5.0,4.0,2000.0,,13.0,,3,amarok
volkswagen,amarok,2011.0,diesel,350000,manual,7cv,2000,pickup 4x2,medium,standard,5 seats,4 doors,used,39000.0,2026-03,5.0,4.0,2000.0,350000.0,15.0,23333.33333333333,3,amarok
volkswagen,amarok,2014.0,diesel,144000,automatic,7cv,2000,pickup 4x4,good,standard,5 seats,4 doors,used,80000.0,2026-03,5.0,4.0,2000.0,144000.0,12.0,12000.0,3,amarok
volkswagen,amarok,2012.0,diesel,310000,manual,7cv,2000,pickup 4x4,good,standard,5 seats,4 doors,used,57000.0,2026-03,5.0,4.0,2000.0,310000.0,14.0,22142.85714285714,3,amarok
volkswagen,amarok,2012.0,diesel,320000,manual,7cv,2000,pickup 4x4,good,standard,5 seats,4 doors,used,53000.0,2026-03,5.0,4.0,2000.0,320000.0,14.0,22857.14285714286,3,amarok
volkswagen,amarok,2013.0,diesel,unknown,manual,7cv,2000,pickup 4x4,medium,standard,5 seats,4 doors,used,45000.0,2026-03,5.0,4.0,2000.0,,13.0,,3,amarok
volkswagen,up,2021.0,gasoline,89000,manual,4cv,1000,hatchback,good,standard,5 seats,4 doors,used,36000.0,2026-03,5.0,4.0,1000.0,89000.0,5.0,17800.0,2,volkswagen_hatchback
volkswagen,up,2016.0,gasoline,unknown,manual,4cv,1000,hatchback,bad,standard,5 seats,4 doors,used,24000.0,2026-03,5.0,4.0,1000.0,,10.0,,3,volkswagen_hatchback
peugeot,206 plus,2011.0,gasoline,221000,manual,4cv,1100,hatchback,good,standard,5 seats,4 doors,used,23000.0,2026-03,5.0,4.0,1100.0,221000.0,15.0,14733.333333333334,3,206 plus
peugeot,2008,2022.0,diesel,138000,manual,6cv,1500,crossover,good,standard,5 seats,4 doors,used,58000.0,2026-03,5.0,4.0,1500.0,138000.0,4.0,34500.0,2,2008
peugeot,3008,2021.0,diesel,110000,automatic,7cv,1500,suv 4x2,good,standard,5 seats,4 doors,used,70000.0,2026-03,5.0,4.0,1500.0,110000.0,5.0,22000.0,2,3008
peugeot,partner,2001.0,diesel,350000,manual,7cv,1900,light commercial,medium,standard,2 seats,4 doors,used,12000.0,2026-03,2.0,4.0,1900.0,350000.0,25.0,14000.0,4,partner
peugeot,106,2000.0,gasoline,unknown,manual,4cv,1100,hatchback,medium,standard,5 seats,4 doors,used,10000.0,2026-03,5.0,4.0,1100.0,,26.0,,4,106
peugeot,208,2019.0,gasoline,107000,manual,5cv,1200,hatchback,good,standard,5 seats,4 doors,used,32000.0,2026-03,5.0,4.0,1200.0,107000.0,7.0,15285.714285714286,2,208
peugeot,208,2021.0,gasoline,90000,manual,5cv,1200,hatchback,good,standard,5 seats,4 doors,used,38000.0,2026-03,5.0,4.0,1200.0,90000.0,5.0,18000.0,2,208
peugeot,bipper,2016.0,gasoline,154000,manual,5cv,1400,mpv,medium,standard,5 seats,4 doors,used,34000.0,2026-03,5.0,4.0,1400.0,154000.0,10.0,15400.0,3,bipper
peugeot,208,2020.0,gasoline,105000,manual,4cv,1200,hatchback,medium,standard,5 seats,4 doors,used,29000.0,2026-03,5.0,4.0,1200.0,105000.0,6.0,17500.0,2,208
peugeot,308,2010.0,diesel,340000,manual,6cv,1600,hatchback,medium,standard,5 seats,4 doors,used,23000.0,2026-03,5.0,4.0,1600.0,340000.0,16.0,21250.0,4,308
peugeot,106,1998.0,gasoline,240000,manual,4cv,1100,hatchback,medium,standard,5 seats,4 doors,used,11000.0,2026-03,5.0,4.0,1100.0,240000.0,28.0,8571.42857142857,4,106
peugeot,407,2009.0,diesel,210000,manual,6cv,1600,sedan,medium,standard,5 seats,4 doors,used,25000.0,2026-03,5.0,4.0,1600.0,210000.0,17.0,12352.941176470587,4,407
peugeot,405,1994.0,gasoline,unknown,manual,6cv,1400,sedan,bad,standard,5 seats,4 doors,used,4000.0,2026-03,5.0,4.0,1400.0,,32.0,,4,peugeot_sedan
peugeot,3008,2021.0,diesel,117000,automatic,7cv,1500,suv 4x4,good,standard,5 seats,4 doors,used,75000.0,2026-03,5.0,4.0,1500.0,117000.0,5.0,23400.0,2,3008
peugeot,partner,2003.0,diesel,450000,manual,5cv,1900,mpv,medium,standard,5 seats,4 doors,used,23000.0,2026-03,5.0,4.0,1900.0,450000.0,23.0,19565.217391304348,4,partner
peugeot,3008,2018.0,gasoline,74000,automatic,9cv,1600,suv 4x4,good,standard,5 seats,4 doors,used,64000.0,2026-03,5.0,4.0,1600.0,74000.0,8.0,9250.0,2,3008
peugeot,expert,2021.0,diesel,141000,manual,7cv,2000,heavy commercial,good,standard,3 seats,4 doors,used,54000.0,2026-03,3.0,4.0,2000.0,141000.0,5.0,28200.0,2,expert
peugeot,208,2017.0,gasoline,140000,manual,5cv,1200,hatchback,medium,standard,5 seats,4 doors,used,22000.0,2026-03,5.0,4.0,1200.0,140000.0,9.0,15555.555555555557,3,208
peugeot,partner,2015.0,diesel,unknown,manual,5cv,1600,light commercial,medium,standard,2 seats,4 doors,used,26000.0,2026-03,2.0,4.0,1600.0,,11.0,,3,partner
peugeot,308,2011.0,gasoline,320000,manual,6cv,1200,hatchback,medium,standard,5 seats,4 doors,used,20000.0,2026-03,5.0,4.0,1200.0,320000.0,15.0,21333.33333333333,3,308
peugeot,3008,2021.0,hybrid,95000,automatic,7cv,1600,suv 4x2,good,standard,5 seats,4 doors,used,90000.0,2026-03,5.0,4.0,1600.0,95000.0,5.0,19000.0,2,3008
peugeot,expert,2013.0,diesel,210000,manual,7cv,2000,heavy commercial,medium,standard,3 seats,4 doors,used,24000.0,2026-03,3.0,4.0,2000.0,210000.0,13.0,16153.846153846154,3,expert
peugeot,508,2012.0,diesel,242000,manual,6cv,1600,sedan,medium,standard,5 seats,4 doors,used,33000.0,2026-03,5.0,4.0,1600.0,242000.0,14.0,17285.714285714286,3,508
peugeot,206,2008.0,gasoline,262000,manual,6cv,1400,sedan,medium,standard,5 seats,4 doors,used,18500.0,2026-03,5.0,4.0,1400.0,262000.0,18.0,14555.555555555557,4,206
peugeot,106,1996.0,gasoline,unknown,manual,4cv,1100,sedan,medium,standard,5 seats,4 doors,used,8000.0,2026-03,5.0,4.0,1100.0,,30.0,,4,106
peugeot,508,2014.0,gasoline,230000,automatic,7cv,1600,sedan,medium,standard,5 seats,4 doors,used,36000.0,2026-03,5.0,4.0,1600.0,230000.0,12.0,19166.666666666668,3,508
peugeot,partner,2022.0,diesel,130000,manual,5cv,1600,light commercial,good,standard,2 seats,4 doors,used,37000.0,2026-03,2.0,4.0,1600.0,130000.0,4.0,32500.0,2,partner
peugeot,partner,2021.0,diesel,160000,automatic,6cv,1600,light commercial,good,standard,2 seats,4 doors,used,45000.0,2026-03,2.0,4.0,1600.0,160000.0,5.0,32000.0,2,partner
peugeot,207 cc,2008.0,gasoline,unknown,manual,7cv,1600,convertible,medium,standard,5 seats,4 doors,used,26000.0,2026-03,5.0,4.0,1600.0,,18.0,,4,peugeot_convertible
peugeot,404,1969.0,gasoline,unknown,manual,9cv,1600,sedan,good,standard,5 seats,4 doors,used,19000.0,2026-03,5.0,4.0,1600.0,,57.0,,4,404
peugeot,2008,2018.0,gasoline,143000,manual,6cv,1200,crossover,good,standard,5 seats,4 doors,used,44000.0,2026-03,5.0,4.0,1200.0,143000.0,8.0,17875.0,2,2008
peugeot,expert,2020.0,diesel,181000,manual,8cv,2000,heavy commercial,good,standard,3 seats,2 doors,used,46000.0,2026-03,3.0,2.0,2000.0,181000.0,6.0,30166.666666666668,2,expert
peugeot,308,2018.0,gasoline,138000,manual,6cv,1200,hatchback,good,standard,5 seats,4 doors,used,37000.0,2026-03,5.0,4.0,1200.0,138000.0,8.0,17250.0,2,308
peugeot,partner,2022.0,diesel,220000,manual,6cv,1600,light commercial,good,standard,2 seats,4 doors,used,43000.0,2026-03,2.0,4.0,1600.0,220000.0,4.0,55000.0,2,partner
peugeot,308,2020.0,diesel,230000,automatic,6cv,1500,hatchback,good,standard,5 seats,4 doors,used,48000.0,2026-03,5.0,4.0,1500.0,230000.0,6.0,38333.333333333336,2,308
peugeot,landtrek,2023.0,diesel,41000,manual,6cv,1900,pickup 4x2,good,standard,2 seats,2 doors,used,68000.0,2026-03,2.0,2.0,1900.0,41000.0,3.0,13666.666666666666,1,landtrek
peugeot,2008,2015.0,gasoline,98000,manual,5cv,1200,crossover,good,standard,5 seats,4 doors,used,36000.0,2026-03,5.0,4.0,1200.0,98000.0,11.0,8909.09090909091,3,2008
peugeot,208,2023.0,gasoline,59000,manual,4cv,1000,hatchback,good,standard,5 seats,4 doors,used,38000.0,2026-03,5.0,4.0,1000.0,59000.0,3.0,19666.666666666668,1,208
peugeot,208,2017.0,gasoline,97000,manual,5cv,1200,hatchback,medium,standard,5 seats,4 doors,used,25000.0,2026-03,5.0,4.0,1200.0,97000.0,9.0,10777.777777777776,3,208
peugeot,5008,2022.0,gasoline,81000,automatic,7cv,1500,suv 4x2,good,standard,5 seats,4 doors,used,79000.0,2026-03,5.0,4.0,1500.0,81000.0,4.0,20250.0,2,5008
peugeot,206,2000.0,gasoline,unknown,manual,4cv,1400,hatchback,medium,standard,5 seats,4 doors,used,13000.0,2026-03,5.0,4.0,1400.0,,26.0,,4,206
peugeot,206,2003.0,gasoline,300000,manual,4cv,1400,hatchback,good,standard,5 seats,4 doors,used,16500.0,2026-03,5.0,4.0,1400.0,300000.0,23.0,13043.478260869566,4,206
peugeot,partner,2021.0,diesel,143000,manual,5cv,1500,light commercial,good,standard,3 seats,4 doors,used,50000.0,2026-03,3.0,4.0,1500.0,143000.0,5.0,28600.0,2,partner
peugeot,208,2020.0,gasoline,85000,manual,4cv,1000,hatchback,good,standard,5 seats,4 doors,used,30000.0,2026-03,5.0,4.0,1000.0,85000.0,6.0,14166.666666666666,2,208
peugeot,5008,2019.0,gasoline,130000,automatic,9cv,1600,suv 4x2,good,standard,5 seats,4 doors,used,66000.0,2026-03,5.0,4.0,1600.0,130000.0,7.0,18571.42857142857,2,5008
peugeot,207,2007.0,diesel,400000,manual,4cv,1400,hatchback,medium,standard,5 seats,4 doors,used,18000.0,2026-03,5.0,4.0,1400.0,400000.0,19.0,21052.63157894737,4,peugeot_hatchback
peugeot,308,2009.0,gasoline,280000,manual,6cv,1600,hatchback,medium,standard,5 seats,4 doors,used,18000.0,2026-03,5.0,4.0,1600.0,280000.0,17.0,16470.58823529412,4,308
peugeot,207,2009.0,diesel,260000,manual,5cv,1600,hatchback,good,standard,5 seats,4 doors,used,23000.0,2026-03,5.0,4.0,1600.0,260000.0,17.0,15294.117647058823,4,peugeot_hatchback
peugeot,2008,2021.0,gasoline,42000,manual,5cv,1600,crossover,good,standard,5 seats,4 doors,used,67000.0,2026-03,5.0,4.0,1600.0,42000.0,5.0,8400.0,2,2008
peugeot,3008,2017.0,diesel,200000,automatic,6cv,1600,suv 4x4,good,standard,5 seats,4 doors,used,60000.0,2026-03,5.0,4.0,1600.0,200000.0,9.0,22222.222222222223,3,3008
peugeot,expert,2009.0,diesel,120000,manual,7cv,1900,mpv,medium,standard,9 seats,4 doors,used,20000.0,2026-03,9.0,4.0,1900.0,120000.0,17.0,7058.823529411765,4,expert
peugeot,partner,2022.0,diesel,110000,manual,6cv,1500,light commercial,good,standard,3 seats,4 doors,used,46000.0,2026-03,3.0,4.0,1500.0,110000.0,4.0,27500.0,2,partner
peugeot,partner,2020.0,diesel,200000,manual,5cv,1600,light commercial,good,standard,2 seats,4 doors,used,36000.0,2026-03,2.0,4.0,1600.0,200000.0,6.0,33333.333333333336,2,partner
peugeot,406,2001.0,gasoline,unknown,manual,7cv,1600,sedan,medium,standard,5 seats,4 doors,used,14000.0,2026-03,5.0,4.0,1600.0,,25.0,,4,406
peugeot,301,2015.0,gasoline,162000,manual,5cv,1200,sedan,medium,standard,5 seats,4 doors,used,23000.0,2026-03,5.0,4.0,1200.0,162000.0,11.0,14727.272727272728,3,301
peugeot,partner,2023.0,diesel,158000,manual,5cv,1600,light commercial,good,standard,2 seats,4 doors,used,44000.0,2026-03,2.0,4.0,1600.0,158000.0,3.0,52666.66666666666,1,partner
peugeot,2008,2021.0,diesel,150000,manual,6cv,1500,crossover,good,standard,5 seats,4 doors,used,63000.0,2026-03,5.0,4.0,1500.0,150000.0,5.0,30000.0,2,2008
peugeot,308,2019.0,gasoline,211000,manual,6cv,1200,hatchback,medium,standard,5 seats,4 doors,used,33000.0,2026-03,5.0,4.0,1200.0,211000.0,7.0,30142.85714285714,2,308
peugeot,partner,2020.0,diesel,190000,manual,5cv,1600,light commercial,good,standard,2 seats,4 doors,used,38000.0,2026-03,2.0,4.0,1600.0,190000.0,6.0,31666.666666666668,2,partner
peugeot,406,1998.0,gasoline,unknown,manual,7cv,1600,sedan,medium,standard,5 seats,4 doors,used,13000.0,2026-03,5.0,4.0,1600.0,,28.0,,4,406
peugeot,bipper,2013.0,gasoline,205000,manual,5cv,1400,mpv,good,standard,5 seats,4 doors,used,29000.0,2026-03,5.0,4.0,1400.0,205000.0,13.0,15769.23076923077,3,bipper
peugeot,partner,2021.0,diesel,115000,manual,5cv,1600,light commercial,good,standard,2 seats,4 doors,used,48000.0,2026-03,2.0,4.0,1600.0,115000.0,5.0,23000.0,2,partner
peugeot,308,2017.0,gasoline,224000,manual,6cv,1200,hatchback,medium,standard,5 seats,4 doors,used,28000.0,2026-03,5.0,4.0,1200.0,224000.0,9.0,24888.88888888889,3,308
peugeot,107,2018.0,gasoline,115000,manual,4cv,1000,hatchback,good,standard,5 seats,4 doors,used,27000.0,2026-03,5.0,4.0,1000.0,115000.0,8.0,14375.0,2,peugeot_hatchback
peugeot,508,2011.0,diesel,206000,manual,6cv,1600,sedan,good,standard,5 seats,4 doors,used,32000.0,2026-03,5.0,4.0,1600.0,206000.0,15.0,13733.333333333334,3,508
peugeot,504,1988.0,diesel,unknown,manual,7cv,1600,pickup 4x2,good,standard,2 seats,2 doors,used,12000.0,2026-03,2.0,2.0,1600.0,,38.0,,4,504
peugeot,landtrek,2021.0,diesel,70000,manual,6cv,1900,pickup 4x2,medium,standard,2 seats,2 doors,used,48000.0,2026-03,2.0,2.0,1900.0,70000.0,5.0,14000.0,2,landtrek
peugeot,208,2022.0,diesel,104000,manual,5cv,1500,hatchback,good,standard,5 seats,4 doors,used,46000.0,2026-03,5.0,4.0,1500.0,104000.0,4.0,26000.0,2,208
peugeot,landtrek,2024.0,diesel,50000,manual,6cv,1900,pickup 4x4,good,standard,5 seats,4 doors,used,85000.0,2026-03,5.0,4.0,1900.0,50000.0,2.0,25000.0,1,landtrek
peugeot,407,2004.0,diesel,337000,manual,8cv,2000,wagon,medium,standard,5 seats,4 doors,used,19000.0,2026-03,5.0,4.0,2000.0,337000.0,22.0,15318.181818181818,4,407
peugeot,301,2016.0,gasoline,112000,manual,5cv,1200,sedan,good,standard,5 seats,4 doors,used,26000.0,2026-03,5.0,4.0,1200.0,112000.0,10.0,11200.0,3,301
peugeot,2008,2020.0,gasoline,68000,manual,5cv,1200,crossover,good,standard,5 seats,4 doors,used,37000.0,2026-03,5.0,4.0,1200.0,68000.0,6.0,11333.333333333334,2,2008
peugeot,partner,2011.0,diesel,200000,manual,5cv,1600,mpv,good,standard,5 seats,4 doors,used,40000.0,2026-03,5.0,4.0,1600.0,200000.0,15.0,13333.333333333334,3,partner
peugeot,301,2017.0,gasoline,160000,manual,5cv,1200,sedan,medium,standard,5 seats,4 doors,used,20000.0,2026-03,5.0,4.0,1200.0,160000.0,9.0,17777.777777777777,3,301
peugeot,3008,2021.0,diesel,150000,automatic,7cv,1500,suv 4x2,good,standard,5 seats,4 doors,used,72000.0,2026-03,5.0,4.0,1500.0,150000.0,5.0,30000.0,2,3008
peugeot,bipper,2016.0,diesel,260000,manual,5cv,1300,light commercial,medium,standard,2 seats,4 doors,used,23000.0,2026-03,2.0,4.0,1300.0,260000.0,10.0,26000.0,3,bipper
peugeot,partner,2010.0,diesel,240000,manual,5cv,1600,mpv,medium,standard,5 seats,4 doors,used,40000.0,2026-03,5.0,4.0,1600.0,240000.0,16.0,15000.0,4,partner
peugeot,3008,2017.0,gasoline,150000,automatic,9cv,1600,suv 4x2,good,standard,5 seats,4 doors,used,55000.0,2026-03,5.0,4.0,1600.0,150000.0,9.0,16666.666666666668,3,3008
peugeot,partner,2022.0,diesel,170000,manual,5cv,1500,light commercial,good,standard,3 seats,4 doors,used,51000.0,2026-03,3.0,4.0,1500.0,170000.0,4.0,42500.0,2,partner
peugeot,bipper,2017.0,diesel,234000,manual,5cv,1300,light commercial,medium,standard,2 seats,4 doors,used,23000.0,2026-03,2.0,4.0,1300.0,234000.0,9.0,26000.0,3,bipper
peugeot,301,2022.0,gasoline,90000,manual,5cv,1200,sedan,good,standard,5 seats,4 doors,used,32000.0,2026-03,5.0,4.0,1200.0,90000.0,4.0,22500.0,2,301
peugeot,landtrek,2022.0,diesel,100000,manual,7cv,1900,pickup 4x2,good,standard,5 seats,4 doors,used,60000.0,2026-03,5.0,4.0,1900.0,100000.0,4.0,25000.0,2,landtrek
peugeot,301,2017.0,gasoline,170000,manual,5cv,1200,sedan,medium,standard,5 seats,4 doors,used,20000.0,2026-03,5.0,4.0,1200.0,170000.0,9.0,18888.88888888889,3,301
peugeot,407,2009.0,gasoline,257000,manual,6cv,1600,sedan,medium,standard,5 seats,4 doors,used,25000.0,2026-03,5.0,4.0,1600.0,257000.0,17.0,15117.64705882353,4,407
peugeot,expert,2019.0,diesel,184000,manual,6cv,1600,heavy commercial,good,standard,5 seats,4 doors,used,49000.0,2026-03,5.0,4.0,1600.0,184000.0,7.0,26285.714285714286,2,expert
peugeot,407,2008.0,diesel,335000,manual,6cv,1600,wagon,medium,standard,5 seats,4 doors,used,25000.0,2026-03,5.0,4.0,1600.0,335000.0,18.0,18611.11111111111,4,407
peugeot,partner,2012.0,diesel,unknown,manual,7cv,1900,light commercial,good,standard,2 seats,4 doors,used,18000.0,2026-03,2.0,4.0,1900.0,,14.0,,3,partner
peugeot,205,1993.0,gasoline,unknown,manual,4cv,1000,hatchback,medium,standard,5 seats,4 doors,used,8000.0,2026-03,5.0,4.0,1000.0,,33.0,,4,peugeot_hatchback
peugeot,2008,2014.0,gasoline,240000,manual,5cv,1200,crossover,medium,standard,5 seats,4 doors,used,32000.0,2026-03,5.0,4.0,1200.0,240000.0,12.0,20000.0,3,2008
peugeot,partner,2006.0,gasoline,368000,manual,7cv,1600,mpv,medium,standard,5 seats,4 doors,used,22000.0,2026-03,5.0,4.0,1600.0,368000.0,20.0,18400.0,4,partner
peugeot,108,2017.0,gasoline,113000,manual,4cv,1000,hatchback,good,standard,5 seats,4 doors,used,30000.0,2026-03,5.0,4.0,1000.0,113000.0,9.0,12555.555555555557,3,peugeot_hatchback
peugeot,5008,2021.0,gasoline,82500,automatic,5cv,1200,suv 4x2,good,standard,5 seats,4 doors,used,82000.0,2026-03,5.0,4.0,1200.0,82500.0,5.0,16500.0,2,5008
peugeot,405,1996.0,diesel,unknown,manual,6cv,1900,wagon,bad,standard,5 seats,4 doors,used,10000.0,2026-03,5.0,4.0,1900.0,,30.0,,4,peugeot_wagon
peugeot,boxer,2022.0,diesel,130000,manual,7cv,2200,heavy commercial,good,standard,3 seats,4 doors,used,52000.0,2026-03,3.0,4.0,2200.0,130000.0,4.0,32500.0,2,boxer
peugeot,206 plus,2010.0,gasoline,unknown,manual,4cv,1100,hatchback,good,standard,5 seats,4 doors,used,21000.0,2026-03,5.0,4.0,1100.0,,16.0,,4,206 plus
peugeot,5008,2014.0,diesel,290000,automatic,6cv,1600,mpv,good,standard,5 seats,4 doors,used,40000.0,2026-03,5.0,4.0,1600.0,290000.0,12.0,24166.666666666668,3,5008
peugeot,206 plus,2012.0,gasoline,200000,manual,5cv,1100,hatchback,good,standard,5 seats,4 doors,used,23000.0,2026-03,5.0,4.0,1100.0,200000.0,14.0,14285.714285714286,3,206 plus
peugeot,landtrek,2022.0,diesel,135000,manual,6cv,1900,pickup 4x2,good,standard,2 seats,2 doors,used,53000.0,2026-03,2.0,2.0,1900.0,135000.0,4.0,33750.0,2,landtrek
peugeot,208,2021.0,gasoline,77000,manual,5cv,1200,hatchback,good,standard,5 seats,4 doors,used,34000.0,2026-03,5.0,4.0,1200.0,77000.0,5.0,15400.0,2,208
peugeot,partner,2022.0,diesel,118000,manual,5cv,1600,light commercial,good,standard,2 seats,4 doors,used,40000.0,2026-03,2.0,4.0,1600.0,118000.0,4.0,29500.0,2,partner
peugeot,partner,2020.0,diesel,133000,manual,5cv,1500,light commercial,good,standard,3 seats,4 doors,used,45000.0,2026-03,3.0,4.0,1500.0,133000.0,6.0,22166.666666666668,2,partner
peugeot,boxer,2015.0,diesel,unknown,manual,9cv,2200,heavy commercial,good,standard,3 seats,4 doors,used,35000.0,2026-03,3.0,4.0,2200.0,,11.0,,3,boxer
peugeot,partner,2010.0,diesel,252000,manual,7cv,1900,light commercial,good,standard,2 seats,4 doors,used,19000.0,2026-03,2.0,4.0,1900.0,252000.0,16.0,15750.0,4,partner
peugeot,partner,2017.0,diesel,178000,manual,5cv,1600,light commercial,good,standard,3 seats,4 doors,used,40000.0,2026-03,3.0,4.0,1600.0,178000.0,9.0,19777.777777777777,3,partner
peugeot,partner,2008.0,diesel,unknown,manual,5cv,1600,light commercial,medium,standard,5 seats,4 doors,used,18000.0,2026-03,5.0,4.0,1600.0,,18.0,,4,partner
peugeot,206,2004.0,gasoline,171000,manual,4cv,1200,hatchback,medium,standard,5 seats,4 doors,used,18000.0,2026-03,5.0,4.0,1200.0,171000.0,22.0,7772.727272727273,4,206
peugeot,308,2016.0,gasoline,193000,manual,5cv,1200,hatchback,medium,standard,5 seats,4 doors,used,35500.0,2026-03,5.0,4.0,1200.0,193000.0,10.0,19300.0,3,308
peugeot,107,2009.0,gasoline,135000,manual,4cv,1000,hatchback,medium,standard,5 seats,4 doors,used,20000.0,2026-03,5.0,4.0,1000.0,135000.0,17.0,7941.176470588235,4,peugeot_hatchback
peugeot,305,1989.0,diesel,unknown,manual,6cv,1600,sedan,bad,standard,5 seats,4 doors,used,3000.0,2026-03,5.0,4.0,1600.0,,37.0,,4,peugeot_sedan
peugeot,partner,2004.0,diesel,unknown,manual,6cv,1900,light commercial,medium,standard,2 seats,4 doors,used,13000.0,2026-03,2.0,4.0,1900.0,,22.0,,4,partner
peugeot,306,2000.0,gasoline,unknown,manual,6cv,1600,sedan,medium,standard,5 seats,4 doors,used,11000.0,2026-03,5.0,4.0,1600.0,,26.0,,4,peugeot_sedan
peugeot,partner,2015.0,diesel,125000,manual,5cv,1600,light commercial,medium,standard,3 seats,4 doors,used,35000.0,2026-03,3.0,4.0,1600.0,125000.0,11.0,11363.636363636364,3,partner
peugeot,106,1992.0,gasoline,unknown,manual,5cv,1100,hatchback,medium,standard,5 seats,4 doors,used,8000.0,2026-03,5.0,4.0,1100.0,,34.0,,4,106
peugeot,2008,2015.0,gasoline,160000,manual,5cv,1200,crossover,medium,standard,5 seats,4 doors,used,30000.0,2026-03,5.0,4.0,1200.0,160000.0,11.0,14545.454545454546,3,2008
peugeot,expert,2004.0,diesel,unknown,manual,7cv,1600,heavy commercial,bad,standard,3 seats,4 doors,used,11000.0,2026-03,3.0,4.0,1600.0,,22.0,,4,expert
peugeot,104,1989.0,gasoline,unknown,manual,4cv,1100,hatchback,medium,standard,5 seats,4 doors,used,4000.0,2026-03,5.0,4.0,1100.0,,37.0,,4,peugeot_hatchback
peugeot,206,2000.0,gasoline,338000,manual,5cv,1200,hatchback,medium,standard,5 seats,4 doors,used,16000.0,2026-03,5.0,4.0,1200.0,338000.0,26.0,13000.0,4,206
peugeot,205,1984.0,gasoline,unknown,manual,4cv,1100,hatchback,bad,standard,5 seats,4 doors,used,4000.0,2026-03,5.0,4.0,1100.0,,42.0,,4,peugeot_hatchback
peugeot,406,1995.0,gasoline,unknown,manual,7cv,1600,sedan,medium,standard,5 seats,4 doors,used,11500.0,2026-03,5.0,4.0,1600.0,,31.0,,4,406
peugeot,406,1998.0,gasoline,unknown,manual,7cv,1600,sedan,bad,standard,5 seats,4 doors,used,9000.0,2026-03,5.0,4.0,1600.0,,28.0,,4,406
peugeot,306,1999.0,gasoline,unknown,manual,7cv,1600,sedan,medium,standard,5 seats,4 doors,used,11000.0,2026-03,5.0,4.0,1600.0,,27.0,,4,peugeot_sedan
peugeot,305,1984.0,gasoline,unknown,manual,7cv,1600,sedan,bad,standard,5 seats,4 doors,used,2700.0,2026-03,5.0,4.0,1600.0,,42.0,,4,peugeot_sedan
peugeot,boxer,2015.0,diesel,330000,manual,9cv,2200,heavy commercial,medium,standard,3 seats,4 doors,used,18000.0,2026-03,3.0,4.0,2200.0,330000.0,11.0,30000.0,3,boxer
peugeot,104,1976.0,gasoline,unknown,manual,4cv,1100,hatchback,bad,standard,5 seats,4 doors,used,2500.0,2026-03,5.0,4.0,1100.0,,50.0,,4,peugeot_hatchback
peugeot,205,1993.0,gasoline,unknown,manual,4cv,1100,hatchback,medium,standard,5 seats,4 doors,used,6000.0,2026-03,5.0,4.0,1100.0,,33.0,,4,peugeot_hatchback
peugeot,405,1992.0,diesel,unknown,manual,7cv,1600,sedan,medium,standard,5 seats,4 doors,used,9000.0,2026-03,5.0,4.0,1600.0,,34.0,,4,peugeot_sedan
peugeot,106,1995.0,gasoline,unknown,manual,4cv,1100,hatchback,medium,standard,5 seats,4 doors,used,8000.0,2026-03,5.0,4.0,1100.0,,31.0,,4,106
peugeot,106,1995.0,gasoline,unknown,manual,4cv,1100,hatchback,medium,standard,5 seats,4 doors,used,11000.0,2026-03,5.0,4.0,1100.0,,31.0,,4,106
peugeot,boxer,2006.0,gasoline,unknown,manual,8cv,2200,heavy commercial,bad,standard,3 seats,4 doors,used,16000.0,2026-03,3.0,4.0,2200.0,,20.0,,4,boxer
peugeot,206 plus,2010.0,gasoline,unknown,manual,5cv,1400,hatchback,bad,standard,5 seats,4 doors,used,16000.0,2026-03,5.0,4.0,1400.0,,16.0,,4,206 plus
peugeot,308,2010.0,diesel,unknown,manual,5cv,1600,wagon,good,standard,5 seats,4 doors,used,30000.0,2026-03,5.0,4.0,1600.0,,16.0,,4,308
peugeot,landtrek,2022.0,diesel,90000,manual,6cv,1900,pickup 4x2,good,standard,2 seats,2 doors,used,53000.0,2026-03,2.0,2.0,1900.0,90000.0,4.0,22500.0,2,landtrek
peugeot,landtrek,2023.0,diesel,15000,manual,6cv,1900,pickup 4x2,good,standard,5 seats,4 doors,used,87000.0,2026-03,5.0,4.0,1900.0,15000.0,3.0,5000.0,1,landtrek
peugeot,404,1970.0,diesel,unknown,manual,8cv,1400,pickup 4x2,bad,standard,2 seats,2 doors,used,4000.0,2026-03,2.0,2.0,1400.0,,56.0,,4,404
peugeot,3008,2012.0,gasoline,220000,manual,7cv,1600,mpv,medium,standard,5 seats,4 doors,used,30000.0,2026-03,5.0,4.0,1600.0,220000.0,14.0,15714.285714285714,3,3008
peugeot,504,1980.0,diesel,unknown,manual,9cv,1900,pickup 4x2,good,standard,2 seats,2 doors,used,10000.0,2026-03,2.0,2.0,1900.0,,46.0,,4,504
peugeot,505,1985.0,gasoline,unknown,manual,7cv,1600,sedan,medium,standard,5 seats,4 doors,used,8000.0,2026-03,5.0,4.0,1600.0,,41.0,,4,peugeot_sedan
peugeot,301,2017.0,gasoline,187000,manual,5cv,1200,sedan,medium,standard,5 seats,4 doors,used,24000.0,2026-03,5.0,4.0,1200.0,187000.0,9.0,20777.777777777777,3,301
peugeot,expert,2012.0,diesel,unknown,manual,8cv,2000,mpv,medium,standard,9 seats,4 doors,used,29000.0,2026-03,9.0,4.0,2000.0,,14.0,,3,expert
peugeot,rifter,2020.0,diesel,225000,manual,5cv,1500,mpv,good,standard,5 seats,4 doors,used,65000.0,2026-03,5.0,4.0,1500.0,225000.0,6.0,37500.0,2,rifter
peugeot,504,1980.0,diesel,unknown,manual,9cv,1900,pickup 4x2,medium,standard,5 seats,4 doors,used,9000.0,2026-03,5.0,4.0,1900.0,,46.0,,4,504
peugeot,309,1994.0,diesel,unknown,manual,6cv,1400,sedan,medium,standard,5 seats,4 doors,used,7000.0,2026-03,5.0,4.0,1400.0,,32.0,,4,peugeot_sedan
peugeot,partner,2011.0,diesel,unknown,manual,7cv,1900,light commercial,medium,standard,2 seats,4 doors,used,16000.0,2026-03,2.0,4.0,1900.0,,15.0,,3,partner
peugeot,partner,2009.0,diesel,unknown,manual,7cv,1900,light commercial,medium,standard,2 seats,4 doors,used,17000.0,2026-03,2.0,4.0,1900.0,,17.0,,4,partner
peugeot,partner,2006.0,diesel,unknown,manual,7cv,1900,light commercial,medium,standard,2 seats,4 doors,used,15000.0,2026-03,2.0,4.0,1900.0,,20.0,,4,partner
peugeot,rifter,2021.0,diesel,165000,manual,5cv,1600,mpv,good,standard,5 seats,4 doors,used,66000.0,2026-03,5.0,4.0,1600.0,165000.0,5.0,33000.0,2,rifter
peugeot,504,1993.0,diesel,unknown,manual,7cv,1600,wagon,medium,standard,5 seats,4 doors,used,5000.0,2026-03,5.0,4.0,1600.0,,33.0,,4,504
peugeot,504,1990.0,gasoline,unknown,manual,7cv,1400,sedan,medium,standard,5 seats,4 doors,used,6000.0,2026-03,5.0,4.0,1400.0,,36.0,,4,504
peugeot,504,1989.0,diesel,unknown,manual,9cv,1900,pickup 4x2,good,standard,2 seats,2 doors,used,10000.0,2026-03,2.0,2.0,1900.0,,37.0,,4,504
peugeot,pickup,2018.0,diesel,345000,manual,7cv,1600,pickup 4x2,medium,standard,5 seats,4 doors,used,33000.0,2026-03,5.0,4.0,1600.0,345000.0,8.0,43125.0,2,peugeot_pickup 4x2
peugeot,404,1986.0,diesel,unknown,manual,8cv,1900,pickup 4x2,good,standard,5 seats,4 doors,used,8000.0,2026-03,5.0,4.0,1900.0,,40.0,,4,404
peugeot,404,1982.0,diesel,unknown,manual,8cv,1900,pickup 4x2,good,standard,5 seats,4 doors,used,6000.0,2026-03,5.0,4.0,1900.0,,44.0,,4,404
citroen,berlingo,2014.0,diesel,387000,manual,5cv,1600,light commercial,medium,standard,3 seats,4 doors,used,33000.0,2026-03,3.0,4.0,1600.0,387000.0,12.0,32250.0,3,berlingo
citroen,berlingo,2016.0,diesel,200000,manual,5cv,1600,light commercial,good,standard,3 seats,4 doors,used,38000.0,2026-03,3.0,4.0,1600.0,200000.0,10.0,20000.0,3,berlingo
citroen,berlingo,2004.0,diesel,unknown,manual,7cv,1900,light commercial,medium,standard,2 seats,4 doors,used,13000.0,2026-03,2.0,4.0,1900.0,,22.0,,4,berlingo
citroen,c5,2011.0,gasoline,253000,manual,9cv,1600,sedan,medium,standard,5 seats,4 doors,used,25000.0,2026-03,5.0,4.0,1600.0,253000.0,15.0,16866.666666666668,3,c5
citroen,nemo,2014.0,diesel,336000,manual,5cv,1400,light commercial,medium,standard,2 seats,4 doors,used,19000.0,2026-03,2.0,4.0,1400.0,336000.0,12.0,28000.0,3,nemo
citroen,berlingo,2010.0,diesel,245000,manual,5cv,1600,mpv,medium,standard,5 seats,4 doors,used,39000.0,2026-03,5.0,4.0,1600.0,245000.0,16.0,15312.5,4,berlingo
citroen,c3 aircross,2021.0,gasoline,122000,manual,6cv,1200,crossover,good,standard,5 seats,4 doors,used,65000.0,2026-03,5.0,4.0,1200.0,122000.0,5.0,24400.0,2,citroen_crossover
citroen,xsara,2005.0,diesel,300000,manual,6cv,2000,wagon,medium,standard,5 seats,4 doors,used,14000.0,2026-03,5.0,4.0,2000.0,300000.0,21.0,14285.714285714286,4,citroen_wagon
citroen,nemo,2018.0,diesel,200000,manual,6cv,1300,light commercial,medium,standard,2 seats,4 doors,used,25000.0,2026-03,2.0,4.0,1300.0,200000.0,8.0,25000.0,2,nemo
citroen,c3,2020.0,gasoline,150000,manual,4cv,1200,hatchback,good,standard,5 seats,4 doors,used,32000.0,2026-03,5.0,4.0,1200.0,150000.0,6.0,25000.0,2,c3
citroen,xsara,2003.0,diesel,260000,manual,6cv,2000,sedan,medium,standard,5 seats,4 doors,used,15000.0,2026-03,5.0,4.0,2000.0,260000.0,23.0,11304.347826086956,4,citroen_sedan
citroen,c5,2012.0,diesel,315000,manual,6cv,1600,sedan,good,standard,5 seats,4 doors,used,34000.0,2026-03,5.0,4.0,1600.0,315000.0,14.0,22500.0,3,c5
citroen,berlingo,2016.0,diesel,unknown,manual,5cv,1600,light commercial,medium,standard,2 seats,4 doors,used,26000.0,2026-03,2.0,4.0,1600.0,,10.0,,3,berlingo
citroen,nemo,2015.0,gasoline,169000,manual,5cv,1400,light commercial,good,standard,2 seats,4 doors,used,25000.0,2026-03,2.0,4.0,1400.0,169000.0,11.0,15363.636363636364,3,nemo
citroen,c3,2017.0,gasoline,80000,manual,4cv,1200,hatchback,good,standard,5 seats,4 doors,used,32000.0,2026-03,5.0,4.0,1200.0,80000.0,9.0,8888.888888888889,3,c3
citroen,c1,2011.0,gasoline,160000,manual,4cv,1200,hatchback,good,standard,5 seats,4 doors,used,22000.0,2026-03,5.0,4.0,1200.0,160000.0,15.0,10666.666666666666,3,citroen_hatchback
citroen,c4,2012.0,gasoline,219000,manual,6cv,1200,hatchback,medium,standard,5 seats,4 doors,used,26500.0,2026-03,5.0,4.0,1200.0,219000.0,14.0,15642.857142857143,3,c4
citroen,c3,2007.0,gasoline,190000,manual,4cv,1200,hatchback,medium,standard,5 seats,4 doors,used,21000.0,2026-03,5.0,4.0,1200.0,190000.0,19.0,10000.0,4,c3
citroen,ax,1994.0,gasoline,unknown,manual,4cv,1000,hatchback,medium,standard,5 seats,4 doors,used,5000.0,2026-03,5.0,4.0,1000.0,,32.0,,4,citroen_hatchback
citroen,c5,2010.0,diesel,280000,manual,6cv,1600,sedan,good,standard,5 seats,4 doors,used,28000.0,2026-03,5.0,4.0,1600.0,280000.0,16.0,17500.0,4,c5
citroen,c4,2013.0,gasoline,150000,manual,6cv,1400,hatchback,good,standard,5 seats,4 doors,used,30500.0,2026-03,5.0,4.0,1400.0,150000.0,13.0,11538.46153846154,3,c4
citroen,c3,2019.0,gasoline,70000,manual,4cv,1200,hatchback,good,standard,5 seats,4 doors,used,35000.0,2026-03,5.0,4.0,1200.0,70000.0,7.0,10000.0,2,c3
citroen,c1,2017.0,gasoline,90000,manual,4cv,1200,hatchback,good,standard,5 seats,4 doors,used,32000.0,2026-03,5.0,4.0,1200.0,90000.0,9.0,10000.0,3,citroen_hatchback
citroen,ds5,2017.0,diesel,256000,manual,6cv,1600,hatchback,good,standard,5 seats,4 doors,used,53000.0,2026-03,5.0,4.0,1600.0,256000.0,9.0,28444.444444444445,3,citroen_hatchback
citroen,berlingo,2020.0,diesel,133000,manual,5cv,1600,light commercial,good,standard,3 seats,4 doors,used,43000.0,2026-03,3.0,4.0,1600.0,133000.0,6.0,22166.666666666668,2,berlingo
citroen,jumper,2012.0,diesel,200000,manual,7cv,2200,heavy commercial,medium,standard,3 seats,4 doors,used,30000.0,2026-03,3.0,4.0,2200.0,200000.0,14.0,14285.714285714286,3,jumper
citroen,jumpy,2005.0,diesel,unknown,manual,7cv,2000,heavy commercial,medium,standard,3 seats,4 doors,used,18000.0,2026-03,3.0,4.0,2000.0,,21.0,,4,jumpy
citroen,berlingo,2019.0,diesel,145000,manual,6cv,1600,light commercial,good,standard,3 seats,4 doors,used,43000.0,2026-03,3.0,4.0,1600.0,145000.0,7.0,20714.28571428572,2,berlingo
citroen,c4,2007.0,gasoline,415000,manual,7cv,1600,hatchback,medium,standard,5 seats,4 doors,used,16000.0,2026-03,5.0,4.0,1600.0,415000.0,19.0,21842.105263157893,4,c4
citroen,berlingo,2015.0,diesel,260000,manual,5cv,1600,light commercial,medium,standard,5 seats,4 doors,used,27000.0,2026-03,5.0,4.0,1600.0,260000.0,11.0,23636.36363636364,3,berlingo
citroen,c4 cactus,2019.0,gasoline,90500,manual,5cv,1300,hatchback,good,standard,5 seats,4 doors,used,43000.0,2026-03,5.0,4.0,1300.0,90500.0,7.0,12928.57142857143,2,citroen_hatchback
citroen,c3,2017.0,gasoline,140000,manual,4cv,1200,hatchback,good,standard,5 seats,4 doors,used,28000.0,2026-03,5.0,4.0,1200.0,140000.0,9.0,15555.555555555557,3,c3
citroen,ds3,2013.0,gasoline,240000,manual,5cv,1400,hatchback,good,standard,5 seats,4 doors,used,24000.0,2026-03,5.0,4.0,1400.0,240000.0,13.0,18461.53846153846,3,citroen_hatchback
citroen,c4,2013.0,gasoline,258000,manual,6cv,1600,hatchback,good,standard,5 seats,4 doors,used,28000.0,2026-03,5.0,4.0,1600.0,258000.0,13.0,19846.153846153848,3,c4
citroen,berlingo,2021.0,diesel,160000,manual,7cv,1500,mpv,good,standard,7 seats,4 doors,used,65000.0,2026-03,7.0,4.0,1500.0,160000.0,5.0,32000.0,2,berlingo
citroen,c15,1995.0,gasoline,unknown,manual,5cv,1800,light commercial,medium,standard,5 seats,4 doors,used,8000.0,2026-03,5.0,4.0,1800.0,,31.0,,4,citroen_light commercial
citroen,c3,2020.0,gasoline,70000,manual,5cv,1200,hatchback,good,standard,5 seats,4 doors,used,34000.0,2026-03,5.0,4.0,1200.0,70000.0,6.0,11666.666666666666,2,c3
citroen,c3,2018.0,gasoline,110000,manual,5cv,1200,hatchback,good,standard,5 seats,4 doors,used,36000.0,2026-03,5.0,4.0,1200.0,110000.0,8.0,13750.0,2,c3
citroen,berlingo,2021.0,diesel,200000,manual,5cv,1600,light commercial,good,standard,2 seats,4 doors,used,43000.0,2026-03,2.0,4.0,1600.0,200000.0,5.0,40000.0,2,berlingo
citroen,nemo,2015.0,diesel,250000,manual,5cv,1300,light commercial,medium,standard,2 seats,4 doors,used,22000.0,2026-03,2.0,4.0,1300.0,250000.0,11.0,22727.272727272728,3,nemo
citroen,c4 picasso,2015.0,diesel,140000,manual,8cv,1600,mpv,good,standard,7 seats,4 doors,used,53000.0,2026-03,7.0,4.0,1600.0,140000.0,11.0,12727.272727272728,3,citroen_mpv
citroen,c4 cactus,2018.0,gasoline,110000,manual,6cv,1200,hatchback,good,standard,5 seats,4 doors,used,38000.0,2026-03,5.0,4.0,1200.0,110000.0,8.0,13750.0,2,citroen_hatchback
citroen,c3 picasso,2015.0,diesel,97000,manual,5cv,1600,hatchback,good,standard,5 seats,4 doors,used,37000.0,2026-03,5.0,4.0,1600.0,97000.0,11.0,8818.181818181818,3,citroen_hatchback
citroen,berlingo,2014.0,diesel,360000,manual,5cv,1600,mpv,good,standard,5 seats,4 doors,used,44000.0,2026-03,5.0,4.0,1600.0,360000.0,12.0,30000.0,3,berlingo
citroen,berlingo,2021.0,diesel,65000,manual,5cv,1500,light commercial,good,standard,3 seats,4 doors,used,55000.0,2026-03,3.0,4.0,1500.0,65000.0,5.0,13000.0,2,berlingo
citroen,c3,2010.0,gasoline,300000,manual,5cv,1400,hatchback,medium,standard,5 seats,4 doors,used,19000.0,2026-03,5.0,4.0,1400.0,300000.0,16.0,18750.0,4,c3
citroen,jumpy,2021.0,diesel,170000,manual,7cv,1500,heavy commercial,good,standard,3 seats,4 doors,used,48000.0,2026-03,3.0,4.0,1500.0,170000.0,5.0,34000.0,2,jumpy
citroen,jumpy,2022.0,diesel,130000,manual,6cv,2000,mpv,good,standard,9 seats,4 doors,used,82000.0,2026-03,9.0,4.0,2000.0,130000.0,4.0,32500.0,2,jumpy
citroen,c elysee,2018.0,gasoline,150000,manual,5cv,1200,sedan,medium,standard,5 seats,4 doors,used,23000.0,2026-03,5.0,4.0,1200.0,150000.0,8.0,18750.0,2,citroen_sedan
citroen,jumpy,1998.0,diesel,unknown,manual,8cv,2000,heavy commercial,medium,standard,3 seats,4 doors,used,14000.0,2026-03,3.0,4.0,2000.0,,28.0,,4,jumpy
citroen,berlingo,2000.0,diesel,unknown,manual,7cv,1900,light commercial,bad,standard,2 seats,4 doors,used,8000.0,2026-03,2.0,4.0,1900.0,,26.0,,4,berlingo
citroen,berlingo,2004.0,diesel,unknown,manual,7cv,2000,light commercial,bad,standard,2 seats,4 doors,used,12000.0,2026-03,2.0,4.0,2000.0,,22.0,,4,berlingo
citroen,berlingo,2020.0,diesel,270000,manual,5cv,1600,light commercial,good,standard,2 seats,4 doors,used,37000.0,2026-03,2.0,4.0,1600.0,270000.0,6.0,45000.0,2,berlingo
citroen,jumpy,2007.0,diesel,unknown,manual,7cv,1900,heavy commercial,medium,standard,3 seats,4 doors,used,20000.0,2026-03,3.0,4.0,1900.0,,19.0,,4,jumpy
citroen,jumpy,2021.0,diesel,unknown,manual,8cv,2000,heavy commercial,good,standard,3 seats,4 doors,used,54000.0,2026-03,3.0,4.0,2000.0,,5.0,,2,jumpy
citroen,jumpy,2020.0,diesel,299000,manual,9cv,2000,heavy commercial,good,standard,3 seats,4 doors,used,50000.0,2026-03,3.0,4.0,2000.0,299000.0,6.0,49833.333333333336,2,jumpy
citroen,jumpy,2018.0,diesel,296000,manual,9cv,2000,heavy commercial,good,standard,3 seats,4 doors,used,47000.0,2026-03,3.0,4.0,2000.0,296000.0,8.0,37000.0,2,jumpy
citroen,berlingo,2011.0,diesel,300000,manual,5cv,1600,light commercial,medium,standard,2 seats,4 doors,used,18000.0,2026-03,2.0,4.0,1600.0,300000.0,15.0,20000.0,3,berlingo
citroen,berlingo,2017.0,diesel,200000,manual,5cv,1600,light commercial,good,standard,3 seats,4 doors,used,40000.0,2026-03,3.0,4.0,1600.0,200000.0,9.0,22222.222222222223,3,berlingo
citroen,berlingo,2001.0,diesel,unknown,manual,7cv,1900,light commercial,medium,standard,2 seats,4 doors,used,16000.0,2026-03,2.0,4.0,1900.0,,25.0,,4,berlingo
citroen,berlingo,2021.0,diesel,100000,manual,5cv,1600,mpv,good,standard,5 seats,4 doors,used,57000.0,2026-03,5.0,4.0,1600.0,100000.0,5.0,20000.0,2,berlingo
citroen,berlingo,2015.0,diesel,124000,manual,5cv,1600,light commercial,good,standard,3 seats,4 doors,used,35000.0,2026-03,3.0,4.0,1600.0,124000.0,11.0,11272.727272727272,3,berlingo
citroen,jumper,2017.0,diesel,420000,manual,7cv,2200,heavy commercial,good,standard,3 seats,4 doors,used,40000.0,2026-03,3.0,4.0,2200.0,420000.0,9.0,46666.66666666666,3,jumper
citroen,jumper,2022.0,diesel,158000,manual,7cv,2200,heavy commercial,good,standard,3 seats,4 doors,used,65000.0,2026-03,3.0,4.0,2200.0,158000.0,4.0,39500.0,2,jumper
citroen,berlingo,2011.0,gasoline,unknown,manual,7cv,1600,mpv,good,standard,5 seats,4 doors,used,27000.0,2026-03,5.0,4.0,1600.0,,15.0,,3,berlingo
citroen,jumper,2015.0,diesel,200000,manual,7cv,2200,heavy commercial,bad,standard,3 seats,4 doors,used,22000.0,2026-03,3.0,4.0,2200.0,200000.0,11.0,18181.81818181818,3,jumper
citroen,jumper,2014.0,diesel,unknown,manual,7cv,2200,heavy commercial,good,standard,7 seats,4 doors,used,40000.0,2026-03,7.0,4.0,2200.0,,12.0,,3,jumper
citroen,jumpy,2005.0,diesel,unknown,manual,8cv,2000,mpv,bad,standard,9 seats,4 doors,used,13000.0,2026-03,9.0,4.0,2000.0,,21.0,,4,jumpy
citroen,jumpy,2020.0,diesel,unknown,manual,8cv,2000,mpv,good,standard,9 seats,4 doors,used,55000.0,2026-03,9.0,4.0,2000.0,,6.0,,2,jumpy
citroen,jumpy,2009.0,diesel,unknown,manual,8cv,2000,mpv,bad,standard,9 seats,4 doors,used,17000.0,2026-03,9.0,4.0,2000.0,,17.0,,4,jumpy
citroen,jumper,2009.0,diesel,unknown,manual,7cv,2200,heavy commercial,medium,standard,3 seats,4 doors,used,20000.0,2026-03,3.0,4.0,2200.0,,17.0,,4,jumper
citroen,jumpy,2012.0,diesel,unknown,manual,8cv,2000,heavy commercial,good,standard,3 seats,4 doors,used,28000.0,2026-03,3.0,4.0,2000.0,,14.0,,3,jumpy
citroen,jumper,2010.0,diesel,344000,manual,7cv,2200,heavy commercial,medium,standard,3 seats,4 doors,used,21000.0,2026-03,3.0,4.0,2200.0,344000.0,16.0,21500.0,4,jumper
citroen,jumper,2005.0,diesel,unknown,manual,8cv,2200,heavy commercial,medium,standard,3 seats,4 doors,used,16000.0,2026-03,3.0,4.0,2200.0,,21.0,,4,jumper
citroen,jumper,2011.0,diesel,107000,manual,7cv,2200,heavy commercial,good,standard,3 seats,4 doors,used,40000.0,2026-03,3.0,4.0,2200.0,107000.0,15.0,7133.333333333333,3,jumper
citroen,jumper,2021.0,diesel,unknown,manual,7cv,2200,heavy commercial,good,standard,3 seats,4 doors,used,58000.0,2026-03,3.0,4.0,2200.0,,5.0,,2,jumper
toyota,yaris,2015.0,gasoline,210000,manual,6cv,1400,sedan,medium,standard,5 seats,4 doors,used,33000.0,2026-03,5.0,4.0,1400.0,210000.0,11.0,19090.90909090909,3,yaris
toyota,rav4,2022.0,gasoline,41000,automatic,11cv,2500,suv 4x4,good,standard,5 seats,4 doors,used,125000.0,2026-03,5.0,4.0,2500.0,41000.0,4.0,10250.0,2,rav4
toyota,aygo,2017.0,gasoline,90000,manual,4cv,1000,hatchback,good,standard,5 seats,4 doors,used,27000.0,2026-03,5.0,4.0,1000.0,90000.0,9.0,10000.0,3,toyota_hatchback
toyota,yaris,2007.0,gasoline,258000,manual,4cv,1000,hatchback,medium,standard,5 seats,4 doors,used,18000.0,2026-03,5.0,4.0,1000.0,258000.0,19.0,13578.947368421052,4,yaris
toyota,hilux,2024.0,diesel,96000,automatic,8cv,2400,pickup 4x4,good,gr,5 seats,4 doors,used,165000.0,2026-03,5.0,4.0,2400.0,96000.0,2.0,48000.0,1,hilux
toyota,agya,2021.0,gasoline,81000,manual,4cv,1000,hatchback,good,standard,5 seats,4 doors,used,30000.0,2026-03,5.0,4.0,1000.0,81000.0,5.0,16200.0,2,agya
toyota,rav4,2009.0,gasoline,275000,automatic,10cv,2200,suv 4x4,good,standard,5 seats,4 doors,used,40000.0,2026-03,5.0,4.0,2200.0,275000.0,17.0,16176.470588235294,4,rav4
toyota,hiace,2013.0,diesel,unknown,manual,8cv,2500,mpv,medium,standard,9 seats,4 doors,used,24000.0,2026-03,9.0,4.0,2500.0,,13.0,,3,hiace
toyota,corolla,2020.0,hybrid,87000,automatic,5cv,1800,wagon,good,standard,5 seats,4 doors,used,75000.0,2026-03,5.0,4.0,1800.0,87000.0,6.0,14500.0,2,corolla
toyota,yaris,2021.0,gasoline,66800,manual,6cv,1400,sedan,good,standard,5 seats,4 doors,used,50000.0,2026-03,5.0,4.0,1400.0,66800.0,5.0,13360.0,2,yaris
toyota,c-hr,2020.0,gasoline,145000,automatic,6cv,1200,crossover,good,standard,5 seats,4 doors,used,62000.0,2026-03,5.0,4.0,1200.0,145000.0,6.0,24166.666666666668,2,c-hr
toyota,land cruiser 105,2000.0,diesel,unknown,manual,21cv,4200,suv 4x4,good,standard,5 seats,4 doors,used,80000.0,2026-03,5.0,4.0,4200.0,,26.0,,4,toyota_suv 4x4
toyota,agya,2022.0,gasoline,100000,automatic,5cv,1200,hatchback,good,standard,5 seats,4 doors,used,31500.0,2026-03,5.0,4.0,1200.0,100000.0,4.0,25000.0,2,agya
toyota,hilux,2023.0,diesel,42000,automatic,11cv,2800,pickup 4x4,good,standard,4 seats,4 doors,used,158000.0,2026-03,4.0,4.0,2800.0,42000.0,3.0,14000.0,1,hilux
toyota,corolla,2021.0,gasoline,185000,automatic,7cv,1600,sedan,good,standard,5 seats,4 doors,used,64000.0,2026-03,5.0,4.0,1600.0,185000.0,5.0,37000.0,2,corolla
toyota,hilux,2020.0,diesel,147000,automatic,8cv,2400,pickup 4x4,good,standard,5 seats,4 doors,used,120000.0,2026-03,5.0,4.0,2400.0,147000.0,6.0,24500.0,2,hilux
toyota,hilux,2000.0,diesel,unknown,manual,11cv,2800,pickup 4x4,medium,standard,5 seats,4 doors,used,23000.0,2026-03,5.0,4.0,2800.0,,26.0,,4,hilux
toyota,corolla,2021.0,gasoline,108000,automatic,6cv,1200,hatchback,good,standard,5 seats,4 doors,used,65000.0,2026-03,5.0,4.0,1200.0,108000.0,5.0,21600.0,2,corolla
toyota,rav4,2008.0,diesel,155000,manual,11cv,2200,suv 4x4,good,standard,5 seats,4 doors,used,53000.0,2026-03,5.0,4.0,2200.0,155000.0,18.0,8611.111111111111,4,rav4
toyota,c-hr,2021.0,gasoline,12000,manual,6cv,1200,crossover,good,standard,5 seats,4 doors,used,75000.0,2026-03,5.0,4.0,1200.0,12000.0,5.0,2400.0,2,c-hr
toyota,yaris,2011.0,gasoline,170000,automatic,5cv,1300,hatchback,good,standard,5 seats,4 doors,used,30000.0,2026-03,5.0,4.0,1300.0,170000.0,15.0,11333.333333333334,3,yaris
toyota,proace,2021.0,diesel,140000,manual,5cv,1500,light commercial,good,standard,3 seats,4 doors,used,52000.0,2026-03,3.0,4.0,1500.0,140000.0,5.0,28000.0,2,toyota_light commercial
toyota,corolla,2021.0,gasoline,110000,automatic,6cv,1200,hatchback,good,standard,5 seats,4 doors,used,63000.0,2026-03,5.0,4.0,1200.0,110000.0,5.0,22000.0,2,corolla
toyota,c-hr,2020.0,gasoline,120000,automatic,6cv,1200,crossover,good,standard,5 seats,4 doors,used,69000.0,2026-03,5.0,4.0,1200.0,120000.0,6.0,20000.0,2,c-hr
toyota,rav4,2010.0,diesel,211000,manual,8cv,2000,suv 4x4,good,standard,5 seats,4 doors,used,55000.0,2026-03,5.0,4.0,2000.0,211000.0,16.0,13187.5,4,rav4
toyota,avanza,2014.0,gasoline,280000,manual,6cv,1500,mpv,medium,standard,5 seats,4 doors,used,28000.0,2026-03,5.0,4.0,1500.0,280000.0,12.0,23333.33333333333,3,toyota_mpv
toyota,prado,2001.0,diesel,200000,manual,10cv,3000,suv 4x4,good,standard,7 seats,4 doors,used,65000.0,2026-03,7.0,4.0,3000.0,200000.0,25.0,8000.0,4,prado
toyota,corolla,2020.0,gasoline,53800,manual,6cv,1200,hatchback,good,standard,5 seats,4 doors,used,60000.0,2026-03,5.0,4.0,1200.0,53800.0,6.0,8966.666666666666,2,corolla
toyota,yaris,2017.0,gasoline,117000,manual,4cv,1000,hatchback,good,standard,5 seats,4 doors,used,35000.0,2026-03,5.0,4.0,1000.0,117000.0,9.0,13000.0,3,yaris
toyota,yaris,2016.0,gasoline,179000,manual,6cv,1300,sedan,good,standard,5 seats,4 doors,used,36000.0,2026-03,5.0,4.0,1300.0,179000.0,10.0,17900.0,3,yaris
toyota,corolla,2020.0,gasoline,91000,manual,6cv,1200,hatchback,good,standard,5 seats,4 doors,used,53000.0,2026-03,5.0,4.0,1200.0,91000.0,6.0,15166.666666666666,2,corolla
toyota,rav4,2003.0,diesel,260000,manual,8cv,2000,suv 4x4,good,standard,5 seats,4 doors,used,35500.0,2026-03,5.0,4.0,2000.0,260000.0,23.0,11304.347826086956,4,rav4
toyota,hiace,2020.0,diesel,570000,manual,8cv,3000,mpv,good,standard,9 seats,4 doors,used,45000.0,2026-03,9.0,4.0,3000.0,570000.0,6.0,95000.0,2,hiace
toyota,yaris,2015.0,gasoline,148000,manual,5cv,1300,hatchback,good,standard,5 seats,4 doors,used,33000.0,2026-03,5.0,4.0,1300.0,148000.0,11.0,13454.545454545454,3,yaris
toyota,yaris,2018.0,gasoline,153000,manual,4cv,1000,hatchback,good,standard,5 seats,4 doors,used,30000.0,2026-03,5.0,4.0,1000.0,153000.0,8.0,19125.0,2,yaris
toyota,corolla,2021.0,gasoline,63000,manual,6cv,1200,hatchback,good,standard,5 seats,4 doors,used,65000.0,2026-03,5.0,4.0,1200.0,63000.0,5.0,12600.0,2,corolla
toyota,hilux,2016.0,diesel,unknown,manual,8cv,2400,pickup 4x4,good,standard,4 seats,4 doors,used,120000.0,2026-03,4.0,4.0,2400.0,,10.0,,3,hilux
toyota,agya,2022.0,gasoline,59000,manual,5cv,1200,hatchback,good,standard,5 seats,4 doors,used,33000.0,2026-03,5.0,4.0,1200.0,59000.0,4.0,14750.0,2,agya
toyota,land cruiser 79,2022.0,diesel,37000,manual,11cv,2500,pickup 4x4,good,standard,2 seats,4 doors,used,115000.0,2026-03,2.0,4.0,2500.0,37000.0,4.0,9250.0,2,toyota_pickup 4x4
toyota,land cruiser 80,1996.0,diesel,500000,manual,17cv,4200,suv 4x4,good,standard,5 seats,4 doors,used,60000.0,2026-03,5.0,4.0,4200.0,500000.0,30.0,16666.666666666668,4,toyota_suv 4x4
toyota,yaris,2017.0,gasoline,125000,manual,5cv,1300,sedan,good,standard,5 seats,4 doors,used,42000.0,2026-03,5.0,4.0,1300.0,125000.0,9.0,13888.888888888889,3,yaris
toyota,corolla,2023.0,gasoline,45000,automatic,6cv,1200,hatchback,good,standard,5 seats,4 doors,used,80000.0,2026-03,5.0,4.0,1200.0,45000.0,3.0,15000.0,1,corolla
toyota,yaris cross,2023.0,hybrid,25000,automatic,5cv,1200,crossover,good,standard,5 seats,4 doors,used,92000.0,2026-03,5.0,4.0,1200.0,25000.0,3.0,8333.333333333334,1,toyota_crossover
toyota,hilux,2017.0,diesel,200000,manual,8cv,2400,pickup 4x4,good,standard,5 seats,4 doors,used,113000.0,2026-03,5.0,4.0,2400.0,200000.0,9.0,22222.222222222223,3,hilux
toyota,hiace,2019.0,diesel,750000,manual,8cv,2500,mpv,good,standard,9 seats,4 doors,used,38000.0,2026-03,9.0,4.0,2500.0,750000.0,7.0,107142.85714285714,2,hiace
toyota,agya,2021.0,gasoline,56000,manual,5cv,1200,hatchback,good,standard,5 seats,4 doors,used,47000.0,2026-03,5.0,4.0,1200.0,56000.0,5.0,11200.0,2,agya
toyota,hiace,2005.0,diesel,unknown,manual,10cv,3000,mpv,medium,standard,9 seats,4 doors,used,24000.0,2026-03,9.0,4.0,3000.0,,21.0,,4,hiace
toyota,prado,2010.0,diesel,287000,manual,9cv,2800,suv 4x4,good,standard,5 seats,4 doors,used,110000.0,2026-03,5.0,4.0,2800.0,287000.0,16.0,17937.5,4,prado
toyota,yaris,2017.0,gasoline,120000,manual,4cv,1000,hatchback,good,standard,5 seats,4 doors,used,30000.0,2026-03,5.0,4.0,1000.0,120000.0,9.0,13333.333333333334,3,yaris
toyota,prado,2014.0,diesel,unknown,manual,11cv,3000,suv 4x4,good,standard,5 seats,4 doors,used,135000.0,2026-03,5.0,4.0,3000.0,,12.0,,3,prado
toyota,rav4,2023.0,hybrid,unknown,automatic,9cv,2500,suv 4x4,good,standard,5 seats,4 doors,used,135000.0,2026-03,5.0,4.0,2500.0,,3.0,,1,rav4
toyota,hilux,2019.0,diesel,unknown,automatic,8cv,2400,pickup 4x4,good,standard,5 seats,4 doors,used,145000.0,2026-03,5.0,4.0,2400.0,,7.0,,2,hilux
toyota,yaris,2017.0,gasoline,unknown,automatic,5cv,1200,hatchback,good,standard,5 seats,4 doors,used,35000.0,2026-03,5.0,4.0,1200.0,,9.0,,3,yaris
toyota,yaris cross,2023.0,hybrid,45000,automatic,5cv,1200,crossover,good,standard,5 seats,4 doors,used,105000.0,2026-03,5.0,4.0,1200.0,45000.0,3.0,15000.0,1,toyota_crossover
toyota,hiace,2010.0,diesel,unknown,manual,8cv,2500,mpv,medium,standard,9 seats,4 doors,used,18000.0,2026-03,9.0,4.0,2500.0,,16.0,,4,hiace
toyota,rav4,2014.0,gasoline,70000,automatic,9cv,2000,suv 4x4,good,standard,5 seats,4 doors,used,65000.0,2026-03,5.0,4.0,2000.0,70000.0,12.0,5833.333333333333,3,rav4
toyota,hiace,2015.0,diesel,unknown,manual,8cv,2500,mpv,medium,standard,9 seats,4 doors,used,28000.0,2026-03,9.0,4.0,2500.0,,11.0,,3,hiace
toyota,prado,2008.0,diesel,416000,manual,11cv,2800,suv 4x4,good,standard,5 seats,4 doors,used,90000.0,2026-03,5.0,4.0,2800.0,416000.0,18.0,23111.11111111111,4,prado
toyota,c-hr,2024.0,hybrid,130000,automatic,6cv,1400,crossover,good,standard,5 seats,4 doors,used,110000.0,2026-03,5.0,4.0,1400.0,130000.0,2.0,65000.0,1,c-hr
toyota,hiace,2003.0,diesel,unknown,manual,10cv,3000,mpv,medium,standard,9 seats,4 doors,used,13000.0,2026-03,9.0,4.0,3000.0,,23.0,,4,hiace
toyota,rav4,2021.0,hybrid,50000,automatic,10cv,2500,suv 4x4,good,standard,5 seats,4 doors,used,120000.0,2026-03,5.0,4.0,2500.0,50000.0,5.0,10000.0,2,rav4
toyota,camry,2012.0,gasoline,130000,automatic,12cv,2200,sedan,good,standard,5 seats,4 doors,used,41000.0,2026-03,5.0,4.0,2200.0,130000.0,14.0,9285.714285714286,3,toyota_sedan
toyota,land cruiser 80,1997.0,diesel,418000,manual,17cv,3000,suv 4x4,good,standard,5 seats,4 doors,used,65000.0,2026-03,5.0,4.0,3000.0,418000.0,29.0,14413.793103448275,4,toyota_suv 4x4
toyota,prado,2010.0,diesel,560000,manual,9cv,3000,suv 4x4,good,standard,5 seats,4 doors,used,80000.0,2026-03,5.0,4.0,3000.0,560000.0,16.0,35000.0,4,prado
toyota,hilux,2016.0,diesel,70000,automatic,8cv,2400,pickup 4x4,good,standard,5 seats,4 doors,used,150000.0,2026-03,5.0,4.0,2400.0,70000.0,10.0,7000.0,3,hilux
toyota,prado,2008.0,diesel,286000,automatic,19cv,3500,suv 4x4,good,standard,5 seats,4 doors,used,82000.0,2026-03,5.0,4.0,3500.0,286000.0,18.0,15888.888888888889,4,prado
toyota,yaris,2004.0,gasoline,350000,manual,4cv,1000,hatchback,good,standard,5 seats,4 doors,used,15000.0,2026-03,5.0,4.0,1000.0,350000.0,22.0,15909.09090909091,4,yaris
toyota,hilux,2007.0,diesel,365000,manual,10cv,2800,suv 4x4,good,standard,5 seats,4 doors,used,56000.0,2026-03,5.0,4.0,2800.0,365000.0,19.0,19210.52631578948,4,hilux
toyota,hilux,1991.0,diesel,unknown,manual,11cv,2800,pickup 4x4,medium,standard,5 seats,4 doors,used,19000.0,2026-03,5.0,4.0,2800.0,,35.0,,4,hilux
toyota,hilux,2005.0,diesel,unknown,manual,10cv,2800,pickup 4x4,good,standard,5 seats,4 doors,used,42000.0,2026-03,5.0,4.0,2800.0,,21.0,,4,hilux
toyota,hilux,2022.0,diesel,61000,automatic,10cv,2800,pickup 4x4,good,gr,5 seats,4 doors,used,250000.0,2026-03,5.0,4.0,2800.0,61000.0,4.0,15250.0,2,hilux
toyota,hilux,2019.0,diesel,87000,manual,8cv,2400,pickup 4x4,good,standard,2 seats,2 doors,used,95000.0,2026-03,2.0,2.0,2400.0,87000.0,7.0,12428.57142857143,2,hilux
toyota,yaris,2022.0,gasoline,161000,manual,4cv,1200,hatchback,good,standard,5 seats,4 doors,used,36000.0,2026-03,5.0,4.0,1200.0,161000.0,4.0,40250.0,2,yaris
toyota,hilux,2016.0,diesel,unknown,manual,8cv,2700,pickup 4x2,good,standard,2 seats,2 doors,used,45000.0,2026-03,2.0,2.0,2700.0,,10.0,,3,hilux
toyota,rav4,2017.0,gasoline,unknown,automatic,9cv,2500,suv 4x4,good,standard,5 seats,4 doors,used,54000.0,2026-03,5.0,4.0,2500.0,,9.0,,3,rav4
toyota,hilux,1995.0,diesel,unknown,manual,11cv,2800,pickup 4x4,bad,standard,5 seats,4 doors,used,22000.0,2026-03,5.0,4.0,2800.0,,31.0,,4,hilux
toyota,corolla,2000.0,gasoline,unknown,manual,8cv,1600,sedan,medium,standard,5 seats,4 doors,used,18000.0,2026-03,5.0,4.0,1600.0,,26.0,,4,corolla
toyota,hilux,1998.0,diesel,unknown,manual,11cv,2800,pickup 4x4,medium,standard,5 seats,4 doors,used,28000.0,2026-03,5.0,4.0,2800.0,,28.0,,4,hilux
toyota,hilux,2019.0,diesel,100000,manual,8cv,2400,pickup 4x4,good,standard,5 seats,4 doors,used,130000.0,2026-03,5.0,4.0,2400.0,100000.0,7.0,14285.714285714286,2,hilux
toyota,hilux,2010.0,diesel,217000,manual,8cv,2500,pickup 4x4,good,standard,5 seats,4 doors,used,67000.0,2026-03,5.0,4.0,2500.0,217000.0,16.0,13562.5,4,hilux
toyota,prado,2000.0,diesel,unknown,manual,11cv,3000,suv 4x4,good,standard,5 seats,4 doors,used,52000.0,2026-03,5.0,4.0,3000.0,,26.0,,4,prado
toyota,land cruiser 105,1998.0,diesel,900000,manual,17cv,4000,suv 4x4,good,standard,5 seats,4 doors,used,55000.0,2026-03,5.0,4.0,4000.0,900000.0,28.0,32142.85714285714,4,toyota_suv 4x4
kia,rio,2012.0,gasoline,206000,manual,5cv,1200,sedan,good,standard,5 seats,4 doors,used,30000.0,2026-03,5.0,4.0,1200.0,206000.0,14.0,14714.285714285714,3,rio
kia,picanto,2023.0,gasoline,87000,manual,4cv,1000,hatchback,good,standard,5 seats,4 doors,used,36000.0,2026-03,5.0,4.0,1000.0,87000.0,3.0,29000.0,1,picanto
kia,rio,2021.0,gasoline,150000,manual,5cv,1200,hatchback,good,standard,5 seats,4 doors,used,50000.0,2026-03,5.0,4.0,1200.0,150000.0,5.0,30000.0,2,rio
kia,rio,2013.0,gasoline,232000,manual,5cv,1200,sedan,good,standard,5 seats,4 doors,used,29000.0,2026-03,5.0,4.0,1200.0,232000.0,13.0,17846.153846153848,3,rio
kia,sportage,2012.0,diesel,335000,manual,7cv,1700,suv 4x4,good,standard,5 seats,4 doors,used,45000.0,2026-03,5.0,4.0,1700.0,335000.0,14.0,23928.571428571428,3,sportage
kia,picanto,2021.0,gasoline,93000,manual,4cv,1000,hatchback,good,standard,5 seats,4 doors,used,35000.0,2026-03,5.0,4.0,1000.0,93000.0,5.0,18600.0,2,picanto
kia,sportage,2020.0,gasoline,70000,automatic,8cv,1600,suv 4x4,good,standard,5 seats,4 doors,used,76000.0,2026-03,5.0,4.0,1600.0,70000.0,6.0,11666.666666666666,2,sportage
kia,rio,2011.0,gasoline,208000,manual,6cv,1600,sedan,medium,standard,5 seats,4 doors,used,24000.0,2026-03,5.0,4.0,1600.0,208000.0,15.0,13866.666666666666,3,rio
kia,rio,2017.0,gasoline,180000,manual,5cv,1200,sedan,good,standard,5 seats,4 doors,used,33000.0,2026-03,5.0,4.0,1200.0,180000.0,9.0,20000.0,3,rio
kia,sportage,2020.0,gasoline,170000,automatic,8cv,1600,suv 4x4,good,standard,5 seats,4 doors,used,75000.0,2026-03,5.0,4.0,1600.0,170000.0,6.0,28333.33333333333,2,sportage
kia,xceed,2022.0,gasoline,90000,manual,6cv,1200,hatchback,good,standard,5 seats,4 doors,used,66000.0,2026-03,5.0,4.0,1200.0,90000.0,4.0,22500.0,2,xceed
kia,stonic,2020.0,gasoline,108000,manual,5cv,1200,crossover,good,standard,5 seats,4 doors,used,60000.0,2026-03,5.0,4.0,1200.0,108000.0,6.0,18000.0,2,stonic
kia,sportage,2017.0,gasoline,218000,automatic,8cv,1600,suv 4x4,good,standard,5 seats,4 doors,used,60000.0,2026-03,5.0,4.0,1600.0,218000.0,9.0,24222.222222222223,3,sportage
kia,rio,2019.0,gasoline,50000,manual,5cv,1200,hatchback,good,standard,5 seats,4 doors,used,48000.0,2026-03,5.0,4.0,1200.0,50000.0,7.0,7142.857142857143,2,rio
kia,picanto,2014.0,gasoline,130000,automatic,5cv,1200,hatchback,medium,standard,5 seats,4 doors,used,27000.0,2026-03,5.0,4.0,1200.0,130000.0,12.0,10833.333333333334,3,picanto
kia,sportage,2018.0,diesel,125000,automatic,7cv,1700,suv 4x4,good,standard,5 seats,4 doors,used,76000.0,2026-03,5.0,4.0,1700.0,125000.0,8.0,15625.0,2,sportage
kia,picanto,2020.0,gasoline,59000,manual,4cv,1000,hatchback,good,standard,5 seats,4 doors,used,33000.0,2026-03,5.0,4.0,1000.0,59000.0,6.0,9833.333333333334,2,picanto
kia,k2700,2017.0,diesel,200000,manual,9cv,2600,pickup 4x4,good,standard,5 seats,4 doors,used,38000.0,2026-03,5.0,4.0,2600.0,200000.0,9.0,22222.222222222223,3,kia_pickup 4x4
kia,sportage,2018.0,gasoline,211000,automatic,8cv,1600,suv 4x4,good,standard,5 seats,4 doors,used,68000.0,2026-03,5.0,4.0,1600.0,211000.0,8.0,26375.0,2,sportage
kia,rio,2020.0,gasoline,150000,manual,5cv,1200,hatchback,good,standard,5 seats,4 doors,used,46000.0,2026-03,5.0,4.0,1200.0,150000.0,6.0,25000.0,2,rio
kia,rio,2014.0,gasoline,190000,automatic,6cv,1400,hatchback,good,standard,5 seats,4 doors,used,33000.0,2026-03,5.0,4.0,1400.0,190000.0,12.0,15833.333333333334,3,rio
kia,sonet,2025.0,gasoline,12000,automatic,6cv,1500,crossover,good,standard,5 seats,4 doors,used,88000.0,2026-03,5.0,4.0,1500.0,12000.0,1.0,12000.0,1,kia_crossover
kia,rio,2022.0,gasoline,89000,manual,6cv,1200,hatchback,good,standard,5 seats,4 doors,used,55000.0,2026-03,5.0,4.0,1200.0,89000.0,4.0,22250.0,2,rio
kia,rio,2019.0,gasoline,150000,manual,5cv,1200,hatchback,good,standard,5 seats,4 doors,used,44000.0,2026-03,5.0,4.0,1200.0,150000.0,7.0,21428.571428571428,2,rio
kia,seltos,2022.0,gasoline,90000,automatic,8cv,1400,suv 4x2,good,standard,5 seats,4 doors,used,80000.0,2026-03,5.0,4.0,1400.0,90000.0,4.0,22500.0,2,seltos
kia,rio,2019.0,gasoline,110000,manual,5cv,1200,hatchback,good,standard,5 seats,4 doors,used,44000.0,2026-03,5.0,4.0,1200.0,110000.0,7.0,15714.285714285714,2,rio
kia,rio,2020.0,gasoline,138000,manual,5cv,1200,hatchback,good,standard,5 seats,4 doors,used,42000.0,2026-03,5.0,4.0,1200.0,138000.0,6.0,23000.0,2,rio
kia,cerato,2010.0,gasoline,143000,manual,7cv,1500,sedan,medium,standard,5 seats,4 doors,used,28000.0,2026-03,5.0,4.0,1500.0,143000.0,16.0,8937.5,4,cerato
kia,picanto,2017.0,gasoline,73000,manual,5cv,1200,hatchback,good,standard,5 seats,4 doors,used,30000.0,2026-03,5.0,4.0,1200.0,73000.0,9.0,8111.111111111111,3,picanto
kia,sportage,2019.0,hybrid,116000,automatic,11cv,1900,suv 4x4,good,standard,5 seats,4 doors,used,120000.0,2026-03,5.0,4.0,1900.0,116000.0,7.0,16571.428571428572,2,sportage
kia,sportage,2023.0,gasoline,89000,automatic,10cv,2000,suv 4x4,good,standard,5 seats,4 doors,used,119000.0,2026-03,5.0,4.0,2000.0,89000.0,3.0,29666.666666666668,1,sportage
kia,sportage,2017.0,gasoline,111000,automatic,8cv,1600,suv 4x4,good,standard,5 seats,4 doors,used,66000.0,2026-03,5.0,4.0,1600.0,111000.0,9.0,12333.333333333334,3,sportage
kia,rio,2020.0,gasoline,176000,manual,5cv,1200,hatchback,good,standard,5 seats,4 doors,used,39000.0,2026-03,5.0,4.0,1200.0,176000.0,6.0,29333.33333333333,2,rio
kia,rio,2020.0,gasoline,120000,manual,5cv,1200,hatchback,good,standard,5 seats,4 doors,used,43000.0,2026-03,5.0,4.0,1200.0,120000.0,6.0,20000.0,2,rio
kia,picanto,2013.0,gasoline,170000,automatic,5cv,1400,hatchback,medium,standard,5 seats,4 doors,used,26000.0,2026-03,5.0,4.0,1400.0,170000.0,13.0,13076.923076923076,3,picanto
kia,seltos,2021.0,gasoline,100000,automatic,8cv,1500,suv 4x4,good,standard,5 seats,4 doors,used,82000.0,2026-03,5.0,4.0,1500.0,100000.0,5.0,20000.0,2,seltos
kia,picanto,2023.0,gasoline,80000,manual,5cv,1200,hatchback,good,standard,5 seats,4 doors,used,41000.0,2026-03,5.0,4.0,1200.0,80000.0,3.0,26666.666666666668,1,picanto
kia,seltos,2025.0,gasoline,1600,automatic,8cv,1500,suv 4x4,good,standard,5 seats,4 doors,used,102000.0,2026-03,5.0,4.0,1500.0,1600.0,1.0,1600.0,1,seltos
kia,rio,2020.0,gasoline,30000,manual,5cv,1200,hatchback,good,standard,5 seats,4 doors,used,53000.0,2026-03,5.0,4.0,1200.0,30000.0,6.0,5000.0,2,rio
kia,rio,2015.0,gasoline,105000,manual,5cv,1200,hatchback,good,standard,5 seats,4 doors,used,38000.0,2026-03,5.0,4.0,1200.0,105000.0,11.0,9545.454545454546,3,rio
kia,rio,2014.0,gasoline,190000,manual,5cv,1200,hatchback,medium,standard,5 seats,4 doors,used,32000.0,2026-03,5.0,4.0,1200.0,190000.0,12.0,15833.333333333334,3,rio
kia,picanto,2020.0,gasoline,106000,automatic,5cv,1200,hatchback,good,standard,5 seats,4 doors,used,40000.0,2026-03,5.0,4.0,1200.0,106000.0,6.0,17666.666666666668,2,picanto
kia,stonic,2024.0,gasoline,42000,manual,5cv,1200,hatchback,good,standard,5 seats,4 doors,used,70000.0,2026-03,5.0,4.0,1200.0,42000.0,2.0,21000.0,1,stonic
kia,k2700,2018.0,diesel,222000,manual,9cv,2600,pickup 4x4,good,standard,5 seats,4 doors,used,36000.0,2026-03,5.0,4.0,2600.0,222000.0,8.0,27750.0,2,kia_pickup 4x4
kia,xceed,2022.0,gasoline,68000,automatic,9cv,1500,crossover,good,standard,5 seats,4 doors,used,90000.0,2026-03,5.0,4.0,1500.0,68000.0,4.0,17000.0,2,xceed
kia,sportage,2022.0,hybrid,75000,automatic,8cv,1600,suv 4x4,good,standard,5 seats,4 doors,used,115000.0,2026-03,5.0,4.0,1600.0,75000.0,4.0,18750.0,2,sportage
kia,picanto,2020.0,gasoline,110000,automatic,5cv,1200,hatchback,good,standard,5 seats,4 doors,used,41000.0,2026-03,5.0,4.0,1200.0,110000.0,6.0,18333.33333333333,2,picanto
kia,picanto,2021.0,gasoline,73000,manual,4cv,1000,hatchback,good,standard,5 seats,4 doors,used,34000.0,2026-03,5.0,4.0,1000.0,73000.0,5.0,14600.0,2,picanto
kia,sorento,2012.0,diesel,113000,automatic,12cv,2000,suv 4x4,good,standard,5 seats,4 doors,used,65000.0,2026-03,5.0,4.0,2000.0,113000.0,14.0,8071.428571428572,3,sorento
kia,carens,2014.0,diesel,267000,automatic,7cv,1700,mpv,good,standard,5 seats,4 doors,used,38000.0,2026-03,5.0,4.0,1700.0,267000.0,12.0,22250.0,3,kia_mpv
kia,seltos,2021.0,gasoline,161000,automatic,8cv,1400,suv 4x2,good,standard,5 seats,4 doors,used,65000.0,2026-03,5.0,4.0,1400.0,161000.0,5.0,32200.0,2,seltos
kia,sportage,2014.0,diesel,240000,automatic,11cv,2000,suv 4x4,medium,standard,5 seats,4 doors,used,48000.0,2026-03,5.0,4.0,2000.0,240000.0,12.0,20000.0,3,sportage
kia,soul,2018.0,gasoline,20000,automatic,16cv,2000,sedan,good,standard,5 seats,4 doors,used,120000.0,2026-03,5.0,4.0,2000.0,20000.0,8.0,2500.0,2,kia_sedan
kia,rio,2022.0,gasoline,50000,manual,5cv,1200,hatchback,good,standard,5 seats,4 doors,used,60000.0,2026-03,5.0,4.0,1200.0,50000.0,4.0,12500.0,2,rio
kia,rio,2012.0,gasoline,170000,manual,5cv,1200,hatchback,medium,standard,5 seats,4 doors,used,26000.0,2026-03,5.0,4.0,1200.0,170000.0,14.0,12142.857142857143,3,rio
kia,rio,2012.0,gasoline,350000,manual,5cv,1200,hatchback,medium,standard,5 seats,4 doors,used,28000.0,2026-03,5.0,4.0,1200.0,350000.0,14.0,25000.0,3,rio
kia,rio,2010.0,gasoline,239000,manual,6cv,1400,sedan,medium,standard,5 seats,4 doors,used,16000.0,2026-03,5.0,4.0,1400.0,239000.0,16.0,14937.5,4,rio
kia,cerato,2014.0,gasoline,236000,manual,7cv,1600,sedan,good,standard,5 seats,4 doors,used,35000.0,2026-03,5.0,4.0,1600.0,236000.0,12.0,19666.666666666668,3,cerato
kia,sorento,2013.0,diesel,230000,automatic,12cv,2200,suv 4x4,good,standard,5 seats,4 doors,used,52000.0,2026-03,5.0,4.0,2200.0,230000.0,13.0,17692.30769230769,3,sorento
kia,sorento,2009.0,diesel,unknown,manual,10cv,1900,suv 4x4,medium,standard,5 seats,4 doors,used,34000.0,2026-03,5.0,4.0,1900.0,,17.0,,4,sorento
kia,picanto,2010.0,gasoline,200000,manual,4cv,1000,hatchback,bad,standard,5 seats,4 doors,used,18000.0,2026-03,5.0,4.0,1000.0,200000.0,16.0,12500.0,4,picanto
kia,picanto,2012.0,gasoline,220000,manual,5cv,1200,hatchback,medium,standard,5 seats,4 doors,used,24000.0,2026-03,5.0,4.0,1200.0,220000.0,14.0,15714.285714285714,3,picanto
kia,ceed,2018.0,gasoline,190000,manual,6cv,1400,hatchback,good,standard,5 seats,4 doors,used,42000.0,2026-03,5.0,4.0,1400.0,190000.0,8.0,23750.0,2,kia_hatchback
kia,cerato,2007.0,diesel,300000,manual,6cv,1600,sedan,good,standard,5 seats,4 doors,used,23000.0,2026-03,5.0,4.0,1600.0,300000.0,19.0,15789.473684210529,4,cerato
kia,cerato,2010.0,gasoline,200000,manual,7cv,1600,coupe,medium,standard,5 seats,4 doors,used,27000.0,2026-03,5.0,4.0,1600.0,200000.0,16.0,12500.0,4,cerato
kia,rio,2022.0,gasoline,125000,manual,5cv,1200,hatchback,good,standard,5 seats,4 doors,used,55000.0,2026-03,5.0,4.0,1200.0,125000.0,4.0,31250.0,2,rio
kia,picanto,2010.0,gasoline,168000,manual,4cv,1000,hatchback,medium,standard,5 seats,4 doors,used,21000.0,2026-03,5.0,4.0,1000.0,168000.0,16.0,10500.0,4,picanto
kia,rio,2017.0,gasoline,162000,manual,5cv,1200,hatchback,good,standard,5 seats,4 doors,used,36000.0,2026-03,5.0,4.0,1200.0,162000.0,9.0,18000.0,3,rio
hyundai,i30,2020.0,diesel,94000,manual,6cv,1600,hatchback,good,standard,5 seats,4 doors,used,75000.0,2026-03,5.0,4.0,1600.0,94000.0,6.0,15666.666666666666,2,hyundai_hatchback
hyundai,i10,2017.0,gasoline,155000,manual,5cv,1200,sedan,good,standard,5 seats,4 doors,used,33000.0,2026-03,5.0,4.0,1200.0,155000.0,9.0,17222.222222222223,3,i10
hyundai,i20,2022.0,gasoline,103000,manual,5cv,1200,hatchback,good,standard,5 seats,4 doors,used,46000.0,2026-03,5.0,4.0,1200.0,103000.0,4.0,25750.0,2,i20
hyundai,i10,2013.0,gasoline,158000,manual,4cv,1000,hatchback,medium,standard,5 seats,4 doors,used,24000.0,2026-03,5.0,4.0,1000.0,158000.0,13.0,12153.846153846154,3,i10
hyundai,i20,2022.0,gasoline,170000,manual,5cv,1200,hatchback,good,standard,5 seats,4 doors,used,37000.0,2026-03,5.0,4.0,1200.0,170000.0,4.0,42500.0,2,i20
hyundai,i10,2021.0,gasoline,74000,automatic,5cv,1200,hatchback,good,standard,5 seats,4 doors,used,41000.0,2026-03,5.0,4.0,1200.0,74000.0,5.0,14800.0,2,i10
hyundai,i10,2023.0,gasoline,130000,manual,5cv,1200,hatchback,good,standard,5 seats,4 doors,used,36000.0,2026-03,5.0,4.0,1200.0,130000.0,3.0,43333.333333333336,1,i10
hyundai,i10,2022.0,gasoline,150000,manual,5cv,1200,hatchback,good,standard,5 seats,4 doors,used,34000.0,2026-03,5.0,4.0,1200.0,150000.0,4.0,37500.0,2,i10
hyundai,i20,2019.0,gasoline,190000,manual,5cv,1200,hatchback,good,standard,5 seats,4 doors,used,37000.0,2026-03,5.0,4.0,1200.0,190000.0,7.0,27142.85714285714,2,i20
hyundai,i10,2023.0,gasoline,64000,manual,4cv,1000,hatchback,good,standard,5 seats,4 doors,used,41000.0,2026-03,5.0,4.0,1000.0,64000.0,3.0,21333.33333333333,1,i10
hyundai,i20,2021.0,gasoline,140000,manual,5cv,1200,hatchback,good,standard,5 seats,4 doors,used,48000.0,2026-03,5.0,4.0,1200.0,140000.0,5.0,28000.0,2,i20
hyundai,i20,2019.0,gasoline,195000,manual,5cv,1200,hatchback,good,standard,5 seats,4 doors,used,34000.0,2026-03,5.0,4.0,1200.0,195000.0,7.0,27857.14285714286,2,i20
hyundai,i30,2022.0,gasoline,unknown,automatic,6cv,1000,sedan,good,standard,5 seats,4 doors,used,80000.0,2026-03,5.0,4.0,1000.0,,4.0,,2,hyundai_sedan
hyundai,accent,2004.0,diesel,357000,manual,5cv,1500,sedan,medium,standard,5 seats,4 doors,used,17000.0,2026-03,5.0,4.0,1500.0,357000.0,22.0,16227.272727272728,4,hyundai_sedan
hyundai,i10,2023.0,gasoline,57000,automatic,4cv,1000,hatchback,good,standard,5 seats,4 doors,used,41000.0,2026-03,5.0,4.0,1000.0,57000.0,3.0,19000.0,1,i10
hyundai,i20,2013.0,gasoline,168000,manual,5cv,1200,hatchback,medium,standard,5 seats,4 doors,used,25000.0,2026-03,5.0,4.0,1200.0,168000.0,13.0,12923.076923076924,3,i20
hyundai,elantra,2018.0,gasoline,204000,manual,7cv,1600,sedan,good,standard,5 seats,4 doors,used,49000.0,2026-03,5.0,4.0,1600.0,204000.0,8.0,25500.0,2,hyundai_sedan
hyundai,i20,2023.0,gasoline,35000,automatic,5cv,1200,hatchback,good,standard,5 seats,4 doors,used,56000.0,2026-03,5.0,4.0,1200.0,35000.0,3.0,11666.666666666666,1,i20
hyundai,i10,2021.0,gasoline,78000,manual,4cv,1000,hatchback,good,standard,5 seats,4 doors,used,36000.0,2026-03,5.0,4.0,1000.0,78000.0,5.0,15600.0,2,i10
hyundai,i10,2014.0,gasoline,183000,manual,5cv,1200,hatchback,good,standard,5 seats,4 doors,used,28000.0,2026-03,5.0,4.0,1200.0,183000.0,12.0,15250.0,3,i10
hyundai,i10,2023.0,gasoline,155000,manual,5cv,1200,sedan,good,standard,5 seats,4 doors,used,34000.0,2026-03,5.0,4.0,1200.0,155000.0,3.0,51666.66666666666,1,i10
hyundai,i10,2017.0,gasoline,160000,manual,5cv,1200,hatchback,medium,standard,5 seats,4 doors,used,25000.0,2026-03,5.0,4.0,1200.0,160000.0,9.0,17777.777777777777,3,i10
hyundai,tucson,2005.0,diesel,267000,automatic,8cv,2000,suv 4x4,medium,standard,5 seats,4 doors,used,31000.0,2026-03,5.0,4.0,2000.0,267000.0,21.0,12714.285714285714,4,tucson
hyundai,i20,2022.0,gasoline,16000,manual,5cv,1200,hatchback,good,standard,5 seats,4 doors,used,59000.0,2026-03,5.0,4.0,1200.0,16000.0,4.0,4000.0,2,i20
hyundai,tucson,2019.0,gasoline,92000,automatic,11cv,1600,suv 4x4,good,standard,5 seats,4 doors,used,85000.0,2026-03,5.0,4.0,1600.0,92000.0,7.0,13142.857142857143,2,tucson
hyundai,i20,2019.0,gasoline,129000,manual,5cv,1200,hatchback,good,standard,5 seats,4 doors,used,40000.0,2026-03,5.0,4.0,1200.0,129000.0,7.0,18428.571428571428,2,i20
hyundai,kona,2019.0,gasoline,150000,manual,6cv,1000,crossover,good,standard,5 seats,4 doors,used,51000.0,2026-03,5.0,4.0,1000.0,150000.0,7.0,21428.571428571428,2,hyundai_crossover
hyundai,i20,2014.0,gasoline,133000,manual,4cv,1200,hatchback,good,standard,5 seats,4 doors,used,28000.0,2026-03,5.0,4.0,1200.0,133000.0,12.0,11083.333333333334,3,i20
hyundai,tucson,2022.0,hybrid,31000,automatic,10cv,1600,suv 4x2,good,standard,5 seats,4 doors,used,13000.0,2026-03,5.0,4.0,1600.0,31000.0,4.0,7750.0,2,tucson
hyundai,tucson,2015.0,diesel,177000,automatic,11cv,2000,suv 4x4,good,standard,5 seats,4 doors,used,56000.0,2026-03,5.0,4.0,2000.0,177000.0,11.0,16090.90909090909,3,tucson
hyundai,h1,2008.0,diesel,560000,manual,10cv,2500,mpv,medium,standard,9 seats,4 doors,used,20000.0,2026-03,9.0,4.0,2500.0,560000.0,18.0,31111.11111111111,4,hyundai_mpv
hyundai,santafe,2019.0,diesel,88000,automatic,12cv,2200,suv 4x4,good,standard,5 seats,4 doors,used,95000.0,2026-03,5.0,4.0,2200.0,88000.0,7.0,12571.42857142857,2,hyundai_suv 4x4
hyundai,i20,2021.0,gasoline,80000,manual,5cv,1200,hatchback,good,standard,5 seats,4 doors,used,52000.0,2026-03,5.0,4.0,1200.0,80000.0,5.0,16000.0,2,i20
hyundai,creta,2019.0,gasoline,69000,manual,7cv,1600,suv 4x4,good,standard,5 seats,4 doors,used,70000.0,2026-03,5.0,4.0,1600.0,69000.0,7.0,9857.142857142857,2,hyundai_suv 4x4
hyundai,tucson,2022.0,hybrid,180000,automatic,10cv,1500,suv 4x4,good,standard,5 seats,4 doors,used,83000.0,2026-03,5.0,4.0,1500.0,180000.0,4.0,45000.0,2,tucson
hyundai,elantra,2017.0,gasoline,163000,automatic,7cv,1600,sedan,good,standard,5 seats,4 doors,used,35000.0,2026-03,5.0,4.0,1600.0,163000.0,9.0,18111.11111111111,3,hyundai_sedan
hyundai,veloster,2017.0,gasoline,130000,automatic,7cv,1600,hatchback,good,standard,5 seats,4 doors,used,40000.0,2026-03,5.0,4.0,1600.0,130000.0,9.0,14444.444444444443,3,hyundai_hatchback
hyundai,i10,2021.0,gasoline,37000,automatic,5cv,1200,hatchback,good,standard,5 seats,4 doors,used,47000.0,2026-03,5.0,4.0,1200.0,37000.0,5.0,7400.0,2,i10
hyundai,i10,2022.0,gasoline,116000,manual,5cv,1200,hatchback,good,standard,5 seats,4 doors,used,34000.0,2026-03,5.0,4.0,1200.0,116000.0,4.0,29000.0,2,i10
hyundai,tucson,2020.0,gasoline,83000,automatic,8cv,1600,suv 4x2,good,standard,5 seats,4 doors,used,67000.0,2026-03,5.0,4.0,1600.0,83000.0,6.0,13833.333333333334,2,tucson
hyundai,tucson,2022.0,hybrid,104000,automatic,8cv,1600,suv 4x2,good,standard,5 seats,4 doors,used,100000.0,2026-03,5.0,4.0,1600.0,104000.0,4.0,26000.0,2,tucson
hyundai,creta,2021.0,gasoline,105000,automatic,7cv,1600,suv 4x2,good,standard,5 seats,4 doors,used,55000.0,2026-03,5.0,4.0,1600.0,105000.0,5.0,21000.0,2,hyundai_suv 4x2
hyundai,bayon,2023.0,gasoline,35000,manual,5cv,1200,crossover,good,standard,5 seats,4 doors,used,70000.0,2026-03,5.0,4.0,1200.0,35000.0,3.0,11666.666666666666,1,hyundai_crossover
hyundai,accent,2024.0,gasoline,47000,automatic,5cv,1500,sedan,good,standard,5 seats,4 doors,used,80000.0,2026-03,5.0,4.0,1500.0,47000.0,2.0,23500.0,1,hyundai_sedan
hyundai,tucson,2014.0,diesel,235000,automatic,11cv,1700,suv 4x2,good,standard,5 seats,4 doors,used,46000.0,2026-03,5.0,4.0,1700.0,235000.0,12.0,19583.33333333333,3,tucson
hyundai,tucson,2016.0,gasoline,150000,manual,8cv,1600,suv 4x2,good,standard,5 seats,4 doors,used,54000.0,2026-03,5.0,4.0,1600.0,150000.0,10.0,15000.0,3,tucson
hyundai,tucson,2015.0,diesel,130000,manual,6cv,1600,suv 4x2,good,standard,5 seats,4 doors,used,52000.0,2026-03,5.0,4.0,1600.0,130000.0,11.0,11818.181818181818,3,tucson
bmw,x1,2019.0,diesel,160000,manual,6cv,1600,suv 4x4,good,standard,5 seats,4 doors,used,70000.0,2026-03,5.0,4.0,1600.0,160000.0,7.0,22857.14285714286,2,x1
bmw,x3,2019.0,gasoline,16500,automatic,11cv,2000,suv 4x4,good,standard,5 seats,4 doors,used,175000.0,2026-03,5.0,4.0,2000.0,16500.0,7.0,2357.1428571428573,2,x3
bmw,serie 2,2022.0,gasoline,59000,automatic,8cv,1500,sedan,good,standard,5 seats,4 doors,used,100000.0,2026-03,5.0,4.0,1500.0,59000.0,4.0,14750.0,2,serie 2
bmw,x6,2010.0,gasoline,215000,automatic,21cv,3500,suv 4x4,good,standard,5 seats,4 doors,used,65000.0,2026-03,5.0,4.0,3500.0,215000.0,16.0,13437.5,4,x6
bmw,serie 5,2013.0,gasoline,98000,automatic,11cv,2000,sedan,good,standard,5 seats,4 doors,used,70000.0,2026-03,5.0,4.0,2000.0,98000.0,13.0,7538.461538461538,3,serie 5
bmw,x3,2014.0,diesel,195000,manual,8cv,2000,suv 4x4,good,standard,5 seats,4 doors,used,70000.0,2026-03,5.0,4.0,2000.0,195000.0,12.0,16250.0,3,x3
bmw,serie 5,2019.0,gasoline,185000,automatic,10cv,2000,sedan,good,standard,5 seats,4 doors,used,95000.0,2026-03,5.0,4.0,2000.0,185000.0,7.0,26428.571428571428,2,serie 5
bmw,serie 3,2013.0,gasoline,156000,automatic,7cv,1600,sedan,good,standard,5 seats,4 doors,used,60000.0,2026-03,5.0,4.0,1600.0,156000.0,13.0,12000.0,3,serie 3
bmw,serie 3,2014.0,diesel,197000,manual,7cv,1800,sedan,good,standard,5 seats,4 doors,used,62000.0,2026-03,5.0,4.0,1800.0,197000.0,12.0,16416.666666666668,3,serie 3
bmw,serie 3,2013.0,gasoline,175000,automatic,7cv,1600,sedan,good,standard,5 seats,4 doors,used,50000.0,2026-03,5.0,4.0,1600.0,175000.0,13.0,13461.53846153846,3,serie 3
bmw,serie 3,2011.0,diesel,300000,manual,9cv,2000,sedan,good,standard,5 seats,4 doors,used,40000.0,2026-03,5.0,4.0,2000.0,300000.0,15.0,20000.0,3,serie 3
bmw,x1,2016.0,diesel,190000,manual,6cv,1500,suv 4x4,good,standard,5 seats,4 doors,used,71000.0,2026-03,5.0,4.0,1500.0,190000.0,10.0,19000.0,3,x1
bmw,serie 1,2016.0,diesel,190000,manual,5cv,1500,hatchback,good,standard,5 seats,4 doors,used,60000.0,2026-03,5.0,4.0,1500.0,190000.0,10.0,19000.0,3,serie 1
bmw,serie 1,2010.0,diesel,unknown,manual,9cv,2000,coupe,good,standard,5 seats,4 doors,used,37000.0,2026-03,5.0,4.0,2000.0,,16.0,,4,serie 1
bmw,serie 1,2016.0,gasoline,156000,automatic,7cv,1500,hatchback,good,standard,5 seats,4 doors,used,52000.0,2026-03,5.0,4.0,1500.0,156000.0,10.0,15600.0,3,serie 1
bmw,x3,2007.0,diesel,292000,automatic,11cv,2000,suv 4x4,good,standard,5 seats,4 doors,used,41000.0,2026-03,5.0,4.0,2000.0,292000.0,19.0,15368.421052631578,4,x3
bmw,serie 3,2022.0,gasoline,37000,automatic,9cv,1600,sedan,good,standard,5 seats,4 doors,used,118000.0,2026-03,5.0,4.0,1600.0,37000.0,4.0,9250.0,2,serie 3
bmw,serie 2,2020.0,gasoline,72000,automatic,8cv,1800,sedan,good,standard,5 seats,4 doors,used,95000.0,2026-03,5.0,4.0,1800.0,72000.0,6.0,12000.0,2,serie 2
bmw,serie 1,2013.0,gasoline,83000,manual,7cv,1400,hatchback,good,standard,5 seats,4 doors,used,44000.0,2026-03,5.0,4.0,1400.0,83000.0,13.0,6384.615384615385,3,serie 1
bmw,x1,2011.0,gasoline,180000,automatic,9cv,2000,suv 4x4,good,standard,5 seats,4 doors,used,45000.0,2026-03,5.0,4.0,2000.0,180000.0,15.0,12000.0,3,x1
bmw,serie 3,2006.0,gasoline,unknown,manual,7cv,1600,sedan,medium,standard,5 seats,4 doors,used,30000.0,2026-03,5.0,4.0,1600.0,,20.0,,4,serie 3
bmw,x5,2011.0,gasoline,150000,automatic,21cv,3500,suv 4x4,good,standard,5 seats,4 doors,used,85000.0,2026-03,5.0,4.0,3500.0,150000.0,15.0,10000.0,3,x5
bmw,serie 3,2014.0,gasoline,150000,automatic,7cv,1600,sedan,good,standard,5 seats,4 doors,used,52000.0,2026-03,5.0,4.0,1600.0,150000.0,12.0,12500.0,3,serie 3
bmw,serie 3,1986.0,diesel,unknown,manual,7cv,1600,sedan,bad,standard,5 seats,4 doors,used,4000.0,2026-03,5.0,4.0,1600.0,,40.0,,4,serie 3
bmw,serie 1,2008.0,gasoline,150000,manual,7cv,1600,hatchback,good,standard,5 seats,4 doors,used,40000.0,2026-03,5.0,4.0,1600.0,150000.0,18.0,8333.333333333334,4,serie 1
bmw,x2,2018.0,gasoline,72000,automatic,8cv,1800,crossover,good,standard,5 seats,4 doors,used,110000.0,2026-03,5.0,4.0,1800.0,72000.0,8.0,9000.0,2,x2
bmw,x5,2001.0,diesel,390000,automatic,12cv,3000,suv 4x4,bad,standard,5 seats,4 doors,used,20000.0,2026-03,5.0,4.0,3000.0,390000.0,25.0,15600.0,4,x5
bmw,serie 3,2011.0,gasoline,300000,automatic,7cv,2000,sedan,medium,standard,5 seats,4 doors,used,32000.0,2026-03,5.0,4.0,2000.0,300000.0,15.0,20000.0,3,serie 3
bmw,serie 3,2007.0,diesel,260000,manual,8cv,1800,sedan,medium,standard,5 seats,4 doors,used,31000.0,2026-03,5.0,4.0,1800.0,260000.0,19.0,13684.21052631579,4,serie 3
bmw,serie 3,2009.0,diesel,360000,manual,9cv,2000,sedan,good,standard,5 seats,4 doors,used,35000.0,2026-03,5.0,4.0,2000.0,360000.0,17.0,21176.470588235294,4,serie 3
bmw,serie 3,2016.0,gasoline,100000,automatic,7cv,1800,sedan,good,standard,5 seats,4 doors,used,90000.0,2026-03,5.0,4.0,1800.0,100000.0,10.0,10000.0,3,serie 3
bmw,serie 5,2010.0,diesel,180000,manual,12cv,3000,sedan,good,standard,5 seats,4 doors,used,82000.0,2026-03,5.0,4.0,3000.0,180000.0,16.0,11250.0,4,serie 5
bmw,serie 1,2010.0,diesel,220000,manual,7cv,1600,hatchback,medium,standard,5 seats,4 doors,used,31000.0,2026-03,5.0,4.0,1600.0,220000.0,16.0,13750.0,4,serie 1
bmw,serie 3,2022.0,gasoline,140000,automatic,10cv,2000,sedan,good,standard,5 seats,4 doors,used,105000.0,2026-03,5.0,4.0,2000.0,140000.0,4.0,35000.0,2,serie 3
bmw,x3,2022.0,hybrid,70000,automatic,11cv,2000,suv 4x4,good,standard,5 seats,4 doors,used,165000.0,2026-03,5.0,4.0,2000.0,70000.0,4.0,17500.0,2,x3
bmw,serie 1,2009.0,gasoline,150000,manual,7cv,1600,hatchback,good,standard,5 seats,4 doors,used,38000.0,2026-03,5.0,4.0,1600.0,150000.0,17.0,8823.529411764706,4,serie 1
bmw,serie 3,2010.0,gasoline,200000,manual,7cv,1600,coupe,medium,standard,5 seats,4 doors,used,34000.0,2026-03,5.0,4.0,1600.0,200000.0,16.0,12500.0,4,serie 3
bmw,x3,2018.0,diesel,87000,automatic,10cv,2000,suv 4x4,good,standard,5 seats,4 doors,used,170000.0,2026-03,5.0,4.0,2000.0,87000.0,8.0,10875.0,2,x3
bmw,serie 1,2006.0,gasoline,227000,manual,7cv,1600,hatchback,bad,standard,5 seats,4 doors,used,24000.0,2026-03,5.0,4.0,1600.0,227000.0,20.0,11350.0,4,serie 1
bmw,x6,2017.0,diesel,unknown,automatic,21cv,3500,suv 4x4,good,standard,5 seats,4 doors,used,180000.0,2026-03,5.0,4.0,3500.0,,9.0,,3,x6
bmw,serie 5,2005.0,diesel,250000,automatic,11cv,3000,sedan,good,standard,5 seats,4 doors,used,60000.0,2026-03,5.0,4.0,3000.0,250000.0,21.0,11904.761904761905,4,serie 5
bmw,serie 4,2015.0,gasoline,260000,automatic,10cv,2000,sedan,good,standard,5 seats,4 doors,used,62000.0,2026-03,5.0,4.0,2000.0,260000.0,11.0,23636.36363636364,3,serie 4
bmw,serie 4,2017.0,gasoline,150000,automatic,7cv,1700,sedan,good,standard,5 seats,4 doors,used,80000.0,2026-03,5.0,4.0,1700.0,150000.0,9.0,16666.666666666668,3,serie 4
bmw,serie 5,2017.0,gasoline,80000,automatic,10cv,2000,sedan,good,standard,5 seats,4 doors,used,132000.0,2026-03,5.0,4.0,2000.0,80000.0,9.0,8888.888888888889,3,serie 5
bmw,x1,2017.0,gasoline,160000,automatic,7cv,1500,suv 4x4,good,standard,5 seats,4 doors,used,65000.0,2026-03,5.0,4.0,1500.0,160000.0,9.0,17777.777777777777,3,x1
bmw,serie 3,2014.0,gasoline,122000,manual,7cv,1600,sedan,good,standard,5 seats,4 doors,used,62000.0,2026-03,5.0,4.0,1600.0,122000.0,12.0,10166.666666666666,3,serie 3
bmw,serie 1,2013.0,diesel,150000,automatic,7cv,1800,hatchback,good,standard,5 seats,4 doors,used,47000.0,2026-03,5.0,4.0,1800.0,150000.0,13.0,11538.46153846154,3,serie 1
bmw,x3,2022.0,hybrid,120000,automatic,10cv,1800,suv 4x4,good,standard,5 seats,4 doors,used,120000.0,2026-03,5.0,4.0,1800.0,120000.0,4.0,30000.0,2,x3
bmw,x3,2014.0,diesel,185000,automatic,10cv,2000,suv 4x4,good,standard,5 seats,4 doors,used,78000.0,2026-03,5.0,4.0,2000.0,185000.0,12.0,15416.666666666666,3,x3
bmw,serie 3,2012.0,gasoline,243000,automatic,7cv,1600,sedan,good,standard,5 seats,4 doors,used,42000.0,2026-03,5.0,4.0,1600.0,243000.0,14.0,17357.14285714286,3,serie 3
bmw,serie 3,1993.0,gasoline,unknown,manual,9cv,2000,sedan,medium,standard,5 seats,4 doors,used,18000.0,2026-03,5.0,4.0,2000.0,,33.0,,4,serie 3
bmw,serie 1,2017.0,gasoline,160000,manual,7cv,1500,hatchback,good,standard,5 seats,4 doors,used,52000.0,2026-03,5.0,4.0,1500.0,160000.0,9.0,17777.777777777777,3,serie 1
bmw,serie 5,2014.0,gasoline,192000,automatic,9cv,1600,sedan,good,standard,5 seats,4 doors,used,74000.0,2026-03,5.0,4.0,1600.0,192000.0,12.0,16000.0,3,serie 5
bmw,x1,2020.0,gasoline,102000,automatic,8cv,1500,suv 4x4,good,standard,5 seats,4 doors,used,79000.0,2026-03,5.0,4.0,1500.0,102000.0,6.0,17000.0,2,x1
bmw,serie 3,2002.0,diesel,420000,manual,8cv,2000,sedan,medium,standard,5 seats,4 doors,used,23000.0,2026-03,5.0,4.0,2000.0,420000.0,24.0,17500.0,4,serie 3
bmw,serie 3,2020.0,gasoline,200000,automatic,9cv,1600,sedan,good,standard,5 seats,4 doors,used,70000.0,2026-03,5.0,4.0,1600.0,200000.0,6.0,33333.333333333336,2,serie 3
bmw,serie 5,2012.0,gasoline,180000,automatic,10cv,2000,sedan,good,standard,5 seats,4 doors,used,71000.0,2026-03,5.0,4.0,2000.0,180000.0,14.0,12857.142857142857,3,serie 5
bmw,serie 5,2014.0,gasoline,216000,automatic,10cv,2000,sedan,good,standard,5 seats,4 doors,used,66000.0,2026-03,5.0,4.0,2000.0,216000.0,12.0,18000.0,3,serie 5
bmw,serie 5,2007.0,diesel,300000,manual,10cv,2000,sedan,bad,standard,5 seats,4 doors,used,26000.0,2026-03,5.0,4.0,2000.0,300000.0,19.0,15789.473684210529,4,serie 5
bmw,serie 3,2002.0,gasoline,unknown,manual,7cv,1600,sedan,medium,standard,5 seats,4 doors,used,29000.0,2026-03,5.0,4.0,1600.0,,24.0,,4,serie 3
bmw,serie 5,1994.0,diesel,unknown,manual,7cv,1600,sedan,bad,standard,5 seats,4 doors,used,7000.0,2026-03,5.0,4.0,1600.0,,32.0,,4,serie 5
bmw,serie 5,2022.0,gasoline,74000,automatic,10cv,1600,sedan,good,standard,5 seats,4 doors,used,140000.0,2026-03,5.0,4.0,1600.0,74000.0,4.0,18500.0,2,serie 5
bmw,serie 5,2020.0,gasoline,124000,automatic,10cv,1600,sedan,good,standard,5 seats,4 doors,used,100000.0,2026-03,5.0,4.0,1600.0,124000.0,6.0,20666.666666666668,2,serie 5
bmw,serie 1,2017.0,gasoline,180000,automatic,8cv,1800,hatchback,good,standard,5 seats,4 doors,used,64000.0,2026-03,5.0,4.0,1800.0,180000.0,9.0,20000.0,3,serie 1
bmw,serie 5,2004.0,gasoline,320000,automatic,11cv,2000,sedan,bad,standard,5 seats,4 doors,used,28500.0,2026-03,5.0,4.0,2000.0,320000.0,22.0,14545.454545454546,4,serie 5
bmw,serie 7,2009.0,gasoline,300000,automatic,23cv,4200,sedan,medium,standard,5 seats,4 doors,used,60000.0,2026-03,5.0,4.0,4200.0,300000.0,17.0,17647.058823529413,4,serie 7
bmw,serie 7,2011.0,gasoline,117000,automatic,31cv,4200,sedan,good,alpine,5 seats,4 doors,used,130000.0,2026-03,5.0,4.0,4200.0,117000.0,15.0,7800.0,3,serie 7
bmw,x3,2007.0,diesel,320000,manual,7cv,2000,suv 4x4,medium,standard,5 seats,4 doors,used,34000.0,2026-03,5.0,4.0,2000.0,320000.0,19.0,16842.105263157893,4,x3
bmw,x6,2012.0,diesel,116000,automatic,16cv,3000,suv 4x4,good,standard,5 seats,4 doors,used,112000.0,2026-03,5.0,4.0,3000.0,116000.0,14.0,8285.714285714286,3,x6
bmw,serie 5,2007.0,diesel,300000,automatic,10cv,2000,sedan,medium,standard,5 seats,4 doors,used,33000.0,2026-03,5.0,4.0,2000.0,300000.0,19.0,15789.473684210529,4,serie 5
bmw,serie 4,2020.0,gasoline,132000,automatic,8cv,1800,sedan,good,standard,5 seats,4 doors,used,100000.0,2026-03,5.0,4.0,1800.0,132000.0,6.0,22000.0,2,serie 4
bmw,serie 3,2019.0,gasoline,136000,automatic,7cv,1800,sedan,good,standard,5 seats,4 doors,used,83000.0,2026-03,5.0,4.0,1800.0,136000.0,7.0,19428.571428571428,2,serie 3
bmw,serie 2,2021.0,gasoline,200000,automatic,8cv,1800,sedan,good,standard,5 seats,4 doors,used,90000.0,2026-03,5.0,4.0,1800.0,200000.0,5.0,40000.0,2,serie 2
bmw,serie 5,2001.0,gasoline,unknown,manual,11cv,2000,sedan,medium,standard,5 seats,4 doors,used,28000.0,2026-03,5.0,4.0,2000.0,,25.0,,4,serie 5
bmw,serie 1,2019.0,gasoline,40000,automatic,7cv,1500,hatchback,good,standard,5 seats,4 doors,used,110000.0,2026-03,5.0,4.0,1500.0,40000.0,7.0,5714.285714285715,2,serie 1
bmw,serie 5,2023.0,gasoline,37000,automatic,10cv,1600,sedan,good,standard,5 seats,4 doors,used,180000.0,2026-03,5.0,4.0,1600.0,37000.0,3.0,12333.333333333334,1,serie 5
bmw,x5,2002.0,diesel,290000,automatic,12cv,3000,suv 4x4,medium,standard,5 seats,4 doors,used,32000.0,2026-03,5.0,4.0,3000.0,290000.0,24.0,12083.333333333334,4,x5
bmw,serie 5,2006.0,diesel,256000,manual,10cv,2000,sedan,medium,standard,5 seats,4 doors,used,35000.0,2026-03,5.0,4.0,2000.0,256000.0,20.0,12800.0,4,serie 5
bmw,x5,2008.0,diesel,270000,automatic,16cv,3000,suv 4x4,good,standard,5 seats,4 doors,used,64000.0,2026-03,5.0,4.0,3000.0,270000.0,18.0,15000.0,4,x5
bmw,x1,2011.0,diesel,202000,manual,10cv,2000,suv 4x4,good,standard,5 seats,4 doors,used,53000.0,2026-03,5.0,4.0,2000.0,202000.0,15.0,13466.666666666666,3,x1
bmw,x6,2018.0,diesel,148000,automatic,16cv,3000,suv 4x4,good,standard,5 seats,4 doors,used,260000.0,2026-03,5.0,4.0,3000.0,148000.0,8.0,18500.0,2,x6
bmw,serie 3,1996.0,gasoline,unknown,manual,8cv,1600,sedan,good,standard,5 seats,4 doors,used,30000.0,2026-03,5.0,4.0,1600.0,,30.0,,4,serie 3
bmw,serie 3,2002.0,gasoline,unknown,manual,7cv,1600,sedan,medium,standard,5 seats,4 doors,used,30000.0,2026-03,5.0,4.0,1600.0,,24.0,,4,serie 3
bmw,serie 4,2017.0,gasoline,28000,automatic,10cv,2000,coupe,good,standard,5 seats,4 doors,used,148000.0,2026-03,5.0,4.0,2000.0,28000.0,9.0,3111.111111111112,3,serie 4
bmw,serie 5,1988.0,gasoline,unknown,manual,8cv,1600,sedan,medium,standard,5 seats,4 doors,used,23000.0,2026-03,5.0,4.0,1600.0,,38.0,,4,serie 5
bmw,serie 2,2024.0,gasoline,18700,automatic,8cv,1500,sedan,good,standard,5 seats,4 doors,used,143000.0,2026-03,5.0,4.0,1500.0,18700.0,2.0,9350.0,1,serie 2
bmw,serie 3,2013.0,gasoline,154000,automatic,7cv,1600,sedan,good,standard,5 seats,4 doors,used,55000.0,2026-03,5.0,4.0,1600.0,154000.0,13.0,11846.153846153846,3,serie 3
bmw,x1,2019.0,gasoline,85000,automatic,8cv,1600,suv 4x4,good,standard,5 seats,4 doors,used,75000.0,2026-03,5.0,4.0,1600.0,85000.0,7.0,12142.857142857143,2,x1
renault,clio 4,2018.0,gasoline,150000,manual,5cv,1200,wagon,good,standard,5 seats,4 doors,used,40000.0,2026-03,5.0,4.0,1200.0,150000.0,8.0,18750.0,2,clio 4
volkswagen,caddy,2020.0,diesel,167000,manual,5cv,1600,light commercial,good,standard,5 seats,4 doors,used,44000.0,2026-03,5.0,4.0,1600.0,167000.0,6.0,27833.33333333333,2,caddy
bmw,serie 3,2009.0,gasoline,210000,automatic,9cv,2000,convertible,good,standard,5 seats,4 doors,used,50000.0,2026-03,5.0,4.0,2000.0,210000.0,17.0,12352.941176470587,4,serie 3
bmw,serie 3,1998.0,gasoline,unknown,manual,7cv,1600,sedan,medium,standard,5 seats,4 doors,used,17000.0,2026-03,5.0,4.0,1600.0,,28.0,,4,serie 3
bmw,serie 3,2004.0,gasoline,220000,manual,9cv,2000,sedan,good,standard,5 seats,4 doors,used,34000.0,2026-03,5.0,4.0,2000.0,220000.0,22.0,10000.0,4,serie 3
bmw,serie 5,2012.0,diesel,300000,automatic,9cv,2000,sedan,medium,standard,5 seats,4 doors,used,44000.0,2026-03,5.0,4.0,2000.0,300000.0,14.0,21428.571428571428,3,serie 5
bmw,serie 3,2000.0,diesel,unknown,manual,9cv,2000,sedan,medium,standard,5 seats,4 doors,used,20000.0,2026-03,5.0,4.0,2000.0,,26.0,,4,serie 3
bmw,serie 7,2009.0,diesel,215000,automatic,16cv,3000,sedan,good,standard,5 seats,4 doors,used,78000.0,2026-03,5.0,4.0,3000.0,215000.0,17.0,12647.058823529413,4,serie 7
bmw,serie 5,2008.0,gasoline,unknown,automatic,9cv,2000,sedan,medium,standard,5 seats,4 doors,used,35000.0,2026-03,5.0,4.0,2000.0,,18.0,,4,serie 5
bmw,serie 5,2013.0,diesel,200000,manual,10cv,2000,sedan,good,standard,5 seats,4 doors,used,58000.0,2026-03,5.0,4.0,2000.0,200000.0,13.0,15384.615384615385,3,serie 5
bmw,serie 3,1985.0,diesel,unknown,manual,12cv,3000,sedan,medium,standard,5 seats,4 doors,used,8000.0,2026-03,5.0,4.0,3000.0,,41.0,,4,serie 3
bmw,serie 7,2000.0,gasoline,280000,manual,17cv,3500,sedan,bad,standard,5 seats,4 doors,used,20000.0,2026-03,5.0,4.0,3500.0,280000.0,26.0,10769.23076923077,4,serie 7
bmw,serie 4,2015.0,gasoline,196000,automatic,10cv,2000,coupe,good,standard,5 seats,4 doors,used,76000.0,2026-03,5.0,4.0,2000.0,196000.0,11.0,17818.18181818182,3,serie 4
bmw,serie 3,2010.0,gasoline,192000,manual,7cv,1600,coupe,good,standard,5 seats,4 doors,used,33000.0,2026-03,5.0,4.0,1600.0,192000.0,16.0,12000.0,4,serie 3
bmw,serie 5,2008.0,gasoline,220000,automatic,12cv,2300,sedan,good,standard,5 seats,4 doors,used,40000.0,2026-03,5.0,4.0,2300.0,220000.0,18.0,12222.222222222224,4,serie 5
bmw,serie 5,2008.0,diesel,254000,automatic,16cv,3000,sedan,good,standard,5 seats,4 doors,used,56000.0,2026-03,5.0,4.0,3000.0,254000.0,18.0,14111.111111111111,4,serie 5
bmw,serie 3,1986.0,gasoline,unknown,manual,7cv,1600,sedan,medium,standard,5 seats,4 doors,used,7000.0,2026-03,5.0,4.0,1600.0,,40.0,,4,serie 3
bmw,serie 5,1990.0,diesel,unknown,manual,10cv,2500,sedan,medium,standard,5 seats,4 doors,used,12000.0,2026-03,5.0,4.0,2500.0,,36.0,,4,serie 5
bmw,serie 5,2009.0,diesel,unknown,automatic,10cv,2000,sedan,good,standard,5 seats,4 doors,used,43000.0,2026-03,5.0,4.0,2000.0,,17.0,,4,serie 5
bmw,serie 5,2007.0,diesel,180000,automatic,13cv,3000,sedan,good,standard,5 seats,4 doors,used,49000.0,2026-03,5.0,4.0,3000.0,180000.0,19.0,9473.684210526317,4,serie 5
bmw,serie 3,2009.0,gasoline,124000,automatic,12cv,2000,convertible,good,standard,5 seats,4 doors,used,75000.0,2026-03,5.0,4.0,2000.0,124000.0,17.0,7294.117647058823,4,serie 3
bmw,serie 3,1995.0,gasoline,130000,manual,7cv,1600,sedan,good,standard,5 seats,4 doors,used,37000.0,2026-03,5.0,4.0,1600.0,130000.0,31.0,4193.548387096775,4,serie 3
bmw,serie 5,1994.0,diesel,unknown,manual,7cv,1800,sedan,medium,standard,5 seats,4 doors,used,10000.0,2026-03,5.0,4.0,1800.0,,32.0,,4,serie 5
bmw,serie 3,2001.0,gasoline,unknown,manual,8cv,1800,sedan,medium,standard,5 seats,4 doors,used,25000.0,2026-03,5.0,4.0,1800.0,,25.0,,4,serie 3
bmw,serie 3,1985.0,gasoline,unknown,manual,7cv,1600,sedan,medium,standard,5 seats,4 doors,used,10000.0,2026-03,5.0,4.0,1600.0,,41.0,,4,serie 3
bmw,serie 3,2002.0,gasoline,unknown,manual,9cv,1900,sedan,medium,standard,5 seats,4 doors,used,21000.0,2026-03,5.0,4.0,1900.0,,24.0,,4,serie 3
bmw,x5,2017.0,diesel,206000,automatic,16cv,3000,suv 4x4,good,standard,5 seats,4 doors,used,150000.0,2026-03,5.0,4.0,3000.0,206000.0,9.0,22888.88888888889,3,x5
bmw,serie 5,2004.0,gasoline,320000,automatic,12cv,2000,sedan,medium,standard,5 seats,4 doors,used,28000.0,2026-03,5.0,4.0,2000.0,320000.0,22.0,14545.454545454546,4,serie 5
bmw,serie 4,2021.0,gasoline,40000,automatic,10cv,2000,coupe,good,standard,5 seats,4 doors,used,175000.0,2026-03,5.0,4.0,2000.0,40000.0,5.0,8000.0,2,serie 4
bmw,x5,2012.0,diesel,163000,automatic,19cv,3000,suv 4x4,good,standard,5 seats,4 doors,used,83000.0,2026-03,5.0,4.0,3000.0,163000.0,14.0,11642.857142857143,3,x5
bmw,x6,2010.0,gasoline,215000,automatic,21cv,3500,suv 4x4,good,standard,5 seats,4 doors,used,67000.0,2026-03,5.0,4.0,3500.0,215000.0,16.0,13437.5,4,x6
mercedes,classe c,2016.0,gasoline,170000,automatic,7cv,1600,sedan,good,standard,5 seats,4 doors,used,84000.0,2026-03,5.0,4.0,1600.0,170000.0,10.0,17000.0,3,classe c
mercedes,classe a,2015.0,diesel,unknown,manual,5cv,1500,hatchback,good,standard,5 seats,4 doors,used,56000.0,2026-03,5.0,4.0,1500.0,,11.0,,3,classe a
mercedes,classe e,2012.0,diesel,unknown,automatic,10cv,2200,sedan,good,standard,5 seats,4 doors,used,50000.0,2026-03,5.0,4.0,2200.0,,14.0,,3,classe e
mercedes,classe e,1996.0,diesel,88000,manual,9cv,2200,sedan,good,standard,5 seats,4 doors,used,47000.0,2026-03,5.0,4.0,2200.0,88000.0,30.0,2933.333333333333,4,classe e
mercedes,classe c,2015.0,diesel,200000,automatic,8cv,2000,sedan,good,standard,5 seats,4 doors,used,80000.0,2026-03,5.0,4.0,2000.0,200000.0,11.0,18181.81818181818,3,classe c
mercedes,classe c,2006.0,gasoline,213000,automatic,9cv,1800,sedan,good,standard,5 seats,4 doors,used,30000.0,2026-03,5.0,4.0,1800.0,213000.0,20.0,10650.0,4,classe c
mercedes,classe e,2010.0,diesel,240000,automatic,10cv,2200,sedan,good,standard,5 seats,4 doors,used,52000.0,2026-03,5.0,4.0,2200.0,240000.0,16.0,15000.0,4,classe e
mercedes,classe c,2022.0,hybrid,105000,automatic,12cv,3000,sedan,good,standard,5 seats,4 doors,used,120000.0,2026-03,5.0,4.0,3000.0,105000.0,4.0,26250.0,2,classe c
mercedes,classe c,2019.0,gasoline,84000,automatic,8cv,1600,sedan,good,standard,5 seats,4 doors,used,105000.0,2026-03,5.0,4.0,1600.0,84000.0,7.0,12000.0,2,classe c
mercedes,classe a,2022.0,hybrid,92000,automatic,7cv,1300,hatchback,good,standard,5 seats,4 doors,used,110000.0,2026-03,5.0,4.0,1300.0,92000.0,4.0,23000.0,2,classe a
mercedes,glc,2023.0,gasoline,12000,automatic,10cv,2000,suv 4x4,good,standard,5 seats,4 doors,used,240000.0,2026-03,5.0,4.0,2000.0,12000.0,3.0,4000.0,1,glc
mercedes,citan,2022.0,diesel,57000,manual,5cv,1500,light commercial,good,standard,5 seats,4 doors,used,64000.0,2026-03,5.0,4.0,1500.0,57000.0,4.0,14250.0,2,mercedes_light commercial
mercedes,classe x,2017.0,diesel,106000,automatic,8cv,2500,pickup 4x4,good,standard,5 seats,4 doors,used,135000.0,2026-03,5.0,4.0,2500.0,106000.0,9.0,11777.777777777776,3,classe x
mercedes,glc,2018.0,diesel,240000,automatic,9cv,2000,suv 4x4,good,standard,5 seats,4 doors,used,113000.0,2026-03,5.0,4.0,2000.0,240000.0,8.0,30000.0,2,glc
mercedes,classe e,2011.0,diesel,150000,automatic,9cv,2200,coupe,good,standard,5 seats,4 doors,used,45000.0,2026-03,5.0,4.0,2200.0,150000.0,15.0,10000.0,3,classe e
mercedes,cla,2015.0,gasoline,90000,manual,7cv,1600,sedan,good,standard,5 seats,4 doors,used,77000.0,2026-03,5.0,4.0,1600.0,90000.0,11.0,8181.818181818182,3,cla
mercedes,cla,2023.0,hybrid,60000,automatic,8cv,1300,sedan,good,standard,5 seats,4 doors,used,135000.0,2026-03,5.0,4.0,1300.0,60000.0,3.0,20000.0,1,cla
mercedes,classe a,2020.0,diesel,102000,automatic,6cv,1500,sedan,good,standard,5 seats,4 doors,used,105000.0,2026-03,5.0,4.0,1500.0,102000.0,6.0,17000.0,2,classe a
mercedes,glc,2016.0,diesel,210000,automatic,11cv,2200,suv 4x4,good,standard,5 seats,4 doors,used,103000.0,2026-03,5.0,4.0,2200.0,210000.0,10.0,21000.0,3,glc
mercedes,classe x,2019.0,diesel,110000,automatic,8cv,2019,pickup 4x4,good,standard,5 seats,4 doors,used,125000.0,2026-03,5.0,4.0,2019.0,110000.0,7.0,15714.285714285714,2,classe x
mercedes,classe c,2012.0,diesel,260000,manual,6cv,1600,sedan,good,standard,5 seats,4 doors,used,53000.0,2026-03,5.0,4.0,1600.0,260000.0,14.0,18571.42857142857,3,classe c
mercedes,classe c,2016.0,gasoline,170000,automatic,7cv,1800,sedan,good,standard,5 seats,4 doors,used,83000.0,2026-03,5.0,4.0,1800.0,170000.0,10.0,17000.0,3,classe c
mercedes,classe e,2011.0,gasoline,195000,automatic,11cv,2000,sedan,good,standard,5 seats,4 doors,used,55000.0,2026-03,5.0,4.0,2000.0,195000.0,15.0,13000.0,3,classe e
mercedes,classe c,2018.0,diesel,237000,manual,7cv,1600,wagon,good,standard,5 seats,4 doors,used,67000.0,2026-03,5.0,4.0,1600.0,237000.0,8.0,29625.0,2,classe c
mercedes,cla,2023.0,hybrid,42000,automatic,8cv,1300,sedan,good,standard,5 seats,4 doors,used,119000.0,2026-03,5.0,4.0,1300.0,42000.0,3.0,14000.0,1,cla
mercedes,classe e,2016.0,gasoline,56000,automatic,10cv,2000,sedan,good,standard,5 seats,4 doors,used,100000.0,2026-03,5.0,4.0,2000.0,56000.0,10.0,5600.0,3,classe e
mercedes,classe c,2014.0,gasoline,135000,automatic,9cv,1800,sedan,good,standard,5 seats,4 doors,used,85000.0,2026-03,5.0,4.0,1800.0,135000.0,12.0,11250.0,3,classe c
mercedes,glc coupe,2018.0,diesel,134000,automatic,9cv,2500,suv 4x4,good,amg,5 seats,4 doors,used,160000.0,2026-03,5.0,4.0,2500.0,134000.0,8.0,16750.0,2,glc coupe
mercedes,classe c,1999.0,diesel,unknown,manual,7cv,2200,sedan,good,standard,5 seats,4 doors,used,27000.0,2026-03,5.0,4.0,2200.0,,27.0,,4,classe c
mercedes,classe c,2023.0,hybrid,91000,automatic,11cv,2000,sedan,good,standard,5 seats,4 doors,used,137000.0,2026-03,5.0,4.0,2000.0,91000.0,3.0,30333.33333333333,1,classe c
mercedes,classe c,2019.0,hybrid,100000,automatic,10cv,1500,coupe,good,standard,5 seats,4 doors,used,138000.0,2026-03,5.0,4.0,1500.0,100000.0,7.0,14285.714285714286,2,classe c
mercedes,cla,2021.0,hybrid,63500,automatic,8cv,1300,sedan,good,standard,5 seats,4 doors,used,120000.0,2026-03,5.0,4.0,1300.0,63500.0,5.0,12700.0,2,cla
mercedes,classe a,2013.0,diesel,170000,automatic,7cv,2000,hatchback,good,standard,5 seats,4 doors,used,53000.0,2026-03,5.0,4.0,2000.0,170000.0,13.0,13076.923076923076,3,classe a
mercedes,classe c,2000.0,diesel,300000,automatic,9cv,1600,sedan,medium,standard,5 seats,4 doors,used,28000.0,2026-03,5.0,4.0,1600.0,300000.0,26.0,11538.46153846154,4,classe c
mercedes,gle,2021.0,diesel,65000,automatic,15cv,3000,suv 4x4,good,standard,5 seats,4 doors,used,228000.0,2026-03,5.0,4.0,3000.0,65000.0,5.0,13000.0,2,gle
mercedes,classe a,2015.0,diesel,173000,automatic,6cv,1500,sedan,good,standard,5 seats,4 doors,used,70000.0,2026-03,5.0,4.0,1500.0,173000.0,11.0,15727.272727272728,3,classe a
mercedes,classe s,2009.0,gasoline,302000,automatic,15cv,3500,sedan,good,standard,5 seats,4 doors,used,62000.0,2026-03,5.0,4.0,3500.0,302000.0,17.0,17764.70588235294,4,classe s
mercedes,classe a,2012.0,gasoline,132000,manual,6cv,1500,hatchback,good,standard,5 seats,4 doors,used,53000.0,2026-03,5.0,4.0,1500.0,132000.0,14.0,9428.57142857143,3,classe a
mercedes,classe c,2011.0,gasoline,160000,automatic,11cv,1800,sedan,good,standard,5 seats,4 doors,used,53000.0,2026-03,5.0,4.0,1800.0,160000.0,15.0,10666.666666666666,3,classe c
mercedes,cla,2020.0,gasoline,40000,manual,9cv,1300,sedan,good,standard,5 seats,4 doors,used,150000.0,2026-03,5.0,4.0,1300.0,40000.0,6.0,6666.666666666667,2,cla
mercedes,classe e,2020.0,hybrid,42000,automatic,12cv,2000,sedan,good,standard,5 seats,4 doors,used,180000.0,2026-03,5.0,4.0,2000.0,42000.0,6.0,7000.0,2,classe e
mercedes,classe c,2015.0,gasoline,270000,automatic,9cv,1600,sedan,good,standard,5 seats,4 doors,used,76000.0,2026-03,5.0,4.0,1600.0,270000.0,11.0,24545.454545454544,3,classe c
mercedes,gla,2022.0,hybrid,57000,automatic,8cv,1300,crossover,good,standard,5 seats,4 doors,used,130000.0,2026-03,5.0,4.0,1300.0,57000.0,4.0,14250.0,2,gla
mercedes,classe c,2013.0,gasoline,230000,automatic,12cv,1800,sedan,good,amg,5 seats,4 doors,used,52000.0,2026-03,5.0,4.0,1800.0,230000.0,13.0,17692.30769230769,3,classe c
mercedes,classe e,2022.0,hybrid,138000,automatic,12cv,2000,sedan,good,standard,5 seats,4 doors,used,155000.0,2026-03,5.0,4.0,2000.0,138000.0,4.0,34500.0,2,classe e
mercedes,clc,2014.0,gasoline,150000,automatic,9cv,1600,coupe,good,standard,5 seats,4 doors,used,45000.0,2026-03,5.0,4.0,1600.0,150000.0,12.0,12500.0,3,mercedes_coupe
mercedes,classe c,2012.0,gasoline,200000,automatic,11cv,1600,sedan,good,standard,5 seats,4 doors,used,57000.0,2026-03,5.0,4.0,1600.0,200000.0,14.0,14285.714285714286,3,classe c
mercedes,glk,2010.0,diesel,108000,automatic,10cv,2000,suv 4x4,good,standard,5 seats,4 doors,used,53000.0,2026-03,5.0,4.0,2000.0,108000.0,16.0,6750.0,4,mercedes_suv 4x4
mercedes,classe c,2011.0,diesel,290000,automatic,9cv,2000,sedan,good,standard,5 seats,4 doors,used,47000.0,2026-03,5.0,4.0,2000.0,290000.0,15.0,19333.33333333333,3,classe c
mercedes,classe c,2009.0,gasoline,280000,automatic,9cv,1800,sedan,good,standard,5 seats,4 doors,used,42000.0,2026-03,5.0,4.0,1800.0,280000.0,17.0,16470.58823529412,4,classe c
mercedes,classe c,2008.0,gasoline,72000,automatic,11cv,2000,sedan,good,standard,5 seats,4 doors,used,65000.0,2026-03,5.0,4.0,2000.0,72000.0,18.0,4000.0,4,classe c
mercedes,cls,2008.0,diesel,280000,automatic,14cv,2000,sedan,bad,standard,5 seats,4 doors,used,24000.0,2026-03,5.0,4.0,2000.0,280000.0,18.0,15555.555555555557,4,mercedes_sedan
mercedes,classe c,2009.0,gasoline,166000,automatic,9cv,1600,sedan,good,standard,5 seats,4 doors,used,58000.0,2026-03,5.0,4.0,1600.0,166000.0,17.0,9764.70588235294,4,classe c
mercedes,classe a,2014.0,gasoline,190000,manual,7cv,1600,hatchback,good,standard,5 seats,4 doors,used,45000.0,2026-03,5.0,4.0,1600.0,190000.0,12.0,15833.333333333334,3,classe a
mercedes,classe s,2000.0,diesel,389000,automatic,13cv,3200,sedan,bad,standard,5 seats,4 doors,used,25000.0,2026-03,5.0,4.0,3200.0,389000.0,26.0,14961.53846153846,4,classe s
mercedes,classe c,2014.0,gasoline,270000,automatic,8cv,1800,sedan,good,standard,5 seats,4 doors,used,75000.0,2026-03,5.0,4.0,1800.0,270000.0,12.0,22500.0,3,classe c
mercedes,classe e,1993.0,gasoline,390000,manual,9cv,2000,sedan,medium,standard,5 seats,4 doors,used,23000.0,2026-03,5.0,4.0,2000.0,390000.0,33.0,11818.181818181818,4,classe e
mercedes,gla,2022.0,hybrid,55000,automatic,8cv,1300,crossover,good,standard,5 seats,4 doors,used,158000.0,2026-03,5.0,4.0,1300.0,55000.0,4.0,13750.0,2,gla
mercedes,classe c,2019.0,diesel,115000,manual,9cv,1800,sedan,good,standard,5 seats,4 doors,used,100000.0,2026-03,5.0,4.0,1800.0,115000.0,7.0,16428.571428571428,2,classe c
mercedes,classe a,2012.0,gasoline,132000,manual,6cv,1500,hatchback,good,standard,5 seats,4 doors,used,54000.0,2026-03,5.0,4.0,1500.0,132000.0,14.0,9428.57142857143,3,classe a
mercedes,ml,2011.0,diesel,253000,automatic,15cv,3200,suv 4x4,good,standard,5 seats,4 doors,used,63000.0,2026-03,5.0,4.0,3200.0,253000.0,15.0,16866.666666666668,3,ml
mercedes,classe a,2022.0,gasoline,65000,automatic,7cv,1300,hatchback,good,standard,5 seats,4 doors,used,97000.0,2026-03,5.0,4.0,1300.0,65000.0,4.0,16250.0,2,classe a
mercedes,cla,2022.0,gasoline,44000,automatic,7cv,1300,sedan,good,standard,5 seats,4 doors,used,117000.0,2026-03,5.0,4.0,1300.0,44000.0,4.0,11000.0,2,cla
mercedes,cla,2024.0,gasoline,16000,automatic,9cv,1300,sedan,good,amg,5 seats,4 doors,used,190000.0,2026-03,5.0,4.0,1300.0,16000.0,2.0,8000.0,1,cla
mercedes,classe e,2012.0,diesel,126000,automatic,9cv,2200,sedan,good,amg,5 seats,4 doors,used,80000.0,2026-03,5.0,4.0,2200.0,126000.0,14.0,9000.0,3,classe e
mercedes,classe e,2013.0,diesel,232000,automatic,7cv,2000,sedan,good,standard,5 seats,4 doors,used,78000.0,2026-03,5.0,4.0,2000.0,232000.0,13.0,17846.153846153848,3,classe e
mercedes,classe a,2006.0,diesel,unknown,automatic,6cv,1600,hatchback,bad,standard,5 seats,4 doors,used,17000.0,2026-03,5.0,4.0,1600.0,,20.0,,4,classe a
mercedes,classe e,2017.0,diesel,61000,automatic,9cv,2000,sedan,good,standard,5 seats,4 doors,used,123000.0,2026-03,5.0,4.0,2000.0,61000.0,9.0,6777.777777777777,3,classe e
mercedes,classe e,2012.0,diesel,284000,automatic,9cv,2000,sedan,good,standard,5 seats,4 doors,used,67000.0,2026-03,5.0,4.0,2000.0,284000.0,14.0,20285.714285714286,3,classe e
mercedes,cla,2013.0,gasoline,165000,automatic,8cv,2500,sedan,good,amg,5 seats,4 doors,used,62000.0,2026-03,5.0,4.0,2500.0,165000.0,13.0,12692.307692307691,3,cla
mercedes,cla,2013.0,gasoline,160000,automatic,7cv,1600,sedan,good,standard,5 seats,4 doors,used,58000.0,2026-03,5.0,4.0,1600.0,160000.0,13.0,12307.692307692309,3,cla
mercedes,classe e,2009.0,diesel,365000,automatic,10cv,2200,sedan,good,standard,5 seats,4 doors,used,48000.0,2026-03,5.0,4.0,2200.0,365000.0,17.0,21470.58823529412,4,classe e
smart,forfour,2015.0,gasoline,98000,manual,4cv,1000,hatchback,medium,standard,5 seats,4 doors,used,29000.0,2026-03,5.0,4.0,1000.0,98000.0,11.0,8909.09090909091,3,smart_hatchback
mercedes,gla,2024.0,hybrid,40000,automatic,9cv,1300,crossover,good,amg,5 seats,4 doors,used,168000.0,2026-03,5.0,4.0,1300.0,40000.0,2.0,20000.0,1,gla
mercedes,classe c,2009.0,diesel,185000,manual,9cv,2000,sedan,good,standard,5 seats,4 doors,used,48000.0,2026-03,5.0,4.0,2000.0,185000.0,17.0,10882.35294117647,4,classe c
mercedes,classe c,2017.0,gasoline,143000,automatic,8cv,1600,sedan,good,standard,5 seats,4 doors,used,90000.0,2026-03,5.0,4.0,1600.0,143000.0,9.0,15888.888888888889,3,classe c
mercedes,classe c,2021.0,diesel,88000,automatic,8cv,1600,sedan,good,standard,5 seats,4 doors,used,132000.0,2026-03,5.0,4.0,1600.0,88000.0,5.0,17600.0,2,classe c
mercedes,classe a,2014.0,gasoline,170000,automatic,6cv,1600,hatchback,good,standard,5 seats,4 doors,used,60000.0,2026-03,5.0,4.0,1600.0,170000.0,12.0,14166.666666666666,3,classe a
mercedes,gle coupe,2024.0,hybrid,16000,automatic,15cv,2000,suv 4x4,good,standard,5 seats,4 doors,used,340000.0,2026-03,5.0,4.0,2000.0,16000.0,2.0,8000.0,1,gle coupe
mercedes,classe e,2017.0,diesel,140000,automatic,10cv,2000,sedan,good,standard,5 seats,4 doors,used,100000.0,2026-03,5.0,4.0,2000.0,140000.0,9.0,15555.555555555557,3,classe e
mercedes,classe c,2010.0,gasoline,231000,automatic,9cv,1800,sedan,good,standard,5 seats,4 doors,used,44000.0,2026-03,5.0,4.0,1800.0,231000.0,16.0,14437.5,4,classe c
mercedes,classe c,2009.0,gasoline,175000,manual,9cv,1600,sedan,good,standard,5 seats,4 doors,used,45000.0,2026-03,5.0,4.0,1600.0,175000.0,17.0,10294.117647058823,4,classe c
mercedes,classe a,2021.0,hybrid,80000,automatic,6cv,1300,sedan,good,standard,5 seats,4 doors,used,138000.0,2026-03,5.0,4.0,1300.0,80000.0,5.0,16000.0,2,classe a
mercedes,sprinter,2000.0,diesel,425000,manual,12cv,2200,heavy commercial,medium,standard,2 seats,2 doors,used,21000.0,2026-03,2.0,2.0,2200.0,425000.0,26.0,16346.153846153846,4,sprinter
mercedes,gla,2015.0,gasoline,100000,manual,7cv,1600,crossover,good,standard,5 seats,4 doors,used,60000.0,2026-03,5.0,4.0,1600.0,100000.0,11.0,9090.90909090909,3,gla
mercedes,classe e,2011.0,diesel,210000,automatic,8cv,2000,sedan,good,standard,5 seats,4 doors,used,50000.0,2026-03,5.0,4.0,2000.0,210000.0,15.0,14000.0,3,classe e
mercedes,classe e,2022.0,gasoline,11400,automatic,9cv,1600,sedan,good,standard,5 seats,4 doors,used,174000.0,2026-03,5.0,4.0,1600.0,11400.0,4.0,2850.0,2,classe e
mercedes,classe a,2016.0,gasoline,160000,manual,7cv,1800,hatchback,good,standard,5 seats,4 doors,used,54000.0,2026-03,5.0,4.0,1800.0,160000.0,10.0,16000.0,3,classe a
mercedes,classe c 63,2017.0,gasoline,71000,automatic,36cv,4000,sedan,good,amg,5 seats,4 doors,used,195000.0,2026-03,5.0,4.0,4000.0,71000.0,9.0,7888.888888888889,3,mercedes_sedan
mercedes,classe a,2019.0,diesel,121000,automatic,7cv,1500,hatchback,good,amg,5 seats,4 doors,used,94000.0,2026-03,5.0,4.0,1500.0,121000.0,7.0,17285.714285714286,2,classe a
mercedes,classe c,2018.0,gasoline,80000,automatic,8cv,1600,sedan,good,standard,5 seats,4 doors,used,104000.0,2026-03,5.0,4.0,1600.0,80000.0,8.0,10000.0,2,classe c
mercedes,eqa,2021.0,electric,40000,automatic,7cv,66kww,suv 4x4,good,amg,5 seats,4 doors,used,110000.0,2026-03,5.0,4.0,,40000.0,5.0,8000.0,2,mercedes_suv 4x4
mercedes,classe c,2022.0,hybrid,164000,automatic,11cv,1600,sedan,good,standard,5 seats,4 doors,used,168000.0,2026-03,5.0,4.0,1600.0,164000.0,4.0,41000.0,2,classe c
mercedes,classe c,2011.0,diesel,210000,manual,7cv,2000,sedan,good,standard,5 seats,4 doors,used,53000.0,2026-03,5.0,4.0,2000.0,210000.0,15.0,14000.0,3,classe c
mercedes,ml,2012.0,diesel,210000,automatic,12cv,2200,suv 4x4,good,standard,5 seats,4 doors,used,95000.0,2026-03,5.0,4.0,2200.0,210000.0,14.0,15000.0,3,ml
mercedes,gla,2016.0,diesel,151000,manual,5cv,1500,crossover,good,standard,5 seats,4 doors,used,64500.0,2026-03,5.0,4.0,1500.0,151000.0,10.0,15100.0,3,gla
mercedes,classe c,2011.0,gasoline,83000,manual,9cv,1800,sedan,good,standard,5 seats,4 doors,used,65000.0,2026-03,5.0,4.0,1800.0,83000.0,15.0,5533.333333333333,3,classe c
mercedes,classe c,2009.0,diesel,227000,automatic,7cv,2000,sedan,medium,standard,5 seats,4 doors,used,38000.0,2026-03,5.0,4.0,2000.0,227000.0,17.0,13352.941176470587,4,classe c
mercedes,classe e,2020.0,gasoline,42000,automatic,10cv,2000,sedan,good,amg,5 seats,4 doors,used,190000.0,2026-03,5.0,4.0,2000.0,42000.0,6.0,7000.0,2,classe e
mercedes,vito,2013.0,diesel,346000,manual,7cv,2200,mpv,good,standard,8 seats,4 doors,used,40000.0,2026-03,8.0,4.0,2200.0,346000.0,13.0,26615.384615384617,3,vito
mercedes,classe e,2011.0,gasoline,133000,automatic,19cv,3500,sedan,good,standard,5 seats,4 doors,used,73000.0,2026-03,5.0,4.0,3500.0,133000.0,15.0,8866.666666666666,3,classe e
mercedes,classe s,1999.0,gasoline,unknown,automatic,16cv,3000,sedan,bad,standard,5 seats,4 doors,used,15000.0,2026-03,5.0,4.0,3000.0,,27.0,,4,classe s
mercedes,vito,2010.0,diesel,unknown,manual,9cv,2000,heavy commercial,medium,3 seats,5 seats,4 doors,used,35000.0,2026-03,5.0,4.0,2000.0,,16.0,,4,vito
mercedes,classe c,1994.0,gasoline,180000,manual,10cv,2000,sedan,good,standard,5 seats,4 doors,used,34000.0,2026-03,5.0,4.0,2000.0,180000.0,32.0,5625.0,4,classe c
mercedes,classe e,2011.0,gasoline,220000,automatic,11cv,2000,sedan,good,standard,5 seats,4 doors,used,45000.0,2026-03,5.0,4.0,2000.0,220000.0,15.0,14666.666666666666,3,classe e
mercedes,190,1986.0,diesel,290000,manual,7cv,2500,sedan,good,standard,5 seats,4 doors,used,24000.0,2026-03,5.0,4.0,2500.0,290000.0,40.0,7250.0,4,190
mercedes,glb,2021.0,diesel,70000,automatic,8cv,2000,suv 4x4,good,standard,7 seats,4 doors,used,144000.0,2026-03,7.0,4.0,2000.0,70000.0,5.0,14000.0,2,glb
mercedes,classe s,2008.0,gasoline,220000,automatic,19cv,3500,sedan,good,standard,5 seats,4 doors,used,65000.0,2026-03,5.0,4.0,3500.0,220000.0,18.0,12222.222222222224,4,classe s
mercedes,classe c,2016.0,gasoline,137000,automatic,9cv,1600,coupe,good,standard,5 seats,2 doors,used,50000.0,2026-03,5.0,4.0,1600.0,137000.0,10.0,13700.0,3,classe c
mercedes,glk,2009.0,diesel,212000,automatic,10cv,2200,suv 4x4,good,standard,5 seats,4 doors,used,62000.0,2026-03,5.0,4.0,2200.0,212000.0,17.0,12470.588235294115,4,mercedes_suv 4x4
mercedes,classe a,2013.0,gasoline,158000,manual,6cv,1600,hatchback,good,standard,5 seats,4 doors,used,42000.0,2026-03,5.0,4.0,1600.0,158000.0,13.0,12153.846153846154,3,classe a
mercedes,classe e,2010.0,diesel,175000,automatic,12cv,2200,coupe,good,standard,5 seats,2 doors,used,54000.0,2026-03,5.0,4.0,2200.0,175000.0,16.0,10937.5,4,classe e
mercedes,glb,2021.0,diesel,70000,automatic,9cv,2000,suv 4x4,good,standard,5 seats,4 doors,used,180000.0,2026-03,5.0,4.0,2000.0,70000.0,5.0,14000.0,2,glb
mercedes,classe e,2012.0,gasoline,203000,automatic,11cv,2000,coupe,good,standard,5 seats,2 doors,used,58000.0,2026-03,5.0,4.0,2000.0,203000.0,14.0,14500.0,3,classe e
mercedes,gle coupe,2021.0,hybrid,130000,automatic,11cv,2000,suv 4x4,good,standard,5 seats,4 doors,used,235000.0,2026-03,5.0,4.0,2000.0,130000.0,5.0,26000.0,2,gle coupe
mercedes,classe e,2014.0,gasoline,140000,automatic,9cv,2000,sedan,good,standard,5 seats,4 doors,used,80000.0,2026-03,5.0,4.0,2000.0,140000.0,12.0,11666.666666666666,3,classe e
mercedes,classe x,2018.0,diesel,158000,automatic,8cv,2500,pickup 4x4,good,standard,5 seats,4 doors,used,115000.0,2026-03,5.0,4.0,2500.0,158000.0,8.0,19750.0,2,classe x
mercedes,clk,2005.0,gasoline,300000,manual,10cv,2000,coupe,medium,standard,5 seats,4 doors,used,27000.0,2026-03,5.0,4.0,2000.0,300000.0,21.0,14285.714285714286,4,mercedes_coupe
mercedes,gl,2008.0,gasoline,139000,automatic,26cv,4500,suv 4x4,good,standard,5 seats,4 doors,used,100000.0,2026-03,5.0,4.0,4500.0,139000.0,18.0,7722.222222222223,4,mercedes_suv 4x4
mercedes,190,1983.0,gasoline,unknown,manual,9cv,2000,sedan,bad,standard,5 seats,4 doors,used,7000.0,2026-03,5.0,4.0,2000.0,,43.0,,4,190
mercedes,glc,2017.0,gasoline,58000,automatic,12cv,2000,suv 4x4,good,standard,5 seats,4 doors,used,120000.0,2026-03,5.0,4.0,2000.0,58000.0,9.0,6444.444444444444,3,glc
mercedes,250,1991.0,diesel,unknown,manual,8cv,2000,sedan,medium,standard,5 seats,4 doors,used,15000.0,2026-03,5.0,4.0,2000.0,,35.0,,4,mercedes_sedan
mercedes,190,1988.0,gasoline,unknown,manual,7cv,1600,sedan,medium,standard,5 seats,4 doors,used,13000.0,2026-03,5.0,4.0,1600.0,,38.0,,4,190
mercedes,classe e,2007.0,diesel,155000,manual,10cv,2000,sedan,good,standard,5 seats,4 doors,used,40000.0,2026-03,5.0,4.0,2000.0,155000.0,19.0,8157.894736842105,4,classe e
mercedes,vito,2019.0,diesel,145000,manual,6cv,1600,heavy commercial,good,standard,3 seats,4 doors,used,63000.0,2026-03,3.0,4.0,1600.0,145000.0,7.0,20714.28571428572,2,vito
mercedes,classe e,2014.0,gasoline,112000,automatic,10cv,2000,coupe,good,standard,5 seats,2 doors,used,80000.0,2026-03,5.0,4.0,2000.0,112000.0,12.0,9333.333333333334,3,classe e
mercedes,ml,2008.0,diesel,380000,automatic,13cv,3000,suv 4x4,good,standard,5 seats,4 doors,used,52000.0,2026-03,5.0,4.0,3000.0,380000.0,18.0,21111.11111111111,4,ml
mercedes,vito,2016.0,diesel,90000,automatic,7cv,2200,mpv,good,standard,8 seats,4 doors,used,120000.0,2026-03,8.0,4.0,2200.0,90000.0,10.0,9000.0,3,vito
mercedes,classe e,2000.0,diesel,unknown,manual,8cv,2000,sedan,medium,standard,5 seats,4 doors,used,20000.0,2026-03,5.0,4.0,2000.0,,26.0,,4,classe e
mercedes,classe c,2019.0,diesel,71000,automatic,9cv,2000,sedan,good,amg,5 seats,4 doors,used,140000.0,2026-03,5.0,4.0,2000.0,71000.0,7.0,10142.857142857143,2,classe c
mercedes,200,1980.0,diesel,unknown,manual,8cv,1600,sedan,medium,standard,5 seats,4 doors,used,8000.0,2026-03,5.0,4.0,1600.0,,46.0,,4,mercedes_sedan
mercedes,508,1990.0,diesel,unknown,manual,12cv,3800,heavy commercial,bad,standard,3 seats,2 doors,used,6000.0,2026-03,3.0,2.0,3800.0,,36.0,,4,508
mercedes,glc coupe,2021.0,gasoline,121000,automatic,11cv,2000,suv 4x4,good,standard,5 seats,4 doors,used,170000.0,2026-03,5.0,4.0,2000.0,121000.0,5.0,24200.0,2,glc coupe
mercedes,ml,2003.0,diesel,400000,automatic,11cv,2200,suv 4x4,medium,standard,5 seats,4 doors,used,20000.0,2026-03,5.0,4.0,2200.0,400000.0,23.0,17391.304347826088,4,ml
mercedes,classe s,2003.0,gasoline,184000,automatic,10cv,3000,sedan,medium,standard,5 seats,4 doors,used,36000.0,2026-03,5.0,4.0,3000.0,184000.0,23.0,8000.0,4,classe s
mercedes,classe e,2000.0,diesel,380000,manual,7cv,1600,sedan,medium,standard,5 seats,4 doors,used,24000.0,2026-03,5.0,4.0,1600.0,380000.0,26.0,14615.384615384615,4,classe e
mercedes,classe e,2008.0,diesel,290000,automatic,9cv,2200,sedan,good,standard,5 seats,4 doors,used,35000.0,2026-03,5.0,4.0,2200.0,290000.0,18.0,16111.111111111111,4,classe e
mercedes,190,1984.0,diesel,unknown,manual,7cv,1600,sedan,medium,standard,5 seats,4 doors,used,11000.0,2026-03,5.0,4.0,1600.0,,42.0,,4,190
mercedes,250,1990.0,diesel,780000,manual,8cv,2500,sedan,good,standard,5 seats,4 doors,used,28000.0,2026-03,5.0,4.0,2500.0,780000.0,36.0,21666.666666666668,4,mercedes_sedan
mercedes,190,1986.0,diesel,unknown,manual,8cv,2000,sedan,medium,standard,5 seats,4 doors,used,9000.0,2026-03,5.0,4.0,2000.0,,40.0,,4,190
mercedes,classe e,2012.0,diesel,299000,automatic,7cv,2200,sedan,good,standard,5 seats,4 doors,used,62000.0,2026-03,5.0,4.0,2200.0,299000.0,14.0,21357.14285714286,3,classe e
mercedes,cls,2009.0,diesel,250000,automatic,14cv,3500,sedan,good,standard,5 seats,4 doors,used,60000.0,2026-03,5.0,4.0,3500.0,250000.0,17.0,14705.882352941177,4,mercedes_sedan
mercedes,classe b,2008.0,gasoline,150000,manual,7cv,1500,hatchback,medium,standard,5 seats,4 doors,used,24000.0,2026-03,5.0,4.0,1500.0,150000.0,18.0,8333.333333333334,4,mercedes_hatchback
mercedes,190,1994.0,gasoline,unknown,manual,8cv,1600,sedan,medium,standard,5 seats,4 doors,used,14000.0,2026-03,5.0,4.0,1600.0,,32.0,,4,190
mercedes,200,1976.0,diesel,unknown,manual,10cv,2000,sedan,good,standard,5 seats,4 doors,used,18000.0,2026-03,5.0,4.0,2000.0,,50.0,,4,mercedes_sedan
mercedes,200,1981.0,gasoline,unknown,manual,10cv,2000,sedan,good,standard,5 seats,4 doors,used,19000.0,2026-03,5.0,4.0,2000.0,,45.0,,4,mercedes_sedan
mercedes,clk,2003.0,gasoline,unknown,automatic,11cv,2003,coupe,good,standard,5 seats,4 doors,used,25000.0,2026-03,5.0,4.0,2003.0,,23.0,,4,mercedes_coupe
mercedes,classe e,2005.0,diesel,unknown,automatic,9cv,2005,sedan,good,standard,5 seats,4 doors,used,33000.0,2026-03,5.0,4.0,2005.0,,21.0,,4,classe e
mercedes,classe c,1998.0,gasoline,unknown,automatic,9cv,1800,sedan,good,standard,5 seats,4 doors,used,18000.0,2026-03,5.0,4.0,1800.0,,28.0,,4,classe c
mercedes,classe e,1997.0,diesel,unknown,manual,7cv,1800,sedan,good,standard,5 seats,4 doors,used,25000.0,2026-03,5.0,4.0,1800.0,,29.0,,4,classe e
mercedes,classe s,2012.0,gasoline,200000,automatic,15cv,3000,sedan,good,standard,5 seats,4 doors,used,85000.0,2026-03,5.0,4.0,3000.0,200000.0,14.0,14285.714285714286,3,classe s
mercedes,250,1990.0,diesel,unknown,manual,10cv,2500,wagon,good,standard,5 seats,4 doors,used,18000.0,2026-03,5.0,4.0,2500.0,,36.0,,4,mercedes_wagon
mercedes,508,1988.0,diesel,unknown,manual,15cv,3800,heavy commercial,medium,standard,3 seats,2 doors,used,15000.0,2026-03,3.0,2.0,3800.0,,38.0,,4,508
mercedes,classe e,2005.0,gasoline,220000,manual,11cv,2000,sedan,good,standard,5 seats,4 doors,used,28000.0,2026-03,5.0,4.0,2000.0,220000.0,21.0,10476.190476190475,4,classe e
mercedes,classe c,2003.0,diesel,380000,manual,10cv,2000,sedan,good,standard,5 seats,4 doors,used,27000.0,2026-03,5.0,4.0,2000.0,380000.0,23.0,16521.739130434784,4,classe c
mercedes,ml,2005.0,gasoline,183000,automatic,16cv,3000,suv 4x4,medium,standard,5 seats,4 doors,used,36000.0,2026-03,5.0,4.0,3000.0,183000.0,21.0,8714.285714285714,4,ml
mercedes,classe b,2005.0,diesel,unknown,automatic,8cv,1800,hatchback,medium,standard,5 seats,4 doors,used,22000.0,2026-03,5.0,4.0,1800.0,,21.0,,4,mercedes_hatchback
mercedes,classe s,1981.0,gasoline,80000,automatic,12cv,3000,sedan,good,standard,5 seats,4 doors,used,72000.0,2026-03,5.0,4.0,3000.0,80000.0,45.0,1777.7777777777778,4,classe s
mercedes,classe c,2002.0,diesel,unknown,manual,8cv,2000,sedan,good,standard,5 seats,4 doors,used,24000.0,2026-03,5.0,4.0,2000.0,,24.0,,4,classe c
mercedes,classe e,2003.0,diesel,unknown,automatic,10cv,2000,sedan,good,standard,5 seats,4 doors,used,30000.0,2026-03,5.0,4.0,2000.0,,23.0,,4,classe e
mercedes,classe e,2013.0,diesel,250000,automatic,8cv,1800,sedan,good,standard,5 seats,4 doors,used,64000.0,2026-03,5.0,4.0,1800.0,250000.0,13.0,19230.76923076923,3,classe e
mercedes,sprinter,2023.0,diesel,150000,manual,7cv,2100,heavy commercial,good,standard,3 seats,2 doors,used,66000.0,2026-03,3.0,2.0,2100.0,150000.0,3.0,50000.0,1,sprinter
mercedes,sprinter,1999.0,diesel,unknown,manual,10cv,2900,heavy commercial,medium,standard,3 seats,4 doors,used,17000.0,2026-03,3.0,4.0,2900.0,,27.0,,4,sprinter
mercedes,sprinter,2013.0,diesel,200000,manual,8cv,2000,heavy commercial,good,standard,3 seats,4 doors,used,50000.0,2026-03,3.0,4.0,2000.0,200000.0,13.0,15384.615384615385,3,sprinter
mercedes,sprinter,2020.0,diesel,63000,manual,8cv,2000,heavy commercial,good,standard,3 seats,4 doors,used,75000.0,2026-03,3.0,4.0,2000.0,63000.0,6.0,10500.0,2,sprinter
mercedes,t1,1989.0,diesel,unknown,manual,10cv,2400,heavy commercial,medium,standard,5 seats,4 doors,used,10000.0,2026-03,5.0,4.0,2400.0,,37.0,,4,mercedes_heavy commercial
mercedes,sprinter,2002.0,diesel,unknown,manual,10cv,2500,heavy commercial,medium,standard,5 seats,4 doors,used,15000.0,2026-03,5.0,4.0,2500.0,,24.0,,4,sprinter
mercedes,sprinter,1996.0,diesel,unknown,manual,10cv,2500,heavy commercial,medium,standard,5 seats,4 doors,used,14000.0,2026-03,5.0,4.0,2500.0,,30.0,,4,sprinter
seat,leon,2017.0,gasoline,260000,manual,5cv,1200,hatchback,good,standard,5 seats,4 doors,used,47000.0,2026-03,5.0,4.0,1200.0,260000.0,9.0,28888.88888888889,3,leon
seat,arona,2021.0,gasoline,44000,manual,6cv,1600,hatchback,good,standard,5 seats,4 doors,used,60000.0,2026-03,5.0,4.0,1600.0,44000.0,5.0,8800.0,2,arona
seat,ateca,2023.0,gasoline,129000,automatic,6cv,1200,suv 4x4,good,standard,5 seats,4 doors,used,99000.0,2026-03,5.0,4.0,1200.0,129000.0,3.0,43000.0,1,ateca
seat,ibiza,2014.0,gasoline,195000,manual,5cv,1200,hatchback,good,standard,5 seats,4 doors,used,31000.0,2026-03,5.0,4.0,1200.0,195000.0,12.0,16250.0,3,ibiza
seat,ateca,2021.0,gasoline,67000,automatic,8cv,1400,suv 4x4,good,standard,5 seats,4 doors,used,96000.0,2026-03,5.0,4.0,1400.0,67000.0,5.0,13400.0,2,ateca
seat,ateca,2023.0,gasoline,90000,automatic,8cv,1400,suv 4x2,good,standard,5 seats,4 doors,used,90000.0,2026-03,5.0,4.0,1400.0,90000.0,3.0,30000.0,1,ateca
seat,arona,2022.0,gasoline,70000,automatic,6cv,1000,crossover,good,standard,5 seats,4 doors,used,68000.0,2026-03,5.0,4.0,1000.0,70000.0,4.0,17500.0,2,arona
seat,ibiza,2023.0,gasoline,98000,manual,4cv,1000,hatchback,good,mpi,5 seats,4 doors,used,54000.0,2026-03,5.0,4.0,1000.0,98000.0,3.0,32666.666666666668,1,ibiza
seat,leon,2013.0,gasoline,285000,manual,5cv,1200,hatchback,good,standard,5 seats,4 doors,used,40000.0,2026-03,5.0,4.0,1200.0,285000.0,13.0,21923.07692307692,3,leon
seat,ibiza,2017.0,gasoline,70000,manual,5cv,1200,hatchback,good,standard,5 seats,4 doors,used,35000.0,2026-03,5.0,4.0,1200.0,70000.0,9.0,7777.777777777777,3,ibiza
seat,ibiza,2015.0,gasoline,183000,manual,5cv,1200,hatchback,good,standard,5 seats,4 doors,used,33000.0,2026-03,5.0,4.0,1200.0,183000.0,11.0,16636.363636363636,3,ibiza
seat,arona,2021.0,gasoline,130000,manual,6cv,1600,crossover,good,standard,5 seats,4 doors,used,60000.0,2026-03,5.0,4.0,1600.0,130000.0,5.0,26000.0,2,arona
seat,ibiza,2012.0,gasoline,235000,manual,5cv,1200,hatchback,good,standard,5 seats,4 doors,used,26000.0,2026-03,5.0,4.0,1200.0,235000.0,14.0,16785.714285714286,3,ibiza
seat,leon,2017.0,gasoline,140000,manual,6cv,1200,hatchback,good,standard,5 seats,4 doors,used,53000.0,2026-03,5.0,4.0,1200.0,140000.0,9.0,15555.555555555557,3,leon
seat,ibiza,2019.0,gasoline,100000,manual,4cv,1000,hatchback,good,mpi,5 seats,4 doors,used,37000.0,2026-03,5.0,4.0,1000.0,100000.0,7.0,14285.714285714286,2,ibiza
seat,ateca,2020.0,diesel,180000,automatic,8cv,2000,suv 4x4,good,standard,5 seats,4 doors,used,83000.0,2026-03,5.0,4.0,2000.0,180000.0,6.0,30000.0,2,ateca
seat,ibiza,2014.0,gasoline,200000,manual,5cv,1200,hatchback,good,standard,5 seats,4 doors,used,27000.0,2026-03,5.0,4.0,1200.0,200000.0,12.0,16666.666666666668,3,ibiza
seat,ibiza,2012.0,gasoline,146000,manual,5cv,1200,hatchback,good,standard,5 seats,4 doors,used,30000.0,2026-03,5.0,4.0,1200.0,146000.0,14.0,10428.57142857143,3,ibiza
seat,ibiza,2021.0,gasoline,100000,manual,5cv,1000,hatchback,good,standard,5 seats,4 doors,used,55000.0,2026-03,5.0,4.0,1000.0,100000.0,5.0,20000.0,2,ibiza
seat,ibiza,2014.0,gasoline,182000,manual,5cv,1200,hatchback,good,standard,5 seats,4 doors,used,28000.0,2026-03,5.0,4.0,1200.0,182000.0,12.0,15166.666666666666,3,ibiza
seat,leon,2017.0,gasoline,155000,manual,5cv,1200,hatchback,good,standard,5 seats,2 doors,used,39000.0,2026-03,5.0,2.0,1200.0,155000.0,9.0,17222.222222222223,3,leon
seat,leon,2017.0,gasoline,158000,automatic,6cv,1400,hatchback,good,standard,2 doors,4 doors,used,37500.0,2026-03,,4.0,1400.0,158000.0,9.0,17555.555555555555,3,leon
seat,arona,2021.0,gasoline,60000,manual,6cv,1000,hatchback,good,standard,5 seats,4 doors,used,60000.0,2026-03,5.0,4.0,1000.0,60000.0,5.0,12000.0,2,arona
seat,altea xl,2017.0,diesel,255000,manual,5cv,1600,mpv,good,standard,5 seats,4 doors,used,35000.0,2026-03,5.0,4.0,1600.0,255000.0,9.0,28333.33333333333,3,seat_mpv
seat,ibiza,2022.0,gasoline,102000,automatic,6cv,1000,hatchback,good,standard,5 seats,4 doors,used,47000.0,2026-03,5.0,4.0,1000.0,102000.0,4.0,25500.0,2,ibiza
seat,leon,2023.0,gasoline,14000,automatic,8cv,1400,hatchback,good,standard,5 seats,4 doors,used,90000.0,2026-03,5.0,4.0,1400.0,14000.0,3.0,4666.666666666667,1,leon
seat,ateca,2017.0,gasoline,159000,manual,8cv,1400,suv 4x2,good,standard,5 seats,4 doors,used,63000.0,2026-03,5.0,4.0,1400.0,159000.0,9.0,17666.666666666668,3,ateca
seat,ibiza,2022.0,gasoline,44000,automatic,6cv,1000,hatchback,good,standard,5 seats,4 doors,used,62000.0,2026-03,5.0,4.0,1000.0,44000.0,4.0,11000.0,2,ibiza
seat,leon,2022.0,gasoline,82000,automatic,8cv,1400,hatchback,good,standard,5 seats,4 doors,used,72000.0,2026-03,5.0,4.0,1400.0,82000.0,4.0,20500.0,2,leon
seat,ibiza,2017.0,gasoline,205000,manual,4cv,1000,hatchback,medium,standard,5 seats,4 doors,used,28000.0,2026-03,5.0,4.0,1000.0,205000.0,9.0,22777.777777777777,3,ibiza
seat,ibiza,2006.0,diesel,250000,manual,4cv,1400,hatchback,medium,standard,5 seats,4 doors,used,16000.0,2026-03,5.0,4.0,1400.0,250000.0,20.0,12500.0,4,ibiza
seat,leon,2011.0,gasoline,280000,manual,7cv,1200,hatchback,good,standard,5 seats,4 doors,used,27000.0,2026-03,5.0,4.0,1200.0,280000.0,15.0,18666.666666666668,3,leon
seat,ibiza,2021.0,gasoline,180000,manual,4cv,1000,hatchback,good,standard,5 seats,4 doors,used,38000.0,2026-03,5.0,4.0,1000.0,180000.0,5.0,36000.0,2,ibiza
seat,ibiza,2020.0,gasoline,126000,manual,4cv,1000,hatchback,good,standard,5 seats,4 doors,used,45000.0,2026-03,5.0,4.0,1000.0,126000.0,6.0,21000.0,2,ibiza
seat,leon,2016.0,gasoline,240000,manual,6cv,1200,hatchback,good,standard,5 seats,4 doors,used,45000.0,2026-03,5.0,4.0,1200.0,240000.0,10.0,24000.0,3,leon
seat,ibiza,2021.0,gasoline,148000,manual,5cv,1000,hatchback,good,standard,5 seats,4 doors,used,41000.0,2026-03,5.0,4.0,1000.0,148000.0,5.0,29600.0,2,ibiza
seat,toledo,2015.0,gasoline,218000,manual,6cv,1400,sedan,good,standard,5 seats,4 doors,used,34000.0,2026-03,5.0,4.0,1400.0,218000.0,11.0,19818.18181818182,3,seat_sedan
seat,ibiza,2018.0,gasoline,184000,manual,6cv,1200,hatchback,good,standard,5 seats,4 doors,used,48000.0,2026-03,5.0,4.0,1200.0,184000.0,8.0,23000.0,2,ibiza
seat,alhambrea,2017.0,gasoline,49000,manual,9cv,1600,mpv,good,standard,7 seats,4 doors,used,74000.0,2026-03,7.0,4.0,1600.0,49000.0,9.0,5444.444444444444,3,seat_mpv
seat,ibiza,2020.0,gasoline,63000,manual,5cv,1000,hatchback,good,standard,5 seats,4 doors,used,48000.0,2026-03,5.0,4.0,1000.0,63000.0,6.0,10500.0,2,ibiza
seat,ibiza,2014.0,diesel,268000,manual,5cv,1400,hatchback,medium,standard,5 seats,4 doors,used,26000.0,2026-03,5.0,4.0,1400.0,268000.0,12.0,22333.33333333333,3,ibiza
seat,arona,2019.0,gasoline,81000,automatic,6cv,1000,crossover,good,standard,5 seats,4 doors,used,58000.0,2026-03,5.0,4.0,1000.0,81000.0,7.0,11571.42857142857,2,arona
seat,leon,2018.0,gasoline,138000,manual,6cv,1200,hatchback,good,standard,5 seats,4 doors,used,45000.0,2026-03,5.0,4.0,1200.0,138000.0,8.0,17250.0,2,leon
seat,leon,2021.0,gasoline,99000,automatic,8cv,1400,hatchback,good,standard,5 seats,4 doors,used,86000.0,2026-03,5.0,4.0,1400.0,99000.0,5.0,19800.0,2,leon
seat,leon,2021.0,hybrid,97000,automatic,8cv,1400,hatchback,good,standard,5 seats,4 doors,used,74000.0,2026-03,5.0,4.0,1400.0,97000.0,5.0,19400.0,2,leon
seat,leon,2015.0,gasoline,190000,manual,6cv,1200,hatchback,medium,standard,5 seats,2 doors,used,30000.0,2026-03,5.0,2.0,1200.0,190000.0,11.0,17272.727272727272,3,leon
seat,cordoba,1998.0,diesel,unknown,manual,5cv,1600,sedan,bad,standard,5 seats,4 doors,used,11000.0,2026-03,5.0,4.0,1600.0,,28.0,,4,seat_sedan
seat,leon,2012.0,gasoline,200000,manual,6cv,1200,hatchback,good,standard,5 seats,4 doors,used,33000.0,2026-03,5.0,4.0,1200.0,200000.0,14.0,14285.714285714286,3,leon
seat,exeo,2011.0,gasoline,unknown,manual,8cv,1600,sedan,good,standard,5 seats,4 doors,used,34000.0,2026-03,5.0,4.0,1600.0,,15.0,,3,seat_sedan
seat,leon,2022.0,gasoline,unknown,manual,6cv,1400,hatchback,good,standard,5 seats,4 doors,used,67000.0,2026-03,5.0,4.0,1400.0,,4.0,,2,leon
seat,leon,2012.0,gasoline,291000,manual,6cv,1400,hatchback,good,standard,5 seats,4 doors,used,27000.0,2026-03,5.0,4.0,1400.0,291000.0,14.0,20785.714285714286,3,leon
cupra,formentor,2022.0,gasoline,37000,automatic,8cv,1500,suv 4x2,good,standard,5 seats,4 doors,used,108000.0,2026-03,5.0,4.0,1500.0,37000.0,4.0,9250.0,2,formentor
cupra,formentor,2022.0,hybrid,61000,automatic,8cv,1400,suv 4x2,good,standard,5 seats,4 doors,used,98000.0,2026-03,5.0,4.0,1400.0,61000.0,4.0,15250.0,2,formentor
cupra,formentor,2023.0,gasoline,60000,automatic,11cv,2000,suv 4x2,good,standard,5 seats,4 doors,used,128000.0,2026-03,5.0,4.0,2000.0,60000.0,3.0,20000.0,1,formentor
cupra,formentor,2022.0,gasoline,55000,automatic,11cv,2000,suv 4x2,good,standard,5 seats,4 doors,used,116000.0,2026-03,5.0,4.0,2000.0,55000.0,4.0,13750.0,2,formentor
cupra,formentor,2022.0,gasoline,35000,automatic,11cv,2000,suv 4x2,good,standard,5 seats,4 doors,used,150000.0,2026-03,5.0,4.0,2000.0,35000.0,4.0,8750.0,2,formentor
cupra,leon,2024.0,hybrid,19000,automatic,8cv,1500,hatchback,good,standard,5 seats,4 doors,used,120000.0,2026-03,5.0,4.0,1500.0,19000.0,2.0,9500.0,1,leon
seat,leon,2020.0,gasoline,55000,automatic,18cv,2000,hatchback,good,cupra,5 seats,4 doors,used,105000.0,2026-03,5.0,4.0,2000.0,55000.0,6.0,9166.666666666666,2,leon
seat,ibiza,2012.0,gasoline,238000,manual,5cv,1200,hatchback,good,standard,5 seats,4 doors,used,27000.0,2026-03,5.0,4.0,1200.0,238000.0,14.0,17000.0,3,ibiza
seat,leon,2017.0,gasoline,158000,manual,6cv,1400,hatchback,good,standard,5 seats,2 doors,used,37000.0,2026-03,5.0,2.0,1400.0,158000.0,9.0,17555.555555555555,3,leon
seat,mango,2019.0,gasoline,80000,manual,4cv,1000,hatchback,good,standard,5 seats,4 doors,used,32000.0,2026-03,5.0,4.0,1000.0,80000.0,7.0,11428.57142857143,2,seat_hatchback
audi,a3,2021.0,gasoline,90000,manual,6cv,1000,hatchback,good,s line,5 seats,4 doors,used,97000.0,2026-03,5.0,4.0,1000.0,90000.0,5.0,18000.0,2,a3
audi,a3,2019.0,gasoline,240000,manual,6cv,1000,hatchback,medium,standard,5 seats,4 doors,used,55000.0,2026-03,5.0,4.0,1000.0,240000.0,7.0,34285.71428571428,2,a3
audi,q5,2010.0,gasoline,190000,automatic,13cv,2000,suv 4x4,good,s line,5 seats,4 doors,used,47000.0,2026-03,5.0,4.0,2000.0,190000.0,16.0,11875.0,4,q5
audi,q5,2010.0,diesel,182000,automatic,15cv,3000,suv 4x4,good,standard,5 seats,4 doors,used,70000.0,2026-03,5.0,4.0,3000.0,182000.0,16.0,11375.0,4,q5
audi,q5,2011.0,diesel,320000,automatic,10cv,2000,suv 4x4,good,standard,5 seats,4 doors,used,60000.0,2026-03,5.0,4.0,2000.0,320000.0,15.0,21333.33333333333,3,q5
audi,a3,2013.0,diesel,260000,manual,6cv,1600,hatchback,good,standard,5 seats,4 doors,used,44000.0,2026-03,5.0,4.0,1600.0,260000.0,13.0,20000.0,3,a3
audi,a4,2011.0,gasoline,225000,manual,7cv,1800,sedan,good,standard,5 seats,4 doors,used,50000.0,2026-03,5.0,4.0,1800.0,225000.0,15.0,15000.0,3,a4
audi,q3,2016.0,gasoline,175000,automatic,5cv,1400,suv 4x2,good,standard,5 seats,4 doors,used,69000.0,2026-03,5.0,4.0,1400.0,175000.0,10.0,17500.0,3,q3
audi,a4,2014.0,gasoline,252000,manual,7cv,1800,sedan,medium,standard,5 seats,4 doors,used,31000.0,2026-03,5.0,4.0,1800.0,252000.0,12.0,21000.0,3,a4
audi,a3,2017.0,gasoline,190000,automatic,7cv,1600,hatchback,good,s line,5 seats,4 doors,used,60000.0,2026-03,5.0,4.0,1600.0,190000.0,9.0,21111.11111111111,3,a3
audi,a5,2019.0,gasoline,198000,automatic,8cv,1400,sedan,good,standard,5 seats,4 doors,used,78000.0,2026-03,5.0,4.0,1400.0,198000.0,7.0,28285.714285714286,2,a5
audi,a5,2018.0,gasoline,108000,automatic,8cv,1400,sedan,good,s line,5 seats,4 doors,used,105000.0,2026-03,5.0,4.0,1400.0,108000.0,8.0,13500.0,2,a5
audi,a4,2010.0,gasoline,244000,automatic,7cv,1800,sedan,medium,standard,5 seats,4 doors,used,30000.0,2026-03,5.0,4.0,1800.0,244000.0,16.0,15250.0,4,a4
audi,q3,2014.0,diesel,147000,automatic,6cv,2000,suv 4x4,good,s line,5 seats,4 doors,used,80000.0,2026-03,5.0,4.0,2000.0,147000.0,12.0,12250.0,3,q3
audi,a5,2009.0,gasoline,140000,automatic,13cv,2000,coupe,medium,standard,5 seats,4 doors,used,40000.0,2026-03,5.0,4.0,2000.0,140000.0,17.0,8235.29411764706,4,a5
audi,q3,2020.0,gasoline,170000,automatic,9cv,1400,suv 4x4,good,standard,5 seats,4 doors,used,83000.0,2026-03,5.0,4.0,1400.0,170000.0,6.0,28333.33333333333,2,q3
audi,a4,2010.0,gasoline,230000,manual,7cv,1800,sedan,bad,standard,5 seats,4 doors,used,27000.0,2026-03,5.0,4.0,1800.0,230000.0,16.0,14375.0,4,a4
audi,a5,2020.0,gasoline,168000,automatic,8cv,1400,sedan,good,s line,5 seats,4 doors,used,93000.0,2026-03,5.0,4.0,1400.0,168000.0,6.0,28000.0,2,a5
audi,a3,2015.0,gasoline,140000,manual,5cv,1200,sedan,good,standard,5 seats,4 doors,used,49000.0,2026-03,5.0,4.0,1200.0,140000.0,11.0,12727.272727272728,3,a3
audi,q5,2011.0,diesel,231000,manual,8cv,2000,suv 4x4,good,standard,5 seats,4 doors,used,52000.0,2026-03,5.0,4.0,2000.0,231000.0,15.0,15400.0,3,q5
audi,q5,2010.0,gasoline,190000,automatic,13cv,2000,suv 4x4,good,s line,5 seats,4 doors,used,48000.0,2026-03,5.0,4.0,2000.0,190000.0,16.0,11875.0,4,q5
audi,q2,2017.0,gasoline,61000,automatic,6cv,1200,crossover,good,standard,5 seats,4 doors,used,63000.0,2026-03,5.0,4.0,1200.0,61000.0,9.0,6777.777777777777,3,q2
audi,80,1986.0,diesel,unknown,manual,8cv,1400,sedan,bad,standard,5 seats,4 doors,used,7000.0,2026-03,5.0,4.0,1400.0,,40.0,,4,audi_sedan
audi,a3,2023.0,gasoline,5000,automatic,8cv,1400,hatchback,good,s line,5 seats,4 doors,used,125000.0,2026-03,5.0,4.0,1400.0,5000.0,3.0,1666.6666666666667,1,a3
audi,a3,2018.0,gasoline,116000,manual,6cv,1200,hatchback,good,standard,5 seats,4 doors,used,57000.0,2026-03,5.0,4.0,1200.0,116000.0,8.0,14500.0,2,a3
audi,e-tron,2022.0,electric,51000,automatic,12cv,unknown,suv 4x4,good,s line,5 seats,4 doors,used,155000.0,2026-03,5.0,4.0,,51000.0,4.0,12750.0,2,e-tron
audi,q5,2016.0,diesel,160000,manual,9cv,2000,suv 4x4,good,s line,5 seats,4 doors,used,120000.0,2026-03,5.0,4.0,2000.0,160000.0,10.0,16000.0,3,q5
audi,a4,2020.0,gasoline,115000,automatic,8cv,1400,sedan,good,standard,5 seats,4 doors,used,80000.0,2026-03,5.0,4.0,1400.0,115000.0,6.0,19166.666666666668,2,a4
audi,a3,2008.0,gasoline,215000,automatic,7cv,1600,hatchback,medium,standard,5 seats,4 doors,used,33000.0,2026-03,5.0,4.0,1600.0,215000.0,18.0,11944.444444444443,4,a3
audi,a4,2018.0,gasoline,236000,automatic,8cv,1400,sedan,good,standard,5 seats,4 doors,used,64000.0,2026-03,5.0,4.0,1400.0,236000.0,8.0,29500.0,2,a4
audi,a4,2009.0,gasoline,250000,automatic,13cv,2000,wagon,good,allroad,5 seats,4 doors,used,46000.0,2026-03,5.0,4.0,2000.0,250000.0,17.0,14705.882352941177,4,a4
audi,a3,2014.0,gasoline,166000,manual,5cv,1200,hatchback,good,standard,5 seats,4 doors,used,44000.0,2026-03,5.0,4.0,1200.0,166000.0,12.0,13833.333333333334,3,a3
audi,a4,2012.0,gasoline,192000,manual,7cv,1800,sedan,good,standard,5 seats,4 doors,used,41000.0,2026-03,5.0,4.0,1800.0,192000.0,14.0,13714.285714285714,3,a4
audi,q2,2018.0,gasoline,240000,automatic,6cv,1400,crossover,good,standard,5 seats,4 doors,used,53500.0,2026-03,5.0,4.0,1400.0,240000.0,8.0,30000.0,2,q2
audi,a3,2008.0,gasoline,264000,automatic,7cv,1600,hatchback,medium,standard,5 seats,4 doors,used,30000.0,2026-03,5.0,4.0,1600.0,264000.0,18.0,14666.666666666666,4,a3
audi,a7,2019.0,gasoline,27000,automatic,23cv,3000,sedan,good,s line quattro,5 seats,4 doors,used,208000.0,2026-03,5.0,4.0,3000.0,27000.0,7.0,3857.142857142857,2,audi_sedan
audi,a5,2020.0,gasoline,164000,automatic,8cv,1400,sedan,good,standard,5 seats,4 doors,used,85000.0,2026-03,5.0,4.0,1400.0,164000.0,6.0,27333.33333333333,2,a5
audi,a1,2024.0,gasoline,35000,automatic,6cv,1000,hatchback,good,standard,5 seats,4 doors,used,83000.0,2026-03,5.0,4.0,1000.0,35000.0,2.0,17500.0,1,audi_hatchback
audi,a4,2011.0,diesel,224000,manual,8cv,2000,sedan,medium,standard,5 seats,4 doors,used,42000.0,2026-03,5.0,4.0,2000.0,224000.0,15.0,14933.333333333334,3,a4
audi,a4,2013.0,diesel,222000,manual,6cv,2000,wagon,medium,standard,5 seats,4 doors,used,43000.0,2026-03,5.0,4.0,2000.0,222000.0,13.0,17076.923076923078,3,a4
audi,a5,2013.0,diesel,190000,automatic,8cv,2000,sedan,good,s line,5 seats,4 doors,used,60000.0,2026-03,5.0,4.0,2000.0,190000.0,13.0,14615.384615384615,3,a5
audi,a4,2004.0,diesel,548000,manual,6cv,1900,sedan,medium,standard,5 seats,4 doors,used,24000.0,2026-03,5.0,4.0,1900.0,548000.0,22.0,24909.090909090908,4,a4
audi,a4,2018.0,gasoline,219000,manual,8cv,1400,sedan,good,standard,5 seats,4 doors,used,60000.0,2026-03,5.0,4.0,1400.0,219000.0,8.0,27375.0,2,a4
audi,a5,2014.0,diesel,186000,automatic,9cv,2000,sedan,good,standard,5 seats,4 doors,used,60000.0,2026-03,5.0,4.0,2000.0,186000.0,12.0,15500.0,3,a5
audi,a3,2014.0,gasoline,116000,manual,10cv,1800,sedan,good,standard,5 seats,4 doors,used,50000.0,2026-03,5.0,4.0,1800.0,116000.0,12.0,9666.666666666666,3,a3
audi,q5,2021.0,diesel,80000,automatic,12cv,2000,suv 4x4,good,quattro,5 seats,4 doors,used,230000.0,2026-03,5.0,4.0,2000.0,80000.0,5.0,16000.0,2,q5
audi,a4,2014.0,gasoline,176000,manual,7cv,1800,sedan,good,standard,5 seats,4 doors,used,48000.0,2026-03,5.0,4.0,1800.0,176000.0,12.0,14666.666666666666,3,a4
audi,q7,2020.0,hybrid,132000,automatic,21cv,4000,suv 4x4,good,quattro,5 seats,4 doors,used,250000.0,2026-03,5.0,4.0,4000.0,132000.0,6.0,22000.0,2,q7
audi,a4,2010.0,diesel,179000,manual,8cv,2000,wagon,good,standard,5 seats,4 doors,used,40000.0,2026-03,5.0,4.0,2000.0,179000.0,16.0,11187.5,4,a4
audi,a4,2011.0,gasoline,298000,manual,7cv,1800,sedan,medium,standard,5 seats,4 doors,used,31000.0,2026-03,5.0,4.0,1800.0,298000.0,15.0,19866.666666666668,3,a4
audi,a6,2010.0,gasoline,257000,automatic,11cv,2000,sedan,medium,standard,5 seats,4 doors,used,35000.0,2026-03,5.0,4.0,2000.0,257000.0,16.0,16062.5,4,audi_sedan
audi,100,1992.0,gasoline,245000,manual,13cv,2300,sedan,good,standard,5 seats,4 doors,used,22000.0,2026-03,5.0,4.0,2300.0,245000.0,34.0,7205.882352941177,4,audi_sedan
audi,q3,2020.0,hybrid,45000,automatic,9cv,1500,suv 4x4,good,s line,5 seats,4 doors,used,135000.0,2026-03,5.0,4.0,1500.0,45000.0,6.0,7500.0,2,q3
audi,q2,2023.0,gasoline,61000,automatic,8cv,1400,crossover,good,standard,5 seats,4 doors,used,95000.0,2026-03,5.0,4.0,1400.0,61000.0,3.0,20333.33333333333,1,q2
audi,q7,2008.0,diesel,320000,automatic,16cv,4000,suv 4x4,medium,s line,5 seats,4 doors,used,50000.0,2026-03,5.0,4.0,4000.0,320000.0,18.0,17777.777777777777,4,q7
audi,q3,2017.0,gasoline,144000,automatic,8cv,1400,suv 4x4,good,standard,5 seats,4 doors,used,80000.0,2026-03,5.0,4.0,1400.0,144000.0,9.0,16000.0,3,q3
audi,a3,2018.0,diesel,200000,manual,6cv,1600,hatchback,good,s line,5 seats,4 doors,used,68000.0,2026-03,5.0,4.0,1600.0,200000.0,8.0,25000.0,2,a3
audi,a7,2019.0,gasoline,64000,automatic,23cv,3000,sedan,good,s line quattro,5 seats,4 doors,used,269000.0,2026-03,5.0,4.0,3000.0,64000.0,7.0,9142.857142857143,2,audi_sedan
audi,q7,2009.0,diesel,162000,automatic,16cv,3000,suv 4x4,good,standard,5 seats,4 doors,used,65000.0,2026-03,5.0,4.0,3000.0,162000.0,17.0,9529.411764705885,4,q7
audi,q7,2008.0,diesel,210000,automatic,16cv,3000,suv 4x4,good,standard,5 seats,4 doors,used,55000.0,2026-03,5.0,4.0,3000.0,210000.0,18.0,11666.666666666666,4,q7
skoda,octavia,2020.0,gasoline,103000,automatic,7cv,1400,sedan,good,standard,5 seats,4 doors,used,60000.0,2026-03,5.0,4.0,1400.0,103000.0,6.0,17166.666666666668,2,octavia
skoda,fabia,2016.0,gasoline,120000,manual,4cv,1000,hatchback,good,standard,5 seats,4 doors,used,37000.0,2026-03,5.0,4.0,1000.0,120000.0,10.0,12000.0,3,fabia
skoda,fabia,2021.0,gasoline,160000,manual,4cv,1000,hatchback,good,standard,5 seats,4 doors,used,34000.0,2026-03,5.0,4.0,1000.0,160000.0,5.0,32000.0,2,fabia
skoda,kamiq,2022.0,gasoline,95000,automatic,6cv,1000,crossover,good,standard,5 seats,4 doors,used,80000.0,2026-03,5.0,4.0,1000.0,95000.0,4.0,23750.0,2,kamiq
skoda,fabia,2020.0,gasoline,155000,manual,4cv,1000,hatchback,good,monte carlo,5 seats,4 doors,used,40000.0,2026-03,5.0,4.0,1000.0,155000.0,6.0,25833.33333333333,2,fabia
skoda,kamiq,2022.0,gasoline,84000,automatic,6cv,1000,crossover,good,standard,5 seats,4 doors,used,62000.0,2026-03,5.0,4.0,1000.0,84000.0,4.0,21000.0,2,kamiq
skoda,octavia,2021.0,gasoline,86000,automatic,6cv,1000,sedan,good,standard,5 seats,4 doors,used,77000.0,2026-03,5.0,4.0,1000.0,86000.0,5.0,17200.0,2,octavia
skoda,fabia,2022.0,gasoline,190000,manual,4cv,1000,hatchback,good,monte carlo,5 seats,4 doors,used,45000.0,2026-03,5.0,4.0,1000.0,190000.0,4.0,47500.0,2,fabia
skoda,octavia,2017.0,gasoline,189000,automatic,8cv,1400,sedan,good,standard,5 seats,4 doors,used,38000.0,2026-03,5.0,4.0,1400.0,189000.0,9.0,21000.0,3,octavia
skoda,karoq,2022.0,gasoline,100000,manual,6cv,1000,crossover,good,standard,5 seats,4 doors,used,70000.0,2026-03,5.0,4.0,1000.0,100000.0,4.0,25000.0,2,skoda_crossover
skoda,karoq,2021.0,gasoline,65000,automatic,8cv,1400,crossover,good,standard,5 seats,4 doors,used,90000.0,2026-03,5.0,4.0,1400.0,65000.0,5.0,13000.0,2,skoda_crossover
skoda,octavia,2017.0,gasoline,235000,automatic,8cv,1400,sedan,good,standard,5 seats,4 doors,used,36000.0,2026-03,5.0,4.0,1400.0,235000.0,9.0,26111.11111111111,3,octavia
skoda,fabia,2020.0,gasoline,188000,manual,5cv,1200,hatchback,good,standard,5 seats,4 doors,used,30000.0,2026-03,5.0,4.0,1200.0,188000.0,6.0,31333.33333333333,2,fabia
skoda,fabia,2014.0,diesel,308000,manual,4cv,1400,hatchback,medium,standard,5 seats,4 doors,used,27000.0,2026-03,5.0,4.0,1400.0,308000.0,12.0,25666.666666666668,3,fabia
skoda,fabia,2021.0,gasoline,78000,manual,4cv,1000,hatchback,good,monte carlo,5 seats,4 doors,used,56000.0,2026-03,5.0,4.0,1000.0,78000.0,5.0,15600.0,2,fabia
skoda,scala,2022.0,gasoline,100000,automatic,6cv,1000,wagon,good,standard,5 seats,4 doors,used,59000.0,2026-03,5.0,4.0,1000.0,100000.0,4.0,25000.0,2,scala
skoda,octavia,2023.0,gasoline,120000,automatic,8cv,1400,sedan,good,standard,5 seats,4 doors,used,69000.0,2026-03,5.0,4.0,1400.0,120000.0,3.0,40000.0,1,octavia
skoda,fabia,2020.0,gasoline,73500,manual,4cv,1000,hatchback,good,standard,5 seats,4 doors,used,45000.0,2026-03,5.0,4.0,1000.0,73500.0,6.0,12250.0,2,fabia
skoda,octavia,2006.0,diesel,300000,manual,6cv,1900,sedan,medium,standard,5 seats,4 doors,used,24000.0,2026-03,5.0,4.0,1900.0,300000.0,20.0,15000.0,4,octavia
skoda,fabia,2023.0,gasoline,120000,manual,4cv,1000,hatchback,good,standard,5 seats,4 doors,used,38000.0,2026-03,5.0,4.0,1000.0,120000.0,3.0,40000.0,1,fabia
skoda,karoq,2024.0,gasoline,41000,automatic,8cv,1400,crossover,good,standard,5 seats,4 doors,used,110000.0,2026-03,5.0,4.0,1400.0,41000.0,2.0,20500.0,1,skoda_crossover
skoda,octavia,2015.0,gasoline,262,automatic,7cv,1400,sedan,good,standard,5 seats,4 doors,used,37000.0,2026-03,5.0,4.0,1400.0,262.0,11.0,23.818181818181817,3,octavia
skoda,fabia,2016.0,gasoline,141000,manual,5cv,1200,hatchback,good,standard,5 seats,4 doors,used,30000.0,2026-03,5.0,4.0,1200.0,141000.0,10.0,14100.0,3,fabia
skoda,octavia,2021.0,gasoline,86000,automatic,6cv,1000,sedan,good,standard,5 seats,4 doors,used,75000.0,2026-03,5.0,4.0,1000.0,86000.0,5.0,17200.0,2,octavia
skoda,octavia vrs,2021.0,gasoline,81000,automatic,14cv,2000,sedan,good,standard,5 seats,4 doors,used,148000.0,2026-03,5.0,4.0,2000.0,81000.0,5.0,16200.0,2,skoda_sedan
skoda,kamiq,2021.0,gasoline,120000,manual,6cv,1000,crossover,good,standard,5 seats,4 doors,used,54000.0,2026-03,5.0,4.0,1000.0,120000.0,5.0,24000.0,2,kamiq
skoda,octavia,2021.0,diesel,91000,automatic,8cv,2000,sedan,good,standard,5 seats,4 doors,used,65000.0,2026-03,5.0,4.0,2000.0,91000.0,5.0,18200.0,2,octavia
skoda,scala,2021.0,gasoline,79000,automatic,6cv,1600,wagon,good,standard,5 seats,4 doors,used,57000.0,2026-03,5.0,4.0,1600.0,79000.0,5.0,15800.0,2,scala
dacia,logan,2010.0,diesel,240000,manual,5cv,1500,mpv,medium,standard,7 seats,4 doors,used,20000.0,2026-03,7.0,4.0,1500.0,240000.0,16.0,15000.0,4,logan
dacia,dokker,2022.0,diesel,107000,manual,5cv,1500,light commercial,good,standard,5 seats,4 doors,used,35000.0,2026-03,5.0,4.0,1500.0,107000.0,4.0,26750.0,2,dokker
dacia,dokker,2021.0,diesel,196000,manual,5cv,1500,light commercial,good,standard,5 seats,4 doors,used,32000.0,2026-03,5.0,4.0,1500.0,196000.0,5.0,39200.0,2,dokker
dacia,duster,2013.0,gasoline,189000,manual,7cv,1600,suv 4x2,medium,standard,5 seats,4 doors,used,34000.0,2026-03,5.0,4.0,1600.0,189000.0,13.0,14538.46153846154,3,duster
dacia,sandero stepway,2013.0,gasoline,51000,manual,5cv,1200,hatchback,good,standard,5 seats,4 doors,used,45000.0,2026-03,5.0,4.0,1200.0,51000.0,13.0,3923.076923076923,3,sandero stepway
dacia,duster,2023.0,gasoline,100000,manual,5cv,1200,suv 4x2,good,standard,5 seats,4 doors,used,56000.0,2026-03,5.0,4.0,1200.0,100000.0,3.0,33333.333333333336,1,duster
dacia,duster,2020.0,diesel,178000,manual,5cv,1500,suv 4x2,good,standard,5 seats,4 doors,used,53000.0,2026-03,5.0,4.0,1500.0,178000.0,6.0,29666.666666666668,2,duster
dacia,duster,2018.0,diesel,217000,manual,5cv,1500,light commercial,good,standard,5 seats,4 doors,used,30000.0,2026-03,5.0,4.0,1500.0,217000.0,8.0,27125.0,2,duster
dacia,lodgy,2022.0,diesel,135000,automatic,6cv,1500,mpv,good,standard,5 seats,4 doors,used,56000.0,2026-03,5.0,4.0,1500.0,135000.0,4.0,33750.0,2,dacia_mpv
dacia,sandero,2021.0,gasoline,80000,manual,4cv,1000,hatchback,good,standard,5 seats,4 doors,used,43000.0,2026-03,5.0,4.0,1000.0,80000.0,5.0,16000.0,2,sandero
dacia,duster,2020.0,gasoline,40000,manual,6cv,1000,suv 4x2,good,standard,5 seats,4 doors,used,66000.0,2026-03,5.0,4.0,1000.0,40000.0,6.0,6666.666666666667,2,duster
dacia,dokker,2017.0,diesel,230000,manual,5cv,1500,light commercial,medium,standard,5 seats,4 doors,used,26000.0,2026-03,5.0,4.0,1500.0,230000.0,9.0,25555.555555555555,3,dokker
dacia,dokker,2020.0,diesel,190000,manual,5cv,1500,light commercial,good,standard,5 seats,4 doors,used,29000.0,2026-03,5.0,4.0,1500.0,190000.0,6.0,31666.666666666668,2,dokker
dacia,sandero stepway,2020.0,gasoline,76000,manual,5cv,1200,hatchback,good,standard,5 seats,4 doors,used,43000.0,2026-03,5.0,4.0,1200.0,76000.0,6.0,12666.666666666666,2,sandero stepway
dacia,duster,2012.0,gasoline,unknown,manual,7cv,1600,suv 4x2,medium,standard,5 seats,4 doors,used,34000.0,2026-03,5.0,4.0,1600.0,,14.0,,3,duster
dacia,duster,2012.0,diesel,unknown,manual,5cv,1500,suv 4x4,medium,standard,5 seats,4 doors,used,35000.0,2026-03,5.0,4.0,1500.0,,14.0,,3,duster
dacia,sandero,2012.0,gasoline,196000,automatic,6cv,1600,hatchback,good,standard,5 seats,4 doors,used,18000.0,2026-03,5.0,4.0,1600.0,196000.0,14.0,14000.0,3,sandero
dacia,duster,2013.0,gasoline,190000,manual,7cv,1600,suv 4x2,good,standard,5 seats,4 doors,used,38000.0,2026-03,5.0,4.0,1600.0,190000.0,13.0,14615.384615384615,3,duster
dacia,logan,2009.0,diesel,305000,manual,5cv,1500,mpv,bad,standard,7 seats,4 doors,used,12000.0,2026-03,7.0,4.0,1500.0,305000.0,17.0,17941.176470588234,4,logan
dacia,duster,2023.0,diesel,88000,manual,5cv,1500,suv 4x2,good,standard,5 seats,4 doors,used,75000.0,2026-03,5.0,4.0,1500.0,88000.0,3.0,29333.33333333333,1,duster
dacia,sandero,2023.0,gasoline,56000,manual,5cv,1000,hatchback,good,standard,5 seats,4 doors,used,50000.0,2026-03,5.0,4.0,1000.0,56000.0,3.0,18666.666666666668,1,sandero
dacia,duster,2020.0,diesel,183000,manual,5cv,1500,suv 4x4,good,standard,5 seats,4 doors,used,58000.0,2026-03,5.0,4.0,1500.0,183000.0,6.0,30500.0,2,duster
dacia,dokker,2021.0,diesel,203000,manual,5cv,1500,light commercial,good,standard,5 seats,4 doors,used,30000.0,2026-03,5.0,4.0,1500.0,203000.0,5.0,40600.0,2,dokker
dacia,sandero,2020.0,gasoline,53400,manual,5cv,1000,hatchback,good,standard,5 seats,4 doors,used,43000.0,2026-03,5.0,4.0,1000.0,53400.0,6.0,8900.0,2,sandero
dacia,sandero stepway,2021.0,gasoline,12000,manual,5cv,1000,hatchback,good,standard,5 seats,4 doors,used,53000.0,2026-03,5.0,4.0,1000.0,12000.0,5.0,2400.0,2,sandero stepway
dacia,sandero,2016.0,gasoline,205000,manual,5cv,1200,hatchback,good,standard,5 seats,4 doors,used,34000.0,2026-03,5.0,4.0,1200.0,205000.0,10.0,20500.0,3,sandero
dacia,logan,2023.0,gasoline,75000,manual,5cv,1000,sedan,good,standard,5 seats,4 doors,used,41000.0,2026-03,5.0,4.0,1000.0,75000.0,3.0,25000.0,1,logan
dacia,sandero stepway,2020.0,gasoline,71000,manual,5cv,1000,hatchback,good,standard,5 seats,4 doors,used,45000.0,2026-03,5.0,4.0,1000.0,71000.0,6.0,11833.333333333334,2,sandero stepway
dacia,dokker,2020.0,diesel,100000,manual,5cv,1500,light commercial,medium,standard,5 seats,4 doors,used,25000.0,2026-03,5.0,4.0,1500.0,100000.0,6.0,16666.666666666668,2,dokker
dacia,dokker,2012.0,diesel,500000,manual,5cv,1500,light commercial,medium,standard,5 seats,4 doors,used,19000.0,2026-03,5.0,4.0,1500.0,500000.0,14.0,35714.28571428572,3,dokker
dacia,sandero,2021.0,gasoline,148000,manual,5cv,1400,hatchback,good,standard,5 seats,4 doors,used,41000.0,2026-03,5.0,4.0,1400.0,148000.0,5.0,29600.0,2,sandero
dacia,logan,2010.0,gasoline,unknown,manual,5cv,1200,sedan,bad,standard,5 seats,4 doors,used,10000.0,2026-03,5.0,4.0,1200.0,,16.0,,4,logan
dacia,sandero,2013.0,gasoline,unknown,manual,5cv,1200,hatchback,medium,standard,5 seats,4 doors,used,20000.0,2026-03,5.0,4.0,1200.0,,13.0,,3,sandero
dacia,logan,2015.0,diesel,unknown,manual,5cv,1500,light commercial,medium,standard,2 seats,4 doors,used,17500.0,2026-03,2.0,4.0,1500.0,,11.0,,3,logan
dacia,dokker,2014.0,diesel,unknown,manual,5cv,1500,light commercial,bad,standard,5 seats,4 doors,used,16000.0,2026-03,5.0,4.0,1500.0,,12.0,,3,dokker
dacia,logan,2012.0,gasoline,240000,manual,7cv,1400,mpv,medium,standard,7 seats,4 doors,used,20000.0,2026-03,7.0,4.0,1400.0,240000.0,14.0,17142.85714285714,3,logan
dacia,logan,2011.0,diesel,250000,manual,5cv,1500,mpv,good,standard,7 seats,4 doors,used,23000.0,2026-03,7.0,4.0,1500.0,250000.0,15.0,16666.666666666668,3,logan
dacia,dokker,2016.0,diesel,246000,manual,5cv,1500,light commercial,medium,standard,5 seats,4 doors,used,23000.0,2026-03,5.0,4.0,1500.0,246000.0,10.0,24600.0,3,dokker
dacia,logan,2014.0,gasoline,unknown,manual,7cv,1900,sedan,medium,standard,5 seats,4 doors,used,12000.0,2026-03,5.0,4.0,1900.0,,12.0,,3,logan
fiat,palio,2002.0,gasoline,unknown,manual,4cv,1300,hatchback,good,standard,5 seats,4 doors,used,14000.0,2026-03,5.0,4.0,1300.0,,24.0,,4,palio
fiat,palio,2004.0,gasoline,unknown,manual,5cv,1600,hatchback,bad,standard,5 seats,4 doors,used,9000.0,2026-03,5.0,4.0,1600.0,,22.0,,4,palio
fiat,500,2015.0,gasoline,186000,manual,4cv,1200,hatchback,medium,standard,5 seats,4 doors,used,28000.0,2026-03,5.0,4.0,1200.0,186000.0,11.0,16909.090909090908,3,500
fiat,punto,2013.0,gasoline,188000,manual,4cv,1200,hatchback,good,standard,5 seats,4 doors,used,23000.0,2026-03,5.0,4.0,1200.0,188000.0,13.0,14461.53846153846,3,punto
fiat,500,2010.0,gasoline,192000,manual,4cv,1200,hatchback,good,standard,5 seats,4 doors,used,26000.0,2026-03,5.0,4.0,1200.0,192000.0,16.0,12000.0,4,500
fiat,punto,2018.0,gasoline,130000,manual,4cv,1200,hatchback,good,standard,5 seats,4 doors,used,24000.0,2026-03,5.0,4.0,1200.0,130000.0,8.0,16250.0,2,punto
fiat,panda,2016.0,gasoline,150000,manual,4cv,1200,hatchback,good,standard,5 seats,4 doors,used,25000.0,2026-03,5.0,4.0,1200.0,150000.0,10.0,15000.0,3,panda
fiat,doblo,2020.0,diesel,153000,manual,5cv,1300,light commercial,good,standard,5 seats,4 doors,used,27000.0,2026-03,5.0,4.0,1300.0,153000.0,6.0,25500.0,2,doblo
fiat,500,2022.0,hybrid,110000,manual,5cv,1000,hatchback,good,standard,5 seats,4 doors,used,44000.0,2026-03,5.0,4.0,1000.0,110000.0,4.0,27500.0,2,500
fiat,tipo,2021.0,gasoline,90000,manual,6cv,1400,sedan,good,standard,5 seats,4 doors,used,41500.0,2026-03,5.0,4.0,1400.0,90000.0,5.0,18000.0,2,tipo
fiat,punto,2013.0,gasoline,145000,manual,4cv,1200,hatchback,good,standard,5 seats,4 doors,used,24000.0,2026-03,5.0,4.0,1200.0,145000.0,13.0,11153.846153846154,3,punto
fiat,punto,2014.0,gasoline,247000,manual,4cv,1200,hatchback,good,standard,5 seats,4 doors,used,22000.0,2026-03,5.0,4.0,1200.0,247000.0,12.0,20583.33333333333,3,punto
fiat,panda city cross,2023.0,gasoline,63000,manual,4cv,1200,hatchback,good,standard,5 seats,4 doors,used,38000.0,2026-03,5.0,4.0,1200.0,63000.0,3.0,21000.0,1,panda city cross
fiat,punto,2011.0,gasoline,300000,manual,5cv,1200,hatchback,medium,standard,5 seats,4 doors,used,18000.0,2026-03,5.0,4.0,1200.0,300000.0,15.0,20000.0,3,punto
fiat,doblo,2016.0,diesel,138000,automatic,5cv,1600,light commercial,good,standard,5 seats,4 doors,used,34000.0,2026-03,5.0,4.0,1600.0,138000.0,10.0,13800.0,3,doblo
fiat,doblo,2019.0,diesel,280000,manual,5cv,1300,light commercial,bad,standard,5 seats,4 doors,used,16000.0,2026-03,5.0,4.0,1300.0,280000.0,7.0,40000.0,2,doblo
fiat,fiorino,2017.0,diesel,275000,manual,5cv,1300,light commercial,good,standard,5 seats,4 doors,used,26000.0,2026-03,5.0,4.0,1300.0,275000.0,9.0,30555.555555555555,3,fiorino
fiat,panda,2007.0,gasoline,180000,manual,4cv,1100,hatchback,medium,standard,5 seats,4 doors,used,20500.0,2026-03,5.0,4.0,1100.0,180000.0,19.0,9473.684210526317,4,panda
fiat,doblo,2023.0,diesel,51000,manual,5cv,1300,light commercial,good,standard,3 seats,4 doors,used,44000.0,2026-03,3.0,4.0,1300.0,51000.0,3.0,17000.0,1,doblo
fiat,palio,2010.0,gasoline,214000,manual,4cv,1100,hatchback,good,standard,5 seats,4 doors,used,19000.0,2026-03,5.0,4.0,1100.0,214000.0,16.0,13375.0,4,palio
fiat,panda,2021.0,gasoline,96000,manual,4cv,1200,hatchback,good,standard,5 seats,4 doors,used,33000.0,2026-03,5.0,4.0,1200.0,96000.0,5.0,19200.0,2,panda
fiat,panda,2015.0,gasoline,250000,manual,4cv,1200,hatchback,good,standard,5 seats,4 doors,used,25000.0,2026-03,5.0,4.0,1200.0,250000.0,11.0,22727.272727272728,3,panda
fiat,500x,2020.0,diesel,117000,automatic,6cv,1600,crossover,good,standard,5 seats,4 doors,used,58000.0,2026-03,5.0,4.0,1600.0,117000.0,6.0,19500.0,2,500x
fiat,siena,2007.0,gasoline,245000,manual,5cv,1400,sedan,medium,standard,5 seats,4 doors,used,17000.0,2026-03,5.0,4.0,1400.0,245000.0,19.0,12894.736842105263,4,fiat_sedan
fiat,tipo,1994.0,gasoline,unknown,manual,8cv,1400,hatchback,medium,standard,5 seats,4 doors,used,9000.0,2026-03,5.0,4.0,1400.0,,32.0,,4,tipo
fiat,panda,2011.0,gasoline,205000,manual,4cv,1200,hatchback,medium,standard,5 seats,4 doors,used,19000.0,2026-03,5.0,4.0,1200.0,205000.0,15.0,13666.666666666666,3,panda
fiat,fiorino,2021.0,diesel,138000,manual,5cv,1300,light commercial,good,standard,5 seats,4 doors,used,27000.0,2026-03,5.0,4.0,1300.0,138000.0,5.0,27600.0,2,fiorino
fiat,palio,2005.0,gasoline,250000,manual,4cv,1200,hatchback,good,standard,5 seats,4 doors,used,14000.0,2026-03,5.0,4.0,1200.0,250000.0,21.0,11904.761904761905,4,palio
fiat,500,2018.0,gasoline,85000,automatic,4cv,1200,hatchback,good,standard,5 seats,4 doors,used,40000.0,2026-03,5.0,4.0,1200.0,85000.0,8.0,10625.0,2,500
fiat,panda,2009.0,gasoline,146000,manual,4cv,1200,hatchback,good,standard,5 seats,4 doors,used,24000.0,2026-03,5.0,4.0,1200.0,146000.0,17.0,8588.235294117647,4,panda
fiat,500,2021.0,hybrid,70000,automatic,4cv,1200,convertible,good,standard,5 seats,4 doors,used,48000.0,2026-03,5.0,4.0,1200.0,70000.0,5.0,14000.0,2,500
fiat,fiorino,2024.0,diesel,52000,manual,5cv,1300,light commercial,good,standard,5 seats,4 doors,used,43000.0,2026-03,5.0,4.0,1300.0,52000.0,2.0,26000.0,1,fiorino
fiat,palio,2007.0,gasoline,220000,manual,4cv,1200,hatchback,good,standard,5 seats,4 doors,used,17000.0,2026-03,5.0,4.0,1200.0,220000.0,19.0,11578.947368421052,4,palio
fiat,doblo,2014.0,diesel,193000,manual,5cv,1300,light commercial,good,standard,5 seats,4 doors,used,18000.0,2026-03,5.0,4.0,1300.0,193000.0,12.0,16083.333333333334,3,doblo
fiat,ducato,2000.0,diesel,unknown,manual,7cv,1900,mpv,bad,standard,9 seats,4 doors,used,9000.0,2026-03,9.0,4.0,1900.0,,26.0,,4,ducato
fiat,tipo,2023.0,gasoline,42000,manual,5cv,1400,hatchback,good,standard,5 seats,4 doors,used,58000.0,2026-03,5.0,4.0,1400.0,42000.0,3.0,14000.0,1,tipo
fiat,tipo,2020.0,gasoline,133000,manual,5cv,1400,sedan,good,standard,5 seats,4 doors,used,33000.0,2026-03,5.0,4.0,1400.0,133000.0,6.0,22166.666666666668,2,tipo
fiat,palio,2000.0,gasoline,unknown,manual,4cv,1100,hatchback,medium,standard,5 seats,4 doors,used,11000.0,2026-03,5.0,4.0,1100.0,,26.0,,4,palio
fiat,punto,2012.0,gasoline,215000,manual,4cv,1200,hatchback,good,standard,5 seats,4 doors,used,23000.0,2026-03,5.0,4.0,1200.0,215000.0,14.0,15357.142857142857,3,punto
fiat,uno,2003.0,gasoline,unknown,manual,4cv,1200,hatchback,good,standard,5 seats,4 doors,used,9000.0,2026-03,5.0,4.0,1200.0,,23.0,,4,fiat_hatchback
fiat,fiorino,2022.0,diesel,62000,manual,5cv,1300,light commercial,good,standard,5 seats,4 doors,used,40000.0,2026-03,5.0,4.0,1300.0,62000.0,4.0,15500.0,2,fiorino
fiat,punto,1996.0,gasoline,unknown,manual,4cv,1100,hatchback,good,standard,5 seats,4 doors,used,9000.0,2026-03,5.0,4.0,1100.0,,30.0,,4,punto
fiat,500,2020.0,gasoline,80000,automatic,4cv,1200,hatchback,good,standard,5 seats,4 doors,used,39000.0,2026-03,5.0,4.0,1200.0,80000.0,6.0,13333.333333333334,2,500
fiat,500,2010.0,gasoline,190000,manual,4cv,1200,hatchback,medium,standard,5 seats,4 doors,used,23000.0,2026-03,5.0,4.0,1200.0,190000.0,16.0,11875.0,4,500
fiat,punto,1997.0,gasoline,unknown,manual,4cv,1100,hatchback,good,standard,5 seats,4 doors,used,10000.0,2026-03,5.0,4.0,1100.0,,29.0,,4,punto
fiat,doblo,2013.0,diesel,unknown,manual,5cv,1600,light commercial,medium,standard,5 seats,4 doors,used,16000.0,2026-03,5.0,4.0,1600.0,,13.0,,3,doblo
fiat,fiorino,2018.0,diesel,227000,manual,5cv,1300,light commercial,good,standard,5 seats,4 doors,used,24000.0,2026-03,5.0,4.0,1300.0,227000.0,8.0,28375.0,2,fiorino
fiat,uno,1999.0,gasoline,389000,manual,4cv,1100,hatchback,medium,standard,5 seats,4 doors,used,6000.0,2026-03,5.0,4.0,1100.0,389000.0,27.0,14407.407407407409,4,fiat_hatchback
fiat,palio,2010.0,gasoline,135000,manual,4cv,1200,hatchback,good,standard,5 seats,4 doors,used,17000.0,2026-03,5.0,4.0,1200.0,135000.0,16.0,8437.5,4,palio
fiat,fiorino,2021.0,diesel,149000,manual,5cv,1300,light commercial,good,standard,5 seats,4 doors,used,33000.0,2026-03,5.0,4.0,1300.0,149000.0,5.0,29800.0,2,fiorino
fiat,punto,1994.0,gasoline,unknown,manual,4cv,1100,hatchback,good,standard,5 seats,4 doors,used,11000.0,2026-03,5.0,4.0,1100.0,,32.0,,4,punto
fiat,doblo,2020.0,diesel,232000,manual,5cv,1300,light commercial,good,standard,5 seats,4 doors,used,30000.0,2026-03,5.0,4.0,1300.0,232000.0,6.0,38666.66666666666,2,doblo
fiat,punto,2005.0,gasoline,300000,manual,5cv,1200,hatchback,good,standard,5 seats,4 doors,used,14000.0,2026-03,5.0,4.0,1200.0,300000.0,21.0,14285.714285714286,4,punto
fiat,punto,2009.0,gasoline,204000,manual,4cv,1200,hatchback,medium,standard,5 seats,4 doors,used,18000.0,2026-03,5.0,4.0,1200.0,204000.0,17.0,12000.0,4,punto
fiat,scudo,2004.0,diesel,unknown,manual,5cv,1400,heavy commercial,medium,standard,5 seats,4 doors,used,13000.0,2026-03,5.0,4.0,1400.0,,22.0,,4,fiat_heavy commercial
fiat,punto,2015.0,gasoline,183000,manual,4cv,1200,hatchback,good,standard,5 seats,4 doors,used,21000.0,2026-03,5.0,4.0,1200.0,183000.0,11.0,16636.363636363636,3,punto
fiat,punto,1998.0,gasoline,unknown,manual,4cv,1200,hatchback,good,standard,5 seats,4 doors,used,13000.0,2026-03,5.0,4.0,1200.0,,28.0,,4,punto
fiat,tipo,2020.0,gasoline,185000,manual,6cv,1400,sedan,good,standard,5 seats,4 doors,used,32000.0,2026-03,5.0,4.0,1400.0,185000.0,6.0,30833.33333333333,2,tipo
fiat,doblo,2018.0,diesel,unknown,manual,5cv,1300,light commercial,medium,standard,5 seats,4 doors,used,15000.0,2026-03,5.0,4.0,1300.0,,8.0,,2,doblo
fiat,tipo,2021.0,gasoline,76000,manual,6cv,1400,sedan,good,standard,5 seats,4 doors,used,36000.0,2026-03,5.0,4.0,1400.0,76000.0,5.0,15200.0,2,tipo
fiat,fiorino combi,2017.0,gasoline,139000,manual,5cv,1300,mpv,good,standard,5 seats,4 doors,used,33000.0,2026-03,5.0,4.0,1300.0,139000.0,9.0,15444.444444444443,3,fiat_mpv
fiat,liena,2010.0,gasoline,238000,manual,7cv,1400,sedan,medium,standard,5 seats,4 doors,used,20000.0,2026-03,5.0,4.0,1400.0,238000.0,16.0,14875.0,4,fiat_sedan
fiat,uno,1999.0,gasoline,200000,manual,5cv,1300,hatchback,good,standard,5 seats,4 doors,used,9000.0,2026-03,5.0,4.0,1300.0,200000.0,27.0,7407.407407407408,4,fiat_hatchback
fiat,500,2022.0,hybrid,40000,manual,4cv,1000,hatchback,good,standard,5 seats,4 doors,used,51000.0,2026-03,5.0,4.0,1000.0,40000.0,4.0,10000.0,2,500
fiat,scudo,2011.0,diesel,268000,manual,8cv,2000,heavy commercial,good,standard,5 seats,4 doors,used,30000.0,2026-03,5.0,4.0,2000.0,268000.0,15.0,17866.666666666668,3,fiat_heavy commercial
fiat,punto,2011.0,gasoline,263000,manual,5cv,1200,hatchback,good,standard,5 seats,4 doors,used,18000.0,2026-03,5.0,4.0,1200.0,263000.0,15.0,17533.333333333332,3,punto
fiat,punto,2001.0,gasoline,300000,manual,5cv,1200,hatchback,good,standard,5 seats,4 doors,used,13000.0,2026-03,5.0,4.0,1200.0,300000.0,25.0,12000.0,4,punto
fiat,scudo,2004.0,diesel,250000,manual,8cv,2000,mpv,good,standard,9 seats,4 doors,used,22000.0,2026-03,9.0,4.0,2000.0,250000.0,22.0,11363.636363636364,4,fiat_mpv
fiat,punto,2000.0,gasoline,unknown,manual,4cv,1200,hatchback,good,standard,5 seats,4 doors,used,13000.0,2026-03,5.0,4.0,1200.0,,26.0,,4,punto
fiat,om 40,1979.0,diesel,unknown,manual,12cv,3500,heavy commercial,good,standard,5 seats,4 doors,used,20000.0,2026-03,5.0,4.0,3500.0,,47.0,,4,fiat_heavy commercial
fiat,siena,2005.0,gasoline,230000,manual,5cv,1400,sedan,medium,standard,5 seats,4 doors,used,15000.0,2026-03,5.0,4.0,1400.0,230000.0,21.0,10952.380952380952,4,fiat_sedan
fiat,500x,2018.0,gasoline,144000,automatic,7cv,1400,crossover,good,standard,5 seats,4 doors,used,53000.0,2026-03,5.0,4.0,1400.0,144000.0,8.0,18000.0,2,500x
fiat,liena,2012.0,gasoline,200000,manual,5cv,1500,sedan,medium,standard,5 seats,4 doors,used,18000.0,2026-03,5.0,4.0,1500.0,200000.0,14.0,14285.714285714286,3,fiat_sedan
fiat,om 40,1980.0,diesel,unknown,manual,12cv,3500,heavy commercial,good,standard,5 seats,4 doors,used,18000.0,2026-03,5.0,4.0,3500.0,,46.0,,4,fiat_heavy commercial
fiat,ducato,2018.0,diesel,unknown,manual,7cv,2200,heavy commercial,good,standard,5 seats,4 doors,used,38000.0,2026-03,5.0,4.0,2200.0,,8.0,,2,ducato
fiat,500l,2017.0,gasoline,unknown,manual,5cv,1200,hatchback,good,standard,5 seats,4 doors,used,35000.0,2026-03,5.0,4.0,1200.0,,9.0,,3,fiat_hatchback
fiat,marea,2001.0,gasoline,unknown,manual,6cv,1200,sedan,medium,standard,5 seats,4 doors,used,10000.0,2026-03,5.0,4.0,1200.0,,25.0,,4,fiat_sedan
fiat,ducato,2003.0,diesel,300000,manual,7cv,2200,heavy commercial,good,standard,7 seats,4 doors,used,23000.0,2026-03,7.0,4.0,2200.0,300000.0,23.0,13043.478260869566,4,ducato
fiat,ducato,2020.0,diesel,210000,manual,7cv,2200,heavy commercial,good,standard,5 seats,4 doors,used,35000.0,2026-03,5.0,4.0,2200.0,210000.0,6.0,35000.0,2,ducato
fiat,fiorino combi,2016.0,diesel,250000,manual,5cv,1300,mpv,good,standard,5 seats,4 doors,used,28000.0,2026-03,5.0,4.0,1300.0,250000.0,10.0,25000.0,3,fiat_mpv
fiat,500x,2020.0,gasoline,118000,automatic,7cv,1200,crossover,good,standard,5 seats,4 doors,used,49000.0,2026-03,5.0,4.0,1200.0,118000.0,6.0,19666.666666666668,2,500x
fiat,ducato,2001.0,diesel,unknown,manual,7cv,2200,heavy commercial,medium,standard,7 seats,4 doors,used,19000.0,2026-03,7.0,4.0,2200.0,,25.0,,4,ducato
fiat,bravo,2000.0,gasoline,unknown,manual,6cv,1600,hatchback,good,standard,5 seats,4 doors,used,13500.0,2026-03,5.0,4.0,1600.0,,26.0,,4,fiat_hatchback
fiat,ducato,2013.0,diesel,216000,manual,7cv,2200,heavy commercial,good,standard,5 seats,4 doors,used,32000.0,2026-03,5.0,4.0,2200.0,216000.0,13.0,16615.384615384617,3,ducato
fiat,ducato,2020.0,diesel,180000,manual,8cv,2300,heavy commercial,good,standard,5 seats,4 doors,used,44000.0,2026-03,5.0,4.0,2300.0,180000.0,6.0,30000.0,2,ducato
ford,ecosport,2019.0,gasoline,127000,automatic,7cv,1200,crossover,good,standard,5 seats,4 doors,used,46000.0,2026-03,5.0,4.0,1200.0,127000.0,7.0,18142.85714285714,2,ecosport
ford,fiesta,2014.0,gasoline,198000,manual,5cv,1200,hatchback,good,standard,5 seats,4 doors,used,31000.0,2026-03,5.0,4.0,1200.0,198000.0,12.0,16500.0,3,fiesta
ford,fiesta,2005.0,gasoline,200000,manual,5cv,1200,hatchback,good,standard,5 seats,4 doors,used,15000.0,2026-03,5.0,4.0,1200.0,200000.0,21.0,9523.809523809525,4,fiesta
ford,ka,2002.0,gasoline,unknown,manual,5cv,1000,hatchback,good,standard,5 seats,4 doors,used,11000.0,2026-03,5.0,4.0,1000.0,,24.0,,4,ford_hatchback
ford,fusion,2016.0,gasoline,unknown,manual,8cv,1500,sedan,good,standard,5 seats,4 doors,used,44000.0,2026-03,5.0,4.0,1500.0,,10.0,,3,fusion
ford,kuga,2017.0,gasoline,130000,automatic,11cv,1500,suv 4x4,good,standard,5 seats,4 doors,used,65000.0,2026-03,5.0,4.0,1500.0,130000.0,9.0,14444.444444444443,3,kuga
ford,focus,2015.0,gasoline,212000,manual,6cv,1000,hatchback,good,standard,5 seats,4 doors,used,40000.0,2026-03,5.0,4.0,1000.0,212000.0,11.0,19272.727272727272,3,focus
ford,ecosport,2023.0,gasoline,49000,manual,7cv,1200,crossover,good,standard,5 seats,4 doors,used,65000.0,2026-03,5.0,4.0,1200.0,49000.0,3.0,16333.333333333334,1,ecosport
ford,ranger,2022.0,diesel,100000,automatic,7cv,2000,pickup 4x4,good,raptor,5 seats,4 doors,used,170000.0,2026-03,5.0,4.0,2000.0,100000.0,4.0,25000.0,2,ranger
ford,connect,2005.0,diesel,140000,manual,6cv,1400,light commercial,good,standard,5 seats,4 doors,used,16000.0,2026-03,5.0,4.0,1400.0,140000.0,21.0,6666.666666666667,4,ford_light commercial
ford,mondeo,2015.0,gasoline,380000,manual,7cv,1600,sedan,medium,standard,5 seats,4 doors,used,30000.0,2026-03,5.0,4.0,1600.0,380000.0,11.0,34545.454545454544,3,mondeo
ford,fiesta,2017.0,gasoline,163000,manual,5cv,1200,hatchback,good,standard,5 seats,4 doors,used,35000.0,2026-03,5.0,4.0,1200.0,163000.0,9.0,18111.11111111111,3,fiesta
ford,kuga,2017.0,diesel,50000,automatic,11cv,1500,suv 4x2,good,standard,5 seats,4 doors,used,61000.0,2026-03,5.0,4.0,1500.0,50000.0,9.0,5555.555555555556,3,kuga
ford,figo,2013.0,gasoline,154000,manual,5cv,1200,hatchback,good,standard,5 seats,4 doors,used,22000.0,2026-03,5.0,4.0,1200.0,154000.0,13.0,11846.153846153846,3,ford_hatchback
ford,focus,2016.0,gasoline,194000,manual,6cv,1000,hatchback,medium,standard,5 seats,4 doors,used,34000.0,2026-03,5.0,4.0,1000.0,194000.0,10.0,19400.0,3,focus
ford,focus,2015.0,gasoline,280000,manual,7cv,1600,hatchback,good,standard,5 seats,4 doors,used,35000.0,2026-03,5.0,4.0,1600.0,280000.0,11.0,25454.545454545456,3,focus
ford,ka,2016.0,gasoline,220000,manual,5cv,1200,hatchback,good,standard,5 seats,4 doors,used,21000.0,2026-03,5.0,4.0,1200.0,220000.0,10.0,22000.0,3,ford_hatchback
ford,focus,2022.0,gasoline,88000,automatic,7cv,1500,hatchback,good,standard,5 seats,4 doors,used,68000.0,2026-03,5.0,4.0,1500.0,88000.0,4.0,22000.0,2,focus
ford,focus,2018.0,gasoline,130000,automatic,7cv,1000,sedan,good,standard,5 seats,4 doors,used,38000.0,2026-03,5.0,4.0,1000.0,130000.0,8.0,16250.0,2,focus
ford,focus,2024.0,gasoline,38000,automatic,7cv,1500,sedan,good,standard,5 seats,4 doors,used,64000.0,2026-03,5.0,4.0,1500.0,38000.0,2.0,19000.0,1,focus
ford,ranger,2005.0,diesel,unknown,manual,12cv,2500,pickup 4x2,good,standard,5 seats,4 doors,used,22000.0,2026-03,5.0,4.0,2500.0,,21.0,,4,ranger
ford,fiesta,2015.0,gasoline,194000,manual,5cv,1200,hatchback,good,standard,5 seats,4 doors,used,32000.0,2026-03,5.0,4.0,1200.0,194000.0,11.0,17636.363636363636,3,fiesta
ford,fiesta,2012.0,gasoline,171000,manual,5cv,1200,hatchback,good,standard,5 seats,4 doors,used,25000.0,2026-03,5.0,4.0,1200.0,171000.0,14.0,12214.285714285714,3,fiesta
ford,focus,2002.0,gasoline,120000,manual,5cv,1400,wagon,good,standard,5 seats,4 doors,used,13000.0,2026-03,5.0,4.0,1400.0,120000.0,24.0,5000.0,4,focus
ford,ecosport,2019.0,gasoline,91000,automatic,7cv,1200,crossover,good,standard,5 seats,4 doors,used,45000.0,2026-03,5.0,4.0,1200.0,91000.0,7.0,13000.0,2,ecosport
ford,ranger,2023.0,diesel,75000,manual,7cv,2200,pickup 4x4,good,standard,5 seats,4 doors,used,135000.0,2026-03,5.0,4.0,2200.0,75000.0,3.0,25000.0,1,ranger
ford,fiesta,2010.0,gasoline,164000,manual,5cv,1200,hatchback,good,standard,5 seats,4 doors,used,25000.0,2026-03,5.0,4.0,1200.0,164000.0,16.0,10250.0,4,fiesta
ford,ranger,2013.0,diesel,238000,automatic,7cv,2200,pickup 4x4,good,standard,5 seats,4 doors,used,69000.0,2026-03,5.0,4.0,2200.0,238000.0,13.0,18307.69230769231,3,ranger
ford,fiesta,1999.0,gasoline,unknown,manual,5cv,1100,hatchback,good,standard,5 seats,4 doors,used,7000.0,2026-03,5.0,4.0,1100.0,,27.0,,4,fiesta
ford,escort,1988.0,gasoline,unknown,manual,unknown,unknown,hatchback,good,standard,5 seats,4 doors,used,4000.0,2026-03,5.0,4.0,,,38.0,,4,escort
ford,mondeo,2013.0,gasoline,193000,manual,9cv,1600,sedan,good,standard,5 seats,4 doors,used,36000.0,2026-03,5.0,4.0,1600.0,193000.0,13.0,14846.153846153846,3,mondeo
ford,maverick,1998.0,diesel,403000,manual,11cv,2700,suv 4x4,good,standard,5 seats,4 doors,used,21000.0,2026-03,5.0,4.0,2700.0,403000.0,28.0,14392.857142857143,4,ford_suv 4x4
ford,focus,2016.0,gasoline,209000,manual,6cv,1000,hatchback,medium,standard,5 seats,4 doors,used,25000.0,2026-03,5.0,4.0,1000.0,209000.0,10.0,20900.0,3,focus
ford,figo,2013.0,gasoline,148000,manual,5cv,1200,hatchback,good,standard,5 seats,4 doors,used,22000.0,2026-03,5.0,4.0,1200.0,148000.0,13.0,11384.615384615385,3,ford_hatchback
ford,focus,2015.0,gasoline,150000,manual,6cv,1000,hatchback,good,standard,5 seats,4 doors,used,33000.0,2026-03,5.0,4.0,1000.0,150000.0,11.0,13636.363636363636,3,focus
ford,transit,2006.0,diesel,497000,manual,8cv,1800,light commercial,good,standard,5 seats,4 doors,used,15000.0,2026-03,5.0,4.0,1800.0,497000.0,20.0,24850.0,4,transit
ford,kuga,2022.0,gasoline,65000,automatic,8cv,1500,suv 4x4,good,standard,5 seats,4 doors,used,83000.0,2026-03,5.0,4.0,1500.0,65000.0,4.0,16250.0,2,kuga
ford,ranger,2009.0,diesel,300000,manual,10cv,2500,pickup 4x2,good,standard,5 seats,4 doors,used,30000.0,2026-03,5.0,4.0,2500.0,300000.0,17.0,17647.058823529413,4,ranger
ford,excursion,2003.0,diesel,180000,automatic,29cv,4000,suv 4x4,good,standard,5 seats,4 doors,used,55000.0,2026-03,5.0,4.0,4000.0,180000.0,23.0,7826.086956521739,4,ford_suv 4x4
ford,fusion,2016.0,gasoline,170000,automatic,9cv,1600,sedan,good,standard,5 seats,4 doors,used,45000.0,2026-03,5.0,4.0,1600.0,170000.0,10.0,17000.0,3,fusion
ford,escape xlt,2011.0,gasoline,150000,automatic,16cv,3000,suv 4x4,good,standard,5 seats,4 doors,used,43000.0,2026-03,5.0,4.0,3000.0,150000.0,15.0,10000.0,3,ford_suv 4x4
ford,ranger,2011.0,diesel,unknown,manual,10cv,2500,pickup 4x2,good,standard,2 seats,4 doors,used,30000.0,2026-03,2.0,4.0,2500.0,,15.0,,3,ranger
ford,focus,2014.0,gasoline,209000,manual,7cv,1600,sedan,good,standard,5 seats,4 doors,used,31000.0,2026-03,5.0,4.0,1600.0,209000.0,12.0,17416.666666666668,3,focus
ford,mondeo,2010.0,gasoline,191000,manual,7cv,1400,sedan,good,standard,5 seats,4 doors,used,28000.0,2026-03,5.0,4.0,1400.0,191000.0,16.0,11937.5,4,mondeo
ford,ranger,2024.0,diesel,75000,automatic,7cv,2000,pickup 4x4,good,raptor,5 seats,4 doors,used,180000.0,2026-03,5.0,4.0,2000.0,75000.0,2.0,37500.0,1,ranger
ford,focus,2005.0,gasoline,360000,manual,6cv,1400,sedan,medium,standard,5 seats,4 doors,used,16000.0,2026-03,5.0,4.0,1400.0,360000.0,21.0,17142.85714285714,4,focus
ford,ranger,2018.0,diesel,139000,automatic,11cv,3200,pickup 4x4,good,standard,5 seats,4 doors,used,115000.0,2026-03,5.0,4.0,3200.0,139000.0,8.0,17375.0,2,ranger
ford,transit,2020.0,diesel,176000,manual,7cv,1800,heavy commercial,good,standard,5 seats,4 doors,used,68000.0,2026-03,5.0,4.0,1800.0,176000.0,6.0,29333.33333333333,2,transit
ford,focus,2000.0,gasoline,unknown,manual,6cv,1600,sedan,medium,standard,5 seats,4 doors,used,11000.0,2026-03,5.0,4.0,1600.0,,26.0,,4,focus
ford,focus,2010.0,gasoline,250000,manual,6cv,1600,sedan,good,standard,5 seats,4 doors,used,23000.0,2026-03,5.0,4.0,1600.0,250000.0,16.0,15625.0,4,focus
ford,tourneo,2008.0,diesel,unknown,manual,7cv,1600,mpv,good,standard,5 seats,4 doors,used,23000.0,2026-03,5.0,4.0,1600.0,,18.0,,4,ford_mpv
ford,ranger,2014.0,diesel,392000,manual,7cv,2200,pickup 4x4,good,standard,5 seats,4 doors,used,37000.0,2026-03,5.0,4.0,2200.0,392000.0,12.0,32666.666666666668,3,ranger
ford,ranger,2024.0,diesel,40000,automatic,11cv,2000,pickup 4x4,good,standard,5 seats,4 doors,used,150000.0,2026-03,5.0,4.0,2000.0,40000.0,2.0,20000.0,1,ranger
ford,ka,2016.0,gasoline,166000,manual,4cv,1000,hatchback,good,standard,5 seats,4 doors,used,25000.0,2026-03,5.0,4.0,1000.0,166000.0,10.0,16600.0,3,ford_hatchback
ford,ranger,2017.0,diesel,140000,manual,7cv,2200,pickup 4x4,good,standard,5 seats,4 doors,used,100000.0,2026-03,5.0,4.0,2200.0,140000.0,9.0,15555.555555555557,3,ranger
ford,taurus,2009.0,gasoline,180000,automatic,18cv,2500,sedan,good,standard,5 seats,4 doors,used,30000.0,2026-03,5.0,4.0,2500.0,180000.0,17.0,10588.235294117649,4,ford_sedan
ford,transit,2013.0,diesel,unknown,manual,9cv,2200,heavy commercial,good,standard,5 seats,4 doors,used,23000.0,2026-03,5.0,4.0,2200.0,,13.0,,3,transit
ford,fiesta,2020.0,gasoline,140000,manual,5cv,1000,hatchback,good,standard,5 seats,4 doors,used,38000.0,2026-03,5.0,4.0,1000.0,140000.0,6.0,23333.33333333333,2,fiesta
ford,fiesta,1991.0,gasoline,unknown,manual,4cv,1200,hatchback,good,standard,5 seats,4 doors,used,4000.0,2026-03,5.0,4.0,1200.0,,35.0,,4,fiesta
ford,ranger,2010.0,diesel,unknown,manual,10cv,2200,pickup 4x2,good,standard,2 seats,2 doors,used,27000.0,2026-03,2.0,2.0,2200.0,,16.0,,4,ranger
ford,focus,2007.0,hybrid,300000,manual,7cv,1600,hatchback,good,standard,5 seats,4 doors,used,21000.0,2026-03,5.0,4.0,1600.0,300000.0,19.0,15789.473684210529,4,focus
ford,ranger,2024.0,diesel,24000,automatic,8cv,2000,pickup 4x4,good,wildtrack,5 seats,4 doors,used,210000.0,2026-03,5.0,4.0,2000.0,24000.0,2.0,12000.0,1,ranger
ford,ranger,2006.0,diesel,unknown,manual,12cv,2500,pickup 4x2,good,standard,5 seats,4 doors,used,25000.0,2026-03,5.0,4.0,2500.0,,20.0,,4,ranger
ford,focus,2006.0,gasoline,unknown,manual,6cv,1600,sedan,good,standard,5 seats,4 doors,used,14000.0,2026-03,5.0,4.0,1600.0,,20.0,,4,focus
ford,transit,2002.0,diesel,unknown,manual,8cv,1800,heavy commercial,good,standard,5 seats,4 doors,used,10000.0,2026-03,5.0,4.0,1800.0,,24.0,,4,transit
ford,fiesta,2000.0,gasoline,unknown,manual,5cv,1200,hatchback,good,standard,5 seats,4 doors,used,9000.0,2026-03,5.0,4.0,1200.0,,26.0,,4,fiesta
ford,escort,2000.0,gasoline,unknown,manual,6cv,1600,sedan,good,standard,5 seats,4 doors,used,10000.0,2026-03,5.0,4.0,1600.0,,26.0,,4,escort
ford,ranger,2015.0,diesel,unknown,manual,10cv,2000,pickup 4x2,good,standard,2 seats,2 doors,used,35000.0,2026-03,2.0,2.0,2000.0,,11.0,,3,ranger
ford,ranger,2017.0,diesel,190000,manual,11cv,3200,pickup 4x4,good,wildtrack,5 seats,4 doors,used,78000.0,2026-03,5.0,4.0,3200.0,190000.0,9.0,21111.11111111111,3,ranger
ford,fusion,2017.0,gasoline,130000,automatic,8cv,1600,sedan,good,standard,5 seats,4 doors,used,60000.0,2026-03,5.0,4.0,1600.0,130000.0,9.0,14444.444444444443,3,fusion
ford,ranger,2003.0,diesel,300000,manual,12cv,2500,pickup 4x4,good,standard,5 seats,4 doors,used,32000.0,2026-03,5.0,4.0,2500.0,300000.0,23.0,13043.478260869566,4,ranger
ford,escort,1994.0,gasoline,unknown,manual,unknown,unknown,sedan,good,standard,5 seats,4 doors,used,6000.0,2026-03,5.0,4.0,,,32.0,,4,escort
ford,mondeo,1993.0,gasoline,unknown,manual,unknown,unknown,sedan,medium,standard,5 seats,4 doors,used,8000.0,2026-03,5.0,4.0,,,33.0,,4,mondeo
ford,mondeo,2002.0,gasoline,unknown,manual,6cv,1400,wagon,good,standard,5 seats,4 doors,used,13000.0,2026-03,5.0,4.0,1400.0,,24.0,,4,mondeo
ford,ranger,2007.0,diesel,unknown,manual,10cv,2500,pickup 4x2,good,standard,2 seats,2 doors,used,21000.0,2026-03,2.0,2.0,2500.0,,19.0,,4,ranger
ford,ranger,2008.0,diesel,unknown,manual,10cv,2200,pickup 4x2,good,standard,5 seats,4 doors,used,28000.0,2026-03,5.0,4.0,2200.0,,18.0,,4,ranger
ford,ranger,2010.0,diesel,unknown,manual,10cv,2200,pickup 4x4,good,standard,5 seats,4 doors,used,35000.0,2026-03,5.0,4.0,2200.0,,16.0,,4,ranger
ford,ranger,2008.0,diesel,unknown,manual,10cv,2200,pickup 4x2,good,standard,2 seats,2 doors,used,24000.0,2026-03,2.0,2.0,2200.0,,18.0,,4,ranger
ford,escort,1989.0,gasoline,unknown,manual,unknown,unknown,sedan,good,standard,5 seats,4 doors,used,5000.0,2026-03,5.0,4.0,,,37.0,,4,escort
ford,ranger,2009.0,diesel,unknown,manual,10cv,2200,pickup 4x2,good,standard,5 seats,4 doors,used,32000.0,2026-03,5.0,4.0,2200.0,,17.0,,4,ranger
ford,transit,2010.0,diesel,unknown,manual,8cv,1600,heavy commercial,good,standard,5 seats,4 doors,used,15000.0,2026-03,5.0,4.0,1600.0,,16.0,,4,transit
ford,transit,2014.0,diesel,unknown,manual,8cv,1600,heavy commercial,good,standard,5 seats,4 doors,used,26000.0,2026-03,5.0,4.0,1600.0,,12.0,,3,transit
ford,transit,1998.0,diesel,unknown,manual,8cv,1600,heavy commercial,good,standard,5 seats,4 doors,used,12000.0,2026-03,5.0,4.0,1600.0,,28.0,,4,transit
nissan,navara,2003.0,diesel,300000,manual,10cv,2500,pickup 4x4,good,standard,5 seats,4 doors,used,36000.0,2026-03,5.0,4.0,2500.0,300000.0,23.0,13043.478260869566,4,navara
nissan,micra,2018.0,gasoline,110000,manual,5cv,1200,hatchback,good,standard,5 seats,4 doors,used,30000.0,2026-03,5.0,4.0,1200.0,110000.0,8.0,13750.0,2,micra
nissan,juke,2013.0,gasoline,200000,automatic,6cv,1200,crossover,good,standard,5 seats,4 doors,used,38000.0,2026-03,5.0,4.0,1200.0,200000.0,13.0,15384.615384615385,3,juke
nissan,qashqai,2018.0,diesel,157000,automatic,7cv,1600,suv 4x2,good,tekna,5 seats,4 doors,used,63000.0,2026-03,5.0,4.0,1600.0,157000.0,8.0,19625.0,2,qashqai
nissan,qashqai,2020.0,diesel,150000,automatic,6cv,1500,suv 4x2,good,tekna dci,5 seats,4 doors,used,76000.0,2026-03,5.0,4.0,1500.0,150000.0,6.0,25000.0,2,qashqai
nissan,micra,2018.0,gasoline,182000,manual,5cv,1200,hatchback,good,standard,5 seats,4 doors,used,24500.0,2026-03,5.0,4.0,1200.0,182000.0,8.0,22750.0,2,micra
nissan,juke,2021.0,gasoline,102000,automatic,6cv,1000,crossover,good,standard,5 seats,4 doors,used,66000.0,2026-03,5.0,4.0,1000.0,102000.0,5.0,20400.0,2,juke
nissan,x trail,2015.0,diesel,80000,automatic,7cv,1600,suv 4x4,good,tekna dci,5 seats,4 doors,used,75000.0,2026-03,5.0,4.0,1600.0,80000.0,11.0,7272.727272727273,3,nissan_suv 4x4
nissan,micra,2017.0,gasoline,125000,manual,5cv,1200,hatchback,good,standard,5 seats,4 doors,used,32000.0,2026-03,5.0,4.0,1200.0,125000.0,9.0,13888.888888888889,3,micra
nissan,juke,2022.0,gasoline,26000,automatic,6cv,1000,crossover,good,standard,5 seats,4 doors,used,76000.0,2026-03,5.0,4.0,1000.0,26000.0,4.0,6500.0,2,juke
nissan,qashqai,2018.0,diesel,175000,manual,7cv,1600,suv 4x2,good,tekna,5 seats,4 doors,used,63000.0,2026-03,5.0,4.0,1600.0,175000.0,8.0,21875.0,2,qashqai
nissan,micra,2014.0,gasoline,130000,manual,5cv,1200,hatchback,good,standard,5 seats,4 doors,used,25500.0,2026-03,5.0,4.0,1200.0,130000.0,12.0,10833.333333333334,3,micra
nissan,qashqai,2022.0,gasoline,45000,automatic,7cv,1400,suv 4x2,good,tekna plus,7 seats,4 doors,used,94000.0,2026-03,7.0,4.0,1400.0,45000.0,4.0,11250.0,2,qashqai
nissan,micra,2014.0,gasoline,118000,manual,5cv,1200,hatchback,good,standard,5 seats,4 doors,used,26500.0,2026-03,5.0,4.0,1200.0,118000.0,12.0,9833.333333333334,3,micra
nissan,qashqai,2010.0,diesel,508000,manual,6cv,1500,suv 4x2,good,dci,5 seats,4 doors,used,30000.0,2026-03,5.0,4.0,1500.0,508000.0,16.0,31750.0,4,qashqai
nissan,qashqai,2018.0,gasoline,135000,manual,6cv,1200,suv 4x2,good,standard,5 seats,4 doors,used,55000.0,2026-03,5.0,4.0,1200.0,135000.0,8.0,16875.0,2,qashqai
nissan,patrol y60,1996.0,diesel,420000,manual,11cv,2800,suv 4x4,good,standard,5 seats,4 doors,used,24000.0,2026-03,5.0,4.0,2800.0,420000.0,30.0,14000.0,4,nissan_suv 4x4
nissan,patrol y61,2006.0,diesel,390000,manual,15cv,4200,suv 4x4,good,standard,5 seats,4 doors,used,42000.0,2026-03,5.0,4.0,4200.0,390000.0,20.0,19500.0,4,patrol y61
nissan,urvan,2012.0,diesel,unknown,manual,10cv,3000,mpv,medium,standard,9 seats,4 doors,used,16000.0,2026-03,9.0,4.0,3000.0,,14.0,,3,nissan_mpv
nissan,qashqai,2012.0,diesel,278000,manual,6cv,1500,suv 4x2,good,dci,5 seats,4 doors,used,42000.0,2026-03,5.0,4.0,1500.0,278000.0,14.0,19857.14285714286,3,qashqai
nissan,navara,2005.0,diesel,unknown,manual,13cv,2300,pickup 4x4,good,standard,5 seats,4 doors,used,22000.0,2026-03,5.0,4.0,2300.0,,21.0,,4,navara
nissan,patrol y61,2000.0,diesel,152000,manual,12cv,3000,suv 4x4,good,standard,5 seats,4 doors,used,78000.0,2026-03,5.0,4.0,3000.0,152000.0,26.0,5846.153846153846,4,patrol y61
nissan,juke,2015.0,diesel,210000,manual,6cv,1500,crossover,good,standard,5 seats,4 doors,used,35000.0,2026-03,5.0,4.0,1500.0,210000.0,11.0,19090.90909090909,3,juke
nissan,murano,2008.0,diesel,150000,automatic,12cv,3500,suv 4x4,good,standard,5 seats,4 doors,used,29000.0,2026-03,5.0,4.0,3500.0,150000.0,18.0,8333.333333333334,4,nissan_suv 4x4
nissan,juke,2015.0,gasoline,192000,manual,6cv,1200,crossover,good,standard,5 seats,4 doors,used,37000.0,2026-03,5.0,4.0,1200.0,192000.0,11.0,17454.545454545456,3,juke
nissan,qashqai,2017.0,gasoline,225000,automatic,6cv,1200,suv 4x4,good,standard,5 seats,4 doors,used,45000.0,2026-03,5.0,4.0,1200.0,225000.0,9.0,25000.0,3,qashqai
nissan,navara,2015.0,diesel,200000,manual,10cv,2500,pickup 4x4,good,standard,5 seats,4 doors,used,41000.0,2026-03,5.0,4.0,2500.0,200000.0,11.0,18181.81818181818,3,navara
nissan,qashqai,2017.0,gasoline,115000,automatic,6cv,1200,suv 4x2,good,tekna plus,7 seats,4 doors,used,61000.0,2026-03,7.0,4.0,1200.0,115000.0,9.0,12777.777777777776,3,qashqai
nissan,qashqai,2012.0,diesel,280000,manual,6cv,1500,suv 4x2,good,tekna dci,5 seats,4 doors,used,35000.0,2026-03,5.0,4.0,1500.0,280000.0,14.0,20000.0,3,qashqai
nissan,qashqai,2009.0,diesel,220000,manual,6cv,1500,suv 4x2,good,tekna plus dci,7 seats,4 doors,used,38000.0,2026-03,7.0,4.0,1500.0,220000.0,17.0,12941.176470588236,4,qashqai
nissan,navara,2018.0,diesel,181000,manual,10cv,2500,pickup 4x4,good,standard,5 seats,4 doors,used,70000.0,2026-03,5.0,4.0,2500.0,181000.0,8.0,22625.0,2,navara
nissan,patrol y61,2004.0,diesel,120000,manual,11cv,2700,suv 4x4,good,standard,5 seats,2 doors,used,37000.0,2026-03,5.0,2.0,2700.0,120000.0,22.0,5454.545454545455,4,patrol y61
nissan,murano,2007.0,gasoline,150000,automatic,12cv,3500,suv 4x4,good,standard,5 seats,4 doors,used,38000.0,2026-03,5.0,4.0,3500.0,150000.0,19.0,7894.736842105263,4,nissan_suv 4x4
nissan,qashqai,2012.0,diesel,314000,manual,6cv,1500,suv 4x2,good,dci,5 seats,4 doors,used,42000.0,2026-03,5.0,4.0,1500.0,314000.0,14.0,22428.571428571428,3,qashqai
nissan,navara,2010.0,diesel,360000,manual,10cv,2500,pickup 4x4,good,standard,5 seats,4 doors,used,43000.0,2026-03,5.0,4.0,2500.0,360000.0,16.0,22500.0,4,navara
nissan,qashqai,2018.0,gasoline,170000,automatic,6cv,1200,suv 4x2,good,tekna plus,5 seats,4 doors,used,55000.0,2026-03,5.0,4.0,1200.0,170000.0,8.0,21250.0,2,qashqai
nissan,x trail t30,2002.0,gasoline,204000,manual,9cv,2000,suv 4x4,medium,standard,5 seats,4 doors,used,19000.0,2026-03,5.0,4.0,2000.0,204000.0,24.0,8500.0,4,nissan_suv 4x4
nissan,terrano,2000.0,diesel,265000,manual,11cv,2700,suv 4x4,good,standard,5 seats,4 doors,used,25000.0,2026-03,5.0,4.0,2700.0,265000.0,26.0,10192.307692307691,4,nissan_suv 4x4
nissan,x trail,2018.0,diesel,72000,manual,7cv,1600,suv 4x4,good,standard,5 seats,4 doors,used,77000.0,2026-03,5.0,4.0,1600.0,72000.0,8.0,9000.0,2,nissan_suv 4x4
nissan,navara,2007.0,diesel,200000,manual,10cv,2500,pickup 4x4,good,standard,5 seats,4 doors,used,45000.0,2026-03,5.0,4.0,2500.0,200000.0,19.0,10526.315789473683,4,navara
nissan,patrol y60,1992.0,diesel,330000,manual,11cv,2800,suv 4x4,good,standard,5 seats,4 doors,used,65000.0,2026-03,5.0,4.0,2800.0,330000.0,34.0,9705.882352941177,4,nissan_suv 4x4
nissan,navara,2012.0,diesel,237000,manual,10cv,2500,pickup 4x4,good,standard,5 seats,4 doors,used,44000.0,2026-03,5.0,4.0,2500.0,237000.0,14.0,16928.571428571428,3,navara
nissan,sunny,2017.0,gasoline,197500,manual,6cv,1500,sedan,good,standard,5 seats,4 doors,used,27000.0,2026-03,5.0,4.0,1500.0,197500.0,9.0,21944.444444444445,3,nissan_sedan
nissan,pathfinder,2012.0,diesel,450000,automatic,12cv,2500,suv 4x4,good,standard,5 seats,4 doors,used,48000.0,2026-03,5.0,4.0,2500.0,450000.0,14.0,32142.85714285714,3,nissan_suv 4x4
infiniti,fx 35,2008.0,gasoline,170000,automatic,23cv,3000,suv 4x4,good,standard,5 seats,4 doors,used,40000.0,2026-03,5.0,4.0,3000.0,170000.0,18.0,9444.444444444443,4,infiniti_suv 4x4
nissan,sunny,2017.0,gasoline,183000,manual,6cv,1400,sedan,good,standard,5 seats,4 doors,used,30000.0,2026-03,5.0,4.0,1400.0,183000.0,9.0,20333.33333333333,3,nissan_sedan
nissan,micra,2004.0,gasoline,unknown,manual,5cv,1200,hatchback,good,standard,5 seats,4 doors,used,15000.0,2026-03,5.0,4.0,1200.0,,22.0,,4,micra
nissan,navara,1999.0,diesel,unknown,manual,12cv,2500,pickup 4x4,good,standard,5 seats,4 doors,used,22000.0,2026-03,5.0,4.0,2500.0,,27.0,,4,navara
nissan,patrol y60,1996.0,diesel,unknown,manual,11cv,2800,suv 4x4,good,standard,5 seats,4 doors,used,30000.0,2026-03,5.0,4.0,2800.0,,30.0,,4,nissan_suv 4x4
nissan,navara,2000.0,diesel,unknown,manual,12cv,2500,pickup 4x4,good,standard,5 seats,4 doors,used,23000.0,2026-03,5.0,4.0,2500.0,,26.0,,4,navara
nissan,navara,2008.0,diesel,446000,manual,10cv,2500,pickup 4x4,good,standard,5 seats,4 doors,used,31500.0,2026-03,5.0,4.0,2500.0,446000.0,18.0,24777.777777777777,4,navara
nissan,navara,1995.0,diesel,unknown,manual,12cv,2500,pickup 4x4,good,standard,5 seats,4 doors,used,14000.0,2026-03,5.0,4.0,2500.0,,31.0,,4,navara
nissan,patrol y61,1997.0,diesel,unknown,manual,11cv,2700,suv 4x4,good,standard,5 seats,2 doors,used,45000.0,2026-03,5.0,2.0,2700.0,,29.0,,4,patrol y61
ford,kuga,2008.0,diesel,unknown,manual,8cv,2000,suv 4x4,good,standard,5 seats,4 doors,used,35000.0,2026-03,5.0,4.0,2000.0,,18.0,,4,kuga
opel,crossland,2022.0,gasoline,87000,manual,5cv,1200,crossover,good,standard,5 seats,4 doors,used,52000.0,2026-03,5.0,4.0,1200.0,87000.0,4.0,21750.0,2,crossland
opel,corsa,2015.0,gasoline,157000,manual,5cv,1200,hatchback,good,standard,5 seats,4 doors,used,28000.0,2026-03,5.0,4.0,1200.0,157000.0,11.0,14272.727272727272,3,corsa
opel,kadett,1990.0,gasoline,unknown,manual,6cv,1400,hatchback,medium,standard,5 seats,4 doors,used,5800.0,2026-03,5.0,4.0,1400.0,,36.0,,4,kadett
opel,corsa,2015.0,gasoline,300000,manual,5cv,1200,hatchback,good,standard,5 seats,2 doors,used,23000.0,2026-03,5.0,2.0,1200.0,300000.0,11.0,27272.727272727272,3,corsa
opel,combo cargo,2011.0,diesel,147000,manual,5cv,1600,light commercial,good,standard,3 seats,4 doors,used,52000.0,2026-03,3.0,4.0,1600.0,147000.0,15.0,9800.0,3,combo cargo
opel,astra,2004.0,diesel,400000,manual,6cv,1700,hatchback,good,standard,5 seats,4 doors,used,15000.0,2026-03,5.0,4.0,1700.0,400000.0,22.0,18181.81818181818,4,astra
opel,astra,2008.0,gasoline,177000,manual,6cv,1300,hatchback,good,standard,5 seats,4 doors,used,24000.0,2026-03,5.0,4.0,1300.0,177000.0,18.0,9833.333333333334,4,astra
opel,grandland,2019.0,gasoline,123000,manual,7cv,1200,suv 4x2,good,standard,5 seats,4 doors,used,55000.0,2026-03,5.0,4.0,1200.0,123000.0,7.0,17571.428571428572,2,grandland
opel,crossland,2022.0,gasoline,39000,manual,6cv,1200,crossover,good,standard,5 seats,4 doors,used,61000.0,2026-03,5.0,4.0,1200.0,39000.0,4.0,9750.0,2,crossland
opel,frontera,1997.0,diesel,unknown,manual,10cv,2500,suv 4x4,good,standard,5 seats,2 doors,used,26000.0,2026-03,5.0,2.0,2500.0,,29.0,,4,opel_suv 4x4
opel,vivaro,2021.0,diesel,114000,manual,8cv,2000,heavy commercial,good,standard,5 seats,4 doors,used,55000.0,2026-03,5.0,4.0,2000.0,114000.0,5.0,22800.0,2,opel_heavy commercial
opel,astra,2009.0,gasoline,154000,manual,5cv,1300,hatchback,good,standard,5 seats,4 doors,used,27000.0,2026-03,5.0,4.0,1300.0,154000.0,17.0,9058.823529411764,4,astra
opel,kadett,1994.0,diesel,unknown,manual,6cv,1400,wagon,medium,standard,5 seats,4 doors,used,7000.0,2026-03,5.0,4.0,1400.0,,32.0,,4,kadett
opel,omega,2002.0,diesel,unknown,manual,9cv,2500,wagon,good,standard,5 seats,4 doors,used,13000.0,2026-03,5.0,4.0,2500.0,,24.0,,4,opel_wagon
opel,insignia,2012.0,diesel,unknown,manual,9cv,1800,wagon,good,standard,5 seats,4 doors,used,26000.0,2026-03,5.0,4.0,1800.0,,14.0,,3,opel_wagon
opel,combo cargo,2023.0,diesel,85000,manual,5cv,1600,light commercial,good,standard,5 seats,4 doors,used,52000.0,2026-03,5.0,4.0,1600.0,85000.0,3.0,28333.33333333333,1,combo cargo
opel,corsa,2016.0,gasoline,unknown,manual,5cv,1200,hatchback,good,standard,5 seats,4 doors,used,29000.0,2026-03,5.0,4.0,1200.0,,10.0,,3,corsa
opel,astra g,2002.0,gasoline,304000,manual,5cv,1200,hatchback,good,standard,5 seats,4 doors,used,22000.0,2026-03,5.0,4.0,1200.0,304000.0,24.0,12666.666666666666,4,astra g
opel,corsa,1993.0,gasoline,390000,manual,4cv,1200,hatchback,good,standard,5 seats,4 doors,used,8000.0,2026-03,5.0,4.0,1200.0,390000.0,33.0,11818.181818181818,4,corsa
opel,grandland,2019.0,diesel,137000,automatic,8cv,2000,suv 4x2,good,standard,5 seats,4 doors,used,100000.0,2026-03,5.0,4.0,2000.0,137000.0,7.0,19571.42857142857,2,grandland
opel,vectra,1995.0,gasoline,unknown,manual,4cv,1300,sedan,good,standard,5 seats,4 doors,used,11000.0,2026-03,5.0,4.0,1300.0,,31.0,,4,opel_sedan
opel,kadett,1983.0,gasoline,unknown,manual,5cv,1200,wagon,bad,standard,5 seats,4 doors,used,3000.0,2026-03,5.0,4.0,1200.0,,43.0,,4,kadett
opel,kadett,1992.0,diesel,unknown,manual,5cv,1200,wagon,medium,standard,5 seats,4 doors,used,5000.0,2026-03,5.0,4.0,1200.0,,34.0,,4,kadett
opel,astra g,2001.0,gasoline,270000,manual,5cv,1200,hatchback,good,standard,5 seats,4 doors,used,19000.0,2026-03,5.0,4.0,1200.0,270000.0,25.0,10800.0,4,astra g
opel,combo cargo,2022.0,diesel,100000,manual,5cv,1600,light commercial,good,standard,5 seats,4 doors,used,51000.0,2026-03,5.0,4.0,1600.0,100000.0,4.0,25000.0,2,combo cargo
opel,omega,1997.0,diesel,unknown,manual,7cv,2500,sedan,bad,standard,5 seats,4 doors,used,7000.0,2026-03,5.0,4.0,2500.0,,29.0,,4,opel_sedan
opel,astra,2006.0,gasoline,246000,manual,5cv,1200,hatchback,good,standard,5 seats,4 doors,used,23000.0,2026-03,5.0,4.0,1200.0,246000.0,20.0,12300.0,4,astra
opel,astra,2022.0,gasoline,70000,manual,5cv,1200,hatchback,good,standard,5 seats,4 doors,used,47000.0,2026-03,5.0,4.0,1200.0,70000.0,4.0,17500.0,2,astra
opel,corsa,2000.0,gasoline,unknown,manual,4cv,1000,hatchback,good,standard,5 seats,4 doors,used,11000.0,2026-03,5.0,4.0,1000.0,,26.0,,4,corsa
opel,astra g,2000.0,gasoline,unknown,manual,5cv,1400,hatchback,good,standard,5 seats,4 doors,used,13000.0,2026-03,5.0,4.0,1400.0,,26.0,,4,astra g
opel,astra g,2003.0,gasoline,266000,manual,5cv,1400,hatchback,good,standard,5 seats,4 doors,used,15000.0,2026-03,5.0,4.0,1400.0,266000.0,23.0,11565.217391304348,4,astra g
opel,agila,2000.0,gasoline,219000,manual,5cv,1200,hatchback,good,standard,5 seats,4 doors,used,15500.0,2026-03,5.0,4.0,1200.0,219000.0,26.0,8423.076923076924,4,opel_hatchback
opel,grandland,2020.0,diesel,113000,automatic,7cv,1500,suv 4x4,good,standard,5 seats,4 doors,used,79000.0,2026-03,5.0,4.0,1500.0,113000.0,6.0,18833.33333333333,2,grandland
opel,corsa,1999.0,gasoline,unknown,manual,4cv,1000,hatchback,good,standard,5 seats,4 doors,used,10000.0,2026-03,5.0,4.0,1000.0,,27.0,,4,corsa
opel,corsa,2022.0,gasoline,188000,manual,5cv,1200,hatchback,good,standard,5 seats,4 doors,used,31000.0,2026-03,5.0,4.0,1200.0,188000.0,4.0,47000.0,2,corsa
opel,corsa,1997.0,gasoline,unknown,manual,4cv,1000,hatchback,good,standard,5 seats,4 doors,used,10000.0,2026-03,5.0,4.0,1000.0,,29.0,,4,corsa
opel,astra,1984.0,gasoline,unknown,manual,6cv,1400,hatchback,good,standard,5 seats,4 doors,used,10000.0,2026-03,5.0,4.0,1400.0,,42.0,,4,astra
opel,corsa,2022.0,gasoline,75000,manual,5cv,1200,hatchback,good,standard,5 seats,4 doors,used,43000.0,2026-03,5.0,4.0,1200.0,75000.0,4.0,18750.0,2,corsa
opel,crossland,2022.0,gasoline,50000,automatic,6cv,1200,crossover,good,standard,5 seats,4 doors,used,65000.0,2026-03,5.0,4.0,1200.0,50000.0,4.0,12500.0,2,crossland
opel,mokka,2022.0,gasoline,17000,automatic,6cv,1200,crossover,good,standard,5 seats,4 doors,used,85000.0,2026-03,5.0,4.0,1200.0,17000.0,4.0,4250.0,2,opel_crossover
opel,corsa,1996.0,gasoline,300000,manual,4cv,1000,hatchback,good,standard,5 seats,4 doors,used,9000.0,2026-03,5.0,4.0,1000.0,300000.0,30.0,10000.0,4,corsa
opel,corsa,2014.0,gasoline,350000,manual,5cv,1200,hatchback,good,standard,5 seats,4 doors,used,22000.0,2026-03,5.0,4.0,1200.0,350000.0,12.0,29166.666666666668,3,corsa
opel,campo,1996.0,diesel,570000,manual,10cv,2500,pickup 4x4,good,standard,5 seats,4 doors,used,40000.0,2026-03,5.0,4.0,2500.0,570000.0,30.0,19000.0,4,opel_pickup 4x4
opel,combo cargo,2022.0,diesel,114000,manual,5cv,1600,light commercial,good,standard,5 seats,4 doors,used,44000.0,2026-03,5.0,4.0,1600.0,114000.0,4.0,28500.0,2,combo cargo
opel,meriva,2004.0,diesel,450000,automatic,6cv,1700,mpv,good,standard,5 seats,4 doors,used,16000.0,2026-03,5.0,4.0,1700.0,450000.0,22.0,20454.545454545456,4,opel_mpv
opel,meriva,2013.0,diesel,400000,manual,5cv,1300,mpv,good,standard,5 seats,4 doors,used,19000.0,2026-03,5.0,4.0,1300.0,400000.0,13.0,30769.23076923077,3,opel_mpv
opel,corsa,1988.0,gasoline,unknown,manual,4cv,1000,hatchback,good,standard,5 seats,4 doors,used,4000.0,2026-03,5.0,4.0,1000.0,,38.0,,4,corsa
opel,corsa,1992.0,gasoline,unknown,manual,5cv,1200,sedan,good,standard,5 seats,4 doors,used,5500.0,2026-03,5.0,4.0,1200.0,,34.0,,4,corsa
opel,astra,1995.0,diesel,unknown,manual,6cv,1400,hatchback,good,standard,5 seats,4 doors,used,8000.0,2026-03,5.0,4.0,1400.0,,31.0,,4,astra
opel,frontera,2006.0,diesel,unknown,manual,10cv,2500,suv 4x4,good,standard,5 seats,4 doors,used,30000.0,2026-03,5.0,4.0,2500.0,,20.0,,4,opel_suv 4x4
opel,astra g,2002.0,diesel,unknown,manual,7cv,1700,light commercial,good,standard,5 seats,4 doors,used,15000.0,2026-03,5.0,4.0,1700.0,,24.0,,4,astra g
opel,kadett,1991.0,gasoline,unknown,manual,5cv,1200,hatchback,good,standard,5 seats,4 doors,used,7000.0,2026-03,5.0,4.0,1200.0,,35.0,,4,kadett
opel,astra,1998.0,gasoline,unknown,manual,5cv,1200,hatchback,good,standard,5 seats,4 doors,used,6500.0,2026-03,5.0,4.0,1200.0,,28.0,,4,astra
opel,astra g,2000.0,gasoline,unknown,manual,5cv,1200,hatchback,good,standard,5 seats,4 doors,used,15000.0,2026-03,5.0,4.0,1200.0,,26.0,,4,astra g
opel,combo cargo,1995.0,diesel,unknown,manual,7cv,1400,light commercial,good,standard,2 seats,3 doors,used,7000.0,2026-03,5.0,4.0,1400.0,,31.0,,4,combo cargo
opel,vectra,2000.0,diesel,unknown,manual,7cv,1700,sedan,good,standard,5 seats,4 doors,used,11000.0,2026-03,5.0,4.0,1700.0,,26.0,,4,opel_sedan
opel,combo cargo,2020.0,diesel,unknown,manual,5cv,1600,light commercial,good,standard,5 seats,4 doors,used,40000.0,2026-03,5.0,4.0,1600.0,,6.0,,2,combo cargo
opel,combo cargo,2022.0,diesel,unknown,manual,5cv,1600,light commercial,good,standard,5 seats,4 doors,used,41000.0,2026-03,5.0,4.0,1600.0,,4.0,,2,combo cargo
opel,astra,2001.0,gasoline,unknown,manual,7cv,1400,convertible,good,standard,5 seats,4 doors,used,16000.0,2026-03,5.0,4.0,1400.0,,25.0,,4,astra
volkswagen,caddy,1998.0,diesel,unknown,manual,7cv,1900,light commercial,good,standard,5 seats,4 doors,used,13000.0,2026-03,5.0,4.0,1900.0,,28.0,,4,caddy
opel,corsa,1990.0,gasoline,unknown,manual,4cv,1000,hatchback,good,standard,5 seats,4 doors,used,2500.0,2026-03,5.0,4.0,1000.0,,36.0,,4,corsa
opel,astra,2002.0,diesel,unknown,manual,7cv,1700,coupe,good,standard,5 seats,4 doors,used,15000.0,2026-03,5.0,4.0,1700.0,,24.0,,4,astra
opel,meriva,2010.0,gasoline,123000,manual,5cv,1200,mpv,good,standard,5 seats,4 doors,used,26000.0,2026-03,5.0,4.0,1200.0,123000.0,16.0,7687.5,4,opel_mpv
peugeot,partner,2009.0,diesel,unknown,manual,5cv,1600,mpv,good,standard,7 seats,4 doors,used,35000.0,2026-03,7.0,4.0,1600.0,,17.0,,4,partner
opel,vectra,2005.0,diesel,unknown,manual,6cv,1700,sedan,good,standard,5 seats,4 doors,used,15500.0,2026-03,5.0,4.0,1700.0,,21.0,,4,opel_sedan
opel,astra g,2004.0,gasoline,173000,automatic,7cv,1600,sedan,good,standard,5 seats,4 doors,used,20000.0,2026-03,5.0,4.0,1600.0,173000.0,22.0,7863.636363636364,4,astra g
opel,zafira,2002.0,diesel,unknown,manual,8cv,2200,mpv,good,standard,7 seats,4 doors,used,27000.0,2026-03,7.0,4.0,2200.0,,24.0,,4,opel_mpv
opel,astra,2021.0,gasoline,87000,manual,6cv,1200,hatchback,good,standard,5 seats,4 doors,used,45000.0,2026-03,5.0,4.0,1200.0,87000.0,5.0,17400.0,2,astra
opel,corsa,2006.0,gasoline,unknown,manual,4cv,1000,hatchback,good,standard,5 seats,4 doors,used,18000.0,2026-03,5.0,4.0,1000.0,,20.0,,4,corsa
mazda,b2500,2000.0,diesel,unknown,manual,10cv,2500,pickup 4x4,good,standard,5 seats,4 doors,used,35000.0,2026-03,5.0,4.0,2500.0,,26.0,,4,mazda_pickup 4x4
mazda,2,2019.0,gasoline,141000,automatic,6cv,1200,sedan,good,standard,5 seats,4 doors,used,42000.0,2026-03,5.0,4.0,1200.0,141000.0,7.0,20142.85714285714,2,2
mazda,6,2008.0,gasoline,168000,automatic,11cv,2300,sedan,good,standard,5 seats,4 doors,used,22000.0,2026-03,5.0,4.0,2300.0,168000.0,18.0,9333.333333333334,4,6
mazda,cx9,2019.0,gasoline,168000,manual,15cv,2500,suv 4x4,good,standard,7 seats,4 doors,used,80000.0,2026-03,7.0,4.0,2500.0,168000.0,7.0,24000.0,2,cx9
mazda,2,2017.0,gasoline,250000,manual,6cv,1200,sedan,good,standard,5 seats,4 doors,used,33000.0,2026-03,5.0,4.0,1200.0,250000.0,9.0,27777.777777777777,3,2
mazda,2,2019.0,gasoline,190000,manual,6cv,1200,sedan,good,standard,5 seats,4 doors,used,32000.0,2026-03,5.0,4.0,1200.0,190000.0,7.0,27142.85714285714,2,2
mazda,bt50,2010.0,diesel,270000,manual,10cv,2500,pickup 4x4,good,standard,5 seats,4 doors,used,43000.0,2026-03,5.0,4.0,2500.0,270000.0,16.0,16875.0,4,bt50
mazda,3,2015.0,gasoline,146000,manual,6cv,1400,sedan,good,standard,5 seats,4 doors,used,38000.0,2026-03,5.0,4.0,1400.0,146000.0,11.0,13272.727272727272,3,3
mazda,2,2018.0,gasoline,62000,manual,6cv,1200,hatchback,good,standard,5 seats,4 doors,used,41000.0,2026-03,5.0,4.0,1200.0,62000.0,8.0,7750.0,2,2
mazda,6,2018.0,gasoline,145500,automatic,8cv,1600,sedan,good,standard,5 seats,4 doors,used,52000.0,2026-03,5.0,4.0,1600.0,145500.0,8.0,18187.5,2,6
mazda,cx9,2014.0,gasoline,120000,automatic,20cv,2200,suv 4x4,good,standard,7 seats,4 doors,used,45000.0,2026-03,7.0,4.0,2200.0,120000.0,12.0,10000.0,3,cx9
mazda,3,2015.0,gasoline,212000,manual,6cv,1600,hatchback,good,standard,5 seats,4 doors,used,28000.0,2026-03,5.0,4.0,1600.0,212000.0,11.0,19272.727272727272,3,3
mazda,bt50,2013.0,diesel,117000,manual,10cv,3200,pickup 4x4,good,standard,5 seats,4 doors,used,60000.0,2026-03,5.0,4.0,3200.0,117000.0,13.0,9000.0,3,bt50
mazda,3,2014.0,gasoline,392000,manual,6cv,1600,sedan,good,standard,5 seats,4 doors,used,26000.0,2026-03,5.0,4.0,1600.0,392000.0,12.0,32666.666666666668,3,3
mazda,bt50,2019.0,diesel,198000,manual,9cv,2200,pickup 4x4,good,standard,5 seats,4 doors,used,61000.0,2026-03,5.0,4.0,2200.0,198000.0,7.0,28285.714285714286,2,bt50
mazda,2,2017.0,gasoline,85000,manual,6cv,1500,sedan,good,standard,5 seats,4 doors,used,39000.0,2026-03,5.0,4.0,1500.0,85000.0,9.0,9444.444444444443,3,2
mazda,2,2014.0,gasoline,240000,manual,5cv,1200,hatchback,good,standard,5 seats,4 doors,used,24000.0,2026-03,5.0,4.0,1200.0,240000.0,12.0,20000.0,3,2
mazda,bt50,2013.0,diesel,290000,manual,10cv,2500,pickup 4x4,good,standard,5 seats,4 doors,used,42000.0,2026-03,5.0,4.0,2500.0,290000.0,13.0,22307.69230769231,3,bt50
mazda,3,2019.0,gasoline,52000,manual,6cv,1500,sedan,good,standard,5 seats,4 doors,used,65000.0,2026-03,5.0,4.0,1500.0,52000.0,7.0,7428.571428571428,2,3
mazda,e2200,2007.0,diesel,unknown,manual,8cv,2200,mpv,bad,standard,9 seats,4 doors,used,8000.0,2026-03,9.0,4.0,2200.0,,19.0,,4,mazda_mpv
mazda,3,2018.0,gasoline,217000,manual,6cv,1500,hatchback,good,standard,5 seats,4 doors,used,41000.0,2026-03,5.0,4.0,1500.0,217000.0,8.0,27125.0,2,3
mazda,cx5,2012.0,gasoline,186000,manual,9cv,1800,suv 4x4,good,standard,5 seats,4 doors,used,43000.0,2026-03,5.0,4.0,1800.0,186000.0,14.0,13285.714285714286,3,mazda_suv 4x4
mazda,3,2018.0,gasoline,97000,manual,6cv,1500,sedan,good,standard,5 seats,4 doors,used,50000.0,2026-03,5.0,4.0,1500.0,97000.0,8.0,12125.0,2,3
mazda,6,2014.0,gasoline,150000,automatic,9cv,2000,sedan,good,standard,5 seats,4 doors,used,60000.0,2026-03,5.0,4.0,2000.0,150000.0,12.0,12500.0,3,6
mazda,6,2018.0,gasoline,100000,automatic,8cv,2000,sedan,good,standard,5 seats,4 doors,used,65000.0,2026-03,5.0,4.0,2000.0,100000.0,8.0,12500.0,2,6
mazda,cx5,2018.0,gasoline,214000,automatic,9cv,2000,suv 4x4,good,standard,5 seats,4 doors,used,70000.0,2026-03,5.0,4.0,2000.0,214000.0,8.0,26750.0,2,mazda_suv 4x4
mazda,3,2016.0,gasoline,112000,manual,6cv,1500,sedan,good,standard,5 seats,4 doors,used,40000.0,2026-03,5.0,4.0,1500.0,112000.0,10.0,11200.0,3,3
mazda,b2900,2008.0,diesel,466000,manual,12cv,2900,pickup 4x4,good,standard,5 seats,4 doors,used,27000.0,2026-03,5.0,4.0,2900.0,466000.0,18.0,25888.88888888889,4,mazda_pickup 4x4
mazda,2,2017.0,gasoline,90000,manual,6cv,1500,sedan,good,standard,5 seats,4 doors,used,47000.0,2026-03,5.0,4.0,1500.0,90000.0,9.0,10000.0,3,2
mazda,3,2017.0,gasoline,220000,manual,6cv,1500,hatchback,good,standard,5 seats,4 doors,used,45000.0,2026-03,5.0,4.0,1500.0,220000.0,9.0,24444.444444444445,3,3
mazda,2,2017.0,gasoline,237000,manual,6cv,1500,sedan,good,standard,5 seats,4 doors,used,28000.0,2026-03,5.0,4.0,1500.0,237000.0,9.0,26333.33333333333,3,2
mazda,2,2015.0,gasoline,51000,manual,6cv,1500,sedan,good,standard,5 seats,4 doors,used,43000.0,2026-03,5.0,4.0,1500.0,51000.0,11.0,4636.363636363636,3,2
mazda,b2500,2005.0,diesel,620000,manual,10cv,2500,pickup 4x4,good,standard,5 seats,4 doors,used,31000.0,2026-03,5.0,4.0,2500.0,620000.0,21.0,29523.809523809523,4,mazda_pickup 4x4
mazda,cx9,2022.0,gasoline,70000,automatic,10cv,2500,suv 4x4,good,standard,5 seats,4 doors,used,95000.0,2026-03,5.0,4.0,2500.0,70000.0,4.0,17500.0,2,cx9
mazda,b2500,2004.0,diesel,unknown,manual,10cv,2500,pickup 4x4,good,standard,5 seats,4 doors,used,24000.0,2026-03,5.0,4.0,2500.0,,22.0,,4,mazda_pickup 4x4
mazda,e2200,2009.0,diesel,unknown,manual,8cv,2200,mpv,medium,standard,9 seats,4 doors,used,12000.0,2026-03,9.0,4.0,2200.0,,17.0,,4,mazda_mpv
mazda,3,2021.0,gasoline,167000,automatic,7cv,1500,sedan,good,standard,5 seats,4 doors,used,65000.0,2026-03,5.0,4.0,1500.0,167000.0,5.0,33400.0,2,3
mazda,cx9,2013.0,gasoline,211000,automatic,20cv,2500,suv 4x4,good,standard,7 seats,4 doors,used,30000.0,2026-03,7.0,4.0,2500.0,211000.0,13.0,16230.76923076923,3,cx9
mazda,3,2021.0,gasoline,140000,manual,6cv,1500,hatchback,good,standard,5 seats,4 doors,used,60000.0,2026-03,5.0,4.0,1500.0,140000.0,5.0,28000.0,2,3
mazda,bt50,2007.0,diesel,unknown,manual,10cv,2007,pickup 4x4,good,standard,5 seats,4 doors,used,31000.0,2026-03,5.0,4.0,2007.0,,19.0,,4,bt50
mazda,cx3,2017.0,gasoline,74000,automatic,9cv,1600,crossover,good,standard,5 seats,4 doors,used,42000.0,2026-03,5.0,4.0,1600.0,74000.0,9.0,8222.222222222223,3,mazda_crossover
mitsubishi,lancer,2002.0,gasoline,375000,manual,6cv,1500,sedan,good,standard,5 seats,4 doors,used,21000.0,2026-03,5.0,4.0,1500.0,375000.0,24.0,15625.0,4,lancer
mitsubishi,l200,2009.0,diesel,350000,manual,10cv,2500,pickup 4x4,good,standard,5 seats,4 doors,used,47000.0,2026-03,5.0,4.0,2500.0,350000.0,17.0,20588.235294117647,4,l200
mitsubishi,pajero,2001.0,diesel,430000,manual,11cv,2800,suv 4x4,good,standard,5 seats,2 doors,used,50000.0,2026-03,5.0,2.0,2800.0,430000.0,25.0,17200.0,4,pajero
mitsubishi,pajero,2003.0,diesel,280000,manual,10cv,3200,suv 4x4,good,standard,5 seats,4 doors,used,55000.0,2026-03,5.0,4.0,3200.0,280000.0,23.0,12173.91304347826,4,pajero
mitsubishi,attrage,2024.0,gasoline,48000,manual,4cv,1200,sedan,good,standard,5 seats,4 doors,used,38000.0,2026-03,5.0,4.0,1200.0,48000.0,2.0,24000.0,1,mitsubishi_sedan
mitsubishi,l200,2022.0,diesel,82000,automatic,8cv,2400,pickup 4x4,good,standard,5 seats,4 doors,used,112000.0,2026-03,5.0,4.0,2400.0,82000.0,4.0,20500.0,2,l200
mitsubishi,l300,2012.0,diesel,185000,manual,10cv,2500,mpv,good,standard,9 seats,4 doors,used,16500.0,2026-03,9.0,4.0,2500.0,185000.0,14.0,13214.285714285714,3,mitsubishi_mpv
mitsubishi,lancer,2011.0,gasoline,180000,manual,6cv,1800,sedan,good,standard,5 seats,4 doors,used,17000.0,2026-03,5.0,4.0,1800.0,180000.0,15.0,12000.0,3,lancer
mitsubishi,outlander,2015.0,gasoline,51000,automatic,11cv,2000,suv 4x4,good,standard,5 seats,4 doors,used,72000.0,2026-03,5.0,4.0,2000.0,51000.0,11.0,4636.363636363636,3,mitsubishi_suv 4x4
mitsubishi,pajero,1991.0,diesel,200000,manual,10cv,2800,suv 4x4,medium,standard,5 seats,2 doors,used,24000.0,2026-03,5.0,2.0,2800.0,200000.0,35.0,5714.285714285715,4,pajero
mitsubishi,attrage,2021.0,gasoline,70000,manual,4cv,1200,sedan,good,standard,5 seats,4 doors,used,32000.0,2026-03,5.0,4.0,1200.0,70000.0,5.0,14000.0,2,mitsubishi_sedan
mitsubishi,outlander,2020.0,hybrid,77000,automatic,7cv,2400,suv 4x4,good,standard,5 seats,4 doors,used,90000.0,2026-03,5.0,4.0,2400.0,77000.0,6.0,12833.333333333334,2,mitsubishi_suv 4x4
mitsubishi,l300,2012.0,diesel,unknown,manual,10cv,2500,mpv,good,standard,9 seats,4 doors,used,15000.0,2026-03,9.0,4.0,2500.0,,14.0,,3,mitsubishi_mpv
mitsubishi,l200,2002.0,diesel,302000,manual,10cv,2500,pickup 4x4,good,standard,5 seats,4 doors,used,35000.0,2026-03,5.0,4.0,2500.0,302000.0,24.0,12583.333333333334,4,l200
mitsubishi,l200,2023.0,diesel,26000,manual,10cv,2100,pickup 4x4,good,standard,5 seats,4 doors,used,100000.0,2026-03,5.0,4.0,2100.0,26000.0,3.0,8666.666666666666,1,l200
mitsubishi,lancer,2010.0,gasoline,225000,automatic,9cv,1500,sedan,good,standard,5 seats,4 doors,used,23000.0,2026-03,5.0,4.0,1500.0,225000.0,16.0,14062.5,4,lancer
mitsubishi,l200,2013.0,diesel,229500,manual,10cv,2500,pickup 4x4,good,standard,5 seats,4 doors,used,50000.0,2026-03,5.0,4.0,2500.0,229500.0,13.0,17653.846153846152,3,l200
mitsubishi,asx,2016.0,gasoline,126000,automatic,8cv,1600,suv 4x4,good,standard,5 seats,4 doors,used,54000.0,2026-03,5.0,4.0,1600.0,126000.0,10.0,12600.0,3,mitsubishi_suv 4x4
mitsubishi,l200,2015.0,diesel,273000,manual,10cv,2500,pickup 4x2,good,standard,2 seats,4 doors,used,31000.0,2026-03,2.0,4.0,2500.0,273000.0,11.0,24818.18181818182,3,l200
mitsubishi,l200,1993.0,diesel,unknown,manual,10cv,2500,pickup 4x4,good,standard,5 seats,4 doors,used,23000.0,2026-03,5.0,4.0,2500.0,,33.0,,4,l200
mitsubishi,pajero,2004.0,diesel,393000,manual,11cv,3200,suv 4x4,good,standard,5 seats,4 doors,used,45000.0,2026-03,5.0,4.0,3200.0,393000.0,22.0,17863.636363636364,4,pajero
mitsubishi,pajero,2001.0,diesel,unknown,manual,9cv,2500,suv 4x4,good,standard,5 seats,4 doors,used,26000.0,2026-03,5.0,4.0,2500.0,,25.0,,4,pajero
mitsubishi,pajero,2004.0,diesel,unknown,manual,9cv,2500,suv 4x4,good,standard,5 seats,4 doors,used,28000.0,2026-03,5.0,4.0,2500.0,,22.0,,4,pajero
mitsubishi,pajero,1993.0,diesel,unknown,manual,11cv,2500,suv 4x4,medium,standard,5 seats,4 doors,used,28000.0,2026-03,5.0,4.0,2500.0,,33.0,,4,pajero
mitsubishi,l200,2015.0,diesel,287000,manual,10cv,2500,pickup 4x2,good,standard,2 seats,2 doors,used,30000.0,2026-03,2.0,2.0,2500.0,287000.0,11.0,26090.90909090909,3,l200
mitsubishi,l200,2008.0,diesel,270000,automatic,10cv,2500,pickup 4x4,good,standard,5 seats,4 doors,used,58000.0,2026-03,5.0,4.0,2500.0,270000.0,18.0,15000.0,4,l200
mitsubishi,pajero,1996.0,diesel,350000,manual,11cv,2500,suv 4x4,good,standard,5 seats,4 doors,used,36000.0,2026-03,5.0,4.0,2500.0,350000.0,30.0,11666.666666666666,4,pajero
mitsubishi,l200,2013.0,diesel,unknown,manual,10cv,2500,pickup 4x2,good,standard,2 seats,2 doors,used,30000.0,2026-03,2.0,2.0,2500.0,,13.0,,3,l200
mitsubishi,l200,2008.0,diesel,unknown,manual,10cv,2500,pickup 4x2,good,standard,2 seats,2 doors,used,25000.0,2026-03,2.0,2.0,2500.0,,18.0,,4,l200
mitsubishi,l200,2005.0,diesel,unknown,manual,10cv,2500,pickup 4x2,good,standard,2 seats,2 doors,used,23000.0,2026-03,2.0,2.0,2500.0,,21.0,,4,l200
mitsubishi,mirage,2017.0,gasoline,179000,manual,4cv,1000,hatchback,good,standard,5 seats,4 doors,used,25000.0,2026-03,5.0,4.0,1000.0,179000.0,9.0,19888.88888888889,3,mitsubishi_hatchback
mitsubishi,l200,2012.0,diesel,unknown,manual,10cv,2500,pickup 4x2,good,standard,2 seats,2 doors,used,35000.0,2026-03,2.0,2.0,2500.0,,14.0,,3,l200
mitsubishi,pajero,2001.0,diesel,221000,manual,9cv,2500,suv 4x4,good,standard,5 seats,2 doors,used,50000.0,2026-03,5.0,2.0,2500.0,221000.0,25.0,8840.0,4,pajero
suzuki,swift,2018.0,gasoline,210000,manual,5cv,1200,hatchback,good,standard,5 seats,4 doors,used,30000.0,2026-03,5.0,4.0,1200.0,210000.0,8.0,26250.0,2,swift
suzuki,swift,2022.0,gasoline,131000,manual,5cv,1200,hatchback,good,standard,5 seats,4 doors,used,34000.0,2026-03,5.0,4.0,1200.0,131000.0,4.0,32750.0,2,swift
suzuki,dzire,2020.0,gasoline,215000,manual,5cv,1200,sedan,good,standard,5 seats,4 doors,used,32000.0,2026-03,5.0,4.0,1200.0,215000.0,6.0,35833.333333333336,2,suzuki_sedan
suzuki,vitara,2019.0,gasoline,207000,automatic,6cv,1600,suv 4x4,good,standard,5 seats,4 doors,used,48000.0,2026-03,5.0,4.0,1600.0,207000.0,7.0,29571.42857142857,2,vitara
suzuki,celerio,2019.0,gasoline,186000,manual,4cv,1000,hatchback,good,standard,5 seats,4 doors,used,22000.0,2026-03,5.0,4.0,1000.0,186000.0,7.0,26571.42857142857,2,celerio
suzuki,ciaz,2018.0,gasoline,262000,manual,5cv,1400,sedan,good,standard,5 seats,4 doors,used,25500.0,2026-03,5.0,4.0,1400.0,262000.0,8.0,32750.0,2,ciaz
suzuki,dzire,2023.0,gasoline,130000,manual,5cv,1200,sedan,good,standard,5 seats,4 doors,used,35000.0,2026-03,5.0,4.0,1200.0,130000.0,3.0,43333.333333333336,1,suzuki_sedan
suzuki,celerio,2020.0,gasoline,45000,manual,4cv,1000,hatchback,good,standard,5 seats,4 doors,used,28000.0,2026-03,5.0,4.0,1000.0,45000.0,6.0,7500.0,2,celerio
suzuki,celerio,2023.0,gasoline,54000,manual,4cv,1000,hatchback,good,standard,5 seats,4 doors,used,36000.0,2026-03,5.0,4.0,1000.0,54000.0,3.0,18000.0,1,celerio
suzuki,s presso,2020.0,gasoline,56700,manual,4cv,1000,hatchback,good,standard,5 seats,4 doors,used,30000.0,2026-03,5.0,4.0,1000.0,56700.0,6.0,9450.0,2,suzuki_hatchback
suzuki,dzire,2021.0,gasoline,60000,manual,5cv,1200,sedan,good,standard,5 seats,4 doors,used,38000.0,2026-03,5.0,4.0,1200.0,60000.0,5.0,12000.0,2,suzuki_sedan
suzuki,vitara,1999.0,gasoline,267000,manual,11cv,2000,suv 4x4,good,standard,5 seats,4 doors,used,26000.0,2026-03,5.0,4.0,2000.0,267000.0,27.0,9888.888888888889,4,vitara
suzuki,s presso,2022.0,gasoline,63000,manual,4cv,1000,hatchback,good,standard,5 seats,4 doors,used,27000.0,2026-03,5.0,4.0,1000.0,63000.0,4.0,15750.0,2,suzuki_hatchback
suzuki,celerio,2017.0,gasoline,154000,manual,4cv,1000,hatchback,good,standard,5 seats,4 doors,used,24000.0,2026-03,5.0,4.0,1000.0,154000.0,9.0,17111.11111111111,3,celerio
suzuki,ciaz,2020.0,gasoline,72000,automatic,6cv,1500,sedan,good,standard,5 seats,4 doors,used,50000.0,2026-03,5.0,4.0,1500.0,72000.0,6.0,12000.0,2,ciaz
suzuki,swift,2021.0,gasoline,250000,manual,5cv,1200,hatchback,good,standard,5 seats,4 doors,used,27000.0,2026-03,5.0,4.0,1200.0,250000.0,5.0,50000.0,2,swift
suzuki,swift,2019.0,gasoline,159000,manual,4cv,1000,hatchback,good,standard,5 seats,4 doors,used,25000.0,2026-03,5.0,4.0,1000.0,159000.0,7.0,22714.28571428572,2,swift
suzuki,swift,2022.0,gasoline,95000,automatic,5cv,1200,hatchback,good,standard,5 seats,4 doors,used,39000.0,2026-03,5.0,4.0,1200.0,95000.0,4.0,23750.0,2,swift
suzuki,fronx,2024.0,gasoline,18000,manual,6cv,1500,crossover,good,standard,5 seats,4 doors,used,70000.0,2026-03,5.0,4.0,1500.0,18000.0,2.0,9000.0,1,suzuki_crossover
suzuki,ciaz,2017.0,gasoline,128000,manual,5cv,1400,sedan,good,standard,5 seats,4 doors,used,33000.0,2026-03,5.0,4.0,1400.0,128000.0,9.0,14222.222222222224,3,ciaz
suzuki,vitara,2013.0,gasoline,90500,manual,14cv,2400,suv 4x4,good,standard,5 seats,4 doors,used,35000.0,2026-03,5.0,4.0,2400.0,90500.0,13.0,6961.538461538462,3,vitara
suzuki,baleno,2018.0,gasoline,89000,manual,5cv,1200,hatchback,good,standard,5 seats,4 doors,used,36000.0,2026-03,5.0,4.0,1200.0,89000.0,8.0,11125.0,2,suzuki_hatchback
suzuki,jimny,2025.0,gasoline,7000,manual,6cv,1500,suv 4x4,good,standard,5 seats,4 doors,used,100000.0,2026-03,5.0,4.0,1500.0,7000.0,1.0,7000.0,1,jimny
suzuki,swift,2023.0,gasoline,55000,manual,5cv,1200,hatchback,good,standard,5 seats,4 doors,used,46000.0,2026-03,5.0,4.0,1200.0,55000.0,3.0,18333.33333333333,1,swift
suzuki,vitara,1994.0,gasoline,unknown,manual,9cv,25000,suv 4x4,medium,standard,5 seats,4 doors,used,26000.0,2026-03,5.0,4.0,,,32.0,,4,vitara
suzuki,jimny,2023.0,gasoline,67300,manual,6cv,1500,suv 4x4,good,standard,5 seats,2 doors,used,83000.0,2026-03,5.0,2.0,1500.0,67300.0,3.0,22433.33333333333,1,jimny
lada,niva,2018.0,gasoline,unknown,manual,7cv,1500,suv 4x4,good,standard,5 seats,4 doors,used,20000.0,2026-03,5.0,4.0,1500.0,,8.0,,2,lada_suv 4x4
suzuki,vitara,2017.0,gasoline,223000,automatic,6cv,1600,suv 4x4,good,standard,5 seats,4 doors,used,50000.0,2026-03,5.0,4.0,1600.0,223000.0,9.0,24777.777777777777,3,vitara
suzuki,jimny,2000.0,gasoline,unknown,manual,6cv,1500,suv 4x4,good,standard,5 seats,2 doors,used,32000.0,2026-03,5.0,2.0,1500.0,,26.0,,4,jimny
suzuki,jimny,2023.0,gasoline,31600,automatic,6cv,1500,suv 4x4,good,standard,5 seats,2 doors,used,91000.0,2026-03,5.0,2.0,1500.0,31600.0,3.0,10533.333333333334,1,jimny
suzuki,jimny,2020.0,gasoline,95000,automatic,6cv,1500,suv 4x4,good,standard,5 seats,2 doors,used,62000.0,2026-03,5.0,2.0,1500.0,95000.0,6.0,15833.333333333334,2,jimny
chevrolet,aveo,2011.0,gasoline,300000,manual,5cv,1200,sedan,good,standard,5 seats,4 doors,used,24000.0,2026-03,5.0,4.0,1200.0,300000.0,15.0,20000.0,3,aveo
chevrolet,optra,2008.0,gasoline,311000,manual,6cv,1600,sedan,medium,standard,5 seats,4 doors,used,16000.0,2026-03,5.0,4.0,1600.0,311000.0,18.0,17277.777777777777,4,chevrolet_sedan
chevrolet,sonic,2022.0,gasoline,182000,manual,5cv,1200,sedan,good,standard,5 seats,4 doors,used,35000.0,2026-03,5.0,4.0,1200.0,182000.0,4.0,45500.0,2,sonic
chevrolet,groove,2022.0,gasoline,55000,automatic,6cv,1500,suv 4x4,good,standard,5 seats,4 doors,used,60000.0,2026-03,5.0,4.0,1500.0,55000.0,4.0,13750.0,2,chevrolet_suv 4x4
chevrolet,sonic,2022.0,gasoline,48000,manual,5cv,1200,sedan,good,standard,5 seats,4 doors,used,34000.0,2026-03,5.0,4.0,1200.0,48000.0,4.0,12000.0,2,sonic
chevrolet,sonic,2018.0,gasoline,230000,manual,5cv,1200,sedan,good,standard,5 seats,4 doors,used,26000.0,2026-03,5.0,4.0,1200.0,230000.0,8.0,28750.0,2,sonic
chevrolet,aveo,2011.0,gasoline,299000,manual,5cv,1200,sedan,good,standard,5 seats,4 doors,used,19000.0,2026-03,5.0,4.0,1200.0,299000.0,15.0,19933.33333333333,3,aveo
chevrolet,spark,2020.0,gasoline,185000,manual,5cv,1200,hatchback,good,standard,5 seats,4 doors,used,35000.0,2026-03,5.0,4.0,1200.0,185000.0,6.0,30833.33333333333,2,chevrolet_hatchback
chevrolet,aveo,2008.0,gasoline,200000,manual,6cv,1400,hatchback,medium,standard,5 seats,4 doors,used,16000.0,2026-03,5.0,4.0,1400.0,200000.0,18.0,11111.111111111111,4,aveo
chevrolet,spark,2012.0,gasoline,155000,manual,5cv,1200,hatchback,good,standard,5 seats,4 doors,used,22000.0,2026-03,5.0,4.0,1200.0,155000.0,14.0,11071.42857142857,3,chevrolet_hatchback
chevrolet,aveo,2015.0,gasoline,200000,manual,5cv,1200,sedan,good,standard,5 seats,4 doors,used,20000.0,2026-03,5.0,4.0,1200.0,200000.0,11.0,18181.81818181818,3,aveo
chevrolet,sonic,2017.0,gasoline,180000,manual,5cv,1200,sedan,good,standard,5 seats,4 doors,used,26500.0,2026-03,5.0,4.0,1200.0,180000.0,9.0,20000.0,3,sonic
chevrolet,cruze,2018.0,gasoline,170000,manual,7cv,1600,sedan,good,standard,5 seats,4 doors,used,38000.0,2026-03,5.0,4.0,1600.0,170000.0,8.0,21250.0,2,chevrolet_sedan
chevrolet,sonic,2022.0,gasoline,90000,automatic,6cv,1400,sedan,good,standard,5 seats,4 doors,used,37000.0,2026-03,5.0,4.0,1400.0,90000.0,4.0,22500.0,2,sonic
chevrolet,impala,2012.0,gasoline,122000,automatic,16cv,3500,sedan,good,standard,5 seats,4 doors,used,45000.0,2026-03,5.0,4.0,3500.0,122000.0,14.0,8714.285714285714,3,chevrolet_sedan
chevrolet,camaro,2012.0,gasoline,66000,automatic,41cv,6200,coupe,good,ss,5 seats,4 doors,used,100000.0,2026-03,5.0,4.0,6200.0,66000.0,14.0,4714.285714285715,3,chevrolet_coupe
chevrolet,cruze,2012.0,gasoline,71000,manual,7cv,1600,hatchback,good,standard,5 seats,4 doors,used,30000.0,2026-03,5.0,4.0,1600.0,71000.0,14.0,5071.428571428572,3,chevrolet_hatchback
chevrolet,groove,2022.0,gasoline,58000,automatic,6cv,1500,suv 4x4,good,standard,5 seats,4 doors,used,61000.0,2026-03,5.0,4.0,1500.0,58000.0,4.0,14500.0,2,chevrolet_suv 4x4
chevrolet,captiva,2009.0,gasoline,unknown,automatic,8cv,2000,suv 4x4,good,standard,5 seats,4 doors,used,43000.0,2026-03,5.0,4.0,2000.0,,17.0,,4,captiva
chevrolet,captiva,2009.0,gasoline,241000,automatic,10cv,2200,suv 4x4,medium,standard,5 seats,4 doors,used,28000.0,2026-03,5.0,4.0,2200.0,241000.0,17.0,14176.470588235294,4,captiva
chevrolet,captiva,2008.0,gasoline,unknown,automatic,8cv,2000,suv 4x4,medium,standard,5 seats,4 doors,used,26000.0,2026-03,5.0,4.0,2000.0,,18.0,,4,captiva
chevrolet,camaro,2015.0,gasoline,200000,automatic,21cv,3600,coupe,good,standard,5 seats,4 doors,used,96000.0,2026-03,5.0,4.0,3600.0,200000.0,11.0,18181.81818181818,3,chevrolet_coupe
chevrolet,cruze,2005.0,gasoline,unknown,manual,7cv,1600,hatchback,medium,standard,5 seats,4 doors,used,15000.0,2026-03,5.0,4.0,1600.0,,21.0,,4,chevrolet_hatchback
gwm,poer mt,2021.0,diesel,60500,manual,11cv,2000,pickup 4x4,good,standard,5 seats,4 doors,used,80000.0,2026-03,5.0,4.0,2000.0,60500.0,5.0,12100.0,2,gwm_pickup 4x4
gwm,haval h6,2017.0,gasoline,209000,automatic,9cv,1500,suv 4x4,good,standard,5 seats,4 doors,used,45000.0,2026-03,5.0,4.0,1500.0,209000.0,9.0,23222.222222222223,3,haval h6
gwm,haval h2,2018.0,gasoline,98000,automatic,7cv,1600,suv 4x2,good,standard,5 seats,4 doors,used,50000.0,2026-03,5.0,4.0,1600.0,98000.0,8.0,12250.0,2,gwm_suv 4x2
gwm,haval h6,2022.0,gasoline,28000,automatic,8cv,1500,suv 4x4,good,standard,5 seats,4 doors,used,101000.0,2026-03,5.0,4.0,1500.0,28000.0,4.0,7000.0,2,haval h6
gwm,haval jolion,2022.0,gasoline,36000,automatic,9cv,1500,suv 4x4,good,standard,5 seats,4 doors,used,77000.0,2026-03,5.0,4.0,1500.0,36000.0,4.0,9000.0,2,haval jolion
gwm,haval h6,2020.0,gasoline,117000,automatic,9cv,1500,suv 4x4,good,standard,5 seats,4 doors,used,70000.0,2026-03,5.0,4.0,1500.0,117000.0,6.0,19500.0,2,haval h6
gwm,haval h6,2022.0,gasoline,90000,automatic,8cv,1500,suv 4x4,good,standard,5 seats,4 doors,used,87000.0,2026-03,5.0,4.0,1500.0,90000.0,4.0,22500.0,2,haval h6
gwm,haval h6,2022.0,gasoline,134000,automatic,8cv,1500,suv 4x4,good,standard,5 seats,4 doors,used,75000.0,2026-03,5.0,4.0,1500.0,134000.0,4.0,33500.0,2,haval h6
chery,tiggo 3x,2026.0,gasoline,0,automatic,6cv,1000,crossover,good,standard,5 seats,4 doors,used,67000.0,2026-03,5.0,4.0,1000.0,0.0,0.0,,1,tiggo 3x
chery,arrizo 5,2020.0,gasoline,165000,manual,7cv,1500,sedan,good,standard,5 seats,4 doors,used,36000.0,2026-03,5.0,4.0,1500.0,165000.0,6.0,27500.0,2,chery_sedan
chery,tiggo 7,2022.0,gasoline,39000,automatic,9cv,1500,suv 4x2,good,standard,5 seats,4 doors,used,70000.0,2026-03,5.0,4.0,1500.0,39000.0,4.0,9750.0,2,chery_suv 4x2
chery,tiggo 7,2022.0,gasoline,51000,automatic,9cv,1500,suv 4x4,good,standard,5 seats,4 doors,used,85000.0,2026-03,5.0,4.0,1500.0,51000.0,4.0,12750.0,2,chery_suv 4x4
chery,qq,2021.0,gasoline,65000,manual,4cv,1000,hatchback,good,standard,5 seats,4 doors,used,24000.0,2026-03,5.0,4.0,1000.0,65000.0,5.0,13000.0,2,chery_hatchback
chery,e3,2018.0,gasoline,170000,manual,5cv,1400,sedan,good,standard,5 seats,4 doors,used,24000.0,2026-03,5.0,4.0,1400.0,170000.0,8.0,21250.0,2,chery_sedan
chery,tiggo 3x,2022.0,gasoline,50000,automatic,6cv,1000,crossover,good,standard,5 seats,4 doors,used,52000.0,2026-03,5.0,4.0,1000.0,50000.0,4.0,12500.0,2,tiggo 3x
chery,qq,2017.0,gasoline,29000,manual,4cv,1000,hatchback,good,standard,5 seats,4 doors,used,22000.0,2026-03,5.0,4.0,1000.0,29000.0,9.0,3222.222222222222,3,chery_hatchback
chery,tiggo 2,2020.0,gasoline,151000,manual,6cv,1500,crossover,good,standard,5 seats,4 doors,used,31000.0,2026-03,5.0,4.0,1500.0,151000.0,6.0,25166.666666666668,2,tiggo 2
chery,tiggo 8,2022.0,gasoline,130000,automatic,9cv,1500,suv 4x4,good,standard,5 seats,4 doors,used,70000.0,2026-03,5.0,4.0,1500.0,130000.0,4.0,32500.0,2,chery_suv 4x4
chery,tiggo 3x,2023.0,gasoline,43000,automatic,8cv,1600,crossover,good,standard,5 seats,4 doors,used,43000.0,2026-03,5.0,4.0,1600.0,43000.0,3.0,14333.333333333334,1,tiggo 3x
tata,xenon,2018.0,diesel,190000,manual,7cv,2200,pickup 4x2,good,standard,5 seats,4 doors,used,18000.0,2026-03,5.0,4.0,2200.0,190000.0,8.0,23750.0,2,xenon
tata,xenon,2018.0,diesel,80000,manual,7cv,2200,pickup 4x2,good,standard,2 seats,2 doors,used,24000.0,2026-03,2.0,2.0,2200.0,80000.0,8.0,10000.0,2,xenon
tata,xenon,2016.0,diesel,212000,manual,7cv,2200,pickup 4x4,good,standard,2 seats,2 doors,used,28000.0,2026-03,2.0,2.0,2200.0,212000.0,10.0,21200.0,3,xenon
tata,xenon,2021.0,diesel,140000,manual,7cv,2200,pickup 4x4,good,standard,5 seats,4 doors,used,37000.0,2026-03,5.0,4.0,2200.0,140000.0,5.0,28000.0,2,xenon
tata,super ace,2023.0,diesel,30000,manual,5cv,1400,pickup 4x2,good,standard,2 seats,2 doors,used,34000.0,2026-03,2.0,2.0,1400.0,30000.0,3.0,10000.0,1,tata_pickup 4x2
tata,super ace,2020.0,diesel,113000,manual,5cv,1400,pickup 4x2,good,standard,2 seats,2 doors,used,20000.0,2026-03,2.0,2.0,1400.0,113000.0,6.0,18833.33333333333,2,tata_pickup 4x2
ssangyong,actyon,2018.0,diesel,180000,manual,7cv,2500,pickup 4x2,good,standard,5 seats,4 doors,used,37000.0,2026-03,5.0,4.0,2500.0,180000.0,8.0,22500.0,2,actyon
ssangyong,korando,2013.0,diesel,250000,automatic,10cv,2000,suv 4x4,medium,standard,5 seats,4 doors,used,27000.0,2026-03,5.0,4.0,2000.0,250000.0,13.0,19230.76923076923,3,ssangyong_suv 4x4
ssangyong,actyon,2012.0,diesel,199000,manual,9cv,2000,pickup 4x2,medium,standard,5 seats,4 doors,used,26000.0,2026-03,5.0,4.0,2000.0,199000.0,14.0,14214.285714285714,3,actyon
ssangyong,tivoli,2021.0,gasoline,112000,manual,6cv,1200,crossover,good,standard,5 seats,4 doors,used,50000.0,2026-03,5.0,4.0,1200.0,112000.0,5.0,22400.0,2,tivoli
ssangyong,tivoli xlv,2018.0,gasoline,170000,manual,7cv,1600,mpv,good,standard,5 seats,4 doors,used,50000.0,2026-03,5.0,4.0,1600.0,170000.0,8.0,21250.0,2,ssangyong_mpv
ssangyong,tivoli,2015.0,gasoline,95000,manual,7cv,1600,crossover,good,standard,5 seats,4 doors,used,42000.0,2026-03,5.0,4.0,1600.0,95000.0,11.0,8636.363636363636,3,tivoli
ssangyong,kyron,2013.0,diesel,170000,manual,10cv,2000,suv 4x4,good,standard,5 seats,4 doors,used,27000.0,2026-03,5.0,4.0,2000.0,170000.0,13.0,13076.923076923076,3,ssangyong_suv 4x4
ssangyong,actyon,2013.0,diesel,300000,manual,7cv,2000,pickup 4x4,good,standard,5 seats,4 doors,used,35000.0,2026-03,5.0,4.0,2000.0,300000.0,13.0,23076.92307692308,3,actyon
ssangyong,tivoli,2021.0,gasoline,85000,manual,6cv,1200,suv 4x4,good,standard,5 seats,4 doors,used,57000.0,2026-03,5.0,4.0,1200.0,85000.0,5.0,17000.0,2,tivoli
mahindra,kuv 100,2020.0,gasoline,69000,manual,5cv,1200,crossover,good,standard,5 seats,4 doors,used,27000.0,2026-03,5.0,4.0,1200.0,69000.0,6.0,11500.0,2,kuv 100
mahindra,kuv 100,2019.0,gasoline,115000,manual,5cv,1200,crossover,medium,standard,5 seats,4 doors,used,21000.0,2026-03,5.0,4.0,1200.0,115000.0,7.0,16428.571428571428,2,kuv 100
mahindra,kuv 100,2019.0,gasoline,65000,manual,5cv,1200,crossover,good,standard,5 seats,4 doors,used,28000.0,2026-03,5.0,4.0,1200.0,65000.0,7.0,9285.714285714286,2,kuv 100
land rover,discovery sport,2018.0,diesel,205000,automatic,15cv,2000,suv 4x4,good,standard,5 seats,4 doors,used,120000.0,2026-03,5.0,4.0,2000.0,205000.0,8.0,25625.0,2,discovery sport
land rover,discovery,1997.0,diesel,unknown,manual,12cv,2500,suv 4x4,good,standard,5 seats,4 doors,used,50000.0,2026-03,5.0,4.0,2500.0,,29.0,,4,discovery
land rover,range rover evoque,2022.0,hybrid,45000,automatic,11cv,1500,suv 4x4,good,standard,5 seats,4 doors,used,180000.0,2026-03,5.0,4.0,1500.0,45000.0,4.0,11250.0,2,range rover evoque
land rover,velar,2018.0,diesel,120000,automatic,14cv,2000,suv 4x4,good,standard,5 seats,4 doors,used,160000.0,2026-03,5.0,4.0,2000.0,120000.0,8.0,15000.0,2,velar
land rover,range rover evoque,2013.0,diesel,156000,automatic,9cv,2200,suv 4x4,good,standard,5 seats,4 doors,used,80000.0,2026-03,5.0,4.0,2200.0,156000.0,13.0,12000.0,3,range rover evoque
land rover,discovery sport,2015.0,diesel,132000,automatic,11cv,2200,suv 4x4,good,standard,5 seats,4 doors,used,100000.0,2026-03,5.0,4.0,2200.0,132000.0,11.0,12000.0,3,discovery sport
land rover,freelander,2015.0,gasoline,200000,automatic,16cv,3000,suv 4x4,good,standard,5 seats,4 doors,used,70000.0,2026-03,5.0,4.0,3000.0,200000.0,11.0,18181.81818181818,3,freelander
land rover,range rover sport,2022.0,hybrid,39800,automatic,25cv,3000,suv 4x4,good,standard,5 seats,4 doors,used,217000.0,2026-03,5.0,4.0,3000.0,39800.0,4.0,9950.0,2,range rover sport
land rover,range rover sport,2020.0,gasoline,190000,automatic,24cv,3000,suv 4x4,good,standard,5 seats,4 doors,used,140000.0,2026-03,5.0,4.0,3000.0,190000.0,6.0,31666.666666666668,2,range rover sport
land rover,109,1984.0,diesel,unknown,manual,unknown,unknown,suv 4x4,good,standard,5 seats,4 doors,used,35000.0,2026-03,5.0,4.0,,,42.0,,4,land rover_suv 4x4
land rover,defender 90,1994.0,diesel,unknown,manual,unknown,unknown,suv 4x4,good,standard,5 seats,2 doors,used,57000.0,2026-03,5.0,2.0,,,32.0,,4,land rover_suv 4x4
land rover,range rover,2000.0,diesel,unknown,manual,20cv,3000,suv 4x4,good,standard,5 seats,4 doors,used,40000.0,2026-03,5.0,4.0,3000.0,,26.0,,4,land rover_suv 4x4
land rover,range rover evoque,2014.0,gasoline,unknown,automatic,15cv,2200,suv 4x4,good,standard,5 seats,4 doors,used,60000.0,2026-03,5.0,4.0,2200.0,,12.0,,3,range rover evoque
land rover,range rover sport autobiography,2012.0,diesel,180000,automatic,16cv,3000,suv 4x4,good,standard,5 seats,4 doors,used,85000.0,2026-03,5.0,4.0,3000.0,180000.0,14.0,12857.142857142857,3,land rover_suv 4x4
land rover,freelander,2013.0,gasoline,unknown,automatic,15cv,2200,suv 4x4,good,standard,5 seats,4 doors,used,55000.0,2026-03,5.0,4.0,2200.0,,13.0,,3,freelander
land rover,freelander,2002.0,gasoline,unknown,automatic,9cv,2000,suv 4x4,good,standard,5 seats,4 doors,used,25000.0,2026-03,5.0,4.0,2000.0,,24.0,,4,freelander
land rover,range rover sport,2017.0,gasoline,133000,automatic,20cv,3000,suv 4x4,good,standard,5 seats,4 doors,used,170000.0,2026-03,5.0,4.0,3000.0,133000.0,9.0,14777.777777777776,3,range rover sport
land rover,discovery,2002.0,diesel,346000,automatic,10cv,3000,suv 4x4,good,standard,5 seats,4 doors,used,40000.0,2026-03,5.0,4.0,3000.0,346000.0,24.0,14416.666666666666,4,discovery
land rover,range rover sport,2009.0,diesel,320000,automatic,13cv,2500,suv 4x4,good,standard,5 seats,4 doors,used,45000.0,2026-03,5.0,4.0,2500.0,320000.0,17.0,18823.529411764703,4,range rover sport
porsche,cayenne,2016.0,diesel,134000,automatic,16cv,3000,suv 4x4,good,standard,5 seats,4 doors,used,190000.0,2026-03,5.0,4.0,3000.0,134000.0,10.0,13400.0,3,cayenne
porsche,cayenne,2012.0,gasoline,236000,automatic,21cv,3600,suv 4x4,good,standard,5 seats,4 doors,used,115000.0,2026-03,5.0,4.0,3600.0,236000.0,14.0,16857.14285714286,3,cayenne
porsche,cayenne,2009.0,gasoline,312000,automatic,33cv,4800,suv 4x4,good,standard,5 seats,4 doors,used,55000.0,2026-03,5.0,4.0,4800.0,312000.0,17.0,18352.941176470587,4,cayenne
porsche,panamera,2012.0,gasoline,190000,automatic,30cv,4800,sedan,good,standard,5 seats,4 doors,used,150000.0,2026-03,5.0,4.0,4800.0,190000.0,14.0,13571.42857142857,3,panamera
porsche,taycan,2022.0,electric,40000,automatic,12cv,unknown,sedan,good,standard,5 seats,4 doors,used,350000.0,2026-03,5.0,4.0,,40000.0,4.0,10000.0,2,porsche_sedan
porsche,cayenne,2012.0,diesel,250000,automatic,16cv,3000,suv 4x4,good,standard,5 seats,4 doors,used,105000.0,2026-03,5.0,4.0,3000.0,250000.0,14.0,17857.14285714286,3,cayenne
porsche,cayenne,2007.0,gasoline,230000,automatic,21cv,3600,suv 4x4,good,standard,5 seats,4 doors,used,52000.0,2026-03,5.0,4.0,3600.0,230000.0,19.0,12105.263157894737,4,cayenne
porsche,cayenne,2008.0,gasoline,131000,automatic,31cv,4800,suv 4x4,good,standard,5 seats,4 doors,used,80000.0,2026-03,5.0,4.0,4800.0,131000.0,18.0,7277.777777777777,4,cayenne
porsche,panamera,2011.0,gasoline,156000,automatic,20cv,3600,sedan,good,standard,5 seats,4 doors,used,100000.0,2026-03,5.0,4.0,3600.0,156000.0,15.0,10400.0,3,panamera
porsche,macan,2015.0,gasoline,141000,automatic,20cv,3600,suv 4x4,good,standard,5 seats,4 doors,used,160000.0,2026-03,5.0,4.0,3600.0,141000.0,11.0,12818.181818181818,3,macan
porsche,cayenne,2018.0,gasoline,88000,automatic,33cv,2900,suv 4x4,good,standard,5 seats,4 doors,used,240000.0,2026-03,5.0,4.0,2900.0,88000.0,8.0,11000.0,2,cayenne
porsche,cayenne,2004.0,gasoline,220000,automatic,19cv,3600,suv 4x4,medium,standard,5 seats,4 doors,used,38000.0,2026-03,5.0,4.0,3600.0,220000.0,22.0,10000.0,4,cayenne
porsche,macan,2015.0,diesel,189000,automatic,20cv,3000,suv 4x4,good,standard,5 seats,4 doors,used,140000.0,2026-03,5.0,4.0,3000.0,189000.0,11.0,17181.81818181818,3,macan
jeep,compass,2011.0,diesel,256000,manual,10cv,2200,suv 4x4,good,standard,5 seats,4 doors,used,50000.0,2026-03,5.0,4.0,2200.0,256000.0,15.0,17066.666666666668,3,compass
jeep,compass,2020.0,diesel,73000,manual,8cv,1600,suv 4x4,good,standard,5 seats,4 doors,used,98000.0,2026-03,5.0,4.0,1600.0,73000.0,6.0,12166.666666666666,2,compass
jeep,grand cherokee,2017.0,gasoline,74000,automatic,19cv,3600,suv 4x4,good,standard,5 seats,4 doors,used,90000.0,2026-03,5.0,4.0,3600.0,74000.0,9.0,8222.222222222223,3,grand cherokee
jeep,compass,2021.0,gasoline,45000,manual,8cv,1400,suv 4x4,good,standard,5 seats,4 doors,used,83000.0,2026-03,5.0,4.0,1400.0,45000.0,5.0,9000.0,2,compass
jeep,grand cherokee,2006.0,diesel,199000,automatic,15cv,3000,suv 4x4,good,standard,5 seats,4 doors,used,50000.0,2026-03,5.0,4.0,3000.0,199000.0,20.0,9950.0,4,grand cherokee
jeep,cherokee,2001.0,gasoline,unknown,automatic,20cv,4000,suv 4x4,good,standard,5 seats,4 doors,used,34000.0,2026-03,5.0,4.0,4000.0,,25.0,,4,jeep_suv 4x4
jeep,compass,2022.0,gasoline,55000,manual,8cv,1400,suv 4x4,good,standard,5 seats,4 doors,used,87000.0,2026-03,5.0,4.0,1400.0,55000.0,4.0,13750.0,2,compass
jeep,renegade,2021.0,gasoline,90000,automatic,8cv,1400,suv 4x2,good,standard,5 seats,4 doors,used,85000.0,2026-03,5.0,4.0,1400.0,90000.0,5.0,18000.0,2,renegade
jeep,renegade,2022.0,hybrid,58000,automatic,7cv,1300,suv 4x4,good,standard,5 seats,4 doors,used,70000.0,2026-03,5.0,4.0,1300.0,58000.0,4.0,14500.0,2,renegade
jeep,renegade,2016.0,diesel,178000,automatic,8cv,1400,suv 4x2,good,standard,5 seats,4 doors,used,48000.0,2026-03,5.0,4.0,1400.0,178000.0,10.0,17800.0,3,renegade
jeep,cherokee,2006.0,gasoline,273000,manual,16cv,2800,suv 4x4,good,standard,5 seats,4 doors,used,38000.0,2026-03,5.0,4.0,2800.0,273000.0,20.0,13650.0,4,jeep_suv 4x4
jeep,wrangler,2016.0,gasoline,112000,automatic,20cv,3600,suv 4x4,good,standard,5 seats,4 doors,used,160000.0,2026-03,5.0,4.0,3600.0,112000.0,10.0,11200.0,3,jeep_suv 4x4
jeep,wrangler,2024.0,gasoline,40000,automatic,20cv,3600,suv 4x4,good,standard,5 seats,4 doors,used,240000.0,2026-03,5.0,4.0,3600.0,40000.0,2.0,20000.0,1,jeep_suv 4x4
isuzu,dmax,2021.0,diesel,124000,automatic,8cv,1900,pickup 4x4,good,khalijia,5 seats,4 doors,used,128000.0,2026-03,5.0,4.0,1900.0,124000.0,5.0,24800.0,2,dmax
isuzu,dmax,2021.0,diesel,100000,manual,8cv,2500,pickup 4x2,good,karwia,2 seats,2 doors,used,60000.0,2026-03,2.0,2.0,2500.0,100000.0,5.0,20000.0,2,dmax
isuzu,dmax,2020.0,diesel,324000,manual,8cv,2500,pickup 4x2,good,karwia,5 seats,4 doors,used,60000.0,2026-03,5.0,4.0,2500.0,324000.0,6.0,54000.0,2,dmax
isuzu,pick up,1999.0,diesel,unknown,manual,10cv,2500,pickup 4x2,good,standard,2 seats,2 doors,used,33000.0,2026-03,2.0,2.0,2500.0,,27.0,,4,pick up
isuzu,dmax,2024.0,diesel,13800,manual,8cv,1900,pickup 4x4,good,khalijia,2 seats,2 doors,used,115000.0,2026-03,2.0,2.0,1900.0,13800.0,2.0,6900.0,1,dmax
isuzu,pick up,2001.0,diesel,unknown,manual,10cv,2500,pickup 4x2,good,standard,2seats,2 doors,used,37000.0,2026-03,2.0,2.0,2500.0,,25.0,,4,pick up
isuzu,dmax,2022.0,diesel,79000,automatic,9cv,1900,pickup 4x4,good,european,5 seats,4 doors,used,148000.0,2026-03,5.0,4.0,1900.0,79000.0,4.0,19750.0,2,dmax
isuzu,pick up,2004.0,diesel,unknown,manual,10cv,2500,pickup 4x2,good,standard,5 seats,4 doors,used,40000.0,2026-03,5.0,4.0,2500.0,,22.0,,4,pick up
isuzu,pick up,1992.0,diesel,unknown,manual,9cv,2300,pickup 4x2,bad,standard,5 seats,4 doors,used,18000.0,2026-03,5.0,4.0,2300.0,,34.0,,4,pick up
isuzu,dmax,2022.0,diesel,123000,manual,10cv,2500,pickup 4x2,good,karwia,2 seats,2 doors,used,61000.0,2026-03,2.0,2.0,2500.0,123000.0,4.0,30750.0,2,dmax
isuzu,dmax,2004.0,diesel,unknown,manual,12cv,3000,pickup 4x2,good,khalijia,2 seats,2 doors,used,40000.0,2026-03,2.0,2.0,3000.0,,22.0,,4,dmax
isuzu,kb26,1980.0,diesel,unknown,manual,8cv,unknown,pickup 4x2,medium,standard,2 seats,2 doors,used,5000.0,2026-03,2.0,2.0,,,46.0,,4,isuzu_pickup 4x2
isuzu,dmax,2023.0,diesel,114000,manual,8cv,2500,pickup 4x2,good,karwia,5 seats,4 doors,used,70000.0,2026-03,5.0,4.0,2500.0,114000.0,3.0,38000.0,1,dmax
isuzu,pick up,1998.0,diesel,unknown,manual,10cv,2500,pickup 4x2,good,standard,2 seats,2 doors,used,28000.0,2026-03,2.0,2.0,2500.0,,28.0,,4,pick up
isuzu,pick up,1993.0,diesel,unknown,manual,9cv,2300,pickup 4x2,good,standard,2 seats,2 doors,used,16000.0,2026-03,2.0,2.0,2300.0,,33.0,,4,pick up
isuzu,dmax,2024.0,diesel,2500,manual,10cv,2500,pickup 4x2,good,khalijia,2 seats,2 doors,used,108000.0,2026-03,2.0,2.0,2500.0,2500.0,2.0,1250.0,1,dmax
isuzu,pick up,1992.0,diesel,unknown,manual,9cv,2300,pickup 4x2,good,standard,5 seats,4 doors,used,21000.0,2026-03,5.0,4.0,2300.0,,34.0,,4,pick up
isuzu,dmax,2013.0,diesel,158000,manual,8cv,2500,pickup 4x4,good,khalijia,2 seats,2 doors,used,83000.0,2026-03,2.0,2.0,2500.0,158000.0,13.0,12153.846153846154,3,dmax
isuzu,dmax,2016.0,diesel,185000,automatic,10cv,2500,pickup 4x4,good,european,5 seats,4 doors,used,105000.0,2026-03,5.0,4.0,2500.0,185000.0,10.0,18500.0,3,dmax
isuzu,pick up,2007.0,diesel,unknown,manual,10cv,2500,pickup 4x2,bad,standard,2 seats,2 doors,used,22000.0,2026-03,2.0,2.0,2500.0,,19.0,,4,pick up
isuzu,pick up,1994.0,diesel,unknown,manual,10cv,2500,pickup 4x2,good,standard,5 seats,4 doors,used,30000.0,2026-03,5.0,4.0,2500.0,,32.0,,4,pick up
isuzu,dmax,2018.0,diesel,181000,manual,8cv,2500,pickup 4x2,good,karwia,2 seats,2 doors,used,48000.0,2026-03,2.0,2.0,2500.0,181000.0,8.0,22625.0,2,dmax
isuzu,dmax,2016.0,diesel,297000,manual,8cv,2500,pickup 4x2,good,khalijia,2 seats,2 doors,used,42000.0,2026-03,2.0,2.0,2500.0,297000.0,10.0,29700.0,3,dmax
isuzu,dmax,2010.0,diesel,unknown,manual,10cv,2500,pickup 4x2,good,khalijia,2 seats,2 doors,used,48000.0,2026-03,2.0,2.0,2500.0,,16.0,,4,dmax
isuzu,dmax,2012.0,diesel,unknown,manual,10cv,2500,pickup 4x2,good,karwia,2 seats,2 doors,used,42000.0,2026-03,2.0,2.0,2500.0,,14.0,,3,dmax
isuzu,pick up,1999.0,diesel,unknown,manual,9cv,2300,pickup 4x2,bad,standard,2 seats,2 doors,used,8000.0,2026-03,2.0,2.0,2300.0,,27.0,,4,pick up
isuzu,pick up,2000.0,diesel,unknown,manual,10cv,2800,pickup 4x2,good,super faster,5 seats,4 doors,used,53000.0,2026-03,5.0,4.0,2800.0,,26.0,,4,pick up
isuzu,dmax,2010.0,diesel,310000,manual,10cv,2500,pickup 4x2,good,khalijia,5 seats,4 doors,used,57000.0,2026-03,5.0,4.0,2500.0,310000.0,16.0,19375.0,4,dmax
isuzu,dmax,2004.0,diesel,unknown,manual,10cv,2500,pickup 4x2,good,khalijia,2 seats,2 doors,used,35000.0,2026-03,2.0,2.0,2500.0,,22.0,,4,dmax
isuzu,dmax,2013.0,diesel,185000,manual,10cv,2500,pickup 4x2,good,khalijia,5 seats,4 doors,used,75000.0,2026-03,5.0,4.0,2500.0,185000.0,13.0,14230.76923076923,3,dmax
isuzu,dmax,2015.0,diesel,unknown,manual,10cv,2500,pickup 4x4,good,european,5 seats,4 doors,used,85000.0,2026-03,5.0,4.0,2500.0,,11.0,,3,dmax
isuzu,dmax,2013.0,diesel,100000,manual,10cv,2500,pickup 4x2,good,khalijia,5 seats,4 doors,used,85000.0,2026-03,5.0,4.0,2500.0,100000.0,13.0,7692.307692307692,3,dmax
isuzu,dmax,2023.0,diesel,137000,manual,8cv,2500,pickup 4x4,good,karwia,5 seats,4 doors,used,90000.0,2026-03,5.0,4.0,2500.0,137000.0,3.0,45666.66666666666,1,dmax
isuzu,dmax,2005.0,diesel,unknown,manual,10cv,2500,pickup 4x2,good,khalijia,5 seats,4 doors,used,45000.0,2026-03,5.0,4.0,2500.0,,21.0,,4,dmax
isuzu,dmax,2014.0,diesel,142000,manual,8cv,2500,pickup 4x2,good,khalijia,5 seats,4 doors,used,90000.0,2026-03,5.0,4.0,2500.0,142000.0,12.0,11833.333333333334,3,dmax
isuzu,dmax,2022.0,diesel,113000,manual,8cv,2500,pickup 4x2,good,karwia,2 seats,2 doors,used,60000.0,2026-03,2.0,2.0,2500.0,113000.0,4.0,28250.0,2,dmax
isuzu,dmax,2022.0,diesel,90000,manual,8cv,2500,pickup 4x4,good,khalijia,5 seats,4 doors,used,97000.0,2026-03,5.0,4.0,2500.0,90000.0,4.0,22500.0,2,dmax
isuzu,pick up,2000.0,diesel,unknown,manual,10cv,2800,pickup 4x2,good,super faster,5 seats,4 doors,used,55000.0,2026-03,5.0,4.0,2800.0,,26.0,,4,pick up
isuzu,pick up,1996.0,diesel,unknown,manual,10cv,2800,pickup 4x4,good,standard,5 seats,4 doors,used,44000.0,2026-03,5.0,4.0,2800.0,,30.0,,4,pick up
isuzu,pick up,1990.0,diesel,unknown,manual,10cv,2500,pickup 4x2,good,standard,5 seats,4 doors,used,20000.0,2026-03,5.0,4.0,2500.0,,36.0,,4,pick up
isuzu,dmax,2021.0,diesel,unknown,automatic,10cv,2500,pickup 4x4,good,khalijia,5 seats,4 doors,used,126000.0,2026-03,5.0,4.0,2500.0,,5.0,,2,dmax
isuzu,pick up,2002.0,diesel,unknown,manual,10cv,2500,pickup 4x2,good,standard,2 seats,2 doors,used,37000.0,2026-03,2.0,2.0,2500.0,,24.0,,4,pick up
isuzu,dmax,2016.0,diesel,unknown,manual,8cv,2500,pickup 4x2,good,khalijia,5 seats,4 doors,used,92000.0,2026-03,5.0,4.0,2500.0,,10.0,,3,dmax
isuzu,pick up,2000.0,diesel,unknown,manual,10cv,2500,pickup 4x2,good,standard,2 seats,2 doors,used,40000.0,2026-03,2.0,2.0,2500.0,,26.0,,4,pick up
isuzu,pick up,1996.0,diesel,unknown,manual,10cv,2500,pickup 4x4,good,standard,5 seats,4 doors,used,40000.0,2026-03,5.0,4.0,2500.0,,30.0,,4,pick up
isuzu,pick up,1999.0,diesel,unknown,manual,10cv,2500,pickup 4x2,good,standard,5 seats,4 doors,used,42000.0,2026-03,5.0,4.0,2500.0,,27.0,,4,pick up
isuzu,dmax,2016.0,diesel,265000,manual,8cv,2500,pickup 4x2,good,khalijia,2 seats,2 doors,used,63000.0,2026-03,2.0,2.0,2500.0,265000.0,10.0,26500.0,3,dmax
isuzu,dmax,2008.0,diesel,280000,manual,10cv,2500,pickup 4x2,good,khalijia,5 seats,4 doors,used,68000.0,2026-03,5.0,4.0,2500.0,280000.0,18.0,15555.555555555557,4,dmax
isuzu,pick up,1991.0,diesel,unknown,manual,9cv,2300,pickup 4x2,good,standard,2 seats,2 doors,used,22000.0,2026-03,2.0,2.0,2300.0,,35.0,,4,pick up
isuzu,kb26,1980.0,diesel,unknown,manual,9cv,2000,pickup 4x2,medium,standard,5 seats,4 doors,used,6000.0,2026-03,5.0,4.0,2000.0,,46.0,,4,isuzu_pickup 4x2
mg,5,2022.0,gasoline,65000,automatic,7cv,1500,sedan,good,standard,5 seats,4 doors,used,48000.0,2026-03,5.0,4.0,1500.0,65000.0,4.0,16250.0,2,5
mg,zs,2019.0,gasoline,119000,automatic,7cv,1500,suv 4x2,good,standard,5 seats,4 doors,used,52000.0,2026-03,5.0,4.0,1500.0,119000.0,7.0,17000.0,2,zs
mg,gs,2018.0,gasoline,97000,automatic,9cv,1500,suv 4x2,good,standard,5 seats,4 doors,used,45000.0,2026-03,5.0,4.0,1500.0,97000.0,8.0,12125.0,2,mg_suv 4x2
mg,5,2025.0,gasoline,55000,manual,6cv,1500,sedan,good,standard,5 seats,4 doors,used,52000.0,2026-03,5.0,4.0,1500.0,55000.0,1.0,55000.0,1,5
mg,5,2020.0,gasoline,83000,manual,6cv,1500,sedan,good,standard,5 seats,4 doors,used,52500.0,2026-03,5.0,4.0,1500.0,83000.0,6.0,13833.333333333334,2,5
mg,zs,2018.0,gasoline,148000,automatic,7cv,1500,suv 4x2,good,standard,5 seats,4 doors,used,48000.0,2026-03,5.0,4.0,1500.0,148000.0,8.0,18500.0,2,zs
mg,zs,2022.0,gasoline,136000,automatic,9cv,1500,suv 4x2,good,standard,5 seats,4 doors,used,64000.0,2026-03,5.0,4.0,1500.0,136000.0,4.0,34000.0,2,zs
mg,zs,2020.0,gasoline,79000,automatic,7cv,1500,suv 4x2,good,standard,5 seats,4 doors,used,67000.0,2026-03,5.0,4.0,1500.0,79000.0,6.0,13166.666666666666,2,zs
mg,hs,2022.0,gasoline,115000,automatic,9cv,1500,suv 4x2,good,standard,5 seats,4 doors,used,70000.0,2026-03,5.0,4.0,1500.0,115000.0,4.0,28750.0,2,hs
mg,zs,2023.0,gasoline,133500,automatic,7cv,1500,suv 4x2,good,standard,5 seats,4 doors,used,61500.0,2026-03,5.0,4.0,1500.0,133500.0,3.0,44500.0,1,zs
mg,gt,2018.0,gasoline,145000,manual,6cv,1500,sedan,good,standard,5 seats,4 doors,used,36500.0,2026-03,5.0,4.0,1500.0,145000.0,8.0,18125.0,2,gt
mg,gs,2017.0,gasoline,165000,automatic,9cv,1500,suv 4x4,good,standard,5 seats,4 doors,used,53000.0,2026-03,5.0,4.0,1500.0,165000.0,9.0,18333.33333333333,3,mg_suv 4x4
mg,zs,2020.0,gasoline,188000,manual,7cv,1500,suv 4x2,good,standard,5 seats,4 doors,used,50000.0,2026-03,5.0,4.0,1500.0,188000.0,6.0,31333.33333333333,2,zs
mg,5,2021.0,gasoline,105000,manual,6cv,1500,sedan,good,standard,5 seats,4 doors,used,43000.0,2026-03,5.0,4.0,1500.0,105000.0,5.0,21000.0,2,5
mg,hs,2021.0,gasoline,113000,automatic,10cv,2000,suv 4x2,good,standard,5 seats,4 doors,used,64000.0,2026-03,5.0,4.0,2000.0,113000.0,5.0,22600.0,2,hs
mg,zs,2024.0,gasoline,19000,manual,7cv,1500,suv 4x2,good,standard,5 seats,4 doors,used,73000.0,2026-03,5.0,4.0,1500.0,19000.0,2.0,9500.0,1,zs
mg,one,2024.0,gasoline,16000,automatic,10cv,1500,suv 4x4,good,standard,5 seats,4 doors,used,95000.0,2026-03,5.0,4.0,1500.0,16000.0,2.0,8000.0,1,mg_suv 4x4
mg,5,2022.0,gasoline,36000,automatic,7cv,1500,sedan,good,standard,5 seats,4 doors,used,58000.0,2026-03,5.0,4.0,1500.0,36000.0,4.0,9000.0,2,5
mg,zs,2020.0,gasoline,80000,automatic,7cv,1500,suv 4x2,good,standard,5 seats,4 doors,used,58000.0,2026-03,5.0,4.0,1500.0,80000.0,6.0,13333.333333333334,2,zs
mg,3,2020.0,gasoline,122000,manual,6cv,1500,hatchback,good,standard,5 seats,4 doors,used,35000.0,2026-03,5.0,4.0,1500.0,122000.0,6.0,20333.33333333333,2,3
mg,zs,2019.0,gasoline,116000,manual,7cv,1500,suv 4x2,good,standard,5 seats,4 doors,used,47000.0,2026-03,5.0,4.0,1500.0,116000.0,7.0,16571.428571428572,2,zs
mg,gt,2017.0,gasoline,106000,manual,6cv,1500,sedan,good,standard,5 seats,4 doors,used,31000.0,2026-03,5.0,4.0,1500.0,106000.0,9.0,11777.777777777776,3,gt
byd,f3,2023.0,gasoline,78000,manual,7cv,1500,sedan,medium,standard,5 seats,4 doors,used,25000.0,2026-03,5.0,4.0,1500.0,78000.0,3.0,26000.0,1,byd_sedan
byd,song,2022.0,gasoline,106000,automatic,9cv,1500,suv 4x4,good,standard,5 seats,4 doors,used,63000.0,2026-03,5.0,4.0,1500.0,106000.0,4.0,26500.0,2,byd_suv 4x4
byd,f3,2022.0,gasoline,67000,manual,7cv,1500,sedan,good,standard,5 seats,4 doors,used,33000.0,2026-03,5.0,4.0,1500.0,67000.0,4.0,16750.0,2,byd_sedan
byd,tang,2023.0,gasoline,82000,automatic,11cv,2000,suv 4x4,good,standard,5 seats,4 doors,used,110000.0,2026-03,5.0,4.0,2000.0,82000.0,3.0,27333.33333333333,1,byd_suv 4x4
byd,tang,2023.0,gasoline,64500,automatic,11cv,2000,suv 4x4,good,standard,5 seats,4 doors,used,112000.0,2026-03,5.0,4.0,2000.0,64500.0,3.0,21500.0,1,byd_suv 4x4
byd,atto 3,2025.0,electric,25000,automatic,5cv,unknown,suv 4x2,good,standard,5 seats,4 doors,used,90000.0,2026-03,5.0,4.0,,25000.0,1.0,25000.0,1,byd_suv 4x2
dfsk,glory 500,2025.0,gasoline,0,manual,7cv,1500,crossover,good,standard,5 seats,4 doors,used,64000.0,2026-03,5.0,4.0,1500.0,0.0,1.0,0.0,1,dfsk_crossover
dfsk,k01h,2019.0,gasoline,unknown,manual,6cv,1050,pickup 4x2,good,standard,2 seats,2 doors,used,18000.0,2026-03,2.0,2.0,1050.0,,7.0,,2,dfsk_pickup 4x2
dfsk,k01h,2018.0,gasoline,180000,manual,6cv,1050,pickup 4x2,medium,standard,2 seats,2 doors,used,15000.0,2026-03,2.0,2.0,1050.0,180000.0,8.0,22500.0,2,dfsk_pickup 4x2
dfsk,k02s,2021.0,gasoline,unknown,manual,5cv,1000,pickup 4x2,good,standard,5 seats,4 doors,used,25000.0,2026-03,5.0,4.0,1000.0,,5.0,,2,dfsk_pickup 4x2
wallyscar,719,2023.0,gasoline,60000,manual,7cv,1600,sedan,good,standard,5 seats,4 doors,used,37000.0,2026-03,5.0,4.0,1600.0,60000.0,3.0,20000.0,1,719
wallyscar,719,2023.0,gasoline,78000,manual,7cv,1600,sedan,good,standard,5 seats,4 doors,used,30000.0,2026-03,5.0,4.0,1600.0,78000.0,3.0,26000.0,1,719
wallyscar,619,2021.0,gasoline,56000,manual,5cv,1300,hatchback,good,standard,5 seats,4 doors,used,18000.0,2026-03,5.0,4.0,1300.0,56000.0,5.0,11200.0,2,619
wallyscar,iris,2017.0,gasoline,70000,manual,5cv,1300,crossover,good,standard,5 seats,4 doors,used,25000.0,2026-03,5.0,4.0,1300.0,70000.0,9.0,7777.777777777777,3,wallyscar_crossover
wallyscar,619,2022.0,gasoline,unknown,manual,5cv,1300,hatchback,good,standard,5 seats,4 doors,used,23000.0,2026-03,5.0,4.0,1300.0,,4.0,,2,619
wallyscar,iris,2021.0,gasoline,118000,manual,5cv,1300,crossover,good,standard,5 seats,4 doors,used,27000.0,2026-03,5.0,4.0,1300.0,118000.0,5.0,23600.0,2,wallyscar_crossover
wallyscar,iris,2021.0,gasoline,45000,manual,5cv,1300,crossover,good,standard,5 seats,4 doors,used,31000.0,2026-03,5.0,4.0,1300.0,45000.0,5.0,9000.0,2,wallyscar_crossover
mercedes,classe c,2017.0,diesel,205000,manual,7cv,1600,sedan,good,standard,5 seats,5 doors,used,68500.0,2026-03,5.0,5.0,1600.0,205000.0,9.0,22777.777777777777,3,classe c
mercedes,classe e,2010.0,diesel,290000,automatic,9cv,2100,coupe,good,standard,4 seats,4 doors,used,49000.0,2026-03,4.0,4.0,2100.0,290000.0,16.0,18125.0,4,classe e
mg,marvel r,2024.0,unknown,18000,automatic,7cv,unknown,suv 4x2,good,standard,5 seats,5 doors,used,99000.0,2026-03,5.0,5.0,,18000.0,2.0,9000.0,1,mg_suv 4x2
mercedes,glc,2018.0,diesel,253000,automatic,9cv,2000,suv 4x2,good,standard,5 seats,5 doors,used,119000.0,2026-03,5.0,5.0,2000.0,253000.0,8.0,31625.0,2,glc
mercedes,classe c,2017.0,gasoline,127000,automatic,8cv,unknown,sedan,good,standard,5 seats,5 doors,used,87000.0,2026-03,5.0,5.0,,127000.0,9.0,14111.111111111111,3,classe c
bmw,serie 3,2013.0,gasoline,156000,automatic,7cv,1598,sedan,good,standard,5 seats,4 doors,used,62900.0,2026-03,5.0,4.0,1598.0,156000.0,13.0,12000.0,3,serie 3
chery,tiggo 2,2020.0,gasoline,119000,manual,6cv,1497,suv 4x2,good,standard,5 seats,5 doors,used,37500.0,2026-03,5.0,5.0,1497.0,119000.0,6.0,19833.33333333333,2,tiggo 2
ford,ecosport,2023.0,gasoline,45000,manual,7cv,998,suv 4x2,good,standard,5 seats,5 doors,used,69500.0,2026-03,5.0,5.0,998.0,45000.0,3.0,15000.0,1,ecosport
renault,megane 3,2010.0,diesel,256000,manual,6cv,1461,hatchback,good,standard,5 seats,4 doors,used,26000.0,2026-03,5.0,4.0,1461.0,256000.0,16.0,16000.0,4,megane 3
volkswagen,passat,2008.0,gasoline,335000,manual,7cv,unknown,sedan,good,standard,5 seats,4 doors,used,33000.0,2026-03,5.0,4.0,,335000.0,18.0,18611.11111111111,4,passat
toyota,yaris,2017.0,gasoline,148000,manual,4cv,998,hatchback,good,standard,5 seats,5 doors,used,34000.0,2026-03,5.0,5.0,998.0,148000.0,9.0,16444.444444444445,3,yaris
kia,sportage,2023.0,diesel,92000,manual,7cv,1600,suv 4x2,good,standard,5 seats,5 doors,used,132000.0,2026-03,5.0,5.0,1600.0,92000.0,3.0,30666.666666666668,1,sportage
seat,arona,2024.0,gasoline,33000,automatic,6cv,999,suv 4x2,good,standard,5 seats,5 doors,used,85000.0,2026-03,5.0,5.0,999.0,33000.0,2.0,16500.0,1,arona
kia,rio,2022.0,gasoline,93000,manual,5cv,1197,hatchback,good,standard,5 seats,5 doors,used,54900.0,2026-03,5.0,5.0,1197.0,93000.0,4.0,23250.0,2,rio
renault,clio,2021.0,gasoline,43000,manual,4cv,898,hatchback,good,standard,5 seats,5 doors,used,45000.0,2026-03,5.0,5.0,898.0,43000.0,5.0,8600.0,2,clio
kia,rio,2014.0,gasoline,190000,automatic,6cv,1396,hatchback,good,standard,5 seats,5 doors,used,34900.0,2026-03,5.0,5.0,1396.0,190000.0,12.0,15833.333333333334,3,rio
kia,sorento,2021.0,diesel,85000,automatic,12cv,2151,suv 4x2,good,standard,7 seats,5 doors,used,159000.0,2026-03,7.0,5.0,2151.0,85000.0,5.0,17000.0,2,sorento
citroen,c5,2011.0,gasoline,325000,automatic,9cv,1600,sedan,good,standard,5 seats,4 doors,used,24900.0,2026-03,5.0,4.0,1600.0,325000.0,15.0,21666.666666666668,3,c5
volkswagen,caddy,2016.0,diesel,100000,manual,5cv,1598,light commercial,good,standard,2 seats,4 doors,used,43500.0,2026-03,2.0,4.0,1598.0,100000.0,10.0,10000.0,3,caddy
jaguar,f-pace,2017.0,diesel,112000,manual,10cv,2000,suv 4x4,good,standard,5 seats,5 doors,used,115000.0,2026-03,5.0,5.0,2000.0,112000.0,9.0,12444.444444444443,3,jaguar_suv 4x4
mercedes,cla,2019.0,diesel,129000,automatic,6cv,1500,sedan,good,standard,5 seats,4 doors,used,125000.0,2026-03,5.0,4.0,1500.0,129000.0,7.0,18428.571428571428,2,cla
fiat,tipo,2020.0,gasoline,133000,manual,6cv,1368,sedan,good,standard,5 seats,4 doors,used,34900.0,2026-03,5.0,4.0,1368.0,133000.0,6.0,22166.666666666668,2,tipo
renault,clio,2018.0,gasoline,55000,manual,4cv,1149,hatchback,good,standard,5 seats,5 doors,used,43900.0,2026-03,5.0,5.0,1149.0,55000.0,8.0,6875.0,2,clio
gwm,haval h6,2022.0,gasoline,28000,automatic,8cv,1499,suv 4x2,good,standard,5 seats,5 doors,used,103500.0,2026-03,5.0,5.0,1499.0,28000.0,4.0,7000.0,2,haval h6
fiat,fiorino,2024.0,diesel,45000,manual,5cv,1248,light commercial,good,standard,2 seats,2 doors,used,43000.0,2026-03,2.0,2.0,1248.0,45000.0,2.0,22500.0,1,fiorino
volkswagen,t-cross,2023.0,gasoline,54000,manual,6cv,999,suv 4x2,good,standard,5 seats,5 doors,used,63000.0,2026-03,5.0,5.0,999.0,54000.0,3.0,18000.0,1,t-cross
audi,a5,2020.0,gasoline,168000,automatic,8cv,1395,sedan,good,s line,5 seats,5 doors,used,94900.0,2026-03,5.0,5.0,1395.0,168000.0,6.0,28000.0,2,a5
peugeot,3008,2015.0,gasoline,162000,manual,7cv,1598,mpv,good,standard,5 seats,5 doors,used,38000.0,2026-03,5.0,5.0,1598.0,162000.0,11.0,14727.272727272728,3,3008
peugeot,partner,2024.0,diesel,62000,manual,5cv,1560,light commercial,good,standard,2 seats,3 doors,used,53000.0,2026-03,2.0,3.0,1560.0,62000.0,2.0,31000.0,1,partner
peugeot,308,2012.0,gasoline,233000,manual,6cv,1400,hatchback,good,standard,5 seats,5 doors,used,27000.0,2026-03,5.0,5.0,1400.0,233000.0,14.0,16642.85714285714,3,308
chery,tiggo 2,2019.0,gasoline,63000,manual,6cv,1497,suv 4x2,good,standard,5 seats,5 doors,used,40000.0,2026-03,5.0,5.0,1497.0,63000.0,7.0,9000.0,2,tiggo 2
toyota,corolla,2023.0,gasoline,71000,automatic,6cv,1197,hatchback,good,standard,5 seats,5 doors,used,63000.0,2026-03,5.0,5.0,1197.0,71000.0,3.0,23666.666666666668,1,corolla
nissan,qashqai,2020.0,gasoline,138000,automatic,6cv,1197,suv 4x2,good,standard,5 seats,5 doors,used,62000.0,2026-03,5.0,5.0,1197.0,138000.0,6.0,23000.0,2,qashqai
renault,express van,2022.0,diesel,152000,manual,5cv,1461,light commercial,good,standard,2 seats,4 doors,used,36500.0,2026-03,2.0,4.0,1461.0,152000.0,4.0,38000.0,2,renault_light commercial
bmw,x5,2015.0,diesel,194000,automatic,15cv,2000,suv 4x2,good,standard,5 seats,5 doors,used,128000.0,2026-03,5.0,5.0,2000.0,194000.0,11.0,17636.363636363636,3,x5
kia,picanto,2023.0,gasoline,83000,manual,5cv,1197,hatchback,good,standard,5 seats,5 doors,used,41900.0,2026-03,5.0,5.0,1197.0,83000.0,3.0,27666.666666666668,1,picanto
peugeot,3008,2012.0,gasoline,251000,manual,7cv,1598,mpv,good,standard,5 seats,5 doors,used,32000.0,2026-03,5.0,5.0,1598.0,251000.0,14.0,17928.571428571428,3,3008
volkswagen,passat,2011.0,gasoline,269000,manual,7cv,1400,sedan,good,standard,5 seats,4 doors,used,42500.0,2026-03,5.0,4.0,1400.0,269000.0,15.0,17933.333333333332,3,passat
mercedes,classe c,2014.0,gasoline,258000,automatic,9cv,1497,sedan,good,standard,5 seats,4 doors,used,65000.0,2026-03,5.0,4.0,1497.0,258000.0,12.0,21500.0,3,classe c
audi,a3,2017.0,gasoline,156000,manual,6cv,1197,hatchback,good,s line,5 seats,5 doors,used,55000.0,2026-03,5.0,5.0,1197.0,156000.0,9.0,17333.333333333332,3,a3
fiat,500,2011.0,gasoline,216000,manual,4cv,1200,hatchback,good,standard,4 seats,2 doors,used,30900.0,2026-03,4.0,2.0,1200.0,216000.0,15.0,14400.0,3,500
volkswagen,golf 8,2022.0,gasoline,83000,manual,6cv,1000,hatchback,good,standard,5 seats,5 doors,used,83000.0,2026-03,5.0,5.0,1000.0,83000.0,4.0,20750.0,2,golf 8
mercedes,classe c,2011.0,gasoline,83000,manual,9cv,1796,sedan,good,standard,5 seats,5 doors,used,66900.0,2026-03,5.0,5.0,1796.0,83000.0,15.0,5533.333333333333,3,classe c
fiat,panda,2020.0,gasoline,104000,manual,4cv,1242,hatchback,good,standard,5 seats,5 doors,used,33900.0,2026-03,5.0,5.0,1242.0,104000.0,6.0,17333.333333333332,2,panda
nissan,juke,2015.0,gasoline,164000,manual,6cv,1200,suv 4x2,good,standard,5 seats,5 doors,used,42000.0,2026-03,5.0,5.0,1200.0,164000.0,11.0,14909.09090909091,3,juke
nissan,micra,2017.0,gasoline,218000,manual,5cv,1198,hatchback,good,standard,5 seats,5 doors,used,25000.0,2026-03,5.0,5.0,1198.0,218000.0,9.0,24222.222222222223,3,micra
volkswagen,golf 7,2014.0,gasoline,228000,manual,5cv,1200,hatchback,good,standard,5 seats,5 doors,used,47000.0,2026-03,5.0,5.0,1200.0,228000.0,12.0,19000.0,3,golf 7
kia,sportage,2018.0,gasoline,127000,automatic,8cv,1591,suv 4x2,good,standard,5 seats,5 doors,used,70000.0,2026-03,5.0,5.0,1591.0,127000.0,8.0,15875.0,2,sportage
dacia,duster,2020.0,diesel,125000,manual,6cv,1461,suv 4x2,good,standard,5 seats,5 doors,used,69500.0,2026-03,5.0,5.0,1461.0,125000.0,6.0,20833.33333333333,2,duster
audi,a5,2012.0,gasoline,208000,automatic,9cv,1800,sedan,good,s line,5 seats,4 doors,used,45000.0,2026-03,5.0,4.0,1800.0,208000.0,14.0,14857.142857142857,3,a5
bmw,serie 3,2009.0,diesel,180000,automatic,14cv,2993,coupe,good,standard,4 seats,2 doors,used,59900.0,2026-03,4.0,2.0,2993.0,180000.0,17.0,10588.235294117649,4,serie 3
volkswagen,passat,2011.0,diesel,257000,automatic,8cv,2000,sedan,good,standard,5 seats,4 doors,used,49000.0,2026-03,5.0,4.0,2000.0,257000.0,15.0,17133.333333333332,3,passat
dongfeng,s50,2020.0,gasoline,95000,manual,6cv,1499,sedan,good,standard,5 seats,4 doors,used,38000.0,2026-03,5.0,4.0,1499.0,95000.0,6.0,15833.333333333334,2,dongfeng_sedan
fiat,500,2023.0,gasoline,76000,automatic,4cv,1242,hatchback,good,standard,4 seats,3 doors,used,48000.0,2026-03,4.0,3.0,1242.0,76000.0,3.0,25333.33333333333,1,500
volkswagen,golf 6,2011.0,diesel,150000,manual,5cv,1598,hatchback,good,standard,5 seats,4 doors,used,46900.0,2026-03,5.0,4.0,1598.0,150000.0,15.0,10000.0,3,golf 6
chery,tiggo 8,2021.0,gasoline,63000,automatic,9cv,1498,suv 4x2,good,standard,7 seats,5 doors,used,69900.0,2026-03,7.0,5.0,1498.0,63000.0,5.0,12600.0,2,chery_suv 4x2
mercedes,glc,2017.0,gasoline,58000,automatic,12cv,1991,suv 4x2,good,standard,5 seats,4 doors,used,125500.0,2026-03,5.0,4.0,1991.0,58000.0,9.0,6444.444444444444,3,glc
toyota,corolla,2020.0,gasoline,143000,automatic,6cv,1197,hatchback,good,standard,5 seats,5 doors,used,59900.0,2026-03,5.0,5.0,1197.0,143000.0,6.0,23833.33333333333,2,corolla
suzuki,celerio,2023.0,gasoline,112000,manual,4cv,998,hatchback,good,standard,5 seats,5 doors,used,33000.0,2026-03,5.0,5.0,998.0,112000.0,3.0,37333.333333333336,1,celerio
fiat,doblo,2024.0,diesel,52000,manual,5cv,1560,light commercial,good,standard,3 seats,5 doors,used,60000.0,2026-03,3.0,5.0,1560.0,52000.0,2.0,26000.0,1,doblo
gwm,haval jolion,2022.0,gasoline,78000,automatic,9cv,1479,suv 4x2,good,standard,5 seats,5 doors,used,78000.0,2026-03,5.0,5.0,1479.0,78000.0,4.0,19500.0,2,haval jolion
seat,ibiza,2012.0,gasoline,141000,manual,5cv,1200,hatchback,good,standard,5 seats,5 doors,used,32500.0,2026-03,5.0,5.0,1200.0,141000.0,14.0,10071.42857142857,3,ibiza
mercedes,glb,2022.0,gasoline,104000,automatic,9cv,1332,suv 4x2,good,standard,5 seats,5 doors,used,155000.0,2026-03,5.0,5.0,1332.0,104000.0,4.0,26000.0,2,glb
isuzu,dmax ,2016.0,diesel,375000,manual,8cv,2500,pickup 4x2,good,standard,3 seats,2 doors,used,52900.0,2026-03,3.0,2.0,2500.0,375000.0,10.0,37500.0,3,dmax 
kia,sportage,2010.0,diesel,330000,manual,10cv,2000,suv 4x2,good,standard,5 seats,5 doors,used,45900.0,2026-03,5.0,5.0,2000.0,330000.0,16.0,20625.0,4,sportage
kia,xceed,2021.0,gasoline,89000,automatic,5cv,1580,suv 4x2,good,standard,5 seats,5 doors,used,85000.0,2026-03,5.0,5.0,1580.0,89000.0,5.0,17800.0,2,xceed
mercedes,classe c,2017.0,gasoline,71000,automatic,36cv,3982,sedan,good,standard,5 seats,5 doors,used,199000.0,2026-03,5.0,5.0,3982.0,71000.0,9.0,7888.888888888889,3,classe c
chery,tiggo 3x,2022.0,gasoline,78000,automatic,6cv,998,suv 4x2,good,standard,5 seats,5 doors,used,48000.0,2026-03,5.0,5.0,998.0,78000.0,4.0,19500.0,2,tiggo 3x
mahindra,kuv 100,2020.0,gasoline,107000,manual,5cv,1198,suv 4x2,good,standard,5 seats,5 doors,used,25000.0,2026-03,5.0,5.0,1198.0,107000.0,6.0,17833.333333333332,2,kuv 100
gwm,haval h6,2023.0,gasoline,105000,automatic,8cv,1499,suv 4x2,good,standard,5 seats,5 doors,used,83000.0,2026-03,5.0,5.0,1499.0,105000.0,3.0,35000.0,1,haval h6
audi,a3,2018.0,diesel,198000,automatic,6cv,1600,hatchback,good,standard,5 seats,5 doors,used,80000.0,2026-03,5.0,5.0,1600.0,198000.0,8.0,24750.0,2,a3
hyundai,tucson,2021.0,diesel,105000,automatic,7cv,1600,suv 4x2,good,standard,5 seats,5 doors,used,105000.0,2026-03,5.0,5.0,1600.0,105000.0,5.0,21000.0,2,tucson
mercedes,classe a,2012.0,gasoline,195000,manual,6cv,1600,hatchback,good,standard,5 seats,5 doors,used,51500.0,2026-03,5.0,5.0,1600.0,195000.0,14.0,13928.57142857143,3,classe a
renault,megane 2,2006.0,diesel,439000,manual,5cv,1500,sedan,good,standard,5 seats,4 doors,used,18900.0,2026-03,5.0,4.0,1500.0,439000.0,20.0,21950.0,4,megane 2
ford,fusion,2016.0,gasoline,225000,manual,9cv,1498,sedan,good,standard,5 seats,4 doors,used,36000.0,2026-03,5.0,4.0,1498.0,225000.0,10.0,22500.0,3,fusion
mahindra,kuv 100,2023.0,gasoline,47000,manual,5cv,1198,suv 4x2,good,standard,5 seats,5 doors,used,31900.0,2026-03,5.0,5.0,1198.0,47000.0,3.0,15666.666666666666,1,kuv 100
mercedes,classe a,2020.0,diesel,108000,automatic,6cv,1500,hatchback,good,standard,5 seats,5 doors,used,93000.0,2026-03,5.0,5.0,1500.0,108000.0,6.0,18000.0,2,classe a
gwm,haval h6,2019.0,gasoline,84000,automatic,9cv,1499,suv 4x2,good,standard,5 seats,5 doors,used,74500.0,2026-03,5.0,5.0,1499.0,84000.0,7.0,12000.0,2,haval h6
kia,sportage,2018.0,diesel,144000,manual,7cv,1695,suv 4x2,good,standard,5 seats,4 doors,used,69500.0,2026-03,5.0,4.0,1695.0,144000.0,8.0,18000.0,2,sportage
bmw,x2,2022.0,gasoline,49000,automatic,7cv,1500,crossover,good,standard,5 seats,5 doors,used,110000.0,2026-03,5.0,5.0,1500.0,49000.0,4.0,12250.0,2,x2
mercedes,cla,2022.0,gasoline,82000,automatic,8cv,1300,sedan,good,standard,5 seats,5 doors,used,127000.0,2026-03,5.0,5.0,1300.0,82000.0,4.0,20500.0,2,cla
volkswagen,golf 7,2020.0,gasoline,155000,automatic,5cv,1197,hatchback,good,standard,5 seats,5 doors,used,87900.0,2026-03,5.0,5.0,1197.0,155000.0,6.0,25833.33333333333,2,golf 7
ford,mustang,2014.0,gasoline,98000,automatic,23cv,3700,convertible,good,standard,4 seats,2 doors,used,89000.0,2026-03,4.0,2.0,3700.0,98000.0,12.0,8166.666666666667,3,mustang
hyundai,tucson,2020.0,gasoline,135000,automatic,8cv,1591,suv 4x2,good,standard,5 seats,5 doors,used,79900.0,2026-03,5.0,5.0,1591.0,135000.0,6.0,22500.0,2,tucson
kia,picanto,2023.0,gasoline,59000,manual,4cv,998,hatchback,good,standard,5 seats,5 doors,used,41000.0,2026-03,5.0,5.0,998.0,59000.0,3.0,19666.666666666668,1,picanto
ford,focus,2018.0,gasoline,130000,automatic,7cv,999,hatchback,good,standard,5 seats,5 doors,used,39900.0,2026-03,5.0,5.0,999.0,130000.0,8.0,16250.0,2,focus
isuzu,dmax ,2022.0,diesel,116000,manual,8cv,2500,pickup 4x2,good,standard,3 seats,2 doors,used,65000.0,2026-03,3.0,2.0,2500.0,116000.0,4.0,29000.0,2,dmax 
opel,combo cargo,2021.0,diesel,106000,manual,7cv,1500,light commercial,good,standard,5 seats,5 doors,used,84000.0,2026-03,5.0,5.0,1500.0,106000.0,5.0,21200.0,2,combo cargo
seat,ateca,2023.0,gasoline,52000,automatic,8cv,1395,suv 4x2,good,standard,5 seats,5 doors,used,95900.0,2026-03,5.0,5.0,1395.0,52000.0,3.0,17333.333333333332,1,ateca
chevrolet,captiva,2022.0,gasoline,75000,automatic,9cv,1451,suv 4x2,good,standard,5 seats,5 doors,used,75000.0,2026-03,5.0,5.0,1451.0,75000.0,4.0,18750.0,2,captiva
volkswagen,golf 6,2012.0,diesel,216000,automatic,5cv,1600,hatchback,good,standard,5 seats,5 doors,used,44000.0,2026-03,5.0,5.0,1600.0,216000.0,14.0,15428.57142857143,3,golf 6
skoda,fabia,2023.0,gasoline,35000,manual,4cv,999,hatchback,good,standard,5 seats,5 doors,used,58000.0,2026-03,5.0,5.0,999.0,35000.0,3.0,11666.666666666666,1,fabia
dacia,sandero,2017.0,gasoline,152000,manual,4cv,1000,hatchback,good,standard,5 seats,5 doors,used,23500.0,2026-03,5.0,5.0,1000.0,152000.0,9.0,16888.88888888889,3,sandero
ford,fiesta,2016.0,gasoline,130000,manual,5cv,1242,hatchback,good,standard,5 seats,5 doors,used,36500.0,2026-03,5.0,5.0,1242.0,130000.0,10.0,13000.0,3,fiesta
bmw,serie 1,2012.0,diesel,294000,manual,6cv,1595,hatchback,good,standard,5 seats,4 doors,used,45900.0,2026-03,5.0,4.0,1595.0,294000.0,14.0,21000.0,3,serie 1
kia,rio,2022.0,gasoline,89000,manual,5cv,1197,hatchback,good,standard,5 seats,5 doors,used,60000.0,2026-03,5.0,5.0,1197.0,89000.0,4.0,22250.0,2,rio
porsche,cayenne,2012.0,gasoline,236000,automatic,21cv,3600,suv 4x4,good,standard,5 seats,4 doors,used,129900.0,2026-03,5.0,4.0,3599.0,236000.0,14.0,16857.14285714286,3,cayenne
bmw,serie 1,2011.0,gasoline,195000,manual,7cv,1598,hatchback,good,standard,5 seats,5 doors,used,47000.0,2026-03,5.0,5.0,1598.0,195000.0,15.0,13000.0,3,serie 1
hyundai,i20,2021.0,gasoline,117000,manual,5cv,1197,hatchback,good,standard,5 seats,5 doors,used,45500.0,2026-03,5.0,5.0,1197.0,117000.0,5.0,23400.0,2,i20
gwm,haval jolion,2022.0,gasoline,100000,automatic,9cv,1479,suv 4x2,good,standard,5 seats,5 doors,used,79900.0,2026-03,5.0,5.0,1479.0,100000.0,4.0,25000.0,2,haval jolion
citroen,jumper,2022.0,diesel,158000,manual,7cv,1052,light commercial,good,standard,3 seats,4 doors,used,69900.0,2026-03,3.0,4.0,1052.0,158000.0,4.0,39500.0,2,jumper
volkswagen,new beetle,2013.0,gasoline,213000,manual,6cv,903,hatchback,good,standard,5 seats,2 doors,used,39900.0,2026-03,5.0,2.0,903.0,213000.0,13.0,16384.615384615383,3,volkswagen_hatchback
mazda,cx-9,2019.0,gasoline,168000,automatic,15cv,2488,suv 4x2,good,standard,7 seats,5 doors,used,82000.0,2026-03,7.0,5.0,2488.0,168000.0,7.0,24000.0,2,mazda_suv 4x2
kia,rio,2019.0,gasoline,91000,automatic,6cv,1368,sedan,good,standard,5 seats,4 doors,used,49900.0,2026-03,5.0,4.0,1368.0,91000.0,7.0,13000.0,2,rio
opel,astra,2021.0,gasoline,75000,manual,6cv,1199,hatchback,good,standard,5 seats,5 doors,used,50000.0,2026-03,5.0,5.0,1199.0,75000.0,5.0,15000.0,2,astra
mercedes,classe a,2017.0,gasoline,169000,manual,6cv,1595,hatchback,good,standard,5 seats,5 doors,used,54500.0,2026-03,5.0,5.0,1595.0,169000.0,9.0,18777.777777777777,3,classe a
hyundai,i20,2013.0,gasoline,164000,manual,4cv,1248,hatchback,good,standard,5 seats,5 doors,used,31500.0,2026-03,5.0,5.0,1248.0,164000.0,13.0,12615.384615384615,3,i20
toyota,hilux ,2018.0,diesel,120000,automatic,8cv,2400,pickup 4x2,good,standard,5 seats,4 doors,used,140000.0,2026-03,5.0,4.0,2400.0,120000.0,8.0,15000.0,2,hilux 
mercedes,amg gt,2021.0,gasoline,57000,automatic,24cv,2999,sedan,good,standard,4 seats,4 doors,used,449000.0,2026-03,4.0,4.0,2999.0,57000.0,5.0,11400.0,2,mercedes_sedan
land rover,range rover sport,2009.0,diesel,228000,automatic,13cv,2700,suv 4x4,good,standard,5 seats,5 doors,used,68000.0,2026-03,5.0,5.0,2700.0,228000.0,17.0,13411.764705882351,4,range rover sport
skoda,yeti,2016.0,gasoline,224000,automatic,7cv,1598,suv 4x2,good,standard,5 seats,5 doors,used,37000.0,2026-03,5.0,5.0,1598.0,224000.0,10.0,22400.0,3,skoda_suv 4x2
isuzu,dmax,2017.0,diesel,38000,automatic,8cv,2500,suv 4x4,good,standard,7 seats,5 doors,used,140000.0,2026-03,7.0,5.0,2500.0,38000.0,9.0,4222.222222222223,3,dmax
isuzu,dmax ,2019.0,diesel,176000,manual,8cv,2500,pickup 4x2,good,standard,3 seats,2 doors,used,63000.0,2026-03,3.0,2.0,2500.0,176000.0,7.0,25142.85714285714,2,dmax 
audi,q3,2020.0,gasoline,98000,manual,8cv,1500,suv 4x2,good,s line,5 seats,5 doors,used,125000.0,2026-03,5.0,5.0,1500.0,98000.0,6.0,16333.333333333334,2,q3
kia,sportage,2013.0,diesel,275000,automatic,11cv,1998,suv 4x2,good,standard,5 seats,5 doors,used,44500.0,2026-03,5.0,5.0,1998.0,275000.0,13.0,21153.846153846152,3,sportage
gwm,poer mt,2023.0,diesel,100000,manual,11cv,1996,pickup 4x2,good,standard,5 seats,5 doors,used,78000.0,2026-03,5.0,5.0,1996.0,100000.0,3.0,33333.333333333336,1,gwm_pickup 4x2
chevrolet,captiva,2023.0,gasoline,23000,automatic,9cv,1451,suv 4x2,good,standard,7 seats,5 doors,used,87000.0,2026-03,7.0,5.0,1451.0,23000.0,3.0,7666.666666666667,1,captiva
bmw,x5,2010.0,gasoline,211000,automatic,19cv,2998,suv 4x2,good,standard,5 seats,5 doors,used,75000.0,2026-03,5.0,5.0,2998.0,211000.0,16.0,13187.5,4,x5
kia,sportage,2023.0,gasoline,86000,automatic,10cv,1598,suv 4x2,good,standard,5 seats,5 doors,used,109000.0,2026-03,5.0,5.0,1598.0,86000.0,3.0,28666.666666666668,1,sportage
wallyscar,719,2023.0,gasoline,67000,manual,7cv,1587,sedan,good,standard,5 seats,4 doors,used,31000.0,2026-03,5.0,4.0,1587.0,67000.0,3.0,22333.33333333333,1,719
volkswagen,polo 8,2021.0,gasoline,83000,manual,4cv,999,hatchback,good,standard,5 seats,5 doors,used,55000.0,2026-03,5.0,5.0,999.0,83000.0,5.0,16600.0,2,polo 8
mercedes,classe c,2024.0,gasoline,11000,automatic,9cv,1496,sedan,good,standard,5 seats,4 doors,used,240000.0,2026-03,5.0,4.0,1496.0,11000.0,2.0,5500.0,1,classe c
mercedes,gl,2016.0,diesel,94000,automatic,16cv,2998,suv 4x4,good,standard,7 seats,5 doors,used,180000.0,2026-03,7.0,5.0,2998.0,94000.0,10.0,9400.0,3,mercedes_suv 4x4
kia,sportage,2021.0,gasoline,149000,automatic,11cv,1591,suv 4x2,good,standard,5 seats,5 doors,used,95000.0,2026-03,5.0,5.0,1591.0,149000.0,5.0,29800.0,2,sportage
mini,cooper,2015.0,gasoline,226000,manual,4cv,1198,hatchback,good,standard,5 seats,3 doors,used,32000.0,2026-03,5.0,3.0,1198.0,226000.0,11.0,20545.454545454544,3,cooper
volkswagen,polo,2022.0,gasoline,80000,manual,5cv,1398,sedan,good,standard,5 seats,5 doors,used,51000.0,2026-03,5.0,5.0,1398.0,80000.0,4.0,20000.0,2,polo
audi,a3,2014.0,gasoline,194000,manual,5cv,1198,hatchback,good,standard,5 seats,5 doors,used,48500.0,2026-03,5.0,5.0,1198.0,194000.0,12.0,16166.666666666666,3,a3
nissan,juke,2013.0,gasoline,224000,manual,5cv,1600,suv 4x2,good,standard,5 seats,5 doors,used,34900.0,2026-03,5.0,5.0,1600.0,224000.0,13.0,17230.76923076923,3,juke
suzuki,swift,2021.0,gasoline,132000,manual,5cv,1198,hatchback,good,standard,5 seats,5 doors,used,37900.0,2026-03,5.0,5.0,1198.0,132000.0,5.0,26400.0,2,swift
kia,sportage,2021.0,diesel,98000,automatic,7cv,1598,suv 4x2,good,standard,5 seats,5 doors,used,105000.0,2026-03,5.0,5.0,1598.0,98000.0,5.0,19600.0,2,sportage
mercedes,classe c,2013.0,gasoline,221000,automatic,11cv,1798,sedan,good,standard,5 seats,5 doors,used,64000.0,2026-03,5.0,5.0,1798.0,221000.0,13.0,17000.0,3,classe c
hyundai,i20,2018.0,gasoline,82000,manual,5cv,1197,hatchback,good,standard,5 seats,5 doors,used,42000.0,2026-03,5.0,5.0,1197.0,82000.0,8.0,10250.0,2,i20
mazda,6,2015.0,gasoline,190000,automatic,9cv,1998,sedan,good,standard,5 seats,5 doors,used,40000.0,2026-03,5.0,5.0,1998.0,190000.0,11.0,17272.727272727272,3,6
mercedes,gle coupe,2017.0,gasoline,87000,automatic,23cv,2998,suv 4x4,good,standard,5 seats,5 doors,used,260000.0,2026-03,5.0,5.0,2998.0,87000.0,9.0,9666.666666666666,3,gle coupe
mercedes,gle,2020.0,diesel,95000,automatic,14cv,1998,suv 4x4,good,standard,7 seats,5 doors,used,335000.0,2026-03,7.0,5.0,1998.0,95000.0,6.0,15833.333333333334,2,gle
suzuki,jimny,2023.0,gasoline,24000,automatic,6cv,1462,suv 4x2,good,standard,5 seats,3 doors,used,95000.0,2026-03,4.0,3.0,1462.0,24000.0,3.0,8000.0,1,jimny
mercedes,cla,2014.0,gasoline,135000,manual,7cv,1598,sedan,good,standard,5 seats,5 doors,used,72500.0,2026-03,5.0,5.0,1598.0,135000.0,12.0,11250.0,3,cla
mercedes,classe c,2009.0,gasoline,193000,manual,9cv,1598,sedan,good,standard,5 seats,5 doors,used,45000.0,2026-03,5.0,5.0,1598.0,193000.0,17.0,11352.941176470587,4,classe c
ford,kuga,2022.0,gasoline,78000,automatic,10cv,1496,suv 4x2,good,standard,5 seats,5 doors,used,90000.0,2026-03,5.0,5.0,1496.0,78000.0,4.0,19500.0,2,kuga
audi,q3,2021.0,gasoline,85000,automatic,9cv,1498,suv 4x2,good,s line,5 seats,5 doors,used,134900.0,2026-03,5.0,5.0,1498.0,85000.0,5.0,17000.0,2,q3
nissan,micra,2016.0,gasoline,188000,manual,5cv,1198,hatchback,good,standard,5 seats,5 doors,used,28500.0,2026-03,5.0,5.0,1198.0,188000.0,10.0,18800.0,3,micra
kia,sportage,2018.0,diesel,116000,automatic,7cv,1698,suv 4x2,good,standard,5 seats,5 doors,used,85000.0,2026-03,5.0,5.0,1698.0,116000.0,8.0,14500.0,2,sportage
land rover,range rover sport,2019.0,gasoline,130000,automatic,24cv,2995,suv 4x4,good,standard,5 seats,5 doors,used,270000.0,2026-03,5.0,5.0,2995.0,130000.0,7.0,18571.42857142857,2,range rover sport
gwm,haval h2,2020.0,gasoline,142000,automatic,9cv,1497,suv 4x2,good,standard,5 seats,5 doors,used,59500.0,2026-03,5.0,5.0,1497.0,142000.0,6.0,23666.666666666668,2,gwm_suv 4x2
lancia,ypsilon,2011.0,gasoline,133000,manual,4cv,1242,hatchback,good,standard,4 seats,2 doors,used,28500.0,2026-03,4.0,2.0,1242.0,133000.0,15.0,8866.666666666666,3,lancia_hatchback
skoda,octavia,2018.0,gasoline,128000,automatic,8cv,1395,sedan,good,standard,5 seats,4 doors,used,55000.0,2026-03,5.0,4.0,1395.0,128000.0,8.0,16000.0,2,octavia
peugeot,4008,2014.0,gasoline,157000,manual,9cv,1998,suv 4x2,good,standard,5 seats,5 doors,used,43500.0,2026-03,5.0,5.0,1998.0,157000.0,12.0,13083.333333333334,3,peugeot_suv 4x2
mercedes,classe c,2010.0,diesel,386000,manual,7cv,2198,sedan,good,standard,5 seats,5 doors,used,42000.0,2026-03,5.0,5.0,2198.0,386000.0,16.0,24125.0,4,classe c
skoda,fabia,2021.0,gasoline,135000,manual,4cv,999,hatchback,good,standard,5 seats,5 doors,used,42000.0,2026-03,5.0,5.0,999.0,135000.0,5.0,27000.0,2,fabia
citroen,c4,2008.0,gasoline,289000,manual,6cv,1398,hatchback,good,standard,5 seats,4 doors,used,24000.0,2026-03,5.0,4.0,1398.0,289000.0,18.0,16055.555555555557,4,c4
mercedes,classe c,2022.0,gasoline,91000,automatic,9cv,1496,sedan,good,standard,5 seats,4 doors,used,188000.0,2026-03,5.0,4.0,1496.0,91000.0,4.0,22750.0,2,classe c
mercedes,classe c,2020.0,gasoline,116000,automatic,9cv,1497,sedan,good,standard,5 seats,4 doors,used,129000.0,2026-03,5.0,4.0,1497.0,116000.0,6.0,19333.33333333333,2,classe c
volkswagen,golf 7,2020.0,gasoline,99000,automatic,6cv,1197,hatchback,good,standard,5 seats,5 doors,used,73000.0,2026-03,5.0,5.0,1197.0,99000.0,6.0,16500.0,2,golf 7
mercedes,classe a,2021.0,gasoline,61000,automatic,7cv,1332,hatchback,good,standard,5 seats,5 doors,used,129000.0,2026-03,5.0,5.0,1332.0,61000.0,5.0,12200.0,2,classe a
peugeot,3008,2017.0,diesel,182000,manual,6cv,1598,suv 4x2,good,standard,5 seats,5 doors,used,73500.0,2026-03,5.0,5.0,1598.0,182000.0,9.0,20222.222222222223,3,3008
jeep,grand cherokee,2002.0,diesel,317000,automatic,11cv,3098,suv 4x2,good,standard,5 seats,5 doors,used,44900.0,2026-03,5.0,5.0,3098.0,317000.0,24.0,13208.333333333334,4,grand cherokee
land rover,range rover evoque,2021.0,gasoline,29000,automatic,7cv,1498,suv 4x4,good,standard,5 seats,5 doors,used,205000.0,2026-03,5.0,5.0,1498.0,29000.0,5.0,5800.0,2,range rover evoque
porsche,cayenne,2008.0,gasoline,230000,automatic,21cv,3600,suv 4x4,good,standard,5 seats,5 doors,used,65500.0,2026-03,5.0,5.0,3598.0,230000.0,18.0,12777.777777777776,4,cayenne
byd,tang,2023.0,gasoline,44000,automatic,11cv,1999,suv 4x2,good,standard,7 seats,5 doors,used,97000.0,2026-03,7.0,5.0,1999.0,44000.0,3.0,14666.666666666666,1,byd_suv 4x2
bmw,serie 1,2018.0,gasoline,114000,manual,7cv,1498,hatchback,good,standard,5 seats,4 doors,used,85000.0,2026-03,5.0,4.0,1498.0,114000.0,8.0,14250.0,2,serie 1
mini,cooper,2009.0,gasoline,297000,manual,5cv,1398,hatchback,good,standard,5 seats,3 doors,used,25500.0,2026-03,4.0,2.0,1398.0,297000.0,17.0,17470.58823529412,4,cooper
audi,q5,2013.0,diesel,258000,automatic,10cv,1968,suv 4x2,good,standard,5 seats,5 doors,used,72000.0,2026-03,5.0,5.0,1968.0,258000.0,13.0,19846.153846153848,3,q5
volkswagen,golf 8,2021.0,gasoline,84000,manual,6cv,999,hatchback,good,standard,5 seats,5 doors,used,80000.0,2026-03,5.0,5.0,999.0,84000.0,5.0,16800.0,2,golf 8
kia,sportage,2016.0,diesel,181000,automatic,10cv,1998,suv 4x2,good,standard,5 seats,5 doors,used,85000.0,2026-03,5.0,5.0,1998.0,181000.0,10.0,18100.0,3,sportage
toyota,hilux ,1996.0,diesel,278000,manual,11cv,2798,pickup 4x2,good,standard,5 seats,4 doors,used,33000.0,2026-03,5.0,4.0,2798.0,278000.0,30.0,9266.666666666666,4,hilux 
kia,sportage,2019.0,gasoline,65000,automatic,8cv,1591,suv 4x2,good,standard,5 seats,5 doors,used,79900.0,2026-03,5.0,5.0,1591.0,65000.0,7.0,9285.714285714286,2,sportage
kia,rio,2020.0,gasoline,121000,manual,6cv,1368,sedan,good,standard,5 seats,4 doors,used,47500.0,2026-03,5.0,4.0,1368.0,121000.0,6.0,20166.666666666668,2,rio
mercedes,cla,2020.0,gasoline,44000,automatic,7cv,1332,sedan,good,standard,5 seats,4 doors,used,140000.0,2026-03,5.0,4.0,1332.0,44000.0,6.0,7333.333333333333,2,cla
mahindra,kuv 100,2018.0,gasoline,98000,manual,5cv,1198,suv 4x2,good,standard,5 seats,5 doors,used,32000.0,2026-03,5.0,5.0,1198.0,98000.0,8.0,12250.0,2,kuv 100
audi,q7,2010.0,diesel,262000,automatic,16cv,2999,suv 4x4,good,standard,7 seats,5 doors,used,59000.0,2026-03,7.0,5.0,2999.0,262000.0,16.0,16375.0,4,q7
kia,sportage,2021.0,gasoline,111000,automatic,8cv,1591,suv 4x2,good,standard,5 seats,5 doors,used,88000.0,2026-03,5.0,5.0,1591.0,111000.0,5.0,22200.0,2,sportage
mercedes,gla,2022.0,gasoline,82000,automatic,7cv,1332,crossover,good,standard,5 seats,5 doors,used,155000.0,2026-03,5.0,5.0,1332.0,82000.0,4.0,20500.0,2,gla
audi,e-tron,2020.0,electric,32000,automatic,12cv,unknown,suv 4x2,good,s line,5 seats,5 doors,used,159000.0,2026-03,5.0,5.0,,32000.0,6.0,5333.333333333333,2,e-tron
opel,astra,2021.0,gasoline,95000,manual,6cv,1199,hatchback,good,standard,5 seats,5 doors,used,49900.0,2026-03,5.0,5.0,1199.0,95000.0,5.0,19000.0,2,astra
volkswagen,golf 8,2023.0,gasoline,55000,automatic,8cv,1395,hatchback,good,standard,5 seats,5 doors,used,120000.0,2026-03,5.0,5.0,1395.0,55000.0,3.0,18333.33333333333,1,golf 8
audi,q5,2008.0,diesel,370000,automatic,15cv,2998,suv 4x2,good,standard,5 seats,5 doors,used,60000.0,2026-03,5.0,5.0,2998.0,370000.0,18.0,20555.555555555555,4,q5
mercedes,eqs,2022.0,unknown,51000,automatic,8cv,unknown,sedan,good,standard,5 seats,4 doors,used,350000.0,2026-03,5.0,4.0,,51000.0,4.0,12750.0,2,mercedes_sedan
mazda,cx-5,2014.0,gasoline,296000,automatic,9cv,1997,suv 4x2,good,standard,5 seats,5 doors,used,48000.0,2026-03,5.0,5.0,1997.0,296000.0,12.0,24666.666666666668,3,mazda_suv 4x2
peugeot,expert,2021.0,diesel,133000,manual,7cv,2179,light commercial,good,standard,3 seats,3 doors,used,79000.0,2026-03,3.0,3.0,2179.0,133000.0,5.0,26600.0,2,expert
audi,e-tron,2019.0,electric,55000,automatic,12cv,unknown,suv 4x2,good,standard,5 seats,5 doors,used,170000.0,2026-03,5.0,5.0,,55000.0,7.0,7857.142857142857,2,e-tron
mercedes,classe c,2020.0,gasoline,55000,automatic,8cv,1497,sedan,good,standard,5 seats,4 doors,used,149000.0,2026-03,5.0,4.0,1497.0,55000.0,6.0,9166.666666666666,2,classe c
jeep,renegade,2020.0,gasoline,105000,manual,8cv,1368,suv 4x2,good,standard,5 seats,5 doors,used,70000.0,2026-03,5.0,5.0,1368.0,105000.0,6.0,17500.0,2,renegade
gwm,haval h6,2024.0,gasoline,23000,automatic,8cv,1499,suv 4x2,good,standard,5 seats,5 doors,used,115000.0,2026-03,5.0,5.0,1499.0,23000.0,2.0,11500.0,1,haval h6
volkswagen,caddy,2017.0,diesel,202000,manual,5cv,1598,light commercial,good,standard,2 seats,4 doors,used,37000.0,2026-03,2.0,4.0,1598.0,202000.0,9.0,22444.444444444445,3,caddy
bmw,serie 5,2008.0,diesel,224000,manual,10cv,1998,sedan,good,standard,5 seats,5 doors,used,57500.0,2026-03,5.0,5.0,1998.0,224000.0,18.0,12444.444444444443,4,serie 5
mercedes,eqb,2023.0,unknown,9000,automatic,8cv,unknown,suv 4x2,good,standard,5 seats,4 doors,used,185000.0,2026-03,5.0,4.0,,9000.0,3.0,3000.0,1,mercedes_suv 4x2
volkswagen,tiguan,2013.0,diesel,220000,automatic,9cv,1968,suv 4x2,good,standard,5 seats,5 doors,used,64000.0,2026-03,5.0,5.0,1968.0,220000.0,13.0,16923.076923076922,3,tiguan
kia,stonic,2021.0,gasoline,56000,automatic,6cv,999,suv 4x2,good,standard,5 seats,4 doors,used,79000.0,2026-03,5.0,4.0,999.0,56000.0,5.0,11200.0,2,stonic
mercedes,classe c,2018.0,diesel,87000,automatic,7cv,2198,sedan,good,standard,4 seats,5 doors,used,110000.0,2026-03,4.0,5.0,2198.0,87000.0,8.0,10875.0,2,classe c
porsche,panamera,2013.0,gasoline,151000,automatic,20cv,3598,sedan,good,standard,4 seats,5 doors,used,130000.0,2026-03,4.0,5.0,3598.0,151000.0,13.0,11615.384615384615,3,panamera
renault,clio,2021.0,gasoline,89000,manual,5cv,898,hatchback,good,standard,5 seats,4 doors,used,43000.0,2026-03,5.0,4.0,898.0,89000.0,5.0,17800.0,2,clio
mercedes,classe c,2016.0,diesel,98000,automatic,6cv,1598,sedan,good,standard,4 seats,5 doors,used,107000.0,2026-03,4.0,5.0,1598.0,98000.0,10.0,9800.0,3,classe c
kia,rio,2020.0,gasoline,80000,manual,5cv,1197,hatchback,good,standard,5 seats,5 doors,used,55000.0,2026-03,5.0,5.0,1197.0,80000.0,6.0,13333.333333333334,2,rio
renault,koleos,2010.0,diesel,200000,automatic,10cv,1988,suv 4x2,good,standard,5 seats,4 doors,used,29500.0,2026-03,5.0,4.0,1988.0,200000.0,16.0,12500.0,4,renault_suv 4x2
volkswagen,passat,2011.0,diesel,287000,manual,5cv,1598,sedan,good,standard,5 seats,4 doors,used,43500.0,2026-03,5.0,4.0,1598.0,287000.0,15.0,19133.33333333333,3,passat
bmw,x5,2016.0,gasoline,70000,automatic,unknowncv,4398,suv 4x2,good,standard,5 seats,5 doors,used,297000.0,2026-03,5.0,5.0,4398.0,70000.0,10.0,7000.0,3,x5
mercedes,classe c,2008.0,diesel,404000,automatic,8cv,2198,sedan,good,standard,5 seats,5 doors,used,37000.0,2026-03,5.0,5.0,2198.0,404000.0,18.0,22444.444444444445,4,classe c
mercedes,classe a,2019.0,diesel,145000,automatic,6cv,1461,hatchback,good,standard,5 seats,4 doors,used,115000.0,2026-03,5.0,4.0,1461.0,145000.0,7.0,20714.28571428572,2,classe a
volkswagen,golf 8,2020.0,gasoline,105000,manual,6cv,999,hatchback,good,standard,5 seats,4 doors,used,78000.0,2026-03,5.0,4.0,999.0,105000.0,6.0,17500.0,2,golf 8
kia,sportage,2019.0,diesel,81000,automatic,7cv,1598,suv 4x2,good,standard,5 seats,5 doors,used,90000.0,2026-03,5.0,5.0,1598.0,81000.0,7.0,11571.42857142857,2,sportage
chevrolet,camaro,2015.0,gasoline,135000,manual,21cv,3600,coupe,good,standard,4 seats,2 doors,used,130000.0,2026-03,4.0,2.0,3600.0,135000.0,11.0,12272.727272727272,3,chevrolet_coupe
fiat,500,2017.0,gasoline,39000,manual,4cv,1242,hatchback,good,standard,4 seats,2 doors,used,45500.0,2026-03,4.0,2.0,1242.0,39000.0,9.0,4333.333333333333,3,500
bmw,x5,2007.0,diesel,362000,automatic,15cv,2998,suv 4x2,good,standard,7 seats,5 doors,used,55000.0,2026-03,7.0,5.0,2998.0,362000.0,19.0,19052.63157894737,4,x5
volkswagen,golf 7,2019.0,gasoline,117000,automatic,6cv,1197,hatchback,good,standard,5 seats,5 doors,used,63000.0,2026-03,5.0,5.0,1197.0,117000.0,7.0,16714.285714285714,2,golf 7
renault,megane 4,2019.0,gasoline,123000,manual,7cv,1197,sedan,good,standard,5 seats,4 doors,used,44000.0,2026-03,5.0,4.0,1197.0,123000.0,7.0,17571.428571428572,2,megane 4
gwm,haval h6,2022.0,gasoline,22000,automatic,8cv,1499,suv 4x2,good,standard,5 seats,5 doors,used,102000.0,2026-03,5.0,5.0,1499.0,22000.0,4.0,5500.0,2,haval h6
fiat,fiorino,2023.0,diesel,47000,manual,5cv,1248,light commercial,good,standard,2 seats,2 doors,used,61000.0,2026-03,2.0,2.0,1248.0,47000.0,3.0,15666.666666666666,1,fiorino
toyota,prado,2014.0,gasoline,75000,manual,11cv,2698,suv 4x4,good,standard,5 seats,4 doors,used,190000.0,2026-03,5.0,4.0,2698.0,75000.0,12.0,6250.0,3,prado
kia,stonic,2021.0,gasoline,91000,manual,6cv,999,suv 4x2,good,standard,5 seats,4 doors,used,69000.0,2026-03,5.0,4.0,999.0,91000.0,5.0,18200.0,2,stonic
mercedes,classe c,2008.0,diesel,414000,automatic,10cv,2198,sedan,good,standard,5 seats,4 doors,used,49000.0,2026-03,5.0,4.0,2198.0,414000.0,18.0,23000.0,4,classe c
hyundai,veloster,2017.0,gasoline,158000,automatic,8cv,1591,hatchback,good,standard,4 seats,4 doors,used,42000.0,2026-03,4.0,4.0,1591.0,158000.0,9.0,17555.555555555555,3,hyundai_hatchback
jaguar,f-pace,2016.0,diesel,200000,automatic,10cv,1999,suv 4x4,good,standard,5 seats,5 doors,used,139000.0,2026-03,5.0,5.0,1999.0,200000.0,10.0,20000.0,3,jaguar_suv 4x4
land rover,range rover evoque,2017.0,diesel,144000,automatic,8cv,1999,suv 4x4,good,standard,5 seats,5 doors,used,89000.0,2026-03,5.0,5.0,1999.0,144000.0,9.0,16000.0,3,range rover evoque
peugeot,rcz,2011.0,gasoline,92000,manual,9cv,1598,coupe,good,standard,4 seats,2 doors,used,39900.0,2026-03,4.0,2.0,1598.0,92000.0,15.0,6133.333333333333,3,peugeot_coupe
jeep,compass,2023.0,gasoline,37000,automatic,8cv,1332,suv 4x2,good,standard,5 seats,4 doors,used,145000.0,2026-03,5.0,4.0,1332.0,37000.0,3.0,12333.333333333334,1,compass
land rover,range rover evoque,2016.0,diesel,154000,automatic,11cv,2179,suv 4x4,good,standard,5 seats,5 doors,used,119000.0,2026-03,5.0,5.0,2179.0,154000.0,10.0,15400.0,3,range rover evoque
kia,sportage,2018.0,gasoline,181000,automatic,8cv,1591,suv 4x2,good,standard,5 seats,5 doors,used,65000.0,2026-03,5.0,5.0,1591.0,181000.0,8.0,22625.0,2,sportage
mercedes,classe x,2019.0,diesel,152000,automatic,8cv,2289,pickup 4x4,good,standard,5 seats,4 doors,used,155000.0,2026-03,5.0,4.0,2289.0,152000.0,7.0,21714.28571428572,2,classe x
peugeot,rifter,2020.0,diesel,195000,manual,5cv,1560,mpv,good,standard,5 seats,5 doors,used,82000.0,2026-03,5.0,5.0,1560.0,195000.0,6.0,32500.0,2,rifter
fiat,tipo,2022.0,gasoline,26000,manual,5cv,1368,sedan,good,standard,5 seats,5 doors,used,59500.0,2026-03,5.0,5.0,1368.0,26000.0,4.0,6500.0,2,tipo
citroen,jumpy,2022.0,diesel,123000,manual,7cv,1988,light commercial,good,standard,3 seats,3 doors,used,64000.0,2026-03,3.0,3.0,1988.0,123000.0,4.0,30750.0,2,jumpy
kia,sportage,2019.0,gasoline,85000,automatic,8cv,1591,suv 4x2,good,standard,5 seats,5 doors,used,75000.0,2026-03,5.0,5.0,1591.0,85000.0,7.0,12142.857142857143,2,sportage
volkswagen,golf 7,2018.0,gasoline,134000,automatic,6cv,1197,hatchback,good,standard,5 seats,5 doors,used,65000.0,2026-03,5.0,5.0,1197.0,134000.0,8.0,16750.0,2,golf 7
ford,ranger,2013.0,diesel,230000,manual,7cv,2198,pickup 4x2,good,standard,5 seats,4 doors,used,92500.0,2026-03,5.0,4.0,2198.0,230000.0,13.0,17692.30769230769,3,ranger
volkswagen,passat,2021.0,gasoline,190000,automatic,8cv,1395,sedan,good,standard,5 seats,4 doors,used,89000.0,2026-03,5.0,4.0,1395.0,190000.0,5.0,38000.0,2,passat
bmw,serie 4,2014.0,gasoline,178000,automatic,10cv,1997,coupe,good,standard,4 seats,2 doors,used,73000.0,2026-03,4.0,2.0,1997.0,178000.0,12.0,14833.333333333334,3,serie 4
renault,megane 3,2009.0,diesel,309000,manual,6cv,1498,hatchback,good,standard,5 seats,4 doors,used,32000.0,2026-03,5.0,4.0,1498.0,309000.0,17.0,18176.470588235294,4,megane 3
bmw,serie 1,2018.0,gasoline,112000,manual,7cv,1498,hatchback,good,standard,5 seats,4 doors,used,72000.0,2026-03,5.0,4.0,1498.0,112000.0,8.0,14000.0,2,serie 1
seat,arona,2023.0,gasoline,90000,automatic,6cv,999,suv 4x2,good,standard,5 seats,5 doors,used,79500.0,2026-03,5.0,5.0,999.0,90000.0,3.0,30000.0,1,arona
volkswagen,golf 7,2019.0,gasoline,175000,automatic,6cv,1198,hatchback,good,standard,5 seats,4 doors,used,61000.0,2026-03,5.0,4.0,1198.0,175000.0,7.0,25000.0,2,golf 7
mercedes,classe c,2017.0,gasoline,76000,automatic,15cv,1998,sedan,good,standard,5 seats,4 doors,used,145000.0,2026-03,5.0,4.0,1998.0,76000.0,9.0,8444.444444444445,3,classe c
kia,sportage,2017.0,diesel,268000,automatic,10cv,1995,suv 4x2,good,standard,5 seats,5 doors,used,87000.0,2026-03,5.0,5.0,1995.0,268000.0,9.0,29777.777777777777,3,sportage
citroen,ds5,2013.0,diesel,263000,automatic,6cv,1598,hatchback,good,standard,5 seats,4 doors,used,48500.0,2026-03,5.0,4.0,1598.0,263000.0,13.0,20230.76923076923,3,citroen_hatchback
ford,focus,2018.0,gasoline,132000,automatic,7cv,999,hatchback,good,standard,5 seats,4 doors,used,50000.0,2026-03,5.0,4.0,999.0,132000.0,8.0,16500.0,2,focus
hummer,h3,2007.0,gasoline,96000,automatic,19cv,3698,suv 4x2,good,standard,5 seats,4 doors,used,100000.0,2026-03,5.0,4.0,3698.0,96000.0,19.0,5052.631578947368,4,hummer_suv 4x2
jeep,renegade,2019.0,gasoline,150000,automatic,8cv,1368,suv 4x2,good,standard,5 seats,4 doors,used,64000.0,2026-03,5.0,4.0,1368.0,150000.0,7.0,21428.571428571428,2,renegade
peugeot,partner,2021.0,diesel,261000,manual,5cv,1598,light commercial,good,standard,3 seats,2 doors,used,42000.0,2026-03,3.0,2.0,1598.0,261000.0,5.0,52200.0,2,partner
citroen,c3,2019.0,gasoline,69000,manual,4cv,1199,hatchback,good,standard,5 seats,5 doors,used,44000.0,2026-03,5.0,5.0,1199.0,69000.0,7.0,9857.142857142857,2,c3
audi,q5,2014.0,gasoline,230000,manual,14cv,1998,suv 4x2,good,standard,5 seats,4 doors,used,59000.0,2026-03,5.0,4.0,1998.0,230000.0,12.0,19166.666666666668,3,q5
porsche,cayenne,2012.0,gasoline,90000,automatic,21cv,3199,suv 4x4,good,standard,5 seats,4 doors,used,155000.0,2026-03,5.0,4.0,3199.0,90000.0,14.0,6428.571428571428,3,cayenne
mercedes,classe e,2014.0,gasoline,210000,automatic,10cv,1991,sedan,good,standard,5 seats,4 doors,used,79000.0,2026-03,5.0,4.0,1991.0,210000.0,12.0,17500.0,3,classe e
kia,sportage,2019.0,diesel,173000,automatic,8cv,1598,suv 4x2,good,standard,5 seats,5 doors,used,92000.0,2026-03,5.0,5.0,1598.0,173000.0,7.0,24714.28571428572,2,sportage
land rover,defender 110,2020.0,diesel,97000,automatic,12cv,1998,suv 4x2,good,standard,5 seats,4 doors,used,295000.0,2026-03,5.0,4.0,1998.0,97000.0,6.0,16166.666666666666,2,land rover_suv 4x2
audi,q5,2009.0,gasoline,194000,automatic,13cv,1998,suv 4x2,good,standard,5 seats,4 doors,used,45000.0,2026-03,5.0,4.0,1998.0,194000.0,17.0,11411.764705882351,4,q5
kia,sportage,2013.0,diesel,405000,automatic,11cv,1998,suv 4x2,good,standard,5 seats,5 doors,used,46000.0,2026-03,5.0,5.0,1998.0,405000.0,13.0,31153.846153846152,3,sportage
land rover,range rover sport,2016.0,diesel,164000,automatic,16cv,3000,suv 4x4,good,standard,5 seats,4 doors,used,160000.0,2026-03,5.0,4.0,2998.0,164000.0,10.0,16400.0,3,range rover sport
skoda,octavia,2015.0,gasoline,135000,automatic,7cv,1395,sedan,good,standard,5 seats,4 doors,used,40000.0,2026-03,5.0,4.0,1395.0,135000.0,11.0,12272.727272727272,3,octavia
mercedes,classe c,2023.0,gasoline,41000,automatic,9cv,1496,sedan,good,standard,5 seats,4 doors,used,209000.0,2026-03,5.0,4.0,1496.0,41000.0,3.0,13666.666666666666,1,classe c
mg,hs,2021.0,gasoline,110000,automatic,10cv,1490,suv 4x2,good,standard,5 seats,4 doors,used,79000.0,2026-03,5.0,4.0,1490.0,110000.0,5.0,22000.0,2,hs
byd,song,2022.0,gasoline,45000,automatic,9cv,1497,suv 4x2,good,standard,5 seats,4 doors,used,75000.0,2026-03,5.0,4.0,1497.0,45000.0,4.0,11250.0,2,byd_suv 4x2
mazda,cx-3,2018.0,gasoline,82000,automatic,9cv,1998,suv 4x2,good,standard,5 seats,4 doors,used,85000.0,2026-03,5.0,4.0,1998.0,82000.0,8.0,10250.0,2,mazda_suv 4x2
hyundai,tucson,2021.0,hybrid,113000,automatic,7cv,1598,suv 4x2,good,standard,5 seats,4 doors,used,105000.0,2026-03,5.0,4.0,1598.0,113000.0,5.0,22600.0,2,tucson
mazda,cx-7,2012.0,gasoline,190000,automatic,15cv,2261,suv 4x2,good,standard,5 seats,5 doors,used,34000.0,2026-03,5.0,5.0,2261.0,190000.0,14.0,13571.42857142857,3,mazda_suv 4x2
kia,sportage,2020.0,gasoline,112000,automatic,8cv,1591,suv 4x2,good,standard,5 seats,5 doors,used,80000.0,2026-03,5.0,5.0,1591.0,112000.0,6.0,18666.666666666668,2,sportage
kia,sportage,2020.0,gasoline,83000,automatic,11cv,1591,suv 4x2,good,standard,5 seats,5 doors,used,98000.0,2026-03,5.0,5.0,1591.0,83000.0,6.0,13833.333333333334,2,sportage
gwm,haval h6,2021.0,gasoline,130000,automatic,9cv,1499,suv 4x2,good,standard,5 seats,5 doors,used,74000.0,2026-03,5.0,5.0,1499.0,130000.0,5.0,26000.0,2,haval h6
jeep,grand cherokee,2016.0,gasoline,132000,automatic,20cv,3604,suv 4x2,good,standard,5 seats,4 doors,used,180000.0,2026-03,5.0,4.0,3604.0,132000.0,10.0,13200.0,3,grand cherokee
mercedes,ml,2009.0,diesel,240000,automatic,15cv,2987,suv 4x4,good,standard,5 seats,4 doors,used,59000.0,2026-03,5.0,4.0,2987.0,240000.0,17.0,14117.64705882353,4,ml
mg,5,2022.0,gasoline,26000,automatic,7cv,1498,sedan,good,standard,5 seats,4 doors,used,67000.0,2026-03,5.0,4.0,1498.0,26000.0,4.0,6500.0,2,5
ford,ranger,2020.0,diesel,70000,automatic,7cv,2198,pickup 4x2,good,standard,5 seats,5 doors,used,140000.0,2026-03,5.0,5.0,2198.0,70000.0,6.0,11666.666666666666,2,ranger
bmw,serie 3,2009.0,gasoline,232000,manual,7cv,1598,coupe,good,standard,4 seats,2 doors,used,39900.0,2026-03,4.0,2.0,1598.0,232000.0,17.0,13647.058823529413,4,serie 3
volkswagen,golf 8,2018.0,gasoline,72000,manual,6cv,999,hatchback,good,standard,5 seats,4 doors,used,75000.0,2026-03,5.0,4.0,999.0,72000.0,8.0,9000.0,2,golf 8
land rover,defender 110,2014.0,diesel,115000,manual,8cv,2198,suv 4x2,good,standard,5 seats,4 doors,used,200000.0,2026-03,5.0,4.0,2198.0,115000.0,12.0,9583.333333333334,3,land rover_suv 4x2
mercedes,classe e,2017.0,gasoline,252000,automatic,9cv,1598,sedan,good,standard,5 seats,4 doors,used,85000.0,2026-03,5.0,4.0,1598.0,252000.0,9.0,28000.0,3,classe e
bmw,serie 7,2012.0,diesel,200000,automatic,20cv,2998,sedan,good,standard,5 seats,4 doors,used,155500.0,2026-03,5.0,4.0,2998.0,200000.0,14.0,14285.714285714286,3,serie 7
mercedes,classe s,2007.0,gasoline,112000,automatic,19cv,3498,sedan,good,standard,5 seats,4 doors,used,62000.0,2026-03,5.0,4.0,3498.0,112000.0,19.0,5894.736842105263,4,classe s
audi,q3,2021.0,gasoline,122000,automatic,9cv,1498,suv 4x2,good,s line,5 seats,4 doors,used,135000.0,2026-03,5.0,4.0,1498.0,122000.0,5.0,24400.0,2,q3
isuzu,dmax ,2013.0,diesel,244000,manual,8cv,2498,pickup 4x2,good,standard,5 seats,4 doors,used,115000.0,2026-03,5.0,4.0,2498.0,244000.0,13.0,18769.23076923077,3,dmax 
porsche,cayenne,2008.0,gasoline,184000,automatic,21cv,3600,suv 4x4,good,standard,5 seats,5 doors,used,85000.0,2026-03,5.0,5.0,3598.0,184000.0,18.0,10222.222222222224,4,cayenne
land rover,velar,2019.0,diesel,60000,automatic,11cv,1998,suv 4x4,good,standard,5 seats,4 doors,used,295000.0,2026-03,5.0,4.0,1998.0,60000.0,7.0,8571.42857142857,2,velar
volkswagen,tiguan,2018.0,gasoline,104000,automatic,8cv,1398,suv 4x2,good,standard,5 seats,5 doors,used,117000.0,2026-03,5.0,5.0,1398.0,104000.0,8.0,13000.0,2,tiguan
bmw,x5,2010.0,diesel,159000,automatic,19cv,3498,suv 4x4,good,standard,5 seats,5 doors,used,86000.0,2026-03,5.0,5.0,3498.0,159000.0,16.0,9937.5,4,x5
land rover,range rover evoque,2015.0,diesel,130000,automatic,10cv,1998,suv 4x4,good,standard,5 seats,4 doors,used,110000.0,2026-03,5.0,4.0,1998.0,130000.0,11.0,11818.181818181818,3,range rover evoque
mercedes,classe c,2016.0,diesel,160000,automatic,6cv,1598,sedan,good,standard,5 seats,4 doors,used,84000.0,2026-03,5.0,4.0,1598.0,160000.0,10.0,16000.0,3,classe c
mercedes,classe e,2022.0,gasoline,15000,automatic,9cv,1498,sedan,good,standard,5 seats,4 doors,used,248000.0,2026-03,5.0,4.0,1498.0,15000.0,4.0,3750.0,2,classe e
nissan,patrol,1991.0,diesel,481000,manual,11cv,2798,suv 4x4,good,standard,4 seats,2 doors,used,37000.0,2026-03,4.0,2.0,2798.0,481000.0,35.0,13742.857142857143,4,nissan_suv 4x4
bmw,x5,2007.0,diesel,295000,automatic,16cv,2998,suv 4x2,good,standard,5 seats,4 doors,used,47000.0,2026-03,5.0,4.0,2998.0,295000.0,19.0,15526.315789473683,4,x5
toyota,land cruiser,1996.0,diesel,506000,manual,17cv,4198,suv 4x4,good,standard,5 seats,5 doors,used,67000.0,2026-03,5.0,5.0,4198.0,506000.0,30.0,16866.666666666668,4,toyota_suv 4x4
volkswagen,passat,2014.0,gasoline,191000,automatic,10cv,1798,sedan,good,standard,5 seats,4 doors,used,49500.0,2026-03,5.0,4.0,1798.0,191000.0,12.0,15916.666666666666,3,passat
mercedes,classe c,2017.0,gasoline,113000,automatic,8cv,1598,sedan,good,standard,5 seats,4 doors,used,135000.0,2026-03,5.0,4.0,1598.0,113000.0,9.0,12555.555555555557,3,classe c
bmw,serie 3,2018.0,gasoline,177000,automatic,7cv,1499,sedan,good,standard,5 seats,4 doors,used,78000.0,2026-03,5.0,4.0,1499.0,177000.0,8.0,22125.0,2,serie 3
bmw,serie 5,2013.0,gasoline,179000,automatic,10cv,1999,sedan,good,standard,5 seats,4 doors,used,79500.0,2026-03,5.0,4.0,1999.0,179000.0,13.0,13769.23076923077,3,serie 5
bmw,serie 4 gran coupe,2019.0,gasoline,99000,automatic,7cv,1498,sedan,good,standard,5 seats,4 doors,used,125000.0,2026-03,5.0,4.0,1498.0,99000.0,7.0,14142.857142857143,2,serie 4 gran coupe
mercedes,classe e,2017.0,gasoline,223000,automatic,9cv,1598,sedan,good,standard,5 seats,4 doors,used,105000.0,2026-03,5.0,4.0,1598.0,223000.0,9.0,24777.777777777777,3,classe e
toyota,hilux ,2019.0,diesel,114000,manual,8cv,2398,pickup 4x2,good,standard,5 seats,4 doors,used,149000.0,2026-03,5.0,4.0,2398.0,114000.0,7.0,16285.714285714286,2,hilux 
mercedes,classe c,2019.0,gasoline,112000,automatic,10cv,1498,sedan,good,standard,5 seats,4 doors,used,145000.0,2026-03,5.0,4.0,1498.0,112000.0,7.0,16000.0,2,classe c
porsche,cayenne,2012.0,diesel,195000,automatic,15cv,2999,suv 4x4,good,standard,5 seats,5 doors,used,155000.0,2026-03,5.0,5.0,2999.0,195000.0,14.0,13928.57142857143,3,cayenne
mitsubishi,pajero sport,1999.0,diesel,510000,manual,9cv,2498,suv 4x4,good,standard,5 seats,4 doors,used,45000.0,2026-03,5.0,4.0,2498.0,510000.0,27.0,18888.88888888889,4,mitsubishi_suv 4x4
audi,a4,2011.0,gasoline,233000,manual,7cv,1798,sedan,good,standard,5 seats,4 doors,used,37000.0,2026-03,5.0,4.0,1798.0,233000.0,15.0,15533.333333333334,3,a4
mercedes,classe e,2010.0,gasoline,199000,automatic,11cv,1796,sedan,good,standard,5 seats,4 doors,used,55000.0,2026-03,5.0,4.0,1796.0,199000.0,16.0,12437.5,4,classe e
fiat,500 c,2020.0,gasoline,20000,manual,4cv,999,hatchback,good,standard,4 seats,2 doors,used,59000.0,2026-03,4.0,2.0,999.0,20000.0,6.0,3333.333333333333,2,fiat_hatchback
ford,kuga,2017.0,gasoline,208000,automatic,11cv,1498,suv 4x2,good,standard,5 seats,5 doors,used,65000.0,2026-03,5.0,5.0,1498.0,208000.0,9.0,23111.11111111111,3,kuga
land rover,range rover sport,2019.0,gasoline,47000,automatic,17cv,1998,suv 4x4,good,standard,5 seats,5 doors,used,340000.0,2026-03,5.0,5.0,1998.0,47000.0,7.0,6714.285714285715,2,range rover sport
volkswagen,golf 6,2011.0,diesel,295000,automatic,5cv,1598,hatchback,good,standard,5 seats,4 doors,used,41000.0,2026-03,5.0,4.0,1598.0,295000.0,15.0,19666.666666666668,3,golf 6
kia,sportage,2012.0,diesel,324000,automatic,11cv,1998,suv 4x2,good,standard,5 seats,5 doors,used,54000.0,2026-03,5.0,5.0,1998.0,324000.0,14.0,23142.85714285714,3,sportage
citroen,c3,2019.0,gasoline,51000,manual,4cv,1199,hatchback,good,standard,5 seats,5 doors,used,44000.0,2026-03,5.0,5.0,1199.0,51000.0,7.0,7285.714285714285,2,c3
mercedes,cla,2018.0,gasoline,48000,automatic,7cv,1595,sedan,good,standard,5 seats,4 doors,used,99000.0,2026-03,5.0,4.0,1595.0,48000.0,8.0,6000.0,2,cla
mercedes,classe s,2008.0,gasoline,151000,automatic,19cv,3499,sedan,good,standard,5 seats,4 doors,used,95000.0,2026-03,5.0,4.0,3499.0,151000.0,18.0,8388.888888888889,4,classe s
jaguar,xe,2014.0,gasoline,163000,automatic,16cv,1999,sedan,good,standard,5 seats,4 doors,used,120000.0,2026-03,5.0,4.0,1999.0,163000.0,12.0,13583.333333333334,3,jaguar_sedan
bmw,serie 3,2016.0,gasoline,152000,automatic,7cv,1499,sedan,good,standard,5 seats,4 doors,used,85000.0,2026-03,5.0,4.0,1499.0,152000.0,10.0,15200.0,3,serie 3
porsche,cayenne,2009.0,gasoline,212000,automatic,30cv,4798,suv 4x4,good,standard,5 seats,5 doors,used,65000.0,2026-03,5.0,5.0,4798.0,212000.0,17.0,12470.588235294115,4,cayenne
skoda,octavia,2022.0,gasoline,30000,automatic,8cv,1395,sedan,good,standard,5 seats,5 doors,used,109000.0,2026-03,5.0,5.0,1395.0,30000.0,4.0,7500.0,2,octavia
bmw,x3,2014.0,gasoline,219000,automatic,9cv,1598,suv 4x2,good,standard,5 seats,5 doors,used,75000.0,2026-03,5.0,5.0,1598.0,219000.0,12.0,18250.0,3,x3
kia,sportage,2018.0,gasoline,101000,automatic,8cv,1591,suv 4x2,good,standard,5 seats,5 doors,used,85000.0,2026-03,5.0,5.0,1591.0,101000.0,8.0,12625.0,2,sportage
land rover,range rover sport,2019.0,gasoline,82000,automatic,17cv,1998,suv 4x4,good,standard,5 seats,4 doors,used,350000.0,2026-03,5.0,4.0,1998.0,82000.0,7.0,11714.285714285714,2,range rover sport
kia,sorento,2012.0,diesel,250000,automatic,12cv,2199,suv 4x2,good,standard,5 seats,5 doors,used,48000.0,2026-03,5.0,5.0,2199.0,250000.0,14.0,17857.14285714286,3,sorento
infiniti,fx,2008.0,gasoline,190000,automatic,20cv,3498,suv 4x2,good,standard,5 seats,4 doors,used,52000.0,2026-03,5.0,4.0,3498.0,190000.0,18.0,10555.555555555557,4,infiniti_suv 4x2
kia,sportage,2018.0,diesel,132000,automatic,10cv,1995,suv 4x2,good,standard,5 seats,5 doors,used,110000.0,2026-03,5.0,5.0,1995.0,132000.0,8.0,16500.0,2,sportage
mazda,6,2014.0,gasoline,141000,automatic,9cv,1999,sedan,good,standard,5 seats,5 doors,used,51000.0,2026-03,5.0,5.0,1999.0,141000.0,12.0,11750.0,3,6
mercedes,classe c,2018.0,gasoline,143000,automatic,9cv,1598,sedan,good,standard,5 seats,4 doors,used,119000.0,2026-03,5.0,4.0,1598.0,143000.0,8.0,17875.0,2,classe c
mahindra,scorpio,2013.0,diesel,353000,manual,8cv,2490,suv 4x2,good,standard,7 seats,4 doors,used,29500.0,2026-03,7.0,4.0,2490.0,353000.0,13.0,27153.846153846152,3,mahindra_suv 4x2
bmw,serie 5,2019.0,gasoline,47000,automatic,10cv,1597,sedan,good,standard,5 seats,4 doors,used,180000.0,2026-03,5.0,4.0,1597.0,47000.0,7.0,6714.285714285715,2,serie 5
seat,leon,2013.0,gasoline,118000,manual,5cv,1197,hatchback,good,standard,5 seats,5 doors,used,40000.0,2026-03,5.0,5.0,1197.0,118000.0,13.0,9076.923076923076,3,leon
mercedes,classe a,2022.0,gasoline,45000,automatic,8cv,1322,hatchback,good,standard,5 seats,4 doors,used,107000.0,2026-03,5.0,4.0,1322.0,45000.0,4.0,11250.0,2,classe a
toyota,rav4,2019.0,gasoline,160000,automatic,9cv,2500,suv 4x2,good,standard,6 seats,5 doors,used,88000.0,2026-03,6.0,5.0,2500.0,160000.0,7.0,22857.14285714286,2,rav4
bmw,serie 1,2021.0,diesel,104000,automatic,6cv,1499,hatchback,good,standard,5 seats,4 doors,used,96000.0,2026-03,5.0,4.0,1499.0,104000.0,5.0,20800.0,2,serie 1
kia,sportage,2021.0,gasoline,71000,automatic,11cv,1599,suv 4x2,good,standard,5 seats,4 doors,used,83000.0,2026-03,5.0,4.0,1599.0,71000.0,5.0,14200.0,2,sportage
mercedes,gle coupe,2022.0,gasoline,47000,automatic,12cv,1999,suv 4x4,good,standard,5 seats,4 doors,used,278000.0,2026-03,5.0,4.0,1999.0,47000.0,4.0,11750.0,2,gle coupe
porsche,cayenne,2012.0,gasoline,215000,automatic,21cv,3599,suv 4x4,good,standard,5 seats,4 doors,used,137000.0,2026-03,5.0,4.0,3599.0,215000.0,14.0,15357.142857142857,3,cayenne
nissan,qashqai,2018.0,gasoline,155000,automatic,6cv,1200,suv 4x2,good,standard,5 seats,5 doors,used,57500.0,2026-03,5.0,5.0,1200.0,155000.0,8.0,19375.0,2,qashqai
land rover,range rover evoque,2016.0,gasoline,187000,automatic,15cv,2000,suv 4x4,good,standard,5 seats,5 doors,used,79500.0,2026-03,5.0,5.0,2000.0,187000.0,10.0,18700.0,3,range rover evoque
mercedes,glc coupe,2025.0,gasoline,9000,automatic,11cv,1999,suv 4x4,good,standard,5 seats,4 doors,used,338000.0,2026-03,5.0,4.0,1999.0,9000.0,1.0,9000.0,1,glc coupe
mercedes,classe e,2021.0,gasoline,36000,automatic,12cv,1999,sedan,good,standard,5 seats,4 doors,used,184000.0,2026-03,5.0,4.0,1999.0,36000.0,5.0,7200.0,2,classe e
porsche,cayenne,2009.0,gasoline,181000,automatic,21cv,3600,suv 4x4,good,standard,5 seats,5 doors,used,60000.0,2026-03,5.0,5.0,,181000.0,17.0,10647.058823529413,4,cayenne
dfsk,k01s,2021.0,gasoline,107000,manual,5cv,1000,pickup 4x2,good,standard,2 seats,2 doors,used,21000.0,2026-03,2.0,2.0,1000.0,107000.0,5.0,21400.0,2,dfsk_pickup 4x2
bmw,serie 5,2022.0,gasoline,22000,automatic,10cv,1597,sedan,good,standard,5 seats,4 doors,used,155000.0,2026-03,5.0,4.0,1597.0,22000.0,4.0,5500.0,2,serie 5
kia,picanto,2024.0,gasoline,8500,manual,4cv,998,hatchback,good,standard,5 seats,5 doors,used,44800.0,2026-03,5.0,5.0,998.0,8500.0,2.0,4250.0,1,picanto
ford,mustang,2018.0,gasoline,65000,automatic,19cv,2261,coupe,good,standard,4 seats,3 doors,used,175000.0,2026-03,4.0,3.0,2261.0,65000.0,8.0,8125.0,2,mustang
mercedes,classe e,2011.0,gasoline,60000,automatic,11cv,2000,coupe,good,standard,5 seats,2 doors,used,55000.0,2026-03,4.0,3.0,899.0,60000.0,15.0,4000.0,3,classe e
porsche,panamera,2010.0,gasoline,140000,automatic,30cv,4806,sedan,good,standard,4 seats,5 doors,used,190000.0,2026-03,4.0,5.0,4806.0,140000.0,16.0,8750.0,4,panamera
volkswagen,polo 7,2011.0,gasoline,200000,manual,5cv,1198,hatchback,good,standard,5 seats,5 doors,used,28000.0,2026-03,5.0,5.0,1198.0,200000.0,15.0,13333.333333333334,3,polo 7
renault,fluence,2011.0,gasoline,133000,manual,7cv,1598,sedan,good,standard,5 seats,4 doors,used,30000.0,2026-03,5.0,4.0,1598.0,133000.0,15.0,8866.666666666666,3,fluence
skoda,fabia,2023.0,gasoline,92000,manual,4cv,999,hatchback,good,standard,5 seats,5 doors,used,43000.0,2026-03,5.0,5.0,999.0,92000.0,3.0,30666.666666666668,1,fabia
fiat,panda city cross,2022.0,gasoline,85000,manual,4cv,1242,hatchback,good,standard,5 seats,5 doors,used,38500.0,2026-03,5.0,5.0,1242.0,85000.0,4.0,21250.0,2,panda city cross
porsche,cayenne,2008.0,gasoline,183000,automatic,21cv,3600,suv 4x4,good,standard,5 seats,5 doors,used,60000.0,2026-03,5.0,5.0,,183000.0,18.0,10166.666666666666,4,cayenne
kia,picanto,2024.0,gasoline,53000,automatic,4cv,1197,hatchback,good,standard,5 seats,5 doors,used,50000.0,2026-03,5.0,5.0,1197.0,53000.0,2.0,26500.0,1,picanto
toyota,c-hr,2018.0,gasoline,130000,manual,6cv,2000,crossover,good,standard,5 seats,4 doors,used,66500.0,2026-03,5.0,4.0,2000.0,130000.0,8.0,16250.0,2,c-hr
land rover,range rover sport,2015.0,diesel,240000,automatic,19cv,2993,suv 4x4,good,standard,5 seats,5 doors,used,135000.0,2026-03,5.0,5.0,2993.0,240000.0,11.0,21818.18181818182,3,range rover sport
volkswagen,t-roc,2022.0,gasoline,121000,manual,6cv,999,suv 4x2,good,standard,5 seats,4 doors,used,76000.0,2026-03,5.0,4.0,999.0,121000.0,4.0,30250.0,2,t-roc
kia,sportage,2021.0,gasoline,130000,automatic,11cv,1591,suv 4x2,good,standard,5 seats,5 doors,used,87000.0,2026-03,5.0,5.0,1591.0,130000.0,5.0,26000.0,2,sportage
audi,a6,2017.0,gasoline,144000,automatic,10cv,1798,sedan,good,standard,5 seats,4 doors,used,95000.0,2026-03,5.0,4.0,1798.0,144000.0,9.0,16000.0,3,audi_sedan
kia,sportage,2022.0,gasoline,90000,automatic,10cv,1600,suv 4x2,good,standard,5 seats,5 doors,used,110000.0,2026-03,5.0,5.0,1600.0,90000.0,4.0,22500.0,2,sportage
ford,ecosport,2019.0,gasoline,115000,automatic,7cv,998,suv 4x2,good,standard,5 seats,5 doors,used,50000.0,2026-03,5.0,5.0,998.0,115000.0,7.0,16428.571428571428,2,ecosport
bmw,x2,2020.0,gasoline,95000,automatic,8cv,1499,crossover,good,standard,5 seats,5 doors,used,120000.0,2026-03,5.0,5.0,1499.0,95000.0,6.0,15833.333333333334,2,x2
toyota,corolla,2021.0,gasoline,87000,manual,6cv,1197,hatchback,good,standard,5 seats,5 doors,used,64000.0,2026-03,5.0,5.0,1197.0,87000.0,5.0,17400.0,2,corolla
peugeot,208,2021.0,diesel,150000,manual,5cv,1500,hatchback,good,standard,5 seats,4 doors,used,45000.0,2026-03,5.0,4.0,1500.0,150000.0,5.0,30000.0,2,208
mercedes,glc,2016.0,diesel,180000,automatic,11cv,2200,suv 4x2,good,standard,5 seats,5 doors,used,125000.0,2026-03,5.0,5.0,2200.0,180000.0,10.0,18000.0,3,glc
audi,q3,2021.0,diesel,100000,automatic,9cv,2000,suv 4x2,good,s line,5 seats,4 doors,used,160000.0,2026-03,5.0,4.0,2000.0,100000.0,5.0,20000.0,2,q3
mercedes,classe c,2014.0,gasoline,230000,automatic,8cv,1595,sedan,good,standard,5 seats,4 doors,used,74000.0,2026-03,5.0,4.0,1595.0,230000.0,12.0,19166.666666666668,3,classe c
volkswagen,golf 8,2023.0,gasoline,46000,automatic,8cv,1395,hatchback,good,standard,5 seats,5 doors,used,108000.0,2026-03,5.0,5.0,1395.0,46000.0,3.0,15333.333333333334,1,golf 8
chery,tiggo 3,2018.0,gasoline,75000,manual,8cv,1598,suv 4x2,good,standard,5 seats,5 doors,used,43000.0,2026-03,5.0,5.0,1598.0,75000.0,8.0,9375.0,2,chery_suv 4x2
volkswagen,t-cross,2022.0,gasoline,89000,automatic,6cv,1100,suv 4x2,good,standard,5 seats,5 doors,used,80000.0,2026-03,5.0,5.0,1100.0,89000.0,4.0,22250.0,2,t-cross
kia,rio,2022.0,gasoline,89000,manual,6cv,1100,hatchback,good,standard,5 seats,5 doors,used,56000.0,2026-03,5.0,5.0,1100.0,89000.0,4.0,22250.0,2,rio
mercedes,glc,2018.0,diesel,114000,automatic,11cv,3000,suv 4x4,good,standard,5 seats,4 doors,used,133000.0,2026-03,5.0,4.0,3000.0,114000.0,8.0,14250.0,2,glc
kia,sportage,2019.0,gasoline,70000,automatic,8cv,1591,suv 4x2,good,standard,5 seats,5 doors,used,78000.0,2026-03,5.0,5.0,1591.0,70000.0,7.0,10000.0,2,sportage
jeep,renegade,2022.0,gasoline,82000,manual,6cv,999,suv 4x2,good,standard,5 seats,5 doors,used,83000.0,2026-03,5.0,5.0,999.0,82000.0,4.0,20500.0,2,renegade
volkswagen,taigo,2022.0,gasoline,82000,manual,6cv,999,suv 4x2,good,standard,4 seats,4 doors,used,95000.0,2026-03,4.0,4.0,999.0,82000.0,4.0,20500.0,2,volkswagen_suv 4x2
volkswagen,golf 8,2024.0,gasoline,37000,automatic,8cv,1395,hatchback,good,standard,5 seats,5 doors,used,98000.0,2026-03,5.0,5.0,1395.0,37000.0,2.0,18500.0,1,golf 8
seat,ibiza,2021.0,gasoline,101000,manual,4cv,999,hatchback,good,standard,5 seats,5 doors,used,49000.0,2026-03,5.0,5.0,999.0,101000.0,5.0,20200.0,2,ibiza
fiat,doblo,2020.0,diesel,232000,manual,5cv,1248,light commercial,good,standard,2 seats,5 doors,used,33000.0,2026-03,2.0,5.0,1248.0,232000.0,6.0,38666.66666666666,2,doblo
volkswagen,golf 6,2012.0,gasoline,240000,manual,5cv,1400,coupe,good,standard,5 seats,2 doors,used,44000.0,2026-03,5.0,2.0,1400.0,240000.0,14.0,17142.85714285714,3,golf 6
bmw,x6,2010.0,gasoline,215000,automatic,22cv,3500,suv 4x2,good,standard,4 seats,5 doors,used,69000.0,2026-03,4.0,5.0,3500.0,215000.0,16.0,13437.5,4,x6
mercedes,classe c,2012.0,gasoline,200000,manual,9cv,1598,coupe,good,standard,4 seats,2 doors,used,52000.0,2026-03,4.0,2.0,1598.0,200000.0,14.0,14285.714285714286,3,classe c
gwm,haval jolion,2023.0,gasoline,37000,automatic,9cv,1479,suv 4x2,good,standard,5 seats,5 doors,used,78000.0,2026-03,5.0,5.0,1479.0,37000.0,3.0,12333.333333333334,1,haval jolion
kia,sportage,2023.0,gasoline,91000,automatic,10cv,1598,suv 4x2,good,standard,5 seats,5 doors,used,109000.0,2026-03,5.0,5.0,1598.0,91000.0,3.0,30333.33333333333,1,sportage
nissan,qashqai,2017.0,gasoline,169000,automatic,6cv,1197,suv 4x2,good,standard,5 seats,4 doors,used,59000.0,2026-03,5.0,4.0,1197.0,169000.0,9.0,18777.777777777777,3,qashqai
land rover,range rover sport,2018.0,diesel,110000,automatic,16cv,3000,suv 4x4,good,standard,5 seats,4 doors,used,170000.0,2026-03,5.0,4.0,3000.0,110000.0,8.0,13750.0,2,range rover sport
mg,6,2023.0,gasoline,43000,automatic,9cv,1490,sedan,good,standard,5 seats,4 doors,used,65000.0,2026-03,5.0,4.0,1490.0,43000.0,3.0,14333.333333333334,1,6
kia,sportage,2023.0,gasoline,29000,automatic,10cv,1598,suv 4x2,good,standard,5 seats,4 doors,used,125000.0,2026-03,5.0,4.0,1598.0,29000.0,3.0,9666.666666666666,1,sportage
audi,e-tron,2021.0,electric,54000,automatic,12cv,unknown,suv 4x2,good,standard,5 seats,4 doors,used,145000.0,2026-03,5.0,4.0,,54000.0,5.0,10800.0,2,e-tron
seat,ibiza,2023.0,gasoline,38000,automatic,6cv,999,hatchback,good,standard,5 seats,5 doors,used,77000.0,2026-03,5.0,5.0,999.0,38000.0,3.0,12666.666666666666,1,ibiza
bmw,x3,2020.0,diesel,85000,automatic,7cv,1995,suv 4x2,good,standard,5 seats,4 doors,used,185000.0,2026-03,5.0,4.0,1995.0,85000.0,6.0,14166.666666666666,2,x3
suzuki,jimny,2022.0,gasoline,88000,automatic,6cv,1462,suv 4x2,good,standard,4 seats,3 doors,used,79000.0,2026-03,4.0,3.0,1462.0,88000.0,4.0,22000.0,2,jimny
audi,q7,2019.0,gasoline,36000,automatic,15cv,2000,suv 4x4,good,standard,5 seats,4 doors,used,195000.0,2026-03,5.0,4.0,2000.0,36000.0,7.0,5142.857142857143,2,q7
mercedes,eqs,2022.0,unknown,53000,automatic,8cv,unknown,sedan,good,standard,5 seats,4 doors,used,295000.0,2026-03,5.0,4.0,,53000.0,4.0,13250.0,2,mercedes_sedan
mercedes,glc,2020.0,gasoline,76000,automatic,10cv,2000,suv 4x4,good,standard,5 seats,4 doors,used,195000.0,2026-03,5.0,4.0,2000.0,76000.0,6.0,12666.666666666666,2,glc
ford,mustang,2016.0,gasoline,36000,automatic,33cv,5000,convertible,good,standard,4 seats,4 doors,used,215000.0,2026-03,4.0,4.0,5000.0,36000.0,10.0,3600.0,3,mustang
toyota,prado,2019.0,diesel,215000,automatic,11cv,2982,suv 4x4,good,standard,7 seats,5 doors,used,235000.0,2026-03,7.0,5.0,2982.0,215000.0,7.0,30714.28571428572,2,prado
land rover,range rover evoque,2014.0,diesel,114000,automatic,11cv,2200,suv 4x4,good,standard,5 seats,4 doors,used,95000.0,2026-03,5.0,4.0,2200.0,114000.0,12.0,9500.0,3,range rover evoque
bmw,serie 3,2020.0,gasoline,130000,automatic,10cv,1998,sedan,good,standard,5 seats,4 doors,used,105000.0,2026-03,5.0,4.0,1998.0,130000.0,6.0,21666.666666666668,2,serie 3
audi,e-tron,2021.0,electric,38000,automatic,12cv,unknown,suv 4x2,good,standard,5 seats,4 doors,used,155000.0,2026-03,5.0,4.0,,38000.0,5.0,7600.0,2,e-tron
land rover,range rover sport,2015.0,gasoline,80000,automatic,43cv,4999,suv 4x4,good,standard,5 seats,5 doors,used,240000.0,2026-03,5.0,5.0,4999.0,80000.0,11.0,7272.727272727273,3,range rover sport
porsche,macan,2019.0,gasoline,41000,automatic,29cv,3600,suv 4x2,good,standard,5 seats,4 doors,used,295000.0,2026-03,5.0,4.0,3600.0,41000.0,7.0,5857.142857142857,2,macan
mg,e-hs,2022.0,gasoline,31000,automatic,8cv,1490,suv 4x2,good,standard,5 seats,5 doors,used,90000.0,2026-03,5.0,5.0,1490.0,31000.0,4.0,7750.0,2,mg_suv 4x2
fiat,punto,2010.0,gasoline,241000,manual,5cv,unknown,coupe,good,standard,5 seats,5 doors,used,17000.0,2026-03,5.0,5.0,,241000.0,16.0,15062.5,4,punto
mercedes,cla,2024.0,gasoline,18000,automatic,8cv,1499,sedan,good,standard,5 seats,4 doors,used,148000.0,2026-03,5.0,4.0,1499.0,18000.0,2.0,9000.0,1,cla
audi,a5,2018.0,gasoline,215000,automatic,8cv,1395,sedan,good,s line,5 seats,5 doors,used,88500.0,2026-03,5.0,5.0,1395.0,215000.0,8.0,26875.0,2,a5
mercedes,cla,2024.0,gasoline,20000,automatic,8cv,1499,sedan,good,standard,5 seats,4 doors,used,157000.0,2026-03,5.0,4.0,1499.0,20000.0,2.0,10000.0,1,cla
mercedes,classe a,2024.0,gasoline,24000,automatic,8cv,1499,sedan,good,standard,5 seats,4 doors,used,148000.0,2026-03,5.0,4.0,1499.0,24000.0,2.0,12000.0,1,classe a
mercedes,classe c,2016.0,gasoline,182000,automatic,8cv,1599,sedan,good,standard,5 seats,4 doors,used,98000.0,2026-03,5.0,4.0,1599.0,182000.0,10.0,18200.0,3,classe c
mercedes,gla,2022.0,gasoline,96000,automatic,7cv,1332,crossover,good,standard,5 seats,4 doors,used,114000.0,2026-03,5.0,4.0,1332.0,96000.0,4.0,24000.0,2,gla
suzuki,swift,2022.0,gasoline,100000,automatic,5cv,1197,hatchback,good,standard,5 seats,5 doors,used,36000.0,2026-03,5.0,5.0,1197.0,100000.0,4.0,25000.0,2,swift
ford,focus,2016.0,gasoline,194000,manual,6cv,999,hatchback,good,standard,5 seats,5 doors,used,34500.0,2026-03,5.0,5.0,999.0,194000.0,10.0,19400.0,3,focus
mercedes,glb,2023.0,diesel,16000,automatic,8cv,2000,suv 4x2,good,standard,5 seats,4 doors,used,188000.0,2026-03,5.0,4.0,2000.0,16000.0,3.0,5333.333333333333,1,glb
bmw,serie 5,2017.0,gasoline,119000,automatic,10cv,1597,sedan,good,standard,5 seats,4 doors,used,105000.0,2026-03,5.0,4.0,1597.0,119000.0,9.0,13222.222222222224,3,serie 5
mercedes,gle coupe,2022.0,gasoline,49000,automatic,9cv,2000,suv 4x4,good,standard,5 seats,5 doors,used,275000.0,2026-03,5.0,5.0,2000.0,49000.0,4.0,12250.0,2,gle coupe
porsche,taycan,2021.0,unknown,9000,automatic,16cv,unknown,sedan,good,standard,5 seats,4 doors,used,320000.0,2026-03,5.0,4.0,,9000.0,5.0,1800.0,2,porsche_sedan
mercedes,classe c,2023.0,gasoline,72500,automatic,9cv,1496,sedan,good,standard,5 seats,4 doors,used,165000.0,2026-03,5.0,4.0,1496.0,72500.0,3.0,24166.666666666668,1,classe c
chery,tiggo 3x,2023.0,gasoline,42000,automatic,6cv,998,suv 4x2,good,standard,5 seats,5 doors,used,69610.0,2026-03,5.0,5.0,998.0,42000.0,3.0,14000.0,1,tiggo 3x
land rover,range rover evoque,2012.0,gasoline,250000,automatic,15cv,1999,suv 4x4,good,standard,5 seats,5 doors,used,58000.0,2026-03,5.0,5.0,1999.0,250000.0,14.0,17857.14285714286,3,range rover evoque
tata,xenon,2016.0,diesel,400000,manual,7cv,2179,pickup 4x2,good,standard,5 seats,4 doors,used,25000.0,2026-03,5.0,4.0,2179.0,400000.0,10.0,40000.0,3,xenon
mercedes,classe e,2009.0,diesel,240000,automatic,10cv,unknown,sedan,good,standard,5 seats,5 doors,used,55000.0,2026-03,5.0,5.0,,240000.0,17.0,14117.64705882353,4,classe e
mercedes,glc coupe,2024.0,gasoline,14000,automatic,11cv,1999,suv 4x4,good,standard,5 seats,4 doors,used,325000.0,2026-03,5.0,4.0,1999.0,14000.0,2.0,7000.0,1,glc coupe
bmw,x6,2015.0,diesel,169000,automatic,26cv,2999,suv 4x2,good,standard,5 seats,4 doors,used,155000.0,2026-03,5.0,4.0,2999.0,169000.0,11.0,15363.636363636364,3,x6
mercedes,classe c,2024.0,gasoline,38000,automatic,9cv,1496,sedan,good,standard,5 seats,4 doors,used,184000.0,2026-03,5.0,4.0,1496.0,38000.0,2.0,19000.0,1,classe c
bmw,serie 1,2020.0,gasoline,124000,automatic,8cv,1499,hatchback,good,standard,5 seats,4 doors,used,88000.0,2026-03,5.0,4.0,1499.0,124000.0,6.0,20666.666666666668,2,serie 1
mercedes,gla,2021.0,gasoline,60000,automatic,8cv,1300,crossover,good,standard,5 seats,5 doors,used,129000.0,2026-03,5.0,5.0,1300.0,60000.0,5.0,12000.0,2,gla
mercedes,classe c,2022.0,gasoline,33000,automatic,9cv,1499,sedan,good,standard,5 seats,4 doors,used,178000.0,2026-03,5.0,4.0,1499.0,33000.0,4.0,8250.0,2,classe c
porsche,cayenne,2018.0,gasoline,85000,automatic,33cv,2900,suv 4x4,good,standard,5 seats,5 doors,used,245000.0,2026-03,5.0,5.0,2900.0,85000.0,8.0,10625.0,2,cayenne
hyundai,tucson,2004.0,diesel,145000,automatic,8cv,4444,suv 4x2,good,standard,5 seats,4 doors,used,38500.0,2026-03,5.0,4.0,4444.0,145000.0,22.0,6590.909090909091,4,tucson
chery,tiggo 2,2020.0,gasoline,43000,manual,6cv,1497,suv 4x2,good,standard,5 seats,5 doors,used,43800.0,2026-03,5.0,5.0,1497.0,43000.0,6.0,7166.666666666667,2,tiggo 2
gwm,haval h6,2023.0,gasoline,38000,automatic,8cv,1499,suv 4x2,good,standard,5 seats,5 doors,used,95000.0,2026-03,5.0,5.0,1499.0,38000.0,3.0,12666.666666666666,1,haval h6
renault,clio,2014.0,gasoline,180000,manual,5cv,1149,hatchback,good,standard,5 seats,5 doors,used,34500.0,2026-03,5.0,5.0,1149.0,180000.0,12.0,15000.0,3,clio
mg,zs,2022.0,gasoline,28000,manual,7cv,1498,suv 4x2,good,standard,5 seats,5 doors,used,67000.0,2026-03,5.0,5.0,1498.0,28000.0,4.0,7000.0,2,zs
gwm,haval h6,2025.0,gasoline,27000,automatic,8cv,1499,suv 4x2,good,standard,5 seats,5 doors,used,108000.0,2026-03,5.0,5.0,1499.0,27000.0,1.0,27000.0,1,haval h6
jeep,renegade,2021.0,gasoline,110000,automatic,8cv,1368,suv 4x2,good,standard,5 seats,5 doors,used,68000.0,2026-03,5.0,5.0,1368.0,110000.0,5.0,22000.0,2,renegade
mg,zs,2019.0,gasoline,80000,automatic,7cv,1498,suv 4x2,good,standard,5 seats,5 doors,used,59000.0,2026-03,5.0,5.0,1498.0,80000.0,7.0,11428.57142857143,2,zs
toyota,c-hr,2018.0,gasoline,150000,automatic,6cv,1197,crossover,good,standard,5 seats,5 doors,used,66000.0,2026-03,5.0,5.0,1197.0,150000.0,8.0,18750.0,2,c-hr
hyundai,tucson,2023.0,gasoline,50000,automatic,10cv,1598,suv 4x2,good,standard,5 seats,5 doors,used,105000.0,2026-03,5.0,5.0,1598.0,50000.0,3.0,16666.666666666668,1,tucson
gwm,haval jolion,2023.0,gasoline,37000,automatic,9cv,1479,suv 4x2,good,standard,5 seats,5 doors,used,90000.0,2026-03,5.0,5.0,1479.0,37000.0,3.0,12333.333333333334,1,haval jolion
nissan,juke,2021.0,gasoline,115000,automatic,6cv,999,suv 4x2,good,standard,5 seats,5 doors,used,59500.0,2026-03,5.0,5.0,999.0,115000.0,5.0,23000.0,2,juke
skoda,kushaq,2025.0,gasoline,15000,manual,6cv,999,suv 4x2,good,standard,5 seats,5 doors,used,73500.0,2026-03,5.0,5.0,999.0,15000.0,1.0,15000.0,1,skoda_suv 4x2
chevrolet,spark,2020.0,gasoline,188000,manual,5cv,1229,hatchback,good,standard,5 seats,5 doors,used,38500.0,2026-03,5.0,5.0,1229.0,188000.0,6.0,31333.33333333333,2,chevrolet_hatchback
land rover,range rover sport,2016.0,diesel,165000,automatic,16cv,2999,suv 4x4,good,standard,5 seats,5 doors,used,135000.0,2026-03,5.0,5.0,2999.0,165000.0,10.0,16500.0,3,range rover sport
peugeot,partner,2022.0,diesel,50000,manual,5cv,1560,light commercial,good,standard,2 seats,3 doors,used,54000.0,2026-03,2.0,3.0,1560.0,50000.0,4.0,12500.0,2,partner
mercedes,ml,2007.0,diesel,300000,automatic,15cv,3200,suv 4x4,good,standard,5 seats,5 doors,used,53000.0,2026-03,5.0,5.0,3200.0,300000.0,19.0,15789.473684210529,4,ml
mg,5,2024.0,gasoline,25000,manual,6cv,1498,sedan,good,standard,5 seats,4 doors,used,57500.0,2026-03,5.0,4.0,1498.0,25000.0,2.0,12500.0,1,5
land rover,discovery sport,2021.0,diesel,58000,automatic,9cv,1999,suv 4x4,good,standard,5 seats,5 doors,used,205000.0,2026-03,5.0,5.0,1999.0,58000.0,5.0,11600.0,2,discovery sport
kia,rio,2019.0,gasoline,126000,manual,5cv,1248,hatchback,good,standard,5 seats,5 doors,used,42000.0,2026-03,5.0,5.0,1248.0,126000.0,7.0,18000.0,2,rio
volkswagen,passat,2017.0,gasoline,117000,manual,7cv,1395,sedan,good,standard,5 seats,4 doors,used,68000.0,2026-03,5.0,4.0,1395.0,117000.0,9.0,13000.0,3,passat
suzuki,swift,2024.0,gasoline,73000,automatic,5cv,1197,hatchback,good,standard,5 seats,5 doors,used,45000.0,2026-03,5.0,5.0,1197.0,73000.0,2.0,36500.0,1,swift
audi,q5,2020.0,gasoline,114000,automatic,15cv,1999,suv 4x2,good,standard,5 seats,5 doors,used,169000.0,2026-03,5.0,5.0,1999.0,114000.0,6.0,19000.0,2,q5
volkswagen,golf 8,2023.0,gasoline,50000,automatic,8cv,1395,hatchback,good,standard,5 seats,5 doors,used,123000.0,2026-03,5.0,5.0,1395.0,50000.0,3.0,16666.666666666668,1,golf 8
hyundai,tucson,2023.0,gasoline,50000,automatic,10cv,1598,suv 4x2,good,standard,5 seats,5 doors,used,109000.0,2026-03,5.0,5.0,1598.0,50000.0,3.0,16666.666666666668,1,tucson
peugeot,208,2021.0,diesel,155000,manual,5cv,1399,hatchback,good,standard,5 seats,5 doors,used,49000.0,2026-03,5.0,5.0,1399.0,155000.0,5.0,31000.0,2,208
volkswagen,golf 7,2013.0,gasoline,200000,automatic,5cv,1197,hatchback,good,standard,5 seats,5 doors,used,44500.0,2026-03,5.0,5.0,1197.0,200000.0,13.0,15384.615384615385,3,golf 7
peugeot,2008,2021.0,diesel,28000,automatic,7cv,1499,crossover,good,standard,5 seats,5 doors,used,105000.0,2026-03,5.0,5.0,1499.0,28000.0,5.0,5600.0,2,2008
tesla,model y,2022.0,unknown,30000,automatic,6cv,unknown,suv 4x2,good,standard,5 seats,5 doors,used,155000.0,2026-03,5.0,5.0,,30000.0,4.0,7500.0,2,tesla_suv 4x2
mercedes,gla,2016.0,gasoline,60000,automatic,9cv,1799,crossover,good,standard,5 seats,5 doors,used,89000.0,2026-03,5.0,5.0,1799.0,60000.0,10.0,6000.0,3,gla
mercedes,classe e,2022.0,gasoline,8000,automatic,9cv,1497,sedan,good,standard,5 seats,4 doors,used,165000.0,2026-03,5.0,4.0,1497.0,8000.0,4.0,2000.0,2,classe e
toyota,c-hr,2024.0,gasoline,40000,automatic,5cv,1799,crossover,good,standard,5 seats,5 doors,used,140000.0,2026-03,5.0,5.0,1799.0,40000.0,2.0,20000.0,1,c-hr
mitsubishi,l200,2025.0,diesel,2000,automatic,8cv,2442,pickup 4x4,good,standard,5 seats,4 doors,used,200000.0,2026-03,5.0,4.0,2442.0,2000.0,1.0,2000.0,1,l200
nissan,qashqai,2016.0,gasoline,140000,manual,6cv,1199,suv 4x2,good,standard,5 seats,5 doors,used,52000.0,2026-03,5.0,5.0,1199.0,140000.0,10.0,14000.0,3,qashqai
kia,seltos,2022.0,gasoline,90000,automatic,8cv,1353,suv 4x2,good,standard,5 seats,5 doors,used,81500.0,2026-03,5.0,5.0,1353.0,90000.0,4.0,22500.0,2,seltos
nissan,juke,2021.0,gasoline,50000,automatic,6cv,999,suv 4x2,good,standard,5 seats,5 doors,used,69000.0,2026-03,5.0,5.0,999.0,50000.0,5.0,10000.0,2,juke
nissan,qashqai,2021.0,gasoline,160000,automatic,6cv,1197,suv 4x2,good,standard,5 seats,5 doors,used,65000.0,2026-03,5.0,5.0,1197.0,160000.0,5.0,32000.0,2,qashqai
kia,seltos,2025.0,gasoline,6000,automatic,8cv,1353,suv 4x2,good,standard,5 seats,5 doors,used,112000.0,2026-03,5.0,5.0,1353.0,6000.0,1.0,6000.0,1,seltos
mercedes,classe c,2023.0,gasoline,50000,automatic,9cv,1496,sedan,good,standard,5 seats,4 doors,used,199490.0,2026-03,5.0,4.0,1496.0,50000.0,3.0,16666.666666666668,1,classe c
chery,tiggo 3,2018.0,gasoline,80000,manual,8cv,1598,suv 4x2,good,standard,5 seats,5 doors,used,43500.0,2026-03,5.0,5.0,1598.0,80000.0,8.0,10000.0,2,chery_suv 4x2
mercedes,gla,2017.0,diesel,160000,automatic,9cv,2199,crossover,good,standard,5 seats,5 doors,used,95000.0,2026-03,5.0,5.0,2199.0,160000.0,9.0,17777.777777777777,3,gla
kia,rio,2023.0,gasoline,90000,manual,5cv,1197,hatchback,good,standard,5 seats,5 doors,used,58000.0,2026-03,5.0,5.0,1197.0,90000.0,3.0,30000.0,1,rio
mercedes,classe c,2012.0,gasoline,22000,manual,9cv,1799,sedan,good,standard,5 seats,5 doors,used,79000.0,2026-03,5.0,5.0,1799.0,22000.0,14.0,1571.428571428571,3,classe c
porsche,cayenne,2008.0,gasoline,90000,automatic,21cv,3599,suv 4x4,good,standard,5 seats,5 doors,used,82000.0,2026-03,5.0,5.0,3599.0,90000.0,18.0,5000.0,4,cayenne
fiat,500,2023.0,gasoline,35000,automatic,4cv,1242,hatchback,good,standard,4 seats,3 doors,used,54500.0,2026-03,4.0,3.0,1242.0,35000.0,3.0,11666.666666666666,1,500
bmw,x1,2011.0,diesel,200000,manual,10cv,1999,suv 4x2,good,standard,5 seats,5 doors,used,55000.0,2026-03,5.0,5.0,1999.0,200000.0,15.0,13333.333333333334,3,x1
mercedes,classe c,2017.0,diesel,196000,automatic,6cv,1599,sedan,good,standard,5 seats,5 doors,used,83000.0,2026-03,5.0,5.0,1599.0,196000.0,9.0,21777.777777777777,3,classe c
kia,sportage,2023.0,gasoline,29000,automatic,10cv,1598,suv 4x2,good,standard,5 seats,5 doors,used,125000.0,2026-03,5.0,5.0,1598.0,29000.0,3.0,9666.666666666666,1,sportage
peugeot,2008,2023.0,gasoline,18000,automatic,7cv,1199,crossover,good,standard,5 seats,5 doors,used,87000.0,2026-03,5.0,5.0,1199.0,18000.0,3.0,6000.0,1,2008
kia,picanto,2022.0,gasoline,74000,manual,5cv,1197,hatchback,good,standard,5 seats,5 doors,used,38500.0,2026-03,5.0,5.0,1197.0,74000.0,4.0,18500.0,2,picanto
nissan,juke,2021.0,gasoline,78000,automatic,6cv,999,suv 4x2,good,standard,5 seats,5 doors,used,69000.0,2026-03,5.0,5.0,999.0,78000.0,5.0,15600.0,2,juke
land rover,discovery,2019.0,diesel,3000,automatic,16cv,2999,suv 4x2,good,standard,5 seats,5 doors,used,239000.0,2026-03,5.0,5.0,2999.0,3000.0,7.0,428.57142857142856,2,discovery
peugeot,3008,2021.0,diesel,140000,automatic,7cv,1499,suv 4x2,good,standard,5 seats,5 doors,used,85500.0,2026-03,5.0,5.0,1499.0,140000.0,5.0,28000.0,2,3008
citroen,berlingo,2021.0,diesel,180000,automatic,6cv,1499,light commercial,good,standard,3 seats,4 doors,used,57000.0,2026-03,3.0,4.0,1499.0,180000.0,5.0,36000.0,2,berlingo
honda,city,2022.0,gasoline,79000,automatic,6cv,1498,sedan,good,standard,5 seats,4 doors,used,63500.0,2026-03,5.0,4.0,1498.0,79000.0,4.0,19750.0,2,honda_sedan
bmw,serie 4 gran coupe,2018.0,gasoline,50000,automatic,7cv,1499,sedan,good,standard,5 seats,5 doors,used,105000.0,2026-03,5.0,5.0,1499.0,50000.0,8.0,6250.0,2,serie 4 gran coupe
mercedes,classe a,2022.0,gasoline,40000,automatic,8cv,1599,hatchback,good,standard,5 seats,5 doors,used,128000.0,2026-03,5.0,5.0,1599.0,40000.0,4.0,10000.0,2,classe a
land rover,discovery sport,2020.0,diesel,87000,automatic,8cv,1999,suv 4x4,good,standard,5 seats,5 doors,used,150000.0,2026-03,5.0,5.0,1999.0,87000.0,6.0,14500.0,2,discovery sport
mercedes,cla,2021.0,gasoline,7000,automatic,7cv,1332,sedan,good,standard,5 seats,4 doors,used,155000.0,2026-03,5.0,4.0,1332.0,7000.0,5.0,1400.0,2,cla
seat,leon,2016.0,gasoline,200000,manual,6cv,1197,hatchback,good,standard,5 seats,3 doors,used,39000.0,2026-03,5.0,3.0,1197.0,200000.0,10.0,20000.0,3,leon
mercedes,classe c,2016.0,diesel,158000,automatic,9cv,1998,sedan,good,standard,5 seats,5 doors,used,89000.0,2026-03,5.0,5.0,1998.0,158000.0,10.0,15800.0,3,classe c
audi,q5,2016.0,diesel,280000,automatic,10cv,1999,suv 4x2,good,standard,5 seats,5 doors,used,85000.0,2026-03,5.0,5.0,1999.0,280000.0,10.0,28000.0,3,q5
mercedes,classe c,2017.0,diesel,220000,automatic,10cv,1799,sedan,good,standard,5 seats,5 doors,used,95000.0,2026-03,5.0,5.0,1799.0,220000.0,9.0,24444.444444444445,3,classe c
mercedes,classe c,2024.0,gasoline,19000,automatic,9cv,1496,sedan,good,standard,5 seats,4 doors,used,243000.0,2026-03,5.0,4.0,1496.0,19000.0,2.0,9500.0,1,classe c
volkswagen,golf 7,2018.0,diesel,190000,automatic,6cv,1599,hatchback,good,standard,5 seats,5 doors,used,85000.0,2026-03,5.0,5.0,1599.0,190000.0,8.0,23750.0,2,golf 7
peugeot,2008,2017.0,gasoline,98000,manual,5cv,1199,crossover,good,standard,5 seats,5 doors,used,48500.0,2026-03,5.0,5.0,1199.0,98000.0,9.0,10888.888888888889,3,2008
mercedes,classe c,2017.0,gasoline,140000,automatic,8cv,1699,sedan,good,standard,5 seats,5 doors,used,95000.0,2026-03,5.0,5.0,1699.0,140000.0,9.0,15555.555555555557,3,classe c
land rover,range rover sport,2018.0,diesel,185000,automatic,14cv,2199,suv 4x4,good,standard,5 seats,5 doors,used,159000.0,2026-03,5.0,5.0,2199.0,185000.0,8.0,23125.0,2,range rover sport
kia,sportage,2019.0,gasoline,95000,automatic,10cv,1999,suv 4x2,good,standard,5 seats,5 doors,used,81000.0,2026-03,5.0,5.0,1999.0,95000.0,7.0,13571.42857142857,2,sportage
citroen,c4,2021.0,diesel,185000,automatic,7cv,1499,hatchback,good,standard,5 seats,5 doors,used,68000.0,2026-03,5.0,5.0,1499.0,185000.0,5.0,37000.0,2,c4
mercedes,classe c,2024.0,gasoline,20000,automatic,9cv,1496,sedan,good,standard,5 seats,4 doors,used,218000.0,2026-03,5.0,4.0,1496.0,20000.0,2.0,10000.0,1,classe c
mercedes,classe e,2014.0,gasoline,140000,automatic,10cv,1999,sedan,good,standard,5 seats,5 doors,used,83500.0,2026-03,5.0,5.0,1999.0,140000.0,12.0,11666.666666666666,3,classe e
kia,sportage,2021.0,diesel,50000,automatic,8cv,1699,suv 4x2,good,standard,5 seats,5 doors,used,111000.0,2026-03,5.0,5.0,1699.0,50000.0,5.0,10000.0,2,sportage
suzuki,jimny,2025.0,gasoline,100,automatic,6cv,1462,suv 4x2,good,standard,4 seats,5 doors,used,119000.0,2026-03,4.0,5.0,1462.0,100.0,1.0,100.0,1,jimny
land rover,discovery sport,2016.0,diesel,190000,automatic,9cv,2170,suv 4x4,good,standard,5 seats,5 doors,used,95000.0,2026-03,5.0,5.0,2170.0,190000.0,10.0,19000.0,3,discovery sport
volkswagen,golf 7,2016.0,gasoline,160000,manual,5cv,1200,hatchback,good,standard,5 seats,5 doors,used,54000.0,2026-03,5.0,5.0,1200.0,160000.0,10.0,16000.0,3,golf 7
porsche,panamera,2014.0,gasoline,79000,automatic,33cv,4800,sedan,good,standard,5 seats,5 doors,used,245000.0,2026-03,5.0,5.0,4800.0,79000.0,12.0,6583.333333333333,3,panamera
mercedes,classe c,2020.0,gasoline,67000,automatic,8cv,1599,sedan,good,standard,5 seats,5 doors,used,135000.0,2026-03,5.0,5.0,1599.0,67000.0,6.0,11166.666666666666,2,classe c
peugeot,208,2021.0,gasoline,25000,manual,6cv,1200,hatchback,good,standard,5 seats,5 doors,used,55000.0,2026-03,5.0,5.0,1200.0,25000.0,5.0,5000.0,2,208
hyundai,tucson,2022.0,gasoline,35000,automatic,11cv,1999,suv 4x2,good,standard,5 seats,5 doors,used,147000.0,2026-03,5.0,5.0,1999.0,35000.0,4.0,8750.0,2,tucson
mercedes,cla,2021.0,gasoline,48000,automatic,8cv,2000,sedan,good,standard,5 seats,5 doors,used,128000.0,2026-03,5.0,5.0,2000.0,48000.0,5.0,9600.0,2,cla
chevrolet,captiva,2023.0,gasoline,18000,automatic,9cv,1451,suv 4x2,good,standard,7 seats,5 doors,used,86000.0,2026-03,7.0,5.0,1451.0,18000.0,3.0,6000.0,1,captiva
citroen,c3,2019.0,gasoline,85000,manual,4cv,1199,hatchback,good,standard,5 seats,5 doors,used,39500.0,2026-03,5.0,5.0,1199.0,85000.0,7.0,12142.857142857143,2,c3
kia,sportage,2018.0,gasoline,149000,automatic,8cv,1591,suv 4x2,good,standard,5 seats,5 doors,used,68000.0,2026-03,5.0,5.0,1591.0,149000.0,8.0,18625.0,2,sportage
audi,q8,2021.0,gasoline,22000,automatic,23cv,2995,suv 4x2,good,standard,5 seats,5 doors,used,350000.0,2026-03,5.0,5.0,2995.0,22000.0,5.0,4400.0,2,audi_suv 4x2
audi,q3,2017.0,gasoline,64000,automatic,8cv,1399,suv 4x2,good,standard,5 seats,5 doors,used,89000.0,2026-03,5.0,5.0,1399.0,64000.0,9.0,7111.111111111111,3,q3
gwm,haval h6,2021.0,gasoline,99000,automatic,9cv,1499,suv 4x2,good,standard,5 seats,5 doors,used,75000.0,2026-03,5.0,5.0,1499.0,99000.0,5.0,19800.0,2,haval h6
abarth,500,2011.0,gasoline,180000,manual,8cv,1368,coupe,good,standard,5 seats,5 doors,used,42500.0,2026-03,5.0,5.0,1368.0,180000.0,15.0,12000.0,3,500
seat,leon,2020.0,gasoline,85000,manual,6cv,1197,hatchback,good,standard,5 seats,5 doors,used,69000.0,2026-03,5.0,5.0,1197.0,85000.0,6.0,14166.666666666666,2,leon
kia,rio,2023.0,gasoline,45000,automatic,6cv,1368,hatchback,good,standard,5 seats,5 doors,used,72000.0,2026-03,5.0,5.0,1368.0,45000.0,3.0,15000.0,1,rio
bmw,serie 4 gran coupe,2023.0,gasoline,100000,automatic,10cv,1998,sedan,good,standard,5 seats,5 doors,used,225000.0,2026-03,5.0,5.0,1998.0,100000.0,3.0,33333.333333333336,1,serie 4 gran coupe
toyota,agya,2023.0,gasoline,33000,automatic,5cv,1197,hatchback,good,standard,5 seats,5 doors,used,43800.0,2026-03,5.0,5.0,1197.0,33000.0,3.0,11000.0,1,agya
nissan,qashqai,2024.0,gasoline,11000,automatic,7cv,1497,suv 4x2,good,standard,5 seats,5 doors,used,135000.0,2026-03,5.0,5.0,1497.0,11000.0,2.0,5500.0,1,qashqai
mercedes,classe c,2019.0,gasoline,125000,automatic,9cv,1599,sedan,good,standard,5 seats,5 doors,used,135000.0,2026-03,5.0,5.0,1599.0,125000.0,7.0,17857.14285714286,2,classe c
land rover,range rover sport,2019.0,diesel,148000,automatic,20cv,2999,suv 4x4,good,standard,5 seats,5 doors,used,255000.0,2026-03,5.0,5.0,2999.0,148000.0,7.0,21142.85714285714,2,range rover sport
audi,a5,2020.0,gasoline,140000,automatic,8cv,1399,sedan,good,s line,5 seats,5 doors,used,115000.0,2026-03,5.0,5.0,1399.0,140000.0,6.0,23333.33333333333,2,a5
land rover,range rover evoque,2024.0,diesel,50000,automatic,9cv,1999,suv 4x4,good,standard,5 seats,5 doors,used,225000.0,2026-03,5.0,5.0,1999.0,50000.0,2.0,25000.0,1,range rover evoque
audi,q5,2017.0,diesel,83000,manual,8cv,1999,suv 4x2,good,standard,5 seats,5 doors,used,135000.0,2026-03,5.0,5.0,1999.0,83000.0,9.0,9222.222222222224,3,q5
mercedes,classe c,2022.0,gasoline,90000,automatic,9cv,1496,sedan,good,standard,5 seats,4 doors,used,179000.0,2026-03,5.0,4.0,1496.0,90000.0,4.0,22500.0,2,classe c
renault,clio,2020.0,gasoline,100000,manual,5cv,999,hatchback,good,standard,5 seats,5 doors,used,51000.0,2026-03,5.0,5.0,999.0,100000.0,6.0,16666.666666666668,2,clio
kia,sportage,2020.0,gasoline,69000,automatic,11cv,1591,suv 4x2,good,standard,5 seats,5 doors,used,94500.0,2026-03,5.0,5.0,1591.0,69000.0,6.0,11500.0,2,sportage
kia,sportage,2021.0,gasoline,130000,automatic,8cv,1591,suv 4x2,good,standard,5 seats,5 doors,used,80000.0,2026-03,5.0,5.0,1591.0,130000.0,5.0,26000.0,2,sportage
ssangyong,tivoli,2022.0,gasoline,85000,manual,6cv,1197,suv 4x2,good,standard,5 seats,5 doors,used,69000.0,2026-03,5.0,5.0,1197.0,85000.0,4.0,21250.0,2,tivoli
volkswagen,tiguan,2024.0,gasoline,22000,automatic,8cv,1500,suv 4x2,good,standard,5 seats,5 doors,used,200000.0,2026-03,5.0,5.0,1500.0,22000.0,2.0,11000.0,1,tiguan
chery,tiggo 8 pro,2023.0,gasoline,11000,automatic,11cv,1598,suv 4x2,good,standard,7 seats,5 doors,used,91000.0,2026-03,7.0,5.0,1598.0,11000.0,3.0,3666.6666666666665,1,chery_suv 4x2
kia,sportage,2018.0,gasoline,90000,automatic,8cv,1591,suv 4x2,good,standard,5 seats,5 doors,used,78000.0,2026-03,5.0,5.0,1591.0,90000.0,8.0,11250.0,2,sportage
mercedes,gle coupe,2023.0,hybrid,23000,automatic,16cv,2800,suv 4x4,good,standard,5 seats,5 doors,used,440000.0,2026-03,5.0,5.0,2800.0,23000.0,3.0,7666.666666666667,1,gle coupe
kia,sportage,2021.0,gasoline,88000,automatic,8cv,1591,suv 4x2,good,standard,5 seats,5 doors,used,92000.0,2026-03,5.0,5.0,1591.0,88000.0,5.0,17600.0,2,sportage
ford,ranger,2021.0,diesel,45000,automatic,7cv,1996,pickup 4x4,good,raptor,5 seats,4 doors,used,189000.0,2026-03,5.0,4.0,1996.0,45000.0,5.0,9000.0,2,ranger
gwm,haval h6,2018.0,gasoline,125000,automatic,9cv,1497,suv 4x2,good,standard,5 seats,5 doors,used,61000.0,2026-03,5.0,5.0,1497.0,125000.0,8.0,15625.0,2,haval h6
mercedes,classe c,2016.0,gasoline,96000,automatic,9cv,1700,coupe,good,standard,4 seats,3 doors,used,119000.0,2026-03,4.0,3.0,1700.0,96000.0,10.0,9600.0,3,classe c
mercedes,classe c,2016.0,gasoline,150000,automatic,9cv,1595,sedan,good,standard,5 seats,4 doors,used,85000.0,2026-03,5.0,4.0,1595.0,150000.0,10.0,15000.0,3,classe c
toyota,rav4,2020.0,gasoline,200000,automatic,9cv,2478,suv 4x2,good,standard,5 seats,5 doors,used,102000.0,2026-03,5.0,5.0,2478.0,200000.0,6.0,33333.333333333336,2,rav4
gwm,haval jolion,2021.0,gasoline,91000,automatic,9cv,1479,suv 4x2,good,standard,5 seats,5 doors,used,79000.0,2026-03,5.0,5.0,1479.0,91000.0,5.0,18200.0,2,haval jolion
mercedes,glc coupe,2018.0,diesel,150000,automatic,11cv,2153,suv 4x4,good,standard,5 seats,5 doors,used,179000.0,2026-03,5.0,5.0,2153.0,150000.0,8.0,18750.0,2,glc coupe
mercedes,glc,2018.0,gasoline,105000,automatic,12cv,2450,suv 4x2,good,standard,5 seats,5 doors,used,145000.0,2026-03,5.0,5.0,2450.0,105000.0,8.0,13125.0,2,glc
cupra,formentor,2022.0,gasoline,55000,automatic,11cv,1998,suv 4x2,good,standard,5 seats,5 doors,used,117000.0,2026-03,5.0,5.0,1998.0,55000.0,4.0,13750.0,2,formentor
volkswagen,taigo,2022.0,gasoline,95000,manual,5cv,999,suv 4x2,good,standard,5 seats,5 doors,used,69500.0,2026-03,5.0,5.0,999.0,95000.0,4.0,23750.0,2,volkswagen_suv 4x2
lexus,ls 430,2006.0,gasoline,278000,automatic,20cv,4290,sedan,good,standard,5 seats,5 doors,used,45000.0,2026-03,5.0,5.0,4290.0,278000.0,20.0,13900.0,4,lexus_sedan
bmw,x1,2022.0,gasoline,68000,automatic,8cv,1499,suv 4x2,good,standard,5 seats,5 doors,used,119000.0,2026-03,5.0,5.0,1499.0,68000.0,4.0,17000.0,2,x1
bmw,serie 2,2022.0,gasoline,69000,automatic,8cv,1499,sedan,good,standard,5 seats,4 doors,used,115000.0,2026-03,5.0,4.0,1499.0,69000.0,4.0,17250.0,2,serie 2
kia,sportage,2020.0,gasoline,69000,automatic,11cv,2000,suv 4x2,good,standard,5 seats,5 doors,used,98000.0,2026-03,5.0,5.0,2000.0,69000.0,6.0,11500.0,2,sportage
gwm,haval jolion,2022.0,gasoline,60000,automatic,9cv,1479,suv 4x2,good,standard,5 seats,5 doors,used,79000.0,2026-03,5.0,5.0,1479.0,60000.0,4.0,15000.0,2,haval jolion
mercedes,classe c,2023.0,gasoline,37000,automatic,9cv,1899,sedan,good,standard,5 seats,5 doors,used,220000.0,2026-03,5.0,5.0,1899.0,37000.0,3.0,12333.333333333334,1,classe c
volkswagen,golf 8,2022.0,gasoline,38000,automatic,19cv,2000,hatchback,good,standard,5 seats,5 doors,used,230000.0,2026-03,5.0,5.0,2000.0,38000.0,4.0,9500.0,2,golf 8
mercedes,gla,2020.0,gasoline,139000,automatic,7cv,1599,crossover,good,standard,5 seats,5 doors,used,105000.0,2026-03,5.0,5.0,1599.0,139000.0,6.0,23166.666666666668,2,gla
toyota,agya,2022.0,gasoline,160000,manual,5cv,1197,hatchback,good,standard,5 seats,5 doors,used,35500.0,2026-03,5.0,5.0,1197.0,160000.0,4.0,40000.0,2,agya
volkswagen,tiguan,2016.0,gasoline,180000,automatic,8cv,1395,suv 4x2,good,standard,5 seats,5 doors,used,66000.0,2026-03,5.0,5.0,1395.0,180000.0,10.0,18000.0,3,tiguan
volkswagen,tiguan,2015.0,gasoline,150000,automatic,9cv,1499,suv 4x2,good,standard,5 seats,5 doors,used,67000.0,2026-03,5.0,5.0,1499.0,150000.0,11.0,13636.363636363636,3,tiguan
peugeot,308,2020.0,gasoline,33000,manual,6cv,1199,hatchback,good,standard,5 seats,5 doors,used,52000.0,2026-03,5.0,5.0,1199.0,33000.0,6.0,5500.0,2,308
hyundai,i20,2021.0,gasoline,60000,automatic,5cv,998,hatchback,good,standard,5 seats,5 doors,used,65000.0,2026-03,5.0,5.0,998.0,60000.0,5.0,12000.0,2,i20
audi,q3,2023.0,gasoline,70000,automatic,9cv,1498,suv 4x2,good,standard,5 seats,5 doors,used,155000.0,2026-03,5.0,5.0,1498.0,70000.0,3.0,23333.33333333333,1,q3
toyota,prado,2005.0,diesel,300000,manual,11cv,2500,suv 4x4,good,standard,7 seats,5 doors,used,79000.0,2026-03,7.0,5.0,2500.0,300000.0,21.0,14285.714285714286,4,prado
jeep,grand cherokee,2005.0,gasoline,170000,automatic,15cv,3650,suv 4x2,good,standard,5 seats,5 doors,used,78000.0,2026-03,5.0,5.0,3650.0,170000.0,21.0,8095.238095238095,4,grand cherokee
audi,q7,2008.0,diesel,350000,automatic,16cv,3000,suv 4x4,good,standard,5 seats,5 doors,used,58000.0,2026-03,5.0,5.0,3000.0,350000.0,18.0,19444.444444444445,4,q7
mercedes,classe s,2014.0,diesel,50000,automatic,15cv,3450,sedan,good,standard,5 seats,5 doors,used,250000.0,2026-03,5.0,5.0,3450.0,50000.0,12.0,4166.666666666667,3,classe s
gwm,haval h6,2022.0,gasoline,80000,automatic,8cv,1499,suv 4x2,good,standard,5 seats,5 doors,used,94500.0,2026-03,5.0,5.0,1499.0,80000.0,4.0,20000.0,2,haval h6
kia,sonet,2023.0,gasoline,74000,automatic,6cv,1599,crossover,good,standard,5 seats,5 doors,used,94000.0,2026-03,5.0,5.0,1599.0,74000.0,3.0,24666.666666666668,1,kia_crossover
volkswagen,tiguan,2021.0,gasoline,77000,automatic,8cv,1399,suv 4x2,good,standard,5 seats,5 doors,used,149000.0,2026-03,5.0,5.0,1399.0,77000.0,5.0,15400.0,2,tiguan
mercedes,gle coupe,2021.0,gasoline,45000,automatic,12cv,2500,suv 4x4,good,standard,5 seats,5 doors,used,340000.0,2026-03,5.0,5.0,2500.0,45000.0,5.0,9000.0,2,gle coupe
mercedes,classe c,2015.0,gasoline,168000,automatic,8cv,1599,sedan,good,standard,5 seats,5 doors,used,99000.0,2026-03,5.0,5.0,1599.0,168000.0,11.0,15272.727272727272,3,classe c
mercedes,classe a,2020.0,gasoline,34000,manual,6cv,1599,sedan,good,standard,5 seats,5 doors,used,128000.0,2026-03,5.0,5.0,1599.0,34000.0,6.0,5666.666666666667,2,classe a
land rover,range rover evoque,2016.0,gasoline,175000,automatic,15cv,2500,suv 4x4,good,standard,5 seats,5 doors,used,78000.0,2026-03,5.0,5.0,2500.0,175000.0,10.0,17500.0,3,range rover evoque
porsche,macan,2022.0,gasoline,23000,automatic,17cv,2500,suv 4x2,good,standard,5 seats,5 doors,used,350000.0,2026-03,5.0,5.0,2500.0,23000.0,4.0,5750.0,2,macan
bmw,x6,2019.0,diesel,90000,automatic,16cv,2999,suv 4x2,good,standard,5 seats,5 doors,used,265000.0,2026-03,5.0,5.0,2999.0,90000.0,7.0,12857.142857142857,2,x6
audi,a3,2023.0,gasoline,1377,automatic,8cv,1499,hatchback,good,s line,5 seats,5 doors,used,135000.0,2026-03,5.0,5.0,1499.0,1377.0,3.0,459.0,1,a3
land rover,range rover sport,2018.0,diesel,57000,automatic,21cv,2993,suv 4x4,good,standard,5 seats,5 doors,used,290000.0,2026-03,5.0,5.0,2993.0,57000.0,8.0,7125.0,2,range rover sport
mercedes,classe a,2021.0,gasoline,35000,automatic,8cv,1332,hatchback,good,standard,5 seats,5 doors,used,128000.0,2026-03,5.0,5.0,1332.0,35000.0,5.0,7000.0,2,classe a
bmw,serie 7,2010.0,gasoline,200000,automatic,32cv,4400,sedan,good,standard,5 seats,5 doors,used,85000.0,2026-03,5.0,5.0,4400.0,200000.0,16.0,12500.0,4,serie 7
land rover,range rover sport,2016.0,diesel,200000,automatic,19cv,2993,suv 4x4,good,standard,7 seats,5 doors,used,150000.0,2026-03,7.0,5.0,2993.0,200000.0,10.0,20000.0,3,range rover sport
mercedes,glc coupe,2020.0,gasoline,79000,automatic,12cv,2000,suv 4x4,good,standard,5 seats,5 doors,used,235000.0,2026-03,5.0,5.0,2000.0,79000.0,6.0,13166.666666666666,2,glc coupe
bmw,x1,2017.0,gasoline,121000,automatic,7cv,1499,suv 4x2,good,standard,5 seats,5 doors,used,81000.0,2026-03,5.0,5.0,1499.0,121000.0,9.0,13444.444444444443,3,x1
mercedes,classe s,2018.0,diesel,76000,automatic,17cv,2990,sedan,good,standard,5 seats,5 doors,used,259000.0,2026-03,5.0,5.0,2990.0,76000.0,8.0,9500.0,2,classe s
suzuki,jimny,2023.0,gasoline,26000,automatic,6cv,1462,suv 4x2,good,standard,5 seats,3 doors,used,95000.0,2026-03,4.0,3.0,1462.0,26000.0,3.0,8666.666666666666,1,jimny
mercedes,gla,2015.0,gasoline,190000,automatic,7cv,1599,crossover,good,standard,5 seats,5 doors,used,88000.0,2026-03,5.0,5.0,1599.0,190000.0,11.0,17272.727272727272,3,gla
land rover,discovery sport,2015.0,gasoline,170000,automatic,15cv,1999,suv 4x4,good,standard,5 seats,5 doors,used,98000.0,2026-03,5.0,5.0,1999.0,170000.0,11.0,15454.545454545454,3,discovery sport
land rover,range rover evoque,2020.0,diesel,94000,automatic,9cv,1998,suv 4x4,good,standard,5 seats,5 doors,used,179000.0,2026-03,5.0,5.0,1998.0,94000.0,6.0,15666.666666666666,2,range rover evoque
mg,hs,2021.0,gasoline,35000,automatic,15cv,1995,suv 4x2,good,standard,5 seats,5 doors,used,98000.0,2026-03,5.0,5.0,1995.0,35000.0,5.0,7000.0,2,hs
hyundai,tucson,2021.0,hybrid,75000,automatic,7cv,1599,suv 4x2,good,standard,5 seats,5 doors,used,125000.0,2026-03,5.0,5.0,1599.0,75000.0,5.0,15000.0,2,tucson
bmw,serie 2 gran coupe,2021.0,gasoline,79000,automatic,8cv,1499,sedan,good,standard,5 seats,4 doors,used,135000.0,2026-03,5.0,4.0,1499.0,79000.0,5.0,15800.0,2,bmw_sedan
mercedes,classe a,2020.0,gasoline,48000,automatic,8cv,1332,hatchback,good,standard,5 seats,5 doors,used,138000.0,2026-03,5.0,5.0,1332.0,48000.0,6.0,8000.0,2,classe a
bmw,serie 4,2015.0,gasoline,200000,automatic,10cv,1997,coupe,good,standard,5 seats,2 doors,used,79000.0,2026-03,5.0,2.0,1997.0,200000.0,11.0,18181.81818181818,3,serie 4
porsche,cayenne,2011.0,gasoline,150000,automatic,21cv,3599,suv 4x4,good,standard,5 seats,5 doors,used,125000.0,2026-03,5.0,5.0,3599.0,150000.0,15.0,10000.0,3,cayenne
porsche,cayenne,2016.0,diesel,130000,automatic,15cv,2999,suv 4x4,good,standard,5 seats,5 doors,used,249000.0,2026-03,5.0,5.0,2999.0,130000.0,10.0,13000.0,3,cayenne
chery,tiggo 7 pro,2022.0,gasoline,45000,automatic,9cv,1498,suv 4x2,good,standard,5 seats,5 doors,used,79500.0,2026-03,5.0,5.0,1498.0,45000.0,4.0,11250.0,2,chery_suv 4x2
land rover,discovery sport,2016.0,gasoline,42000,automatic,15cv,2999,suv 4x4,good,standard,5 seats,5 doors,used,140000.0,2026-03,5.0,5.0,2999.0,42000.0,10.0,4200.0,3,discovery sport
volkswagen,t-roc,2020.0,gasoline,85000,manual,6cv,1100,suv 4x2,good,standard,5 seats,5 doors,used,79000.0,2026-03,5.0,5.0,1100.0,85000.0,6.0,14166.666666666666,2,t-roc
volkswagen,polo 8,2020.0,gasoline,70000,manual,4cv,999,hatchback,good,standard,5 seats,5 doors,used,60000.0,2026-03,5.0,5.0,999.0,70000.0,6.0,11666.666666666666,2,polo 8
mercedes,classe s,2023.0,gasoline,3000,automatic,16cv,2999,sedan,good,standard,5 seats,5 doors,used,570000.0,2026-03,5.0,5.0,2999.0,3000.0,3.0,1000.0,1,classe s
skoda,superb,2021.0,gasoline,60000,automatic,8cv,1395,sedan,good,standard,5 seats,5 doors,used,125000.0,2026-03,5.0,5.0,1395.0,60000.0,5.0,12000.0,2,skoda_sedan
toyota,hilux ,2024.0,diesel,3000,automatic,8cv,2899,pickup 4x2,good,standard,5 seats,5 doors,used,231000.0,2026-03,5.0,5.0,2899.0,3000.0,2.0,1500.0,1,hilux 
volkswagen,passat,2019.0,gasoline,60000,automatic,8cv,1395,sedan,good,standard,5 seats,5 doors,used,106000.0,2026-03,5.0,5.0,1395.0,60000.0,7.0,8571.42857142857,2,passat
bmw,serie 7,2008.0,gasoline,220000,automatic,22cv,4399,sedan,good,standard,5 seats,5 doors,used,47000.0,2026-03,5.0,5.0,4399.0,220000.0,18.0,12222.222222222224,4,serie 7
mercedes,gle,2017.0,diesel,120000,automatic,12cv,2200,suv 4x4,good,standard,5 seats,4 doors,used,142000.0,2026-03,5.0,4.0,2200.0,120000.0,9.0,13333.333333333334,3,gle
citroen,c3,2017.0,gasoline,87000,manual,4cv,1199,hatchback,good,standard,5 seats,5 doors,used,30000.0,2026-03,5.0,5.0,1199.0,87000.0,9.0,9666.666666666666,3,c3
seat,ibiza,2018.0,gasoline,78000,manual,4cv,999,hatchback,good,standard,5 seats,5 doors,used,49500.0,2026-03,5.0,5.0,999.0,78000.0,8.0,9750.0,2,ibiza
toyota,c-hr,2020.0,gasoline,52000,automatic,6cv,1197,crossover,good,standard,5 seats,5 doors,used,70000.0,2026-03,5.0,5.0,1197.0,52000.0,6.0,8666.666666666666,2,c-hr
land rover,discovery sport,2017.0,diesel,182000,automatic,8cv,1999,suv 4x4,good,standard,5 seats,5 doors,used,90000.0,2026-03,5.0,5.0,1999.0,182000.0,9.0,20222.222222222223,3,discovery sport
nissan,micra,2016.0,gasoline,189000,manual,5cv,1198,hatchback,good,standard,5 seats,4 doors,used,28000.0,2026-03,5.0,4.0,1198.0,189000.0,10.0,18900.0,3,micra
volkswagen,polo,2022.0,gasoline,81000,manual,5cv,1390,sedan,good,standard,5 seats,4 doors,used,51000.0,2026-03,5.0,4.0,1390.0,81000.0,4.0,20250.0,2,polo
cupra,formentor,2024.0,gasoline,52000,automatic,11cv,1998,suv 4x2,good,standard,5 seats,5 doors,used,116000.0,2026-03,5.0,5.0,1998.0,52000.0,2.0,26000.0,1,formentor
seat,ateca,2022.0,gasoline,127000,automatic,8cv,1395,suv 4x2,good,standard,5 seats,5 doors,used,86000.0,2026-03,5.0,5.0,1395.0,127000.0,4.0,31750.0,2,ateca
mini,cooper,2013.0,gasoline,30000,automatic,7cv,1000,hatchback,good,standard,5 seats,3 doors,used,56000.0,2026-03,2.0,2.0,1000.0,30000.0,13.0,2307.692307692308,3,cooper
mg,hs,2022.0,gasoline,123000,automatic,15cv,1995,suv 4x2,good,standard,5 seats,5 doors,used,72000.0,2026-03,5.0,5.0,1995.0,123000.0,4.0,30750.0,2,hs
audi,e-tron gt,2024.0,electric,28000,automatic,10cv,unknown,sedan,good,standard,5 seats,4 doors,used,270000.0,2026-03,5.0,4.0,,28000.0,2.0,14000.0,1,audi_sedan
land rover,range rover evoque,2022.0,gasoline,70000,automatic,11cv,1000,suv 4x4,good,standard,4 seats,4 doors,used,142000.0,2026-03,4.0,4.0,1000.0,70000.0,4.0,17500.0,2,range rover evoque
land rover,range rover evoque,2012.0,gasoline,178000,automatic,15cv,1999,suv 4x4,good,standard,4 seats,5 doors,used,63000.0,2026-03,4.0,5.0,1999.0,178000.0,14.0,12714.285714285714,3,range rover evoque
ford,mustang,2015.0,gasoline,39000,automatic,33cv,1000,coupe,good,standard,4 seats,2 doors,used,158000.0,2026-03,4.0,2.0,1000.0,39000.0,11.0,3545.454545454545,3,mustang
jaguar,f-type,2017.0,gasoline,12000,automatic,19cv,2000,coupe,good,standard,2 seats,2 doors,used,245000.0,2026-03,2.0,2.0,2000.0,12000.0,9.0,1333.3333333333333,3,jaguar_coupe
volkswagen,passat,2023.0,gasoline,58000,automatic,8cv,1395,sedan,good,standard,5 seats,4 doors,used,98000.0,2026-03,5.0,4.0,1395.0,58000.0,3.0,19333.33333333333,1,passat
mercedes,classe e,2018.0,gasoline,48000,automatic,9cv,1497,sedan,good,standard,5 seats,4 doors,used,129000.0,2026-03,5.0,4.0,1497.0,48000.0,8.0,6000.0,2,classe e
mercedes,classe g,2015.0,gasoline,32000,automatic,unknowncv,1000,hatchback,good,standard,4 seats,4 doors,used,485000.0,2026-03,4.0,4.0,1000.0,32000.0,11.0,2909.090909090909,3,mercedes_hatchback
jeep,grand cherokee,2021.0,gasoline,54000,automatic,20cv,3604,suv 4x2,good,standard,5 seats,4 doors,used,220000.0,2026-03,5.0,4.0,3604.0,54000.0,5.0,10800.0,2,grand cherokee
porsche,718 cayman,2022.0,gasoline,18000,automatic,19cv,1988,coupe,good,standard,2 seats,2 doors,used,303000.0,2026-03,2.0,2.0,1988.0,18000.0,4.0,4500.0,2,porsche_coupe
mercedes,classe e,2013.0,gasoline,199000,automatic,10cv,1991,sedan,good,standard,4 seats,4 doors,used,73000.0,2026-03,4.0,4.0,1991.0,199000.0,13.0,15307.692307692309,3,classe e
mercedes,gla,2016.0,gasoline,125000,automatic,8cv,1595,crossover,good,standard,4 seats,4 doors,used,84000.0,2026-03,4.0,4.0,1595.0,125000.0,10.0,12500.0,3,gla
smart,fortwo,2016.0,gasoline,44000,automatic,4cv,1000,coupe,good,standard,2 seats,2 doors,used,45000.0,2026-03,2.0,2.0,1000.0,44000.0,10.0,4400.0,3,smart_coupe
mercedes,cls,2015.0,diesel,66000,automatic,11cv,2143,sedan,good,standard,4 seats,4 doors,used,155000.0,2026-03,4.0,4.0,2143.0,66000.0,11.0,6000.0,3,mercedes_sedan
peugeot,landtrek ,2023.0,diesel,82000,manual,6cv,1910,pickup 4x2,good,standard,5 seats,4 doors,used,64000.0,2026-03,5.0,4.0,1910.0,82000.0,3.0,27333.33333333333,1,peugeot_pickup 4x2
jaguar,xf,2017.0,gasoline,46000,automatic,15cv,1997,sedan,good,standard,5 seats,4 doors,used,98000.0,2026-03,5.0,4.0,1997.0,46000.0,9.0,5111.111111111111,3,xf
renault,megane 4,2019.0,gasoline,58000,manual,7cv,1197,sedan,good,standard,5 seats,4 doors,used,51000.0,2026-03,5.0,4.0,1197.0,58000.0,7.0,8285.714285714286,2,megane 4
ford,ecosport,2022.0,gasoline,27000,manual,7cv,998,suv 4x2,good,standard,5 seats,4 doors,used,72000.0,2026-03,5.0,4.0,998.0,27000.0,4.0,6750.0,2,ecosport
mercedes,classe e,2014.0,gasoline,158000,automatic,10cv,unknown,sedan,good,standard,5 seats,4 doors,used,79000.0,2026-03,5.0,3.0,,158000.0,12.0,13166.666666666666,3,classe e
kia,rio,2020.0,gasoline,96000,manual,6cv,1368,sedan,good,standard,5 seats,4 doors,used,51000.0,2026-03,5.0,4.0,1368.0,96000.0,6.0,16000.0,2,rio
porsche,cayenne,2021.0,gasoline,34000,automatic,22cv,3000,suv 4x4,good,standard,5 seats,5 doors,used,380000.0,2026-03,5.0,5.0,,34000.0,5.0,6800.0,2,cayenne
renault,clio,2023.0,gasoline,131000,manual,5cv,999,hatchback,good,standard,5 seats,5 doors,used,41000.0,2026-03,5.0,5.0,999.0,131000.0,3.0,43666.66666666666,1,clio
bmw,serie 3,2001.0,gasoline,340000,manual,9cv,2000,coupe,good,standard,5 seats,3 doors,used,38800.0,2026-03,5.0,3.0,,340000.0,25.0,13600.0,4,serie 3
land rover,range rover evoque,2021.0,gasoline,26000,automatic,11cv,unknown,suv 4x4,good,standard,5 seats,5 doors,used,148000.0,2026-03,5.0,5.0,,26000.0,5.0,5200.0,2,range rover evoque
peugeot,208,2021.0,gasoline,38000,manual,5cv,1199,hatchback,good,standard,5 seats,5 doors,used,39500.0,2026-03,5.0,5.0,1199.0,38000.0,5.0,7600.0,2,208
fiat,500x,2017.0,gasoline,100000,manual,6cv,unknown,suv 4x2,good,standard,5 seats,5 doors,used,56000.0,2026-03,5.0,5.0,,100000.0,9.0,11111.111111111111,3,500x
ford,ranger,2022.0,diesel,100000,automatic,7cv,1996,pickup 4x4,good,raptor,5 seats,4 doors,used,180000.0,2026-03,5.0,4.0,1996.0,100000.0,4.0,25000.0,2,ranger
renault,duster,2014.0,diesel,260000,manual,8cv,unknown,suv 4x2,good,standard,5 seats,4 doors,used,41000.0,2026-03,3.0,4.0,,260000.0,12.0,21666.666666666668,3,duster
porsche,cayenne,2007.0,gasoline,230000,automatic,21cv,3600,suv 4x4,good,standard,5 seats,5 doors,used,57000.0,2026-03,5.0,5.0,,230000.0,19.0,12105.263157894737,4,cayenne
land rover,discovery,2015.0,diesel,151000,automatic,9cv,unknown,suv 4x2,good,standard,5 seats,5 doors,used,82000.0,2026-03,5.0,5.0,,151000.0,11.0,13727.272727272728,3,discovery
honda,cr-v,2014.0,diesel,143000,manual,6cv,unknown,suv 4x2,good,standard,5 seats,5 doors,used,54000.0,2026-03,5.0,5.0,,143000.0,12.0,11916.666666666666,3,honda_suv 4x2
mg,5,2024.0,gasoline,27000,manual,6cv,1498,sedan,good,standard,5 seats,4 doors,used,57000.0,2026-03,5.0,4.0,1498.0,27000.0,2.0,13500.0,1,5
fiat,500,2016.0,gasoline,150000,manual,4cv,1242,hatchback,good,standard,4 seats,3 doors,used,38800.0,2026-03,4.0,3.0,1242.0,150000.0,10.0,15000.0,3,500
mercedes,classe a,2014.0,gasoline,154000,automatic,9cv,1600,hatchback,good,standard,5 seats,4 doors,used,46800.0,2026-03,5.0,3.0,,154000.0,12.0,12833.333333333334,3,classe a
mini,cooper,2013.0,gasoline,148000,manual,6cv,unknown,hatchback,good,standard,5 seats,3 doors,used,37500.0,2026-03,5.0,3.0,,148000.0,13.0,11384.615384615385,3,cooper
kia,picanto,2023.0,gasoline,84000,manual,5cv,1197,hatchback,good,standard,5 seats,5 doors,used,42500.0,2026-03,5.0,5.0,1197.0,84000.0,3.0,28000.0,1,picanto
mercedes,classe c,2010.0,gasoline,210000,automatic,9cv,unknown,sedan,good,standard,5 seats,5 doors,used,52000.0,2026-03,5.0,5.0,,210000.0,16.0,13125.0,4,classe c
bmw,serie 1,2009.0,gasoline,220000,manual,7cv,unknown,hatchback,good,standard,5 seats,5 doors,used,35800.0,2026-03,5.0,5.0,,220000.0,17.0,12941.176470588236,4,serie 1
gwm,haval jolion,2021.0,gasoline,90000,automatic,9cv,1479,suv 4x2,good,standard,5 seats,5 doors,used,74500.0,2026-03,5.0,5.0,1479.0,90000.0,5.0,18000.0,2,haval jolion
mercedes,classe c,2016.0,diesel,213000,automatic,9cv,unknown,sedan,good,standard,5 seats,5 doors,used,94000.0,2026-03,5.0,5.0,,213000.0,10.0,21300.0,3,classe c
toyota,rav4,2003.0,diesel,360000,manual,8cv,unknown,suv 4x2,good,standard,5 seats,5 doors,used,37500.0,2026-03,5.0,5.0,,360000.0,23.0,15652.173913043478,4,rav4
audi,a5,2018.0,gasoline,190000,automatic,8cv,1395,sedan,good,s line,5 seats,5 doors,used,86000.0,2026-03,5.0,5.0,1395.0,190000.0,8.0,23750.0,2,a5
kia,seltos,2022.0,gasoline,90000,automatic,8cv,1353,suv 4x2,good,standard,5 seats,5 doors,used,82000.0,2026-03,5.0,5.0,1353.0,90000.0,4.0,22500.0,2,seltos
bmw,serie 5,2012.0,gasoline,180000,automatic,10cv,1997,sedan,good,standard,5 seats,4 doors,used,74000.0,2026-03,5.0,4.0,1997.0,180000.0,14.0,12857.142857142857,3,serie 5
peugeot,208,2021.0,gasoline,90000,manual,5cv,1199,hatchback,good,standard,5 seats,5 doors,used,39500.0,2026-03,5.0,5.0,1199.0,90000.0,5.0,18000.0,2,208
land rover,range rover sport,2018.0,gasoline,170000,automatic,44cv,unknown,suv 4x4,good,standard,5 seats,5 doors,used,290000.0,2026-03,5.0,5.0,,170000.0,8.0,21250.0,2,range rover sport
volkswagen,golf 7,2018.0,gasoline,132000,automatic,6cv,1197,hatchback,good,standard,5 seats,5 doors,used,58000.0,2026-03,5.0,5.0,1197.0,132000.0,8.0,16500.0,2,golf 7
mini,cooper,2016.0,gasoline,95000,manual,7cv,1499,hatchback,good,standard,5 seats,3 doors,used,49000.0,2026-03,5.0,3.0,1499.0,95000.0,10.0,9500.0,3,cooper
bmw,serie 1,2018.0,diesel,236000,manual,5cv,unknown,hatchback,good,standard,5 seats,5 doors,used,52000.0,2026-03,5.0,5.0,,236000.0,8.0,29500.0,2,serie 1
gwm,haval h6,2022.0,gasoline,77000,automatic,8cv,1499,suv 4x2,good,standard,5 seats,5 doors,used,94000.0,2026-03,5.0,5.0,1499.0,77000.0,4.0,19250.0,2,haval h6
mercedes,cla,2013.0,gasoline,169000,automatic,8cv,unknown,sedan,good,standard,5 seats,5 doors,used,74500.0,2026-03,5.0,5.0,,169000.0,13.0,13000.0,3,cla
bmw,serie 1,2010.0,diesel,260000,manual,6cv,unknown,hatchback,good,standard,5 seats,5 doors,used,36500.0,2026-03,5.0,5.0,,260000.0,16.0,16250.0,4,serie 1
peugeot,landtrek ,2022.0,diesel,135000,manual,6cv,1910,pickup 4x2,good,standard,2 seats,2 doors,used,54500.0,2026-03,2.0,2.0,1910.0,135000.0,4.0,33750.0,2,peugeot_pickup 4x2
volkswagen,golf 8,2021.0,gasoline,77000,automatic,6cv,1395,hatchback,good,standard,5 seats,5 doors,used,99000.0,2026-03,5.0,5.0,1395.0,77000.0,5.0,15400.0,2,golf 8
bmw,serie 5,2023.0,gasoline,37000,automatic,10cv,unknown,sedan,good,standard,5 seats,5 doors,used,190000.0,2026-03,5.0,5.0,,37000.0,3.0,12333.333333333334,1,serie 5
mercedes,classe c,2022.0,gasoline,57000,automatic,9cv,unknown,sedan,good,standard,5 seats,5 doors,used,195000.0,2026-03,5.0,5.0,,57000.0,4.0,14250.0,2,classe c
volkswagen,golf 6,2012.0,gasoline,197000,manual,6cv,unknown,hatchback,good,standard,5 seats,3 doors,used,40000.0,2026-03,5.0,3.0,,197000.0,14.0,14071.42857142857,3,golf 6
hyundai,bayon,2023.0,gasoline,35000,manual,5cv,1197,crossover,good,standard,5 seats,5 doors,used,75000.0,2026-03,5.0,5.0,1197.0,35000.0,3.0,11666.666666666666,1,hyundai_crossover
gwm,haval h6,2019.0,gasoline,66000,automatic,9cv,1499,suv 4x2,good,standard,5 seats,5 doors,used,74500.0,2026-03,5.0,5.0,1499.0,66000.0,7.0,9428.57142857143,2,haval h6
mahindra,kuv 100,2021.0,gasoline,91000,manual,5cv,1198,suv 4x2,good,standard,5 seats,5 doors,used,27500.0,2026-03,5.0,5.0,1198.0,91000.0,5.0,18200.0,2,kuv 100
jeep,renegade,2018.0,gasoline,102000,automatic,8cv,1368,suv 4x2,good,standard,5 seats,5 doors,used,72000.0,2026-03,5.0,5.0,1368.0,102000.0,8.0,12750.0,2,renegade
hyundai,Tucson ,2019.0,gasoline,149000,manual,6cv,1000,suv 4x2,good,standard,5 seats,5 doors,used,56000.0,2026-03,5.0,5.0,1000.0,149000.0,7.0,21285.714285714286,2,hyundai_suv 4x2
bmw,serie 5,2007.0,diesel,180000,automatic,13cv,2999,sedan,good,standard,5 seats,5 doors,used,52000.0,2026-03,5.0,5.0,2999.0,180000.0,19.0,9473.684210526317,4,serie 5
honda,city,2020.0,gasoline,117000,automatic,7cv,1497,sedan,good,standard,5 seats,5 doors,used,46000.0,2026-03,5.0,5.0,1497.0,117000.0,6.0,19500.0,2,honda_sedan
volkswagen,golf 8,2021.0,gasoline,120000,automatic,8cv,1395,hatchback,good,standard,5 seats,5 doors,used,98000.0,2026-03,5.0,5.0,1395.0,120000.0,5.0,24000.0,2,golf 8
kia,sportage,2020.0,gasoline,85000,automatic,8cv,1591,suv 4x2,good,standard,5 seats,5 doors,used,84000.0,2026-03,5.0,5.0,1591.0,85000.0,6.0,14166.666666666666,2,sportage
fiat,500,2019.0,gasoline,96000,manual,4cv,1242,hatchback,good,standard,4 seats,3 doors,used,43500.0,2026-03,4.0,3.0,1242.0,96000.0,7.0,13714.285714285714,2,500
chery,tiggo 3x,2021.0,gasoline,33000,automatic,6cv,998,suv 4x2,good,standard,5 seats,5 doors,used,56000.0,2026-03,5.0,5.0,998.0,33000.0,5.0,6600.0,2,tiggo 3x
toyota,yaris,2016.0,gasoline,210000,manual,5cv,1329,sedan,good,standard,5 seats,4 doors,used,39000.0,2026-03,5.0,4.0,1329.0,210000.0,10.0,21000.0,3,yaris
mercedes,classe c,2015.0,gasoline,170000,automatic,8cv,1600,sedan,good,standard,5 seats,5 doors,used,99500.0,2026-03,5.0,5.0,1600.0,170000.0,11.0,15454.545454545454,3,classe c
volkswagen,golf 7,2019.0,gasoline,130000,automatic,6cv,1197,hatchback,good,standard,5 seats,5 doors,used,58500.0,2026-03,5.0,5.0,1197.0,130000.0,7.0,18571.42857142857,2,golf 7
mazda,bt-50,2018.0,diesel,350000,manual,9cv,2200,pickup 4x2,good,standard,5 seats,5 doors,used,49500.0,2026-03,5.0,5.0,2200.0,350000.0,8.0,43750.0,2,mazda_pickup 4x2
mercedes,classe e,2016.0,gasoline,174000,automatic,10cv,1991,sedan,good,standard,5 seats,4 doors,used,128000.0,2026-03,5.0,4.0,1991.0,174000.0,10.0,17400.0,3,classe e
volkswagen,passat,2018.0,gasoline,280000,automatic,8cv,1395,sedan,good,standard,5 seats,4 doors,used,72000.0,2026-03,5.0,4.0,1395.0,280000.0,8.0,35000.0,2,passat
kia,xceed,2022.0,diesel,99000,automatic,7cv,1600,suv 4x2,good,standard,5 seats,5 doors,used,79000.0,2026-03,5.0,5.0,1600.0,99000.0,4.0,24750.0,2,xceed
hyundai,i10 sedan,2022.0,gasoline,100000,manual,5cv,1197,sedan,good,standard,5 seats,4 doors,used,39500.0,2026-03,5.0,4.0,1197.0,100000.0,4.0,25000.0,2,hyundai_sedan
hyundai,tucson,2021.0,hybrid,70000,automatic,7cv,1600,suv 4x2,good,standard,5 seats,5 doors,used,130000.0,2026-03,5.0,5.0,1600.0,70000.0,5.0,14000.0,2,tucson
mercedes,classe e,2010.0,diesel,340000,automatic,10cv,2000,sedan,good,standard,5 seats,5 doors,used,48000.0,2026-03,5.0,5.0,2000.0,340000.0,16.0,21250.0,4,classe e
audi,a3,2020.0,gasoline,93000,manual,6cv,999,hatchback,good,s line,5 seats,5 doors,used,92000.0,2026-03,5.0,5.0,999.0,93000.0,6.0,15500.0,2,a3
mercedes,classe c,2014.0,gasoline,180000,automatic,8cv,1595,sedan,good,standard,5 seats,5 doors,used,77000.0,2026-03,5.0,5.0,1595.0,180000.0,12.0,15000.0,3,classe c
audi,q7,2007.0,diesel,248000,automatic,16cv,3000,suv 4x4,good,standard,5 seats,5 doors,used,64000.0,2026-03,5.0,5.0,3000.0,248000.0,19.0,13052.631578947368,4,q7
bmw,serie 3,2015.0,gasoline,77000,automatic,10cv,2000,sedan,good,standard,5 seats,5 doors,used,74000.0,2026-03,5.0,5.0,2000.0,77000.0,11.0,7000.0,3,serie 3
suzuki,celerio,2022.0,gasoline,108000,automatic,4cv,998,hatchback,good,standard,5 seats,5 doors,used,36500.0,2026-03,5.0,5.0,998.0,108000.0,4.0,27000.0,2,celerio
audi,a4,2014.0,gasoline,183000,manual,7cv,1798,sedan,good,standard,5 seats,4 doors,used,45500.0,2026-03,5.0,4.0,1798.0,183000.0,12.0,15250.0,3,a4
land rover,range rover sport,2019.0,gasoline,103000,automatic,17cv,2000,suv 4x4,good,standard,5 seats,5 doors,used,260000.0,2026-03,5.0,5.0,2000.0,103000.0,7.0,14714.285714285714,2,range rover sport
nissan,x-trail,2004.0,diesel,357000,manual,9cv,2200,suv 4x2,good,standard,5 seats,5 doors,used,35500.0,2026-03,5.0,5.0,2200.0,357000.0,22.0,16227.272727272728,4,nissan_suv 4x2
kia,sorento,2010.0,diesel,356000,automatic,12cv,2200,suv 4x2,good,standard,5 seats,5 doors,used,45000.0,2026-03,5.0,5.0,2200.0,356000.0,16.0,22250.0,4,sorento
nissan,qashqai,2017.0,gasoline,163000,automatic,6cv,1200,suv 4x2,good,standard,5 seats,5 doors,used,59500.0,2026-03,5.0,5.0,1200.0,163000.0,9.0,18111.11111111111,3,qashqai
ssangyong,tivoli,2021.0,gasoline,23000,manual,6cv,1197,suv 4x2,good,standard,5 seats,5 doors,used,66000.0,2026-03,5.0,5.0,1197.0,23000.0,5.0,4600.0,2,tivoli
land rover,range rover sport,2015.0,gasoline,196000,automatic,43cv,5000,suv 4x4,good,standard,5 seats,5 doors,used,175000.0,2026-03,5.0,5.0,5000.0,196000.0,11.0,17818.18181818182,3,range rover sport
audi,e-tron,2020.0,electric,72000,automatic,12cv,unknown,suv 4x2,good,standard,5 seats,5 doors,used,160000.0,2026-03,5.0,5.0,,72000.0,6.0,12000.0,2,e-tron
peugeot,208,2016.0,gasoline,111000,manual,5cv,1199,hatchback,good,standard,5 seats,5 doors,used,35000.0,2026-03,5.0,5.0,1199.0,111000.0,10.0,11100.0,3,208
toyota,hilux ,2019.0,diesel,250000,manual,8cv,2393,pickup 4x2,good,standard,5 seats,5 doors,used,113000.0,2026-03,5.0,5.0,2393.0,250000.0,7.0,35714.28571428572,2,hilux 
mercedes,classe e,2018.0,gasoline,176000,automatic,9cv,1497,sedan,good,standard,5 seats,4 doors,used,129000.0,2026-03,5.0,4.0,1497.0,176000.0,8.0,22000.0,2,classe e
mercedes,gle,2022.0,hybrid,97000,automatic,11cv,1950,suv 4x4,good,standard,5 seats,4 doors,used,209000.0,2026-03,5.0,4.0,1950.0,97000.0,4.0,24250.0,2,gle
skoda,octavia,2021.0,gasoline,86000,automatic,6cv,999,sedan,good,standard,5 seats,4 doors,used,79000.0,2026-03,5.0,4.0,999.0,86000.0,5.0,17200.0,2,octavia
opel,vivaro,2021.0,diesel,114000,manual,6cv,1997,light commercial,good,standard,3 seats,4 doors,used,58000.0,2026-03,3.0,4.0,1997.0,114000.0,5.0,22800.0,2,opel_light commercial
seat,ibiza,2018.0,gasoline,43000,manual,4cv,999,hatchback,good,standard,5 seats,5 doors,used,48500.0,2026-03,5.0,5.0,999.0,43000.0,8.0,5375.0,2,ibiza
hyundai,i20,2024.0,gasoline,57100,automatic,5cv,998,hatchback,good,standard,5 seats,5 doors,used,67000.0,2026-03,5.0,5.0,998.0,57100.0,2.0,28550.0,1,i20
porsche,panamera,2011.0,gasoline,161000,automatic,21cv,unknown,sedan,good,standard,5 seats,4 doors,used,115000.0,2026-03,5.0,4.0,,161000.0,15.0,10733.333333333334,3,panamera
bmw,xm,2024.0,gasoline,44000,automatic,39cv,4395,suv 4x4,good,standard,5 seats,5 doors,used,580000.0,2026-03,5.0,5.0,4395.0,44000.0,2.0,22000.0,1,bmw_suv 4x4
hyundai,i10,2021.0,gasoline,74000,automatic,5cv,1197,hatchback,good,standard,5 seats,5 doors,used,49500.0,2026-03,5.0,5.0,1197.0,74000.0,5.0,14800.0,2,i10
citroen,berlingo,2016.0,diesel,200000,manual,5cv,1600,light commercial,good,standard,3 seats,2 doors,used,40000.0,2026-03,3.0,2.0,1600.0,200000.0,10.0,20000.0,3,berlingo
bmw,ix3,2022.0,unknown,48000,automatic,6cv,unknown,suv 4x2,good,standard,5 seats,5 doors,used,147000.0,2026-03,5.0,5.0,,48000.0,4.0,12000.0,2,bmw_suv 4x2
bmw,i4,2023.0,unknown,8000,automatic,6cv,unknown,sedan,good,standard,5 seats,4 doors,used,169000.0,2026-03,5.0,4.0,,8000.0,3.0,2666.6666666666665,1,bmw_sedan
chery,tiggo 3x,2023.0,gasoline,10000,automatic,6cv,998,suv 4x2,good,standard,5 seats,5 doors,used,60000.0,2026-03,5.0,5.0,998.0,10000.0,3.0,3333.333333333333,1,tiggo 3x
fiat,panda city cross,2022.0,gasoline,60000,manual,4cv,1242,hatchback,good,standard,5 seats,5 doors,used,39500.0,2026-03,5.0,5.0,1242.0,60000.0,4.0,15000.0,2,panda city cross
hyundai,tucson,2018.0,gasoline,186000,automatic,8cv,1591,suv 4x2,good,standard,5 seats,5 doors,used,68000.0,2026-03,5.0,5.0,1591.0,186000.0,8.0,23250.0,2,tucson
seat,ibiza,2021.0,gasoline,110000,manual,4cv,999,hatchback,good,standard,5 seats,5 doors,used,50500.0,2026-03,5.0,5.0,999.0,110000.0,5.0,22000.0,2,ibiza
volkswagen,golf 7,2019.0,gasoline,112000,manual,6cv,999,hatchback,good,standard,5 seats,4 doors,used,78000.0,2026-03,5.0,4.0,999.0,112000.0,7.0,16000.0,2,golf 7
mercedes,classe a,2016.0,diesel,170000,manual,5cv,1500,hatchback,good,standard,5 seats,5 doors,used,49500.0,2026-03,5.0,5.0,1500.0,170000.0,10.0,17000.0,3,classe a
seat,ibiza,2019.0,gasoline,140000,manual,4cv,999,hatchback,good,standard,5 seats,5 doors,used,47500.0,2026-03,5.0,5.0,999.0,140000.0,7.0,20000.0,2,ibiza
volkswagen,eos,2007.0,gasoline,66000,manual,7cv,1600,convertible,good,standard,4 seats,3 doors,used,46000.0,2026-03,4.0,3.0,1600.0,66000.0,19.0,3473.684210526316,4,volkswagen_convertible
volkswagen,golf 7,2016.0,gasoline,100000,manual,6cv,920,hatchback,good,standard,5 seats,4 doors,used,65000.0,2026-03,5.0,4.0,920.0,100000.0,10.0,10000.0,3,golf 7
mercedes,gla,2024.0,gasoline,40000,automatic,9cv,1332,crossover,good,standard,5 seats,5 doors,used,172000.0,2026-03,5.0,5.0,1332.0,40000.0,2.0,20000.0,1,gla
peugeot,rifter,2021.0,diesel,120000,manual,5cv,unknown,mpv,good,standard,7 seats,5 doors,used,72000.0,2026-03,7.0,5.0,,120000.0,5.0,24000.0,2,rifter
toyota,corolla,2023.0,gasoline,69000,automatic,6cv,1197,hatchback,good,standard,5 seats,5 doors,used,65000.0,2026-03,5.0,5.0,1197.0,69000.0,3.0,23000.0,1,corolla
land rover,range rover evoque,2015.0,diesel,124000,automatic,11cv,unknown,suv 4x4,good,standard,5 seats,5 doors,used,88000.0,2026-03,5.0,5.0,,124000.0,11.0,11272.727272727272,3,range rover evoque
mercedes,classe c,2010.0,diesel,300000,manual,7cv,unknown,sedan,good,standard,5 seats,5 doors,used,44000.0,2026-03,5.0,5.0,,300000.0,16.0,18750.0,4,classe c
mg,e-hs,2023.0,gasoline,60000,automatic,7cv,unknown,suv 4x2,good,standard,5 seats,5 doors,used,109000.0,2026-03,5.0,5.0,,60000.0,3.0,20000.0,1,mg_suv 4x2
mg,e-hs,2023.0,gasoline,50000,automatic,7cv,unknown,suv 4x2,good,standard,5 seats,5 doors,used,109000.0,2026-03,5.0,5.0,,50000.0,3.0,16666.666666666668,1,mg_suv 4x2
kia,sportage,2020.0,diesel,129000,automatic,8cv,unknown,suv 4x2,good,standard,5 seats,5 doors,used,82000.0,2026-03,5.0,5.0,,129000.0,6.0,21500.0,2,sportage
peugeot,208,2021.0,gasoline,60000,automatic,6cv,unknown,hatchback,good,standard,5 seats,5 doors,used,49000.0,2026-03,5.0,5.0,,60000.0,5.0,12000.0,2,208
ford,fiesta,2016.0,gasoline,130000,manual,5cv,1242,hatchback,good,standard,5 seats,5 doors,used,34500.0,2026-03,5.0,5.0,1242.0,130000.0,10.0,13000.0,3,fiesta
hyundai,tucson,2021.0,hybrid,75000,automatic,8cv,unknown,suv 4x2,good,standard,5 seats,5 doors,used,117000.0,2026-03,5.0,5.0,,75000.0,5.0,15000.0,2,tucson
hyundai,i10,2013.0,gasoline,195000,manual,4cv,1086,hatchback,good,standard,5 seats,5 doors,used,25500.0,2026-03,5.0,5.0,1086.0,195000.0,13.0,15000.0,3,i10
bmw,serie 1,2018.0,diesel,230000,manual,6cv,unknown,hatchback,good,standard,5 seats,4 doors,used,57500.0,2026-03,5.0,4.0,,230000.0,8.0,28750.0,2,serie 1
chevrolet,captiva,2024.0,gasoline,16000,automatic,9cv,1451,suv 4x2,good,standard,5 seats,5 doors,used,87500.0,2026-03,5.0,5.0,1451.0,16000.0,2.0,8000.0,1,captiva
peugeot,2008,2021.0,gasoline,65000,automatic,6cv,1200,crossover,good,standard,5 seats,4 doors,used,68000.0,2026-03,5.0,4.0,,65000.0,5.0,13000.0,2,2008
skoda,scala,2021.0,gasoline,140000,automatic,6cv,1598,hatchback,good,standard,5 seats,5 doors,used,54500.0,2026-03,5.0,5.0,1598.0,140000.0,5.0,28000.0,2,scala
suzuki,celerio,2022.0,gasoline,110000,automatic,4cv,998,hatchback,good,standard,5 seats,5 doors,used,35500.0,2026-03,5.0,5.0,998.0,110000.0,4.0,27500.0,2,celerio
hyundai,i10,2022.0,gasoline,100000,manual,5cv,1197,sedan,good,standard,5 seats,4 doors,used,38500.0,2026-03,5.0,4.0,1197.0,100000.0,4.0,25000.0,2,i10
renault,trafic,2022.0,diesel,98000,manual,6cv,unknown,light commercial,good,standard,3 seats,2 doors,used,55000.0,2026-03,3.0,2.0,,98000.0,4.0,24500.0,2,trafic
renault,clio,2020.0,gasoline,105000,manual,5cv,898,hatchback,good,standard,5 seats,4 doors,used,35500.0,2026-03,5.0,4.0,898.0,105000.0,6.0,17500.0,2,clio
mercedes,cla,2021.0,diesel,160000,automatic,7cv,1600,sedan,good,standard,5 seats,4 doors,used,117000.0,2026-03,5.0,4.0,1600.0,160000.0,5.0,32000.0,2,cla
audi,e-tron,2020.0,electric,54000,automatic,8cv,unknown,suv 4x2,good,s line,5 seats,4 doors,used,143000.0,2026-03,5.0,4.0,,54000.0,6.0,9000.0,2,e-tron
mercedes,eqs,2023.0,unknown,5000,automatic,8cv,unknown,sedan,good,standard,5 seats,4 doors,used,297000.0,2026-03,5.0,4.0,,5000.0,3.0,1666.6666666666667,1,mercedes_sedan
land rover,range rover sport,2018.0,diesel,95000,automatic,16cv,3000,suv 4x4,good,standard,5 seats,4 doors,used,195000.0,2026-03,5.0,4.0,3000.0,95000.0,8.0,11875.0,2,range rover sport
jeep,wrangler,2019.0,diesel,90000,automatic,10cv,1956,suv 4x4,good,standard,5 seats,4 doors,used,205000.0,2026-03,5.0,4.0,1956.0,90000.0,7.0,12857.142857142857,2,jeep_suv 4x4
jaguar,xf,2016.0,gasoline,50000,automatic,15cv,1999,sedan,good,standard,5 seats,4 doors,used,65000.0,2026-03,5.0,4.0,1999.0,50000.0,10.0,5000.0,3,xf
volkswagen,golf 7,2019.0,gasoline,130000,manual,5cv,1000,hatchback,good,standard,5 seats,4 doors,used,64000.0,2026-03,5.0,4.0,1000.0,130000.0,7.0,18571.42857142857,2,golf 7
kia,sportage,2020.0,gasoline,112000,automatic,8cv,1591,suv 4x2,good,standard,5 seats,5 doors,used,79000.0,2026-03,5.0,5.0,1591.0,112000.0,6.0,18666.666666666668,2,sportage
mercedes,classe c,2018.0,gasoline,79000,automatic,8cv,1600,sedan,good,standard,5 seats,5 doors,used,108000.0,2026-03,5.0,5.0,1600.0,79000.0,8.0,9875.0,2,classe c
bmw,serie 5,2011.0,diesel,280000,manual,10cv,unknown,sedan,good,standard,5 seats,5 doors,used,60000.0,2026-03,5.0,5.0,,280000.0,15.0,18666.666666666668,3,serie 5
land rover,range rover sport,2025.0,gasoline,16700,automatic,28cv,2997,suv 4x4,good,standard,5 seats,4 doors,used,400000.0,2026-03,5.0,4.0,2997.0,16700.0,1.0,16700.0,1,range rover sport
volkswagen,new beetle,2017.0,gasoline,135000,manual,6cv,1200,hatchback,good,standard,4 seats,2 doors,used,66610.0,2026-03,4.0,2.0,1200.0,135000.0,9.0,15000.0,3,volkswagen_hatchback
mercedes,gle,2022.0,gasoline,62250,automatic,12cv,1991,suv 4x4,good,standard,5 seats,4 doors,used,230000.0,2026-03,5.0,4.0,1991.0,62250.0,4.0,15562.5,2,gle
mercedes,gle coupe,2022.0,gasoline,92500,automatic,12cv,1991,suv 4x4,good,standard,5 seats,4 doors,used,235000.0,2026-03,5.0,4.0,1991.0,92500.0,4.0,23125.0,2,gle coupe
mercedes,cla,2023.0,gasoline,27000,automatic,8cv,1332,sedan,good,standard,5 seats,4 doors,used,139000.0,2026-03,5.0,4.0,1332.0,27000.0,3.0,9000.0,1,cla
mercedes,classe e,2022.0,gasoline,62000,automatic,12cv,1995,sedan,good,standard,5 seats,4 doors,used,165000.0,2026-03,5.0,4.0,1995.0,62000.0,4.0,15500.0,2,classe e
mercedes,cla,2021.0,gasoline,65225,automatic,8cv,1400,sedan,good,standard,5 seats,4 doors,used,130000.0,2026-03,5.0,4.0,1400.0,65225.0,5.0,13045.0,2,cla
mercedes,gla,2024.0,gasoline,25000,automatic,8cv,1400,crossover,good,standard,5 seats,4 doors,used,179900.0,2026-03,5.0,4.0,1400.0,25000.0,2.0,12500.0,1,gla
mercedes,gla,2024.0,gasoline,8000,automatic,9cv,1332,crossover,good,standard,4 seats,4 doors,used,160000.0,2026-03,4.0,4.0,1332.0,8000.0,2.0,4000.0,1,gla
mercedes,classe s,2024.0,gasoline,50000,automatic,20cv,2999,sedan,good,standard,5 seats,4 doors,used,375000.0,2026-03,5.0,4.0,2999.0,50000.0,2.0,25000.0,1,classe s
toyota,c-hr,2025.0,gasoline,10900,automatic,9cv,1987,crossover,good,standard,5 seats,4 doors,used,145000.0,2026-03,5.0,4.0,1987.0,10900.0,1.0,10900.0,1,c-hr
audi,q3,2026.0,gasoline,0,automatic,9cv,1498,suv 4x2,good,s line,5 seats,4 doors,used,238000.0,2026-03,5.0,4.0,1498.0,0.0,0.0,,1,q3
land rover,range rover evoque,2021.0,gasoline,30235,automatic,11cv,1500,suv 4x4,good,standard,5 seats,4 doors,used,175000.0,2026-03,5.0,4.0,1500.0,30235.0,5.0,6047.0,2,range rover evoque
mercedes,classe e,2013.0,diesel,234528,automatic,7cv,2200,sedan,good,standard,5 seats,5 doors,used,80000.0,2026-03,5.0,5.0,2200.0,234528.0,13.0,18040.615384615383,3,classe e
volkswagen,passat,2020.0,gasoline,106465,manual,8cv,1395,sedan,good,standard,5 seats,4 doors,used,70000.0,2026-03,5.0,4.0,1395.0,106465.0,6.0,17744.166666666668,2,passat
toyota,prado,2017.0,gasoline,34222,automatic,18cv,4000,suv 4x4,good,standard,5 seats,4 doors,used,220000.0,2026-03,5.0,4.0,4000.0,34222.0,9.0,3802.444444444444,3,prado
chery,tiggo 7 pro,2021.0,gasoline,89523,automatic,8cv,1498,suv 4x2,good,standard,5 seats,5 doors,used,73000.0,2026-03,5.0,5.0,1498.0,89523.0,5.0,17904.6,2,chery_suv 4x2
volkswagen,multivan 6.1,2022.0,gasoline,60762,automatic,11cv,2000,mpv,good,standard,7 seats,4 doors,used,290000.0,2026-03,5.0,6.0,2000.0,60762.0,4.0,15190.5,2,volkswagen_mpv
mercedes,classe e,2025.0,gasoline,12500,automatic,11cv,1999,sedan,good,standard,5 seats,5 doors,used,235000.0,2026-03,5.0,5.0,1999.0,12500.0,1.0,12500.0,1,classe e
mercedes,cle,2024.0,gasoline,20000,automatic,12cv,1999,coupe,good,standard,4 seats,2 doors,used,225000.0,2026-03,4.0,2.0,1999.0,20000.0,2.0,10000.0,1,mercedes_coupe
toyota,rav4,2024.0,gasoline,16000,automatic,12cv,2487,suv 4x2,good,standard,5 seats,4 doors,used,190000.0,2026-03,5.0,4.0,2487.0,16000.0,2.0,8000.0,1,rav4
mercedes,gla,2021.0,gasoline,80423,automatic,8cv,1333,crossover,good,standard,5 seats,4 doors,used,146000.0,2026-03,5.0,4.0,1333.0,80423.0,5.0,16084.6,2,gla
volkswagen,golf 8,2020.0,gasoline,114787,automatic,8cv,1395,hatchback,good,standard,5 seats,4 doors,used,110000.0,2026-03,5.0,4.0,1395.0,114787.0,6.0,19131.166666666668,2,golf 8
mercedes,cla,2021.0,gasoline,59000,automatic,8cv,1398,sedan,good,standard,5 seats,4 doors,used,138000.0,2026-03,5.0,4.0,1398.0,59000.0,5.0,11800.0,2,cla
mercedes,cla,2025.0,gasoline,3588,automatic,8cv,unknown,sedan,good,standard,5 seats,4 doors,used,230000.0,2026-03,5.0,4.0,,3588.0,1.0,3588.0,1,cla
audi,q2,2021.0,gasoline,38412,automatic,8cv,1498,suv 4x2,good,standard,5 seats,5 doors,used,90000.0,2026-03,5.0,5.0,1498.0,38412.0,5.0,7682.4,2,q2
seat,arona,2020.0,gasoline,100000,automatic,6cv,1000,suv 4x2,good,standard,5 seats,4 doors,used,73000.0,2026-03,5.0,4.0,1000.0,100000.0,6.0,16666.666666666668,2,arona
hyundai,Tucson ,2021.0,diesel,35774,automatic,12cv,2199,suv 4x2,good,standard,7 seats,5 doors,used,250000.0,2026-03,7.0,5.0,2199.0,35774.0,5.0,7154.8,2,hyundai_suv 4x2
chevrolet,captiva,2013.0,diesel,176494,manual,9cv,2200,suv 4x2,good,standard,5 seats,4 doors,used,55000.0,2026-03,5.0,4.0,2200.0,176494.0,13.0,13576.46153846154,3,captiva
porsche,macan,2017.0,gasoline,56300,automatic,15cv,2000,suv 4x2,good,standard,5 seats,4 doors,used,185000.0,2026-03,5.0,4.0,2000.0,56300.0,9.0,6255.555555555556,3,macan
mercedes,cla,2025.0,gasoline,29572,automatic,8cv,1332,sedan,good,standard,5 seats,4 doors,used,160000.0,2026-03,5.0,4.0,1332.0,29572.0,1.0,29572.0,1,cla
toyota,land cruiser,2005.0,diesel,244000,automatic,12cv,3000,suv 4x4,good,standard,7 seats,4 doors,used,135000.0,2026-03,7.0,4.0,3000.0,244000.0,21.0,11619.047619047618,4,toyota_suv 4x4
mercedes,cla,2021.0,gasoline,51339,automatic,8cv,1332,sedan,good,standard,5 seats,4 doors,used,128000.0,2026-03,5.0,4.0,1332.0,51339.0,5.0,10267.8,2,cla
volkswagen,tiguan,2022.0,gasoline,50471,automatic,8cv,1395,suv 4x2,good,standard,5 seats,5 doors,used,155000.0,2026-03,5.0,5.0,1395.0,50471.0,4.0,12617.75,2,tiguan
mercedes,classe c,2023.0,gasoline,42016,automatic,9cv,1500,sedan,good,standard,5 seats,4 doors,used,179000.0,2026-03,5.0,4.0,1500.0,42016.0,3.0,14005.333333333334,1,classe c
mercedes,classe c,2023.0,gasoline,52099,automatic,9cv,1500,sedan,good,standard,5 seats,4 doors,used,195000.0,2026-03,5.0,4.0,1500.0,52099.0,3.0,17366.333333333332,1,classe c
audi,q3,2020.0,gasoline,116520,automatic,8cv,1500,suv 4x2,good,s line,5 seats,4 doors,used,128000.0,2026-03,5.0,4.0,1500.0,116520.0,6.0,19420.0,2,q3
toyota,land cruiser,2007.0,diesel,216544,automatic,17cv,4200,suv 4x4,good,standard,8 seats,5 doors,used,129000.0,2026-03,8.0,5.0,4200.0,216544.0,19.0,11397.052631578948,4,toyota_suv 4x4
mercedes,eqa,2021.0,unknown,18646,automatic,6cv,unknown,suv 4x2,good,standard,5 seats,4 doors,used,125000.0,2026-03,5.0,4.0,,18646.0,5.0,3729.2,2,mercedes_suv 4x2
mercedes,glc coupe,2021.0,gasoline,41765,automatic,12cv,2000,suv 4x4,good,standard,5 seats,4 doors,used,190000.0,2026-03,5.0,4.0,2000.0,41765.0,5.0,8353.0,2,glc coupe
mercedes,gla,2024.0,gasoline,10730,automatic,8cv,1332,crossover,good,standard,5 seats,4 doors,used,180000.0,2026-03,5.0,4.0,1332.0,10730.0,2.0,5365.0,1,gla
bmw,x3,2006.0,diesel,186000,automatic,13cv,3000,suv 4x2,good,standard,5 seats,4 doors,used,49990.0,2026-03,5.0,4.0,3000.0,186000.0,20.0,9300.0,4,x3
mercedes,gle coupe,2021.0,hybrid,91800,automatic,12cv,1991,suv 4x4,good,standard,5 seats,4 doors,used,235000.0,2026-03,5.0,4.0,1991.0,91800.0,5.0,18360.0,2,gle coupe
porsche,panamera,2014.0,gasoline,150000,automatic,20cv,3600,sedan,good,standard,4 seats,4 doors,used,115000.0,2026-03,4.0,4.0,3600.0,150000.0,12.0,12500.0,3,panamera
bmw,x2,2021.0,gasoline,90000,manual,8cv,1499,crossover,good,standard,5 seats,5 doors,used,110000.0,2026-03,5.0,5.0,1499.0,90000.0,5.0,18000.0,2,x2
chery,tiggo 3x,2025.0,gasoline,30000,automatic,6cv,998,suv 4x2,good,standard,5 seats,5 doors,used,78000.0,2026-03,5.0,5.0,998.0,30000.0,1.0,30000.0,1,tiggo 3x
mahindra,kuv 100,2020.0,gasoline,107000,manual,5cv,1198,suv 4x2,good,standard,5 seats,5 doors,used,29500.0,2026-03,5.0,5.0,1198.0,107000.0,6.0,17833.333333333332,2,kuv 100
mercedes,glc coupe,2018.0,diesel,134000,automatic,9cv,899,suv 4x4,good,standard,5 seats,4 doors,used,160000.0,2026-03,5.0,4.0,899.0,134000.0,8.0,16750.0,2,glc coupe
kia,sportage,2021.0,diesel,120000,automatic,8cv,1559,suv 4x2,good,standard,5 seats,5 doors,used,90500.0,2026-03,5.0,5.0,1559.0,120000.0,5.0,24000.0,2,sportage
volkswagen,golf 7,2020.0,gasoline,67000,automatic,6cv,1197,hatchback,good,standard,5 seats,5 doors,used,72000.0,2026-03,5.0,5.0,1197.0,67000.0,6.0,11166.666666666666,2,golf 7
kia,rio,2022.0,gasoline,67000,manual,5cv,1197,hatchback,good,standard,5 seats,5 doors,used,57000.0,2026-03,5.0,5.0,1197.0,67000.0,4.0,16750.0,2,rio
kia,sportage,2024.0,gasoline,55000,automatic,10cv,1598,suv 4x2,good,standard,5 seats,5 doors,used,125000.0,2026-03,5.0,5.0,1598.0,55000.0,2.0,27500.0,1,sportage
kia,sportage,2022.0,gasoline,76000,automatic,10cv,1598,suv 4x2,good,standard,5 seats,5 doors,used,98000.0,2026-03,5.0,5.0,1598.0,76000.0,4.0,19000.0,2,sportage
citroen,c4,2016.0,gasoline,188000,manual,6cv,1199,hatchback,good,standard,5 seats,5 doors,used,33000.0,2026-03,5.0,5.0,1199.0,188000.0,10.0,18800.0,3,c4
toyota,agya,2022.0,gasoline,60000,manual,4cv,998,hatchback,good,standard,5 seats,5 doors,used,35000.0,2026-03,5.0,5.0,998.0,60000.0,4.0,15000.0,2,agya
peugeot,2008,2020.0,diesel,133000,manual,5cv,1499,crossover,good,standard,5 seats,5 doors,used,72500.0,2026-03,5.0,5.0,1499.0,133000.0,6.0,22166.666666666668,2,2008
peugeot,208,2023.0,gasoline,26500,manual,4cv,1199,hatchback,good,standard,5 seats,5 doors,used,39500.0,2026-03,5.0,5.0,1199.0,26500.0,3.0,8833.333333333334,1,208
ds,4 crossback,2018.0,gasoline,178000,automatic,9cv,unknown,hatchback,good,standard,5 seats,5 doors,used,45000.0,2026-03,5.0,5.0,,178000.0,8.0,22250.0,2,ds_hatchback
citroen,c3,2021.0,gasoline,64000,manual,4cv,unknown,hatchback,good,standard,5 seats,5 doors,used,37500.0,2026-03,5.0,5.0,,64000.0,5.0,12800.0,2,c3
citroen,c3,2021.0,diesel,148000,manual,5cv,unknown,hatchback,good,standard,5 seats,5 doors,used,44800.0,2026-03,5.0,5.0,,148000.0,5.0,29600.0,2,c3
ford,ecosport,2019.0,gasoline,60000,automatic,7cv,998,suv 4x2,good,standard,5 seats,5 doors,used,53500.0,2026-03,5.0,5.0,998.0,60000.0,7.0,8571.42857142857,2,ecosport
mercedes,gla,2022.0,gasoline,55000,automatic,8cv,1300,crossover,good,standard,5 seats,5 doors,used,129000.0,2026-03,5.0,5.0,,55000.0,4.0,13750.0,2,gla
seat,leon,2021.0,gasoline,89000,automatic,8cv,1400,hatchback,good,standard,5 seats,5 doors,used,89000.0,2026-03,5.0,5.0,1400.0,89000.0,5.0,17800.0,2,leon
peugeot,308,2021.0,diesel,173000,manual,5cv,unknown,hatchback,good,standard,5 seats,5 doors,used,51800.0,2026-03,5.0,5.0,,173000.0,5.0,34600.0,2,308
volkswagen,t-cross,2022.0,gasoline,123000,manual,6cv,unknown,suv 4x2,good,standard,5 seats,5 doors,used,73500.0,2026-03,5.0,5.0,,123000.0,4.0,30750.0,2,t-cross
mercedes,cla,2022.0,gasoline,70000,automatic,8cv,unknown,sedan,good,standard,5 seats,5 doors,used,127000.0,2026-03,5.0,5.0,,70000.0,4.0,17500.0,2,cla
mercedes,classe a,2022.0,gasoline,78000,automatic,8cv,unknown,hatchback,good,standard,5 seats,5 doors,used,109000.0,2026-03,5.0,5.0,,78000.0,4.0,19500.0,2,classe a
mercedes,cla,2021.0,gasoline,125000,automatic,8cv,1332,sedan,good,standard,5 seats,5 doors,used,113000.0,2026-03,5.0,5.0,1332.0,125000.0,5.0,25000.0,2,cla
mercedes,eqa,2022.0,unknown,39000,automatic,8cv,unknown,suv 4x2,good,standard,5 seats,5 doors,used,119000.0,2026-03,5.0,5.0,,39000.0,4.0,9750.0,2,mercedes_suv 4x2
renault,megane 4,2021.0,diesel,120000,automatic,6cv,unknown,hatchback,good,standard,5 seats,5 doors,used,59800.0,2026-03,5.0,5.0,,120000.0,5.0,24000.0,2,megane 4
volkswagen,golf 8,2021.0,gasoline,153000,automatic,6cv,unknown,hatchback,good,standard,5 seats,5 doors,used,73500.0,2026-03,5.0,5.0,,153000.0,5.0,30600.0,2,golf 8
audi,a3,2022.0,gasoline,98000,automatic,8cv,unknown,hatchback,good,s line,5 seats,5 doors,used,119000.0,2026-03,5.0,5.0,,98000.0,4.0,24500.0,2,a3
peugeot,308,2021.0,diesel,168000,manual,5cv,unknown,hatchback,good,standard,5 seats,5 doors,used,49800.0,2026-03,5.0,5.0,,168000.0,5.0,33600.0,2,308
volkswagen,passat,2021.0,gasoline,112000,automatic,8cv,1395,sedan,good,standard,5 seats,5 doors,used,93000.0,2026-03,5.0,5.0,1395.0,112000.0,5.0,22400.0,2,passat
audi,a3,2021.0,electric,170000,manual,6cv,1600,hatchback,good,s line,5 seats,5 doors,used,79500.0,2026-03,5.0,5.0,1600.0,170000.0,5.0,34000.0,2,a3
kia,sportage,2021.0,gasoline,118000,automatic,11cv,1591,suv 4x2,good,standard,5 seats,5 doors,used,89000.0,2026-03,5.0,5.0,1591.0,118000.0,5.0,23600.0,2,sportage
mercedes,glc coupe,2021.0,gasoline,73000,automatic,12cv,2000,suv 4x4,good,standard,5 seats,5 doors,used,178000.0,2026-03,5.0,5.0,,73000.0,5.0,14600.0,2,glc coupe
mercedes,classe a,2021.0,gasoline,80000,automatic,8cv,1332,hatchback,good,standard,5 seats,5 doors,used,115000.0,2026-03,5.0,5.0,1332.0,80000.0,5.0,16000.0,2,classe a
land rover,range rover evoque,2022.0,gasoline,98000,automatic,11cv,unknown,suv 4x4,good,standard,5 seats,5 doors,used,169000.0,2026-03,5.0,5.0,,98000.0,4.0,24500.0,2,range rover evoque
mercedes,classe a,2021.0,gasoline,80000,automatic,8cv,1332,hatchback,good,standard,5 seats,5 doors,used,119000.0,2026-03,5.0,5.0,1332.0,80000.0,5.0,16000.0,2,classe a
toyota,hilux,2023.0,diesel,42000,automatic,11cv,2755,pickup 4x4,good,standard,5 seats,4 doors,used,163000.0,2026-03,4.0,2.0,2755.0,42000.0,3.0,14000.0,1,hilux
volkswagen,golf 8,2021.0,gasoline,40000,manual,6cv,1000,hatchback,good,standard,5 seats,5 doors,used,78000.0,2026-03,5.0,5.0,1000.0,40000.0,5.0,8000.0,2,golf 8
mazda,2,2016.0,gasoline,175000,manual,6cv,1498,sedan,good,standard,5 seats,4 doors,used,35000.0,2026-03,5.0,4.0,1498.0,175000.0,10.0,17500.0,3,2
seat,ateca,2023.0,gasoline,56000,automatic,8cv,1395,suv 4x2,good,standard,5 seats,5 doors,used,98000.0,2026-03,5.0,5.0,1395.0,56000.0,3.0,18666.666666666668,1,ateca
seat,leon,2021.0,gasoline,83000,automatic,8cv,1395,hatchback,good,standard,5 seats,5 doors,used,79000.0,2026-03,5.0,5.0,1395.0,83000.0,5.0,16600.0,2,leon
kia,sportage,2022.0,gasoline,72840,automatic,10cv,1598,suv 4x2,good,standard,5 seats,5 doors,used,128000.0,2026-03,5.0,5.0,1598.0,72840.0,4.0,18210.0,2,sportage
mercedes,cla,2021.0,gasoline,64000,automatic,8cv,1400,sedan,good,standard,5 seats,5 doors,used,130000.0,2026-03,5.0,5.0,1400.0,64000.0,5.0,12800.0,2,cla
mg,gt,2023.0,gasoline,24500,automatic,9cv,1498,sedan,good,standard,5 seats,4 doors,used,75000.0,2026-03,5.0,4.0,1498.0,24500.0,3.0,8166.666666666667,1,gt
mercedes,cla,2021.0,gasoline,48000,automatic,7cv,1332,sedan,good,standard,5 seats,4 doors,used,116000.0,2026-03,5.0,4.0,1332.0,48000.0,5.0,9600.0,2,cla
nissan,juke,2021.0,gasoline,48000,automatic,6cv,999,suv 4x2,good,standard,5 seats,5 doors,used,69000.0,2026-03,5.0,5.0,999.0,48000.0,5.0,9600.0,2,juke
porsche,macan,2017.0,gasoline,38000,automatic,15cv,1996,suv 4x2,good,standard,5 seats,5 doors,used,179000.0,2026-03,5.0,5.0,1996.0,38000.0,9.0,4222.222222222223,3,macan
volkswagen,new beetle,2012.0,gasoline,100000,manual,6cv,unknown,hatchback,good,standard,5 seats,2 doors,used,46000.0,2026-03,5.0,2.0,,100000.0,14.0,7142.857142857143,3,volkswagen_hatchback
ford,focus,2017.0,gasoline,162000,manual,6cv,999,hatchback,good,standard,5 seats,5 doors,used,39900.0,2026-03,5.0,5.0,999.0,162000.0,9.0,18000.0,3,focus
mitsubishi,lancer,2010.0,gasoline,225000,automatic,9cv,1500,sedan,good,standard,5 seats,4 doors,used,22000.0,2026-03,5.0,4.0,1500.0,225000.0,16.0,14062.5,4,lancer
skoda,octavia,2015.0,gasoline,260000,automatic,8cv,1395,sedan,good,standard,5 seats,4 doors,used,38000.0,2026-03,5.0,4.0,1395.0,260000.0,11.0,23636.36363636364,3,octavia
mg,hs,2020.0,gasoline,110000,automatic,10cv,1490,suv 4x2,good,standard,5 seats,5 doors,used,67000.0,2026-03,5.0,5.0,1490.0,110000.0,6.0,18333.33333333333,2,hs
hyundai,veloster,2015.0,gasoline,148000,automatic,8cv,1591,hatchback,good,standard,4 seats,4 doors,used,37500.0,2026-03,4.0,4.0,1591.0,148000.0,11.0,13454.545454545454,3,hyundai_hatchback
ford,fiesta,2014.0,gasoline,180000,manual,5cv,1242,hatchback,good,standard,5 seats,5 doors,used,32500.0,2026-03,5.0,5.0,1242.0,180000.0,12.0,15000.0,3,fiesta
citroen,c4,2010.0,gasoline,210000,manual,7cv,1600,coupe,good,standard,5 seats,2 doors,used,21500.0,2026-03,5.0,2.0,1600.0,210000.0,16.0,13125.0,4,c4
mercedes,cla,2021.0,gasoline,85000,automatic,7cv,1332,sedan,good,standard,5 seats,4 doors,used,117000.0,2026-03,5.0,4.0,1332.0,85000.0,5.0,17000.0,2,cla
jaguar,xf,2022.0,hybrid,110000,automatic,10cv,1998,sedan,good,standard,5 seats,4 doors,used,135000.0,2026-03,5.0,4.0,1998.0,110000.0,4.0,27500.0,2,xf
bmw,serie 4 gran coupe,2019.0,gasoline,79000,automatic,7cv,1499,sedan,good,standard,5 seats,5 doors,used,110000.0,2026-03,5.0,5.0,1499.0,79000.0,7.0,11285.714285714286,2,serie 4 gran coupe
audi,q3,2020.0,gasoline,110000,automatic,9cv,1498,suv 4x2,good,standard,5 seats,5 doors,used,115000.0,2026-03,5.0,5.0,1498.0,110000.0,6.0,18333.33333333333,2,q3
porsche,panamera,2010.0,gasoline,78000,automatic,21cv,3598,sedan,good,standard,4 seats,4 doors,used,129000.0,2026-03,4.0,4.0,3598.0,78000.0,16.0,4875.0,4,panamera
mercedes,classe s,2010.0,gasoline,165000,automatic,18cv,3498,sedan,good,standard,5 seats,4 doors,used,99000.0,2026-03,5.0,4.0,3498.0,165000.0,16.0,10312.5,4,classe s
bmw,serie 4 gran coupe,2020.0,gasoline,90000,automatic,7cv,1498,sedan,good,standard,5 seats,4 doors,used,112000.0,2026-03,5.0,4.0,1498.0,90000.0,6.0,15000.0,2,serie 4 gran coupe
volvo,ex30,2025.0,unknown,0,automatic,5cv,unknown,suv 4x2,good,standard,5 seats,4 doors,used,102000.0,2026-03,5.0,4.0,,0.0,1.0,0.0,1,volvo_suv 4x2
mercedes,classe c,2019.0,gasoline,147000,automatic,8cv,1598,sedan,good,standard,5 seats,4 doors,used,132000.0,2026-03,5.0,4.0,1598.0,147000.0,7.0,21000.0,2,classe c
porsche,cayenne,2012.0,gasoline,195000,automatic,21cv,3600,suv 4x4,good,standard,5 seats,5 doors,used,106000.0,2026-03,5.0,5.0,3598.0,195000.0,14.0,13928.57142857143,3,cayenne
land rover,range rover evoque,2016.0,diesel,160000,automatic,10cv,1998,suv 4x4,good,standard,5 seats,5 doors,used,92000.0,2026-03,5.0,5.0,1998.0,160000.0,10.0,16000.0,3,range rover evoque
mercedes,classe e,2020.0,diesel,35000,automatic,9cv,2000,sedan,good,standard,5 seats,4 doors,used,185000.0,2026-03,5.0,4.0,2000.0,35000.0,6.0,5833.333333333333,2,classe e
kia,sportage,2019.0,gasoline,162000,automatic,8cv,1591,suv 4x2,good,standard,5 seats,5 doors,used,73000.0,2026-03,5.0,5.0,1591.0,162000.0,7.0,23142.85714285714,2,sportage
mercedes,classe e,2019.0,gasoline,47000,automatic,9cv,1497,sedan,good,standard,5 seats,4 doors,used,148000.0,2026-03,5.0,4.0,1497.0,47000.0,7.0,6714.285714285715,2,classe e
volkswagen,golf 8,2020.0,gasoline,66800,manual,5cv,999,hatchback,good,standard,5 seats,5 doors,used,76000.0,2026-03,5.0,5.0,999.0,66800.0,6.0,11133.333333333334,2,golf 8
suzuki,celerio,2018.0,gasoline,62000,manual,4cv,998,hatchback,good,standard,5 seats,5 doors,used,29000.0,2026-03,5.0,5.0,998.0,62000.0,8.0,7750.0,2,celerio
fiat,punto,2011.0,gasoline,145000,manual,5cv,1242,hatchback,good,standard,5 seats,4 doors,used,22000.0,2026-03,5.0,4.0,1242.0,145000.0,15.0,9666.666666666666,3,punto
hyundai,Tucson ,2015.0,diesel,308000,automatic,12cv,2199,suv 4x2,good,standard,7 seats,5 doors,used,65000.0,2026-03,7.0,5.0,2199.0,308000.0,11.0,28000.0,3,hyundai_suv 4x2
fiat,panda city cross,2020.0,gasoline,52000,manual,4cv,1242,hatchback,good,standard,5 seats,5 doors,used,41000.0,2026-03,5.0,5.0,1242.0,52000.0,6.0,8666.666666666666,2,panda city cross
audi,q5,2008.0,diesel,370000,automatic,15cv,3000,suv 4x2,good,standard,5 seats,5 doors,used,55000.0,2026-03,5.0,5.0,3000.0,370000.0,18.0,20555.555555555555,4,q5
volkswagen,golf 8,2021.0,gasoline,75000,automatic,6cv,1500,hatchback,good,standard,5 seats,5 doors,used,108000.0,2026-03,5.0,5.0,1500.0,75000.0,5.0,15000.0,2,golf 8
bmw,x5,2015.0,diesel,152000,automatic,13cv,2000,suv 4x2,good,standard,5 seats,5 doors,used,108000.0,2026-03,5.0,5.0,2000.0,152000.0,11.0,13818.181818181818,3,x5
volkswagen,t-cross,2021.0,gasoline,40000,manual,6cv,1000,suv 4x2,good,standard,5 seats,5 doors,used,79000.0,2026-03,5.0,5.0,1000.0,40000.0,5.0,8000.0,2,t-cross
kia,stonic,2024.0,diesel,31000,manual,8cv,2497,pickup 4x2,good,standard,3 seats,2 doors,used,57000.0,2026-03,3.0,2.0,2497.0,31000.0,2.0,15500.0,1,stonic
skoda,scala,2021.0,gasoline,79000,automatic,6cv,1598,hatchback,good,standard,5 seats,5 doors,used,59000.0,2026-03,5.0,5.0,1598.0,79000.0,5.0,15800.0,2,scala
audi,a4,2016.0,gasoline,112000,manual,7cv,1800,sedan,good,standard,5 seats,4 doors,used,59000.0,2026-03,5.0,4.0,1800.0,112000.0,10.0,11200.0,3,a4
renault,clio,2020.0,gasoline,17000,manual,5cv,999,hatchback,good,standard,5 seats,5 doors,used,46000.0,2026-03,5.0,5.0,999.0,17000.0,6.0,2833.333333333333,2,clio
dacia,lodgy,2024.0,diesel,6000,manual,5cv,1500,mpv,good,standard,5 seats,5 doors,used,69000.0,2026-03,5.0,5.0,1500.0,6000.0,2.0,3000.0,1,dacia_mpv
bmw,serie 2 gran coupe,2021.0,gasoline,77000,automatic,7cv,1500,sedan,good,standard,5 seats,5 doors,used,125000.0,2026-03,5.0,5.0,1500.0,77000.0,5.0,15400.0,2,bmw_sedan
bmw,x5,2015.0,diesel,188000,automatic,13cv,2000,suv 4x2,good,standard,7 seats,5 doors,used,128000.0,2026-03,7.0,5.0,2000.0,188000.0,11.0,17090.909090909092,3,x5
bmw,serie 3,2023.0,gasoline,47000,automatic,9cv,2000,sedan,good,standard,5 seats,4 doors,used,138000.0,2026-03,5.0,4.0,2000.0,47000.0,3.0,15666.666666666666,1,serie 3
ds,7 crossback,2020.0,gasoline,153000,automatic,10cv,1598,suv 4x2,good,standard,5 seats,5 doors,used,65000.0,2026-03,5.0,5.0,1598.0,153000.0,6.0,25500.0,2,ds_suv 4x2
kia,niro hybride,2022.0,gasoline,75000,automatic,5cv,1580,suv 4x2,good,standard,5 seats,5 doors,used,75000.0,2026-03,5.0,5.0,1580.0,75000.0,4.0,18750.0,2,kia_suv 4x2
mercedes,classe e,2012.0,diesel,183000,automatic,8cv,2143,sedan,good,standard,5 seats,5 doors,used,65000.0,2026-03,5.0,5.0,2143.0,183000.0,14.0,13071.42857142857,3,classe e
kia,rio,2021.0,gasoline,160000,manual,5cv,1197,hatchback,good,standard,5 seats,5 doors,used,53000.0,2026-03,5.0,5.0,1197.0,160000.0,5.0,32000.0,2,rio
cupra,formentor,2023.0,gasoline,60000,automatic,11cv,1998,suv 4x2,good,standard,5 seats,5 doors,used,130000.0,2026-03,5.0,5.0,1998.0,60000.0,3.0,20000.0,1,formentor
nissan,qashqai,2015.0,gasoline,175000,automatic,6cv,1200,suv 4x2,good,standard,5 seats,5 doors,used,48000.0,2026-03,5.0,5.0,1200.0,175000.0,11.0,15909.09090909091,3,qashqai
mercedes,cla,2020.0,gasoline,50000,manual,9cv,1332,sedan,good,standard,5 seats,5 doors,used,125000.0,2026-03,5.0,5.0,1332.0,50000.0,6.0,8333.333333333334,2,cla
mg,hs,2023.0,gasoline,24800,automatic,9cv,1490,suv 4x2,good,standard,5 seats,5 doors,used,92000.0,2026-03,5.0,5.0,1490.0,24800.0,3.0,8266.666666666666,1,hs
opel,corsa,2023.0,gasoline,68000,manual,6cv,1199,hatchback,good,standard,5 seats,5 doors,used,47000.0,2026-03,5.0,5.0,1199.0,68000.0,3.0,22666.666666666668,1,corsa
ford,ranger,2015.0,diesel,257000,automatic,11cv,unknown,pickup 4x4,good,standard,5 seats,4 doors,used,60000.0,2026-03,5.0,4.0,,257000.0,11.0,23363.636363636364,3,ranger
audi,a3,2021.0,gasoline,53000,automatic,6cv,999,hatchback,good,s line,5 seats,5 doors,used,108000.0,2026-03,5.0,5.0,999.0,53000.0,5.0,10600.0,2,a3
kia,rio,2013.0,gasoline,250000,manual,5cv,1248,hatchback,good,standard,5 seats,5 doors,used,35000.0,2026-03,5.0,5.0,1248.0,250000.0,13.0,19230.76923076923,3,rio
mercedes,classe e,2019.0,gasoline,215000,automatic,9cv,1497,sedan,good,standard,5 seats,4 doors,used,95000.0,2026-03,5.0,4.0,1497.0,215000.0,7.0,30714.28571428572,2,classe e
mercedes,cla,2019.0,gasoline,55000,automatic,9cv,1332,sedan,good,standard,5 seats,4 doors,used,145000.0,2026-03,5.0,4.0,1332.0,55000.0,7.0,7857.142857142857,2,cla
volkswagen,golf 7,2014.0,gasoline,280000,manual,5cv,1197,hatchback,good,standard,5 seats,5 doors,used,42000.0,2026-03,5.0,5.0,1197.0,280000.0,12.0,23333.33333333333,3,golf 7
kia,sportage,2023.0,gasoline,65000,automatic,10cv,1598,suv 4x2,good,standard,5 seats,5 doors,used,115000.0,2026-03,5.0,5.0,1598.0,65000.0,3.0,21666.666666666668,1,sportage
volkswagen,tiguan,2021.0,gasoline,33000,automatic,8cv,1498,suv 4x2,good,standard,5 seats,5 doors,used,95000.0,2026-03,5.0,5.0,1498.0,33000.0,5.0,6600.0,2,tiguan
suzuki,jimny,2020.0,gasoline,130000,manual,6cv,1462,suv 4x2,good,standard,5 seats,3 doors,used,70000.0,2026-03,4.0,3.0,1462.0,130000.0,6.0,21666.666666666668,2,jimny
mercedes,classe e,2017.0,gasoline,91000,automatic,10cv,1991,coupe,good,standard,5 seats,2 doors,used,148000.0,2026-03,5.0,2.0,1991.0,91000.0,9.0,10111.111111111111,3,classe e
ford,mustang,2015.0,gasoline,130000,automatic,22cv,2300,convertible,good,standard,4 seats,2 doors,used,98000.0,2026-03,4.0,2.0,2300.0,130000.0,11.0,11818.181818181818,3,mustang
jaguar,xe,2017.0,diesel,105000,automatic,9cv,1999,sedan,good,standard,5 seats,4 doors,used,95000.0,2026-03,5.0,4.0,1999.0,105000.0,9.0,11666.666666666666,3,jaguar_sedan
fiat,fiorino,2021.0,diesel,256000,manual,5cv,1248,light commercial,good,standard,2 seats,2 doors,used,32500.0,2026-03,2.0,2.0,1248.0,256000.0,5.0,51200.0,2,fiorino
volkswagen,polo,2022.0,gasoline,80000,manual,5cv,1390,sedan,good,standard,5 seats,4 doors,used,49000.0,2026-03,5.0,4.0,1390.0,80000.0,4.0,20000.0,2,polo
land rover,range rover evoque,2020.0,diesel,110000,automatic,8cv,1999,suv 4x4,good,standard,5 seats,4 doors,used,169000.0,2026-03,5.0,4.0,1999.0,110000.0,6.0,18333.33333333333,2,range rover evoque
skoda,octavia,2018.0,gasoline,130000,automatic,8cv,1395,sedan,good,standard,5 seats,4 doors,used,49500.0,2026-03,5.0,4.0,1395.0,130000.0,8.0,16250.0,2,octavia
land rover,discovery sport,2014.0,diesel,115000,automatic,15cv,2000,suv 4x4,good,standard,5 seats,5 doors,used,93000.0,2026-03,5.0,5.0,2000.0,115000.0,12.0,9583.333333333334,3,discovery sport
mercedes,cla,2020.0,gasoline,70000,automatic,7cv,1332,sedan,good,standard,5 seats,4 doors,used,125000.0,2026-03,5.0,4.0,1332.0,70000.0,6.0,11666.666666666666,2,cla
nissan,juke,2022.0,gasoline,64000,automatic,6cv,999,suv 4x2,good,standard,5 seats,5 doors,used,75000.0,2026-03,5.0,5.0,999.0,64000.0,4.0,16000.0,2,juke
mercedes,classe c,2012.0,gasoline,255000,automatic,9cv,1176,coupe,good,standard,4 seats,2 doors,used,59000.0,2026-03,4.0,2.0,1176.0,255000.0,14.0,18214.28571428572,3,classe c
mercedes,glc coupe,2018.0,diesel,130000,automatic,9cv,2195,suv 4x4,good,standard,5 seats,5 doors,used,165000.0,2026-03,5.0,5.0,2195.0,130000.0,8.0,16250.0,2,glc coupe
volkswagen,golf 7,2018.0,gasoline,120000,automatic,7cv,1197,hatchback,good,standard,5 seats,5 doors,used,62000.0,2026-03,5.0,5.0,1197.0,120000.0,8.0,15000.0,2,golf 7
kia,stonic,2023.0,gasoline,40000,manual,6cv,1600,suv 4x2,good,standard,5 seats,5 doors,used,77000.0,2026-03,5.0,5.0,1600.0,40000.0,3.0,13333.333333333334,1,stonic
mercedes,classe a,2021.0,gasoline,70000,automatic,8cv,1332,hatchback,good,standard,5 seats,5 doors,used,115000.0,2026-03,5.0,5.0,1332.0,70000.0,5.0,14000.0,2,classe a
nissan,juke,2016.0,gasoline,160000,manual,6cv,1200,suv 4x2,good,standard,5 seats,4 doors,used,43000.0,2026-03,5.0,4.0,1200.0,160000.0,10.0,16000.0,3,juke
volkswagen,golf 8,2021.0,gasoline,118000,automatic,6cv,999,hatchback,good,standard,5 seats,5 doors,used,73000.0,2026-03,5.0,5.0,999.0,118000.0,5.0,23600.0,2,golf 8
land rover,velar,2018.0,diesel,125000,automatic,15cv,1999,suv 4x4,good,standard,5 seats,6 doors,used,180000.0,2026-03,5.0,6.0,1999.0,125000.0,8.0,15625.0,2,velar
mercedes,classe c,2020.0,diesel,159000,automatic,6cv,1597,sedan,good,standard,5 seats,5 doors,used,105000.0,2026-03,5.0,5.0,1597.0,159000.0,6.0,26500.0,2,classe c
mercedes,classe c,2018.0,gasoline,105000,automatic,8cv,1497,coupe,good,standard,5 seats,2 doors,used,115000.0,2026-03,5.0,2.0,1497.0,105000.0,8.0,13125.0,2,classe c
mercedes,glc coupe,2018.0,diesel,134000,automatic,9cv,2195,suv 4x4,good,standard,5 seats,5 doors,used,165000.0,2026-03,5.0,5.0,2195.0,134000.0,8.0,16750.0,2,glc coupe
bmw,x5,2008.0,diesel,227000,automatic,15cv,3000,suv 4x2,good,standard,5 seats,4 doors,used,52000.0,2026-03,5.0,4.0,3000.0,227000.0,18.0,12611.111111111111,4,x5
mercedes,classe a,2021.0,gasoline,102000,automatic,7cv,1332,hatchback,good,standard,5 seats,5 doors,used,85000.0,2026-03,5.0,5.0,1332.0,102000.0,5.0,20400.0,2,classe a
renault,clio,2022.0,gasoline,140000,manual,5cv,1000,hatchback,good,standard,5 seats,4 doors,used,59000.0,2026-03,5.0,4.0,1000.0,140000.0,4.0,35000.0,2,clio
gwm,haval h6,2022.0,gasoline,90000,automatic,8cv,1499,suv 4x2,good,standard,5 seats,5 doors,used,93000.0,2026-03,5.0,5.0,1499.0,90000.0,4.0,22500.0,2,haval h6
hyundai,i10 sedan,2022.0,gasoline,49000,manual,5cv,1197,sedan,good,standard,5 seats,4 doors,used,42500.0,2026-03,5.0,4.0,1197.0,49000.0,4.0,12250.0,2,hyundai_sedan
dacia,logan,2025.0,gasoline,17000,manual,5cv,999,sedan,good,standard,5 seats,4 doors,used,85740.0,2026-03,5.0,4.0,999.0,17000.0,1.0,17000.0,1,logan
kia,sorento,2010.0,diesel,200000,manual,12cv,2199,suv 4x2,good,standard,5 seats,4 doors,used,51000.0,2026-03,5.0,4.0,2199.0,200000.0,16.0,12500.0,4,sorento
audi,a3,2015.0,gasoline,230000,manual,6cv,unknown,hatchback,good,s line,5 seats,5 doors,used,52000.0,2026-03,5.0,5.0,,230000.0,11.0,20909.090909090908,3,a3
mercedes,classe c,2014.0,gasoline,170000,automatic,9cv,1600,sedan,good,standard,5 seats,4 doors,used,80000.0,2026-03,5.0,4.0,1600.0,170000.0,12.0,14166.666666666666,3,classe c
volkswagen,amarok,2017.0,diesel,145000,automatic,7cv,2000,pickup 4x2,good,standard,5 seats,4 doors,used,110000.0,2026-03,5.0,4.0,2000.0,145000.0,9.0,16111.111111111111,3,amarok
mercedes,cla,2021.0,gasoline,65000,automatic,8cv,1400,sedan,good,standard,5 seats,4 doors,used,140000.0,2026-03,5.0,4.0,1400.0,65000.0,5.0,13000.0,2,cla
volkswagen,t-roc,2023.0,gasoline,90000,manual,6cv,1000,suv 4x2,good,standard,5 seats,5 doors,used,81500.0,2026-03,5.0,5.0,1000.0,90000.0,3.0,30000.0,1,t-roc
isuzu,dmax ,2021.0,diesel,78000,automatic,9cv,1900,pickup 4x2,good,standard,5 seats,5 doors,used,155000.0,2026-03,5.0,5.0,1900.0,78000.0,5.0,15600.0,2,dmax 
porsche,macan,2018.0,diesel,104000,automatic,16cv,3000,suv 4x2,good,standard,5 seats,5 doors,used,168000.0,2026-03,5.0,5.0,3000.0,104000.0,8.0,13000.0,2,macan
peugeot,partner,2024.0,diesel,44000,manual,5cv,1560,light commercial,good,standard,2 seats,2 doors,used,52859.0,2026-03,2.0,2.0,1560.0,44000.0,2.0,22000.0,1,partner
mercedes,classe a,2019.0,diesel,104000,automatic,6cv,1461,sedan,good,standard,5 seats,5 doors,used,105000.0,2026-03,5.0,5.0,1461.0,104000.0,7.0,14857.142857142857,2,classe a
mercedes,glc,2021.0,hybrid,123000,automatic,9cv,1999,suv 4x4,good,standard,5 seats,5 doors,used,150000.0,2026-03,5.0,5.0,1999.0,123000.0,5.0,24600.0,2,glc
fiat,panda city cross,2021.0,gasoline,77000,manual,4cv,1242,hatchback,good,standard,5 seats,5 doors,used,39700.0,2026-03,5.0,5.0,1242.0,77000.0,5.0,15400.0,2,panda city cross
hyundai,tucson,2022.0,gasoline,182000,automatic,10cv,1598,suv 4x2,good,standard,5 seats,5 doors,used,83000.0,2026-03,5.0,5.0,1598.0,182000.0,4.0,45500.0,2,tucson
citroen,berlingo,2023.0,diesel,158000,manual,5cv,1560,light commercial,good,standard,2 seats,5 doors,used,43000.0,2026-03,2.0,5.0,1560.0,158000.0,3.0,52666.66666666666,1,berlingo
land rover,freelander,2009.0,diesel,200000,automatic,11cv,2505,suv 4x2,good,standard,5 seats,5 doors,used,55000.0,2026-03,5.0,5.0,2505.0,200000.0,17.0,11764.70588235294,4,freelander
renault,express van,2022.0,diesel,120000,manual,5cv,1461,light commercial,good,standard,2 seats,2 doors,used,36000.0,2026-03,2.0,2.0,1461.0,120000.0,4.0,30000.0,2,renault_light commercial
renault,clio,2020.0,gasoline,200000,manual,5cv,1149,hatchback,good,standard,5 seats,5 doors,used,36000.0,2026-03,5.0,5.0,1149.0,200000.0,6.0,33333.333333333336,2,clio
citroen,c elysee,2016.0,gasoline,94000,manual,5cv,1199,sedan,good,standard,5 seats,4 doors,used,31500.0,2026-03,5.0,4.0,1199.0,94000.0,10.0,9400.0,3,citroen_sedan
fiat,fiorino,2024.0,diesel,38000,manual,5cv,1248,light commercial,good,standard,2 seats,2 doors,used,43000.0,2026-03,2.0,2.0,1248.0,38000.0,2.0,19000.0,1,fiorino
hyundai,i20,2022.0,gasoline,90000,manual,5cv,1197,hatchback,good,standard,5 seats,5 doors,used,52000.0,2026-03,5.0,5.0,1197.0,90000.0,4.0,22500.0,2,i20
fiat,500,2010.0,gasoline,120,manual,4cv,1242,hatchback,good,standard,4 seats,3 doors,used,34000.0,2026-03,4.0,3.0,1242.0,120.0,16.0,7.5,4,500
jaguar,xf,2013.0,diesel,150000,automatic,11cv,2179,sedan,good,standard,5 seats,4 doors,used,85000.0,2026-03,5.0,4.0,2179.0,150000.0,13.0,11538.46153846154,3,xf
mercedes,classe c,2019.0,diesel,84300,automatic,6cv,1597,sedan,good,standard,5 seats,5 doors,used,120000.0,2026-03,5.0,5.0,1597.0,84300.0,7.0,12042.857142857143,2,classe c
kia,rio,2016.0,gasoline,125000,manual,5cv,1248,sedan,good,standard,5 seats,5 doors,used,37200.0,2026-03,5.0,5.0,1248.0,125000.0,10.0,12500.0,3,rio
cupra,leon,2022.0,gasoline,66000,automatic,8cv,1395,hatchback,good,standard,5 seats,5 doors,used,108000.0,2026-03,5.0,5.0,1395.0,66000.0,4.0,16500.0,2,leon
fiat,500,2024.0,gasoline,16500,automatic,4cv,1242,hatchback,good,standard,4 seats,3 doors,used,62000.0,2026-03,4.0,3.0,1242.0,16500.0,2.0,8250.0,1,500
mg,zs,2021.0,gasoline,45500,automatic,7cv,1498,suv 4x2,good,standard,5 seats,5 doors,used,64000.0,2026-03,5.0,5.0,1498.0,45500.0,5.0,9100.0,2,zs
opel,crossland,2022.0,gasoline,39000,manual,5cv,1199,suv 4x2,good,standard,5 seats,5 doors,used,65000.0,2026-03,5.0,5.0,1199.0,39000.0,4.0,9750.0,2,crossland
skoda,kamiq,2021.0,gasoline,107000,manual,6cv,1598,suv 4x2,good,standard,5 seats,5 doors,used,64000.0,2026-03,5.0,5.0,1598.0,107000.0,5.0,21400.0,2,kamiq
suzuki,celerio,2019.0,gasoline,183000,manual,5cv,998,hatchback,good,standard,5 seats,5 doors,used,23000.0,2026-03,5.0,5.0,998.0,183000.0,7.0,26142.85714285714,2,celerio
ford,kuga,2017.0,gasoline,50500,automatic,11cv,1498,suv 4x2,good,standard,5 seats,5 doors,used,64000.0,2026-03,5.0,5.0,1498.0,50500.0,9.0,5611.111111111111,3,kuga
hyundai,i10,2020.0,gasoline,58000,automatic,5cv,1197,hatchback,good,standard,5 seats,5 doors,used,43500.0,2026-03,5.0,5.0,1197.0,58000.0,6.0,9666.666666666666,2,i10
fiat,panda,2021.0,gasoline,96000,manual,4cv,1242,hatchback,good,standard,5 seats,5 doors,used,35000.0,2026-03,5.0,5.0,1242.0,96000.0,5.0,19200.0,2,panda
renault,kwid,2022.0,gasoline,20300,manual,4cv,999,crossover,good,standard,5 seats,5 doors,used,32000.0,2026-03,5.0,5.0,999.0,20300.0,4.0,5075.0,2,kwid
mini,cooper,2016.0,gasoline,72000,manual,7cv,1499,hatchback,good,standard,5 seats,3 doors,used,51000.0,2026-03,5.0,3.0,1499.0,72000.0,10.0,7200.0,3,cooper
porsche,macan,2016.0,gasoline,113000,automatic,23cv,2997,suv 4x2,good,standard,5 seats,5 doors,used,175000.0,2026-03,5.0,5.0,2997.0,113000.0,10.0,11300.0,3,macan
toyota,corolla,2023.0,gasoline,72000,automatic,6cv,1197,hatchback,good,standard,5 seats,5 doors,used,63000.0,2026-03,5.0,5.0,1197.0,72000.0,3.0,24000.0,1,corolla
wallyscar,619,2022.0,gasoline,68000,manual,5cv,1323,hatchback,good,standard,5 seats,5 doors,used,19000.0,2026-03,5.0,5.0,1323.0,68000.0,4.0,17000.0,2,619
wallyscar,619,2023.0,gasoline,132000,manual,5cv,1323,hatchback,good,standard,5 seats,5 doors,used,19000.0,2026-03,5.0,5.0,1323.0,132000.0,3.0,44000.0,1,619
citroen,c elysee,2015.0,gasoline,182000,manual,5cv,1199,sedan,good,standard,5 seats,4 doors,used,19000.0,2026-03,5.0,4.0,1199.0,182000.0,11.0,16545.454545454544,3,citroen_sedan
ford,focus,2018.0,gasoline,162000,automatic,7cv,999,hatchback,good,standard,5 seats,5 doors,used,38000.0,2026-03,5.0,5.0,999.0,162000.0,8.0,20250.0,2,focus
hyundai,i20,2023.0,gasoline,35000,manual,5cv,1197,hatchback,good,standard,5 seats,5 doors,used,59000.0,2026-03,5.0,5.0,1197.0,35000.0,3.0,11666.666666666666,1,i20
hyundai,i10,2022.0,gasoline,145000,manual,5cv,1200,hatchback,good,standard,5 seats,5 doors,used,36000.0,2026-03,5.0,5.0,1200.0,145000.0,4.0,36250.0,2,i10
chery,tiggo 2,2020.0,gasoline,151000,manual,6cv,1497,suv 4x2,good,standard,5 seats,5 doors,used,35000.0,2026-03,5.0,5.0,1497.0,151000.0,6.0,25166.666666666668,2,tiggo 2
mercedes,classe c,2018.0,gasoline,93500,automatic,9cv,1497,coupe,good,standard,5 seats,2 doors,used,135000.0,2026-03,5.0,2.0,1497.0,93500.0,8.0,11687.5,2,classe c
audi,a3,2015.0,gasoline,140000,manual,6cv,1197,sedan,good,standard,5 seats,4 doors,used,51000.0,2026-03,5.0,4.0,1197.0,140000.0,11.0,12727.272727272728,3,a3
mg,gs,2017.0,gasoline,179500,automatic,9cv,1490,suv 4x2,good,standard,5 seats,5 doors,used,39500.0,2026-03,5.0,5.0,1490.0,179500.0,9.0,19944.444444444445,3,mg_suv 4x2
bmw,serie 5,2017.0,gasoline,79500,automatic,10cv,1597,sedan,good,standard,5 seats,4 doors,used,139000.0,2026-03,5.0,4.0,1597.0,79500.0,9.0,8833.333333333334,3,serie 5
nissan,qashqai,2020.0,gasoline,172000,automatic,6cv,1197,suv 4x2,good,standard,5 seats,5 doors,used,65000.0,2026-03,5.0,5.0,1197.0,172000.0,6.0,28666.666666666668,2,qashqai
suzuki,vitara,2013.0,gasoline,90500,manual,14cv,2393,suv 4x2,good,standard,5 seats,5 doors,used,38000.0,2026-03,5.0,5.0,2393.0,90500.0,13.0,6961.538461538462,3,vitara
volkswagen,golf 7,2019.0,gasoline,127000,automatic,5cv,1197,hatchback,good,standard,5 seats,5 doors,used,88500.0,2026-03,5.0,5.0,1197.0,127000.0,7.0,18142.85714285714,2,golf 7
bmw,serie 4 gran coupe,2015.0,gasoline,125000,automatic,10cv,1998,sedan,good,standard,5 seats,5 doors,used,89500.0,2026-03,5.0,5.0,1998.0,125000.0,11.0,11363.636363636364,3,serie 4 gran coupe
bmw,serie 3,2013.0,gasoline,126500,manual,7cv,1598,sedan,good,standard,5 seats,4 doors,used,58000.0,2026-03,5.0,4.0,1598.0,126500.0,13.0,9730.76923076923,3,serie 3
hyundai,i10,2022.0,gasoline,116500,manual,5cv,1197,hatchback,good,standard,5 seats,5 doors,used,37000.0,2026-03,5.0,5.0,1197.0,116500.0,4.0,29125.0,2,i10
mercedes,classe c,2009.0,diesel,227000,automatic,7cv,2143,sedan,good,standard,5 seats,5 doors,used,39500.0,2026-03,5.0,5.0,2143.0,227000.0,17.0,13352.941176470587,4,classe c
peugeot,3008,2020.0,gasoline,56000,automatic,7cv,1199,suv 4x2,good,standard,5 seats,5 doors,used,67000.0,2026-03,5.0,5.0,1199.0,56000.0,6.0,9333.333333333334,2,3008
gwm,haval jolion,2023.0,gasoline,29000,automatic,9cv,1479,suv 4x2,good,standard,5 seats,5 doors,used,81500.0,2026-03,5.0,5.0,1479.0,29000.0,3.0,9666.666666666666,1,haval jolion
mercedes,classe e,2009.0,diesel,175000,automatic,12cv,2143,coupe,good,standard,4 seats,2 doors,used,56000.0,2026-03,4.0,2.0,2143.0,175000.0,17.0,10294.117647058823,4,classe e
mercedes,classe a,2013.0,gasoline,158000,manual,6cv,1597,hatchback,good,standard,5 seats,5 doors,used,44000.0,2026-03,5.0,5.0,1597.0,158000.0,13.0,12153.846153846154,3,classe a
mercedes,classe c,2022.0,gasoline,77000,automatic,9cv,1496,sedan,good,standard,5 seats,4 doors,used,153000.0,2026-03,5.0,4.0,1496.0,77000.0,4.0,19250.0,2,classe c
mercedes,classe e,2022.0,gasoline,11400,automatic,9cv,1497,sedan,good,standard,5 seats,4 doors,used,179000.0,2026-03,5.0,4.0,1497.0,11400.0,4.0,2850.0,2,classe e
seat,ateca,2022.0,gasoline,58000,automatic,8cv,1395,suv 4x2,good,standard,5 seats,5 doors,used,95000.0,2026-03,5.0,5.0,1395.0,58000.0,4.0,14500.0,2,ateca
kia,seltos,2021.0,gasoline,161000,automatic,8cv,1353,suv 4x2,good,standard,5 seats,5 doors,used,69000.0,2026-03,5.0,5.0,1353.0,161000.0,5.0,32200.0,2,seltos
mazda,2,2017.0,gasoline,152000,manual,6cv,1498,sedan,good,standard,5 seats,4 doors,used,39000.0,2026-03,5.0,4.0,1498.0,152000.0,9.0,16888.88888888889,3,2
renault,express van,2024.0,diesel,25500,manual,5cv,1461,light commercial,good,standard,2 seats,4 doors,used,49500.0,2026-03,2.0,4.0,1461.0,25500.0,2.0,12750.0,1,renault_light commercial
bmw,serie 5,2022.0,gasoline,74000,automatic,10cv,1597,sedan,good,standard,5 seats,4 doors,used,145000.0,2026-03,5.0,4.0,1597.0,74000.0,4.0,18500.0,2,serie 5
peugeot,208,2017.0,gasoline,113000,manual,5cv,1199,hatchback,good,standard,5 seats,5 doors,used,27500.0,2026-03,5.0,5.0,1199.0,113000.0,9.0,12555.555555555557,3,208
toyota,corolla,2020.0,gasoline,47000,automatic,6cv,1197,hatchback,good,standard,5 seats,5 doors,used,59500.0,2026-03,5.0,5.0,1197.0,47000.0,6.0,7833.333333333333,2,corolla
toyota,rav4,2014.0,gasoline,70000,automatic,9cv,1987,suv 4x2,good,standard,5 seats,5 doors,used,68000.0,2026-03,5.0,5.0,1987.0,70000.0,12.0,5833.333333333333,3,rav4
kia,picanto,2017.0,gasoline,74000,manual,4cv,998,hatchback,good,standard,5 seats,5 doors,used,32500.0,2026-03,5.0,5.0,998.0,74000.0,9.0,8222.222222222223,3,picanto
hyundai,i10,2023.0,gasoline,65000,manual,4cv,998,hatchback,good,standard,5 seats,5 doors,used,42500.0,2026-03,5.0,5.0,998.0,65000.0,3.0,21666.666666666668,1,i10
ford,fiesta,2014.0,gasoline,154000,manual,5cv,1242,hatchback,good,standard,5 seats,5 doors,used,33500.0,2026-03,5.0,5.0,1242.0,154000.0,12.0,12833.333333333334,3,fiesta
fiat,500,2017.0,gasoline,170000,automatic,4cv,1242,hatchback,good,standard,4 seats,2 doors,used,36000.0,2026-03,4.0,2.0,1242.0,170000.0,9.0,18888.88888888889,3,500
toyota,c-hr,2020.0,gasoline,144000,automatic,6cv,1197,crossover,good,standard,5 seats,5 doors,used,65000.0,2026-03,5.0,5.0,1197.0,144000.0,6.0,24000.0,2,c-hr
changan,hunter,2023.0,diesel,57000,manual,6cv,1910,pickup 4x2,good,standard,5 seats,4 doors,used,95000.0,2026-03,5.0,4.0,1910.0,57000.0,3.0,19000.0,1,changan_pickup 4x2
peugeot,208,2019.0,gasoline,118000,manual,4cv,1199,hatchback,good,standard,5 seats,5 doors,used,27500.0,2026-03,5.0,5.0,1199.0,118000.0,7.0,16857.14285714286,2,208
dacia,duster,2020.0,diesel,87500,manual,6cv,1461,suv 4x2,good,standard,5 seats,5 doors,used,65500.0,2026-03,5.0,5.0,1461.0,87500.0,6.0,14583.333333333334,2,duster
geely,gx3,2021.0,gasoline,62200,automatic,6cv,1498,suv 4x2,good,standard,5 seats,5 doors,used,52000.0,2026-03,5.0,5.0,1498.0,62200.0,5.0,12440.0,2,gx3
ford,ecosport,2019.0,gasoline,118000,manual,7cv,998,suv 4x2,good,standard,5 seats,5 doors,used,53500.0,2026-03,5.0,5.0,998.0,118000.0,7.0,16857.14285714286,2,ecosport
seat,ateca,2023.0,gasoline,86000,automatic,8cv,1395,suv 4x2,good,standard,5 seats,5 doors,used,97000.0,2026-03,5.0,5.0,1395.0,86000.0,3.0,28666.666666666668,1,ateca
hyundai,i20,2025.0,gasoline,10000,manual,4cv,1197,hatchback,good,standard,5 seats,5 doors,used,57500.0,2026-03,5.0,5.0,1197.0,10000.0,1.0,10000.0,1,i20
peugeot,3008,2021.0,gasoline,73000,automatic,7cv,1199,suv 4x2,good,standard,5 seats,5 doors,used,73000.0,2026-03,5.0,5.0,1199.0,73000.0,5.0,14600.0,2,3008
peugeot,landtrek ,2021.0,diesel,45500,manual,6cv,1910,pickup 4x2,good,standard,5 seats,4 doors,used,72000.0,2026-03,5.0,4.0,1910.0,45500.0,5.0,9100.0,2,peugeot_pickup 4x2
citroen,c3,2019.0,gasoline,86000,automatic,6cv,1199,hatchback,good,standard,5 seats,5 doors,used,39500.0,2026-03,5.0,5.0,1199.0,86000.0,7.0,12285.714285714286,2,c3
opel,corsa,2022.0,gasoline,75000,manual,5cv,1199,hatchback,good,standard,5 seats,5 doors,used,46500.0,2026-03,5.0,5.0,1199.0,75000.0,4.0,18750.0,2,corsa
citroen,c3,2020.0,gasoline,187000,manual,4cv,1199,hatchback,good,standard,5 seats,5 doors,used,32500.0,2026-03,5.0,5.0,1199.0,187000.0,6.0,31166.666666666668,2,c3
suzuki,swift,2021.0,gasoline,133000,manual,5cv,1197,hatchback,good,standard,5 seats,5 doors,used,37500.0,2026-03,5.0,5.0,1197.0,133000.0,5.0,26600.0,2,swift
bmw,serie 3,2014.0,gasoline,150000,automatic,7cv,1598,sedan,good,standard,5 seats,4 doors,used,54000.0,2026-03,5.0,4.0,1598.0,150000.0,12.0,12500.0,3,serie 3
seat,leon,2020.0,gasoline,126000,manual,6cv,1197,hatchback,good,standard,5 seats,5 doors,used,53000.0,2026-03,5.0,5.0,1197.0,126000.0,6.0,21000.0,2,leon
mg,5,2022.0,gasoline,65000,automatic,7cv,1498,sedan,good,standard,5 seats,4 doors,used,49500.0,2026-03,5.0,4.0,1498.0,65000.0,4.0,16250.0,2,5
ford,focus,2017.0,gasoline,186000,manual,6cv,999,hatchback,good,standard,5 seats,5 doors,used,36500.0,2026-03,5.0,5.0,999.0,186000.0,9.0,20666.666666666668,3,focus
kia,sportage,2023.0,hybrid,51000,manual,7cv,1598,suv 4x2,good,standard,5 seats,5 doors,used,123000.0,2026-03,5.0,5.0,1598.0,51000.0,3.0,17000.0,1,sportage
honda,hr-v,2019.0,gasoline,115000,manual,7cv,1498,suv 4x2,good,standard,5 seats,5 doors,used,62500.0,2026-03,5.0,5.0,1498.0,115000.0,7.0,16428.571428571428,2,honda_suv 4x2
opel,grandland,2020.0,gasoline,178500,automatic,7cv,1119,suv 4x2,good,standard,5 seats,5 doors,used,64500.0,2026-03,5.0,5.0,1119.0,178500.0,6.0,29750.0,2,grandland
peugeot,308,2017.0,gasoline,171500,manual,6cv,1199,hatchback,good,standard,5 seats,5 doors,used,36500.0,2026-03,5.0,5.0,1199.0,171500.0,9.0,19055.555555555555,3,308
wallyscar,719,2023.0,gasoline,78000,manual,7cv,1587,sedan,good,standard,5 seats,4 doors,used,31500.0,2026-03,5.0,4.0,1587.0,78000.0,3.0,26000.0,1,719
mercedes,gla,2022.0,gasoline,73000,automatic,7cv,1332,crossover,good,standard,5 seats,5 doors,used,139000.0,2026-03,5.0,5.0,1332.0,73000.0,4.0,18250.0,2,gla
dongfeng,sx3,2021.0,gasoline,84000,manual,8cv,1590,suv 4x2,good,standard,5 seats,5 doors,used,49000.0,2026-03,5.0,5.0,1590.0,84000.0,5.0,16800.0,2,dongfeng_suv 4x2
volkswagen,polo 8,2019.0,gasoline,124000,manual,4cv,999,hatchback,good,standard,5 seats,5 doors,used,38000.0,2026-03,5.0,5.0,999.0,124000.0,7.0,17714.285714285714,2,polo 8
mazda,6,2014.0,gasoline,191500,automatic,9cv,1998,sedan,good,standard,5 seats,4 doors,used,45500.0,2026-03,5.0,4.0,1998.0,191500.0,12.0,15958.333333333334,3,6
bmw,serie 4 gran coupe,2016.0,diesel,188000,automatic,10cv,1995,sedan,good,standard,5 seats,5 doors,used,89000.0,2026-03,5.0,5.0,1995.0,188000.0,10.0,18800.0,3,serie 4 gran coupe
peugeot,208,2016.0,gasoline,179000,manual,5cv,1199,hatchback,good,standard,5 seats,5 doors,used,29500.0,2026-03,5.0,5.0,1199.0,179000.0,10.0,17900.0,3,208
mercedes,cla,2021.0,gasoline,3200,automatic,7cv,1332,sedan,good,standard,5 seats,4 doors,used,135000.0,2026-03,5.0,4.0,1332.0,3200.0,5.0,640.0,2,cla
mg,zs,2022.0,gasoline,59000,manual,7cv,1498,suv 4x2,good,standard,5 seats,5 doors,used,64000.0,2026-03,5.0,5.0,1498.0,59000.0,4.0,14750.0,2,zs
kia,seltos,2021.0,gasoline,82500,automatic,8cv,1353,suv 4x2,good,standard,5 seats,5 doors,used,81500.0,2026-03,5.0,5.0,1353.0,82500.0,5.0,16500.0,2,seltos
bmw,serie 4 gran coupe,2020.0,gasoline,132000,automatic,7cv,1499,sedan,good,standard,5 seats,5 doors,used,104000.0,2026-03,5.0,5.0,1499.0,132000.0,6.0,22000.0,2,serie 4 gran coupe
kia,picanto,2020.0,gasoline,73000,manual,4cv,1248,hatchback,good,standard,5 seats,5 doors,used,37500.0,2026-03,5.0,5.0,1248.0,73000.0,6.0,12166.666666666666,2,picanto
mercedes,classe c,2018.0,gasoline,148000,automatic,8cv,1595,sedan,good,standard,5 seats,4 doors,used,90000.0,2026-03,5.0,4.0,1595.0,148000.0,8.0,18500.0,2,classe c
peugeot,208,2020.0,gasoline,96000,manual,4cv,1199,hatchback,good,standard,5 seats,5 doors,used,29000.0,2026-03,5.0,5.0,1199.0,96000.0,6.0,16000.0,2,208
suzuki,ciaz,2023.0,gasoline,52500,manual,6cv,1462,sedan,good,standard,5 seats,4 doors,used,52000.0,2026-03,5.0,4.0,1462.0,52500.0,3.0,17500.0,1,ciaz
toyota,rav4,2023.0,gasoline,58900,automatic,9cv,2478,suv 4x2,good,standard,5 seats,5 doors,used,139500.0,2026-03,5.0,5.0,2478.0,58900.0,3.0,19633.33333333333,1,rav4
cupra,formentor,2024.0,gasoline,26000,automatic,11cv,1998,suv 4x2,good,standard,5 seats,5 doors,used,135000.0,2026-03,5.0,5.0,1998.0,26000.0,2.0,13000.0,1,formentor
jaguar,f-pace,2018.0,diesel,159000,manual,9cv,1999,suv 4x4,good,standard,5 seats,5 doors,used,125000.0,2026-03,5.0,5.0,1999.0,159000.0,8.0,19875.0,2,jaguar_suv 4x4
ford,ecosport,2020.0,gasoline,49500,manual,7cv,998,suv 4x2,good,standard,5 seats,5 doors,used,57000.0,2026-03,5.0,5.0,998.0,49500.0,6.0,8250.0,2,ecosport
land rover,velar,2017.0,diesel,92000,automatic,15cv,1999,suv 4x4,good,standard,5 seats,5 doors,used,182000.0,2026-03,5.0,5.0,1999.0,92000.0,9.0,10222.222222222224,3,velar
mazda,3,2016.0,gasoline,112000,manual,6cv,1598,sedan,good,standard,5 seats,4 doors,used,42000.0,2026-03,5.0,4.0,1598.0,112000.0,10.0,11200.0,3,3
volkswagen,tiguan,2010.0,gasoline,158000,manual,11cv,1984,suv 4x2,good,standard,5 seats,5 doors,used,42000.0,2026-03,5.0,5.0,1984.0,158000.0,16.0,9875.0,4,tiguan
volvo,xc60,2022.0,gasoline,19000,automatic,20cv,1969,suv 4x2,good,standard,5 seats,5 doors,used,286000.0,2026-03,5.0,5.0,1969.0,19000.0,4.0,4750.0,2,volvo_suv 4x2
mercedes,cla,2013.0,gasoline,143000,manual,7cv,1595,sedan,good,standard,5 seats,5 doors,used,66000.0,2026-03,5.0,5.0,1595.0,143000.0,13.0,11000.0,3,cla
audi,a5,2020.0,gasoline,164000,automatic,8cv,1395,sedan,good,s line,5 seats,5 doors,used,93000.0,2026-03,5.0,5.0,1395.0,164000.0,6.0,27333.33333333333,2,a5
mg,zs,2020.0,gasoline,92000,automatic,7cv,1498,suv 4x2,good,standard,5 seats,5 doors,used,55000.0,2026-03,5.0,5.0,1498.0,92000.0,6.0,15333.333333333334,2,zs
jeep,compass,2021.0,gasoline,45000,manual,8cv,1368,suv 4x2,good,standard,5 seats,5 doors,used,87000.0,2026-03,5.0,5.0,1368.0,45000.0,5.0,9000.0,2,compass
peugeot,2008,2020.0,gasoline,43000,manual,5cv,1199,crossover,good,standard,5 seats,5 doors,used,75500.0,2026-03,5.0,5.0,1199.0,43000.0,6.0,7166.666666666667,2,2008
geely,gx3,2021.0,gasoline,73000,manual,6cv,1498,suv 4x2,good,standard,5 seats,5 doors,used,47000.0,2026-03,5.0,5.0,1498.0,73000.0,5.0,14600.0,2,gx3
volkswagen,golf 8,2022.0,gasoline,65500,automatic,6cv,999,hatchback,good,standard,5 seats,4 doors,used,85000.0,2026-03,5.0,4.0,999.0,65500.0,4.0,16375.0,2,golf 8
toyota,prado,2014.0,diesel,230000,manual,11cv,2982,suv 4x4,good,standard,7 seats,5 doors,used,145000.0,2026-03,7.0,5.0,2982.0,230000.0,12.0,19166.666666666668,3,prado
mercedes,classe a,2022.0,gasoline,55000,automatic,19cv,2000,hatchback,good,standard,5 seats,4 doors,used,185000.0,2026-03,5.0,4.0,2000.0,55000.0,4.0,13750.0,2,classe a
ford,kuga,2019.0,gasoline,172000,manual,8cv,1498,suv 4x2,good,standard,5 seats,5 doors,used,62000.0,2026-03,5.0,5.0,1498.0,172000.0,7.0,24571.42857142857,2,kuga
kia,picanto,2018.0,gasoline,79000,manual,5cv,1248,hatchback,good,standard,5 seats,5 doors,used,39800.0,2026-03,5.0,5.0,1248.0,79000.0,8.0,9875.0,2,picanto
toyota,c-hr,2019.0,gasoline,117500,automatic,6cv,1197,crossover,good,standard,5 seats,5 doors,used,69000.0,2026-03,5.0,5.0,1197.0,117500.0,7.0,16785.714285714286,2,c-hr
mercedes,classe e,2015.0,gasoline,52500,automatic,10cv,1901,sedan,good,standard,5 seats,4 doors,used,95500.0,2026-03,5.0,4.0,1901.0,52500.0,11.0,4772.727272727273,3,classe e
dongfeng,s50,2019.0,gasoline,24000,manual,6cv,1499,sedan,good,standard,5 seats,4 doors,used,39500.0,2026-03,5.0,4.0,1499.0,24000.0,7.0,3428.5714285714284,2,dongfeng_sedan
cadillac,ats,2014.0,gasoline,58000,automatic,18cv,2000,sedan,good,standard,5 seats,5 doors,used,69000.0,2026-03,5.0,5.0,2000.0,58000.0,12.0,4833.333333333333,3,cadillac_sedan
nissan,navara,2012.0,diesel,238000,manual,10cv,2488,pickup 4x4,good,standard,5 seats,4 doors,used,46500.0,2026-03,5.0,4.0,2488.0,238000.0,14.0,17000.0,3,navara
volkswagen,tiguan,2020.0,gasoline,138000,automatic,8cv,1395,suv 4x2,good,standard,5 seats,5 doors,used,98000.0,2026-03,5.0,5.0,1395.0,138000.0,6.0,23000.0,2,tiguan
hyundai,i20,2018.0,gasoline,82000,manual,5cv,1197,hatchback,good,standard,5 seats,5 doors,used,42700.0,2026-03,5.0,5.0,1197.0,82000.0,8.0,10250.0,2,i20
bmw,serie 1,2010.0,gasoline,182000,manual,7cv,1596,hatchback,good,standard,5 seats,3 doors,used,34000.0,2026-03,5.0,3.0,1596.0,182000.0,16.0,11375.0,4,serie 1
land rover,range rover,2019.0,gasoline,116000,automatic,25cv,4999,suv 4x4,good,standard,5 seats,5 doors,used,380000.0,2026-03,5.0,5.0,4999.0,116000.0,7.0,16571.428571428572,2,land rover_suv 4x4
seat,arona,2023.0,gasoline,27000,automatic,6cv,999,suv 4x2,good,standard,5 seats,5 doors,used,79800.0,2026-03,5.0,5.0,999.0,27000.0,3.0,9000.0,1,arona
geely,gx3,2021.0,gasoline,78000,manual,6cv,1498,suv 4x2,good,standard,5 seats,5 doors,used,45000.0,2026-03,5.0,5.0,1498.0,78000.0,5.0,15600.0,2,gx3
audi,q5,2016.0,diesel,112000,automatic,8cv,2000,suv 4x2,good,standard,5 seats,5 doors,used,96000.0,2026-03,5.0,5.0,2000.0,112000.0,10.0,11200.0,3,q5
land rover,velar,2018.0,diesel,144000,automatic,19cv,2993,suv 4x4,good,standard,5 seats,5 doors,used,192000.0,2026-03,5.0,5.0,2993.0,144000.0,8.0,18000.0,2,velar
porsche,macan,2024.0,unknown,9000,automatic,9cv,unknown,suv 4x2,good,standard,5 seats,5 doors,used,289500.0,2026-03,5.0,5.0,,9000.0,2.0,4500.0,1,macan
toyota,rav4,2024.0,gasoline,30000,automatic,9cv,2478,suv 4x2,good,standard,5 seats,5 doors,used,147000.0,2026-03,5.0,5.0,2478.0,30000.0,2.0,15000.0,1,rav4
audi,a1,2024.0,gasoline,35000,automatic,6cv,999,hatchback,good,s line,5 seats,5 doors,used,83000.0,2026-03,5.0,5.0,999.0,35000.0,2.0,17500.0,1,audi_hatchback
mercedes,classe a,2018.0,gasoline,122000,manual,9cv,1333,hatchback,good,standard,5 seats,4 doors,used,75000.0,2026-03,5.0,4.0,1333.0,122000.0,8.0,15250.0,2,classe a
bmw,serie 3,2016.0,gasoline,157000,automatic,7cv,1499,sedan,good,standard,5 seats,4 doors,used,67000.0,2026-03,5.0,4.0,1499.0,157000.0,10.0,15700.0,3,serie 3
audi,a5,2020.0,gasoline,186000,automatic,8cv,1395,sedan,good,s line,5 seats,5 doors,used,94500.0,2026-03,5.0,5.0,1395.0,186000.0,6.0,31000.0,2,a5
geely,gx3,2021.0,gasoline,105000,manual,6cv,1498,suv 4x2,good,standard,5 seats,5 doors,used,42000.0,2026-03,5.0,5.0,1498.0,105000.0,5.0,21000.0,2,gx3
mazda,6,2015.0,gasoline,157000,automatic,9cv,1998,sedan,good,standard,5 seats,4 doors,used,48000.0,2026-03,5.0,4.0,1998.0,157000.0,11.0,14272.727272727272,3,6
mercedes,classe a,2021.0,gasoline,37500,automatic,7cv,1332,sedan,good,standard,5 seats,4 doors,used,94500.0,2026-03,5.0,4.0,1332.0,37500.0,5.0,7500.0,2,classe a
ssangyong,tivoli,2018.0,gasoline,61000,automatic,8cv,1597,suv 4x2,good,standard,5 seats,5 doors,used,56000.0,2026-03,5.0,5.0,1597.0,61000.0,8.0,7625.0,2,tivoli
chery,tiggo 3x,2022.0,gasoline,68000,automatic,6cv,998,suv 4x2,good,standard,5 seats,5 doors,used,52000.0,2026-03,5.0,5.0,998.0,68000.0,4.0,17000.0,2,tiggo 3x
peugeot,208,2018.0,gasoline,75000,manual,5cv,1199,hatchback,good,standard,5 seats,5 doors,used,33500.0,2026-03,5.0,5.0,1199.0,75000.0,8.0,9375.0,2,208
seat,arona,2022.0,gasoline,39000,manual,6cv,1598,suv 4x2,good,standard,5 seats,5 doors,used,66000.0,2026-03,5.0,5.0,1598.0,39000.0,4.0,9750.0,2,arona
ford,kuga,2017.0,gasoline,127000,manual,8cv,1498,suv 4x2,good,standard,5 seats,6 doors,used,56500.0,2026-03,5.0,6.0,1498.0,127000.0,9.0,14111.111111111111,3,kuga
mg,zs,2022.0,gasoline,51500,automatic,7cv,1498,suv 4x2,good,standard,5 seats,5 doors,used,69500.0,2026-03,5.0,5.0,1498.0,51500.0,4.0,12875.0,2,zs
bmw,serie 4 gran coupe,2017.0,gasoline,132500,automatic,7cv,1499,sedan,good,standard,5 seats,5 doors,used,74000.0,2026-03,5.0,5.0,1499.0,132500.0,9.0,14722.222222222224,3,serie 4 gran coupe
kia,sportage,2021.0,gasoline,104500,automatic,8cv,1591,suv 4x2,good,standard,5 seats,5 doors,used,89500.0,2026-03,5.0,5.0,1591.0,104500.0,5.0,20900.0,2,sportage
land rover,range rover,2017.0,gasoline,52000,automatic,43cv,4999,suv 4x4,good,standard,5 seats,5 doors,used,350000.0,2026-03,5.0,5.0,4999.0,52000.0,9.0,5777.777777777777,3,land rover_suv 4x4
audi,tt coupe,2022.0,gasoline,42000,automatic,15cv,1984,coupe,good,standard,4 seats,3 doors,used,235000.0,2026-03,4.0,3.0,1984.0,42000.0,4.0,10500.0,2,audi_coupe
audi,a5,2021.0,gasoline,94000,automatic,8cv,1984,sedan,good,s line,5 seats,5 doors,used,140000.0,2026-03,5.0,5.0,1984.0,94000.0,5.0,18800.0,2,a5
kia,sportage,2021.0,gasoline,78000,automatic,11cv,1591,suv 4x2,good,standard,5 seats,5 doors,used,83500.0,2026-03,5.0,5.0,1591.0,78000.0,5.0,15600.0,2,sportage
honda,cr-v,2021.0,gasoline,110000,automatic,11cv,1498,suv 4x2,good,standard,5 seats,5 doors,used,99000.0,2026-03,5.0,5.0,1498.0,110000.0,5.0,22000.0,2,honda_suv 4x2
mercedes,cla,2021.0,gasoline,49000,automatic,8cv,1332,sedan,good,standard,5 seats,5 doors,used,162000.0,2026-03,5.0,5.0,1332.0,49000.0,5.0,9800.0,2,cla
mg,zs,2022.0,gasoline,23500,automatic,7cv,1498,suv 4x2,good,standard,5 seats,5 doors,used,73500.0,2026-03,5.0,5.0,1498.0,23500.0,4.0,5875.0,2,zs
audi,a3,2016.0,gasoline,160000,manual,6cv,1197,hatchback,good,standard,5 seats,5 doors,used,53000.0,2026-03,5.0,5.0,1197.0,160000.0,10.0,16000.0,3,a3
mercedes,classe a,2021.0,gasoline,37000,automatic,8cv,1332,hatchback,good,standard,5 seats,5 doors,used,107500.0,2026-03,5.0,5.0,1332.0,37000.0,5.0,7400.0,2,classe a
bmw,x2,2018.0,gasoline,38000,automatic,7cv,1499,crossover,good,standard,5 seats,5 doors,used,132000.0,2026-03,5.0,5.0,1499.0,38000.0,8.0,4750.0,2,x2
mg,hs,2021.0,gasoline,78000,automatic,10cv,1490,suv 4x2,good,standard,5 seats,5 doors,used,77500.0,2026-03,5.0,5.0,1490.0,78000.0,5.0,15600.0,2,hs
mercedes,classe c,2022.0,gasoline,46000,automatic,9cv,1496,sedan,good,standard,5 seats,4 doors,used,170000.0,2026-03,5.0,4.0,1496.0,46000.0,4.0,11500.0,2,classe c
ssangyong,actyon,2018.0,diesel,87000,manual,7cv,1998,pickup 4x2,good,standard,5 seats,4 doors,used,55000.0,2026-03,5.0,4.0,1998.0,87000.0,8.0,10875.0,2,actyon
mercedes,cla,2018.0,gasoline,150000,automatic,7cv,1575,sedan,good,standard,5 seats,4 doors,used,83000.0,2026-03,5.0,4.0,1575.0,150000.0,8.0,18750.0,2,cla
volkswagen,golf 6,2012.0,gasoline,145000,manual,6cv,1200,hatchback,good,standard,5 seats,2 doors,used,40000.0,2026-03,5.0,2.0,,145000.0,14.0,10357.142857142857,3,golf 6
opel,corsa,1999.0,gasoline,420000,automatic,4cv,973,hatchback,good,standard,5 seats,4 doors,used,11000.0,2026-03,5.0,4.0,973.0,420000.0,27.0,15555.555555555557,4,corsa
bmw,x5,2007.0,diesel,270000,automatic,15cv,3000,suv 4x2,good,standard,5 seats,5 doors,used,66000.0,2026-03,5.0,5.0,3000.0,270000.0,19.0,14210.526315789471,4,x5
volkswagen,t-roc,2022.0,gasoline,72000,manual,6cv,unknown,suv 4x2,good,standard,5 seats,5 doors,used,78000.0,2026-03,5.0,5.0,,72000.0,4.0,18000.0,2,t-roc
volkswagen,golf 6,2010.0,gasoline,341000,manual,5cv,1390,hatchback,good,standard,5 seats,5 doors,used,34000.0,2026-03,5.0,5.0,1390.0,341000.0,16.0,21312.5,4,golf 6
bmw,serie 4,2014.0,gasoline,140000,automatic,10cv,1997,coupe,good,standard,4 seats,2 doors,used,79000.0,2026-03,4.0,2.0,1997.0,140000.0,12.0,11666.666666666666,3,serie 4
volkswagen,golf 8,2020.0,gasoline,58000,manual,7cv,1499,hatchback,good,standard,5 seats,5 doors,used,100000.0,2026-03,5.0,5.0,1499.0,58000.0,6.0,9666.666666666666,2,golf 8
mg,gt,2023.0,gasoline,9772,automatic,7cv,1498,sedan,good,standard,5 seats,4 doors,used,78000.0,2026-03,5.0,4.0,1498.0,9772.0,3.0,3257.333333333333,1,gt
fiat,punto,2017.0,gasoline,73000,manual,4cv,1242,hatchback,good,standard,5 seats,5 doors,used,31500.0,2026-03,5.0,5.0,1242.0,73000.0,9.0,8111.111111111111,3,punto
kia,rio,2019.0,gasoline,50000,manual,5cv,1248,hatchback,good,standard,5 seats,5 doors,used,49000.0,2026-03,5.0,5.0,1248.0,50000.0,7.0,7142.857142857143,2,rio
ds,unknown,2014.0,gasoline,135000,automatic,9cv,1598,sedan,good,standard,5 seats,5 doors,used,50000.0,2026-03,5.0,5.0,1598.0,135000.0,12.0,11250.0,3,ds_sedan
citroen,c4,2012.0,gasoline,165000,manual,6cv,1397,hatchback,good,standard,5 seats,5 doors,used,29000.0,2026-03,5.0,5.0,1397.0,165000.0,14.0,11785.714285714286,3,c4
fiat,doblo,2023.0,diesel,128000,manual,5cv,1248,light commercial,good,standard,3 seats,5 doors,used,38000.0,2026-03,3.0,5.0,1248.0,128000.0,3.0,42666.66666666666,1,doblo
ford,focus,2017.0,gasoline,250000,manual,6cv,999,hatchback,good,standard,5 seats,5 doors,used,35500.0,2026-03,5.0,5.0,999.0,250000.0,9.0,27777.777777777777,3,focus
mercedes,classe c,2020.0,diesel,102000,automatic,9cv,1597,sedan,good,standard,5 seats,4 doors,used,120000.0,2026-03,5.0,4.0,1597.0,102000.0,6.0,17000.0,2,classe c
toyota,corolla,2006.0,gasoline,269000,manual,6cv,1300,sedan,good,standard,5 seats,4 doors,used,30000.0,2026-03,5.0,4.0,1300.0,269000.0,20.0,13450.0,4,corolla
hyundai,tucson,2022.0,gasoline,88000,automatic,10cv,1598,suv 4x2,good,standard,5 seats,5 doors,used,130000.0,2026-03,5.0,5.0,1598.0,88000.0,4.0,22000.0,2,tucson
renault,clio,2023.0,gasoline,30294,manual,5cv,999,hatchback,good,standard,5 seats,5 doors,used,48000.0,2026-03,5.0,5.0,999.0,30294.0,3.0,10098.0,1,clio
seat,ibiza,2020.0,gasoline,70000,manual,4cv,999,hatchback,good,standard,5 seats,5 doors,used,55000.0,2026-03,5.0,5.0,999.0,70000.0,6.0,11666.666666666666,2,ibiza
renault,clio,2020.0,gasoline,94000,manual,5cv,1149,hatchback,good,standard,5 seats,5 doors,used,43500.0,2026-03,5.0,5.0,1149.0,94000.0,6.0,15666.666666666666,2,clio
geely,gx3,2021.0,gasoline,83000,manual,6cv,1498,suv 4x2,good,standard,5 seats,5 doors,used,43000.0,2026-03,5.0,5.0,1498.0,83000.0,5.0,16600.0,2,gx3
mercedes,classe a,2019.0,diesel,86000,automatic,6cv,1461,hatchback,good,standard,5 seats,5 doors,used,105000.0,2026-03,5.0,5.0,1461.0,86000.0,7.0,12285.714285714286,2,classe a
mercedes,classe e,2014.0,gasoline,112000,automatic,10cv,1991,coupe,good,standard,5 seats,2 doors,used,87000.0,2026-03,5.0,2.0,1991.0,112000.0,12.0,9333.333333333334,3,classe e
volkswagen,amarok,2016.0,diesel,280000,manual,7cv,1968,pickup 4x2,good,standard,5 seats,4 doors,used,65000.0,2026-03,5.0,4.0,1968.0,280000.0,10.0,28000.0,3,amarok
chery,tiggo 7 pro,2022.0,gasoline,95000,automatic,9cv,1498,suv 4x2,good,standard,5 seats,5 doors,used,74000.0,2026-03,5.0,5.0,1498.0,95000.0,4.0,23750.0,2,chery_suv 4x2
gwm,haval jolion,2022.0,gasoline,60000,automatic,9cv,1479,suv 4x2,good,standard,5 seats,5 doors,used,74000.0,2026-03,5.0,5.0,1479.0,60000.0,4.0,15000.0,2,haval jolion
volkswagen,amarok,2021.0,diesel,86000,automatic,7cv,1968,pickup 4x2,good,standard,5 seats,4 doors,used,135000.0,2026-03,5.0,4.0,1968.0,86000.0,5.0,17200.0,2,amarok
fiat,linea,2011.0,gasoline,203000,manual,6cv,1400,sedan,good,standard,5 seats,5 doors,used,28500.0,2026-03,5.0,5.0,1400.0,203000.0,15.0,13533.333333333334,3,fiat_sedan
ford,ranger,2009.0,diesel,350000,manual,10cv,2500,pickup 4x2,good,standard,5 seats,4 doors,used,39000.0,2026-03,5.0,4.0,2500.0,350000.0,17.0,20588.235294117647,4,ranger
kia,sportage,2023.0,gasoline,30000,automatic,10cv,1598,suv 4x2,good,standard,5 seats,5 doors,used,125000.0,2026-03,5.0,5.0,1598.0,30000.0,3.0,10000.0,1,sportage
land rover,discovery,2007.0,gasoline,185000,automatic,23cv,2998,suv 4x2,good,standard,5 seats,5 doors,used,57000.0,2026-03,5.0,5.0,2998.0,185000.0,19.0,9736.842105263158,4,discovery
volkswagen,polo 8,2022.0,gasoline,113000,manual,4cv,999,hatchback,good,standard,5 seats,5 doors,used,54000.0,2026-03,5.0,5.0,999.0,113000.0,4.0,28250.0,2,polo 8
suzuki,celerio,2022.0,gasoline,70000,automatic,4cv,998,hatchback,good,standard,5 seats,5 doors,used,39500.0,2026-03,5.0,5.0,998.0,70000.0,4.0,17500.0,2,celerio
toyota,corolla,2022.0,gasoline,84000,automatic,6cv,1197,hatchback,good,standard,5 seats,5 doors,used,65000.0,2026-03,5.0,5.0,1197.0,84000.0,4.0,21000.0,2,corolla
dacia,sandero stepway,2022.0,gasoline,85000,automatic,5cv,999,hatchback,good,standard,5 seats,5 doors,used,55000.0,2026-03,5.0,5.0,999.0,85000.0,4.0,21250.0,2,sandero stepway
suzuki,swift,2022.0,gasoline,87000,manual,5cv,1197,hatchback,good,standard,5 seats,5 doors,used,39800.0,2026-03,5.0,5.0,1197.0,87000.0,4.0,21750.0,2,swift
hyundai,i30,2022.0,gasoline,74000,automatic,6cv,1396,sedan,good,standard,5 seats,4 doors,used,65000.0,2026-03,5.0,4.0,1396.0,74000.0,4.0,18500.0,2,hyundai_sedan
toyota,c-hr,2022.0,gasoline,87000,automatic,6cv,1197,crossover,good,standard,5 seats,5 doors,used,75000.0,2026-03,5.0,5.0,1197.0,87000.0,4.0,21750.0,2,c-hr
bmw,serie 3,2015.0,gasoline,100000,automatic,11cv,unknown,sedan,good,standard,5 seats,5 doors,used,75000.0,2026-03,5.0,5.0,,100000.0,11.0,9090.90909090909,3,serie 3
mercedes,classe c,2022.0,gasoline,105000,automatic,9cv,1496,sedan,good,standard,5 seats,5 doors,used,148000.0,2026-03,5.0,5.0,1496.0,105000.0,4.0,26250.0,2,classe c
volkswagen,golf 7,2019.0,diesel,100000,manual,6cv,unknown,hatchback,good,standard,5 seats,5 doors,used,73000.0,2026-03,5.0,5.0,,100000.0,7.0,14285.714285714286,2,golf 7
audi,q2,2018.0,gasoline,240000,automatic,6cv,999,suv 4x2,good,standard,5 seats,5 doors,used,58000.0,2026-03,5.0,5.0,999.0,240000.0,8.0,30000.0,2,q2
volkswagen,tiguan,2018.0,gasoline,104000,automatic,8cv,1395,suv 4x2,good,standard,5 seats,5 doors,used,95000.0,2026-03,5.0,5.0,1395.0,104000.0,8.0,13000.0,2,tiguan
fiat,doblo,2021.0,diesel,113000,manual,5cv,1248,light commercial,good,standard,5 seats,5 doors,used,49500.0,2026-03,5.0,5.0,1248.0,113000.0,5.0,22600.0,2,doblo
mercedes,classe a,2022.0,gasoline,63000,automatic,7cv,unknown,hatchback,good,standard,5 seats,5 doors,used,123000.0,2026-03,5.0,5.0,,63000.0,4.0,15750.0,2,classe a
volkswagen,golf 8,2023.0,gasoline,69000,automatic,8cv,1395,hatchback,good,standard,5 seats,5 doors,used,108000.0,2026-03,5.0,5.0,1395.0,69000.0,3.0,23000.0,1,golf 8
citroen,berlingo,2022.0,diesel,29000,manual,5cv,1498,light commercial,good,standard,3 seats,5 doors,used,57000.0,2026-03,3.0,5.0,1498.0,29000.0,4.0,7250.0,2,berlingo
hyundai,i10,2022.0,gasoline,103000,manual,5cv,1197,hatchback,good,standard,5 seats,5 doors,used,40500.0,2026-03,5.0,5.0,1197.0,103000.0,4.0,25750.0,2,i10
volkswagen,polo,2023.0,gasoline,95000,manual,5cv,1390,sedan,good,standard,5 seats,4 doors,used,47000.0,2026-03,5.0,4.0,1390.0,95000.0,3.0,31666.666666666668,1,polo
suzuki,baleno,2018.0,gasoline,89000,automatic,5cv,1373,hatchback,good,standard,5 seats,5 doors,used,39000.0,2026-03,5.0,5.0,1373.0,89000.0,8.0,11125.0,2,suzuki_hatchback
volkswagen,golf 7,2018.0,diesel,170000,automatic,6cv,unknown,hatchback,good,standard,5 seats,5 doors,used,74000.0,2026-03,5.0,5.0,,170000.0,8.0,21250.0,2,golf 7
mercedes,classe a,2019.0,diesel,121000,automatic,7cv,unknown,hatchback,good,standard,5 seats,5 doors,used,98000.0,2026-03,5.0,5.0,,121000.0,7.0,17285.714285714286,2,classe a
mercedes,ml,2011.0,diesel,253000,automatic,15cv,unknown,suv 4x4,good,standard,5 seats,5 doors,used,67000.0,2026-03,5.0,5.0,,253000.0,15.0,16866.666666666668,3,ml
audi,a4,2016.0,gasoline,220000,automatic,8cv,1395,sedan,good,standard,5 seats,5 doors,used,69000.0,2026-03,5.0,5.0,1395.0,220000.0,10.0,22000.0,3,a4
chevrolet,groove,2022.0,gasoline,58000,automatic,6cv,1485,suv 4x2,good,standard,5 seats,5 doors,used,65000.0,2026-03,5.0,5.0,1485.0,58000.0,4.0,14500.0,2,chevrolet_suv 4x2
bmw,serie 1,2013.0,gasoline,180000,manual,7cv,1598,hatchback,good,standard,5 seats,5 doors,used,43000.0,2026-03,5.0,5.0,1598.0,180000.0,13.0,13846.153846153846,3,serie 1
suzuki,ciaz,2020.0,gasoline,112000,automatic,6cv,1462,sedan,good,standard,5 seats,4 doors,used,46000.0,2026-03,5.0,4.0,1462.0,112000.0,6.0,18666.666666666668,2,ciaz
kia,rio,2022.0,gasoline,93000,manual,5cv,1197,hatchback,good,standard,5 seats,5 doors,used,51000.0,2026-03,5.0,5.0,1197.0,93000.0,4.0,23250.0,2,rio
suzuki,swift,2022.0,gasoline,95000,automatic,5cv,1197,hatchback,good,standard,5 seats,5 doors,used,42000.0,2026-03,5.0,5.0,1197.0,95000.0,4.0,23750.0,2,swift
volkswagen,golf 7,2020.0,gasoline,132000,automatic,6cv,1197,hatchback,good,standard,5 seats,5 doors,used,69000.0,2026-03,5.0,5.0,1197.0,132000.0,6.0,22000.0,2,golf 7
mercedes,classe e,2014.0,gasoline,140000,automatic,9cv,1800,sedan,good,standard,5 seats,5 doors,used,82000.0,2026-03,5.0,5.0,1800.0,140000.0,12.0,11666.666666666666,3,classe e
citroen,jumpy,2020.0,diesel,160000,manual,6cv,unknown,mpv,good,standard,9 seats,4 doors,used,78000.0,2026-03,9.0,4.0,,160000.0,6.0,26666.666666666668,2,jumpy
mercedes,classe x,2018.0,diesel,158000,manual,8cv,2500,pickup 4x4,good,standard,5 seats,4 doors,used,120000.0,2026-03,5.0,4.0,,158000.0,8.0,19750.0,2,classe x
bmw,x3,2014.0,diesel,185000,automatic,10cv,unknown,suv 4x2,good,standard,4 seats,5 doors,used,82000.0,2026-03,4.0,5.0,,185000.0,12.0,15416.666666666666,3,x3
audi,a3,2019.0,gasoline,178000,automatic,6cv,1197,sedan,good,standard,5 seats,4 doors,used,69000.0,2026-03,5.0,4.0,1197.0,178000.0,7.0,25428.571428571428,2,a3
hyundai,i20,2022.0,gasoline,93000,manual,5cv,1197,hatchback,good,standard,5 seats,5 doors,used,50000.0,2026-03,5.0,5.0,1197.0,93000.0,4.0,23250.0,2,i20
volkswagen,t-cross,2022.0,gasoline,39000,manual,5cv,999,suv 4x2,good,standard,5 seats,5 doors,used,79000.0,2026-03,5.0,5.0,999.0,39000.0,4.0,9750.0,2,t-cross
land rover,range rover sport,2021.0,gasoline,90000,automatic,25cv,2995,suv 4x4,good,standard,5 seats,5 doors,used,280000.0,2026-03,5.0,5.0,2995.0,90000.0,5.0,18000.0,2,range rover sport
renault,clio,2022.0,gasoline,95000,manual,5cv,898,hatchback,good,standard,5 seats,5 doors,used,47000.0,2026-03,5.0,5.0,898.0,95000.0,4.0,23750.0,2,clio
bmw,x3,2020.0,diesel,112000,automatic,14cv,1998,suv 4x2,good,standard,5 seats,5 doors,used,250000.0,2026-03,5.0,5.0,1998.0,112000.0,6.0,18666.666666666668,2,x3
audi,q8,2023.0,gasoline,10000,automatic,22cv,3000,suv 4x2,good,standard,5 seats,5 doors,used,290000.0,2026-03,5.0,5.0,3000.0,10000.0,3.0,3333.333333333333,1,audi_suv 4x2
toyota,rav4,2014.0,gasoline,173000,automatic,9cv,1987,suv 4x2,good,standard,5 seats,5 doors,used,60000.0,2026-03,5.0,5.0,1987.0,173000.0,12.0,14416.666666666666,3,rav4
mercedes,classe s,1999.0,gasoline,307000,automatic,16cv,3199,sedan,good,standard,5 seats,5 doors,used,35000.0,2026-03,5.0,5.0,3199.0,307000.0,27.0,11370.37037037037,4,classe s
ford,focus,2023.0,gasoline,38500,automatic,7cv,1496,sedan,good,standard,5 seats,4 doors,used,66000.0,2026-03,5.0,4.0,1496.0,38500.0,3.0,12833.333333333334,1,focus
kia,rio,2020.0,gasoline,146000,manual,5cv,1197,hatchback,good,standard,5 seats,5 doors,used,52000.0,2026-03,5.0,5.0,1197.0,146000.0,6.0,24333.33333333333,2,rio
peugeot,2008,2016.0,gasoline,165000,manual,5cv,1199,crossover,good,standard,5 seats,5 doors,used,36500.0,2026-03,5.0,5.0,1199.0,165000.0,10.0,16500.0,3,2008
mercedes,classe c,2019.0,diesel,186000,automatic,6cv,1597,sedan,good,standard,5 seats,5 doors,used,115000.0,2026-03,5.0,5.0,1597.0,186000.0,7.0,26571.42857142857,2,classe c
kia,picanto,2020.0,gasoline,60000,manual,4cv,998,hatchback,good,standard,5 seats,5 doors,used,36000.0,2026-03,5.0,5.0,998.0,60000.0,6.0,10000.0,2,picanto
