brand,model,year,fuel,mileage_km,transmission,fiscal_power,engine_cc,body_style,car_condition,trim_level,seats,doors,condition,price,recorded_at,seats_num,doors_num,engine_cc_num,mileage_num,car_age,mileage_per_year,depreciation_zone,model_group,title,location,listing_url,model_normalized
mercedes,e200 pack amg,2024.0,gasoline,6000.0,automatic,,2000.0,sedan,new,standard,,,used,78000.0,2026-03,,,2000.0,6000.0,2.0,3000.0,1,mercedes_sedan
dacia,duster,2021.0,gasoline,,manual,100cv,1000.0,,new,standard,7 seats,,used,69000.0,2026-03,7.0,,1000.0,,5.0,,2,dacia_nan,Dacia duster,Ariana,https://www.tayara.tn/item/voitures/ariana/borj-louzir/dacia-duster/69c450de18988b5c47818ebd/,duster
mitsubishi,l200 double cabine,2008.0,diesel,107000.0,manual,,2500.0,pickup,new,standard,,,used,460000.0,2026-03,,,2500.0,107000.0,18.0,5944.444444444444,4,mitsubishi_pickup,Mitsubishi L200 Double Cabine 4-4,Tunis,https://www.tayara.tn/item/voitures/tunis/tunis/mitsubishi-l200-double-cabine-44/69c2f4902e8a8ef7044040ed/,l200
nissan,x-trail tekna toutes,2015.0,gasoline,80000.0,automatic,7cv,5200.0,,new,standard,7 seats,,used,73900.0,2026-03,7.0,,5200.0,80000.0,11.0,7272.727272727273,3,nissan_nan,Nissan X-Trail TEKNA Toutes Options - 7 Places - Très Bon État - 80000 km seulement.,Monastir,https://www.tayara.tn/item/voitures/monastir/ksibet-el-mdiouni/nissan-xtrail-tekna-toutes-options-7-places-trs-bon-tat-80000-km-seulement/69b7e98efb9c60dff70568da/,x-trail
chevrolet,matiz,2010.0,gasoline,80000.0,automatic,,1000.0,utility,new,standard,,5 doors,used,40000.0,2026-03,,5.0,1000.0,80000.0,16.0,5000.0,4,chevrolet_utility,Chevrolet Matiz,Tozeur,https://www.tayara.tn/item/voitures/tozeur/tozeur/chevrolet-matiz/69cc154c2c7ecb90f0fd0dc9/,matiz
mercedes,c180 bva restyle,2014.0,gasoline,14167000.0,automatic,6cv,1600.0,coupe,new,standard,,2 doors,used,328900.0,2026-03,,2.0,1600.0,,12.0,,3,mercedes_coupe,Mercedes C180 bva restyle phase 2 kit Amg,Sfax,https://www.tayara.tn/item/voitures/sfax/route-tunis/mercedes-c180-bva-restyle-phase-2-kit-amg/69cc146657616cdb6536f404/,c180 bva restyle
audi,a4,2011.0,gasoline,150.0,manual,10cv,2000.0,sedan,new,standard,,,used,4713000.0,2026-03,,,2000.0,150.0,15.0,10.0,3,a4,audi a4,Tunis,https://www.tayara.tn/item/voitures/tunis/tunis/audi-a4/69cc13be2c7ecb90f0fd0cfb/,a4
kia,sportage hybride essence,2023.0,gasoline,,automatic,,1600.0,compact,new,standard,,,used,95000000.0,2026-03,,,1600.0,,3.0,,1,sportage,KIA SPORTAGE HYBRIDE ESSENCE MODÈLE 2023,Kasserine,https://www.tayara.tn/item/voitures/kasserine/sbetla/kia-sportage-hybride-essence-modle-2023/69cc13612c7ecb90f0fd0cc2/,sportage
peugeot,partner tres propre,2014.0,gasoline,,manual,18cv,,utility,new,standard,3 seats,4 doors,used,35000.0,2026-03,3.0,4.0,,,12.0,,3,peugeot_utility,Peugeot partner tres propre a vendre,Mdenine,https://www.tayara.tn/item/voitures/mdenine/zarzis/peugeot-partner-tres-propre-a-vendre/69cc134db9d5257b5a856ef5/,partner
peugeot,expert,2009.0,diesel,,manual,,1600.0,utility,new,standard,,,used,437000.0,2026-03,,,1600.0,,17.0,,4,peugeot_utility,une belle Peugeot expert 4,Tunis,https://www.tayara.tn/item/voitures/tunis/tunis/une-belle-peugeot-expert-4/69cc109d57616cdb6536f269/,expert
toyota,agya,2018.0,gasoline,40000.0,automatic,4cv,1000.0,compact,new,standard,,,used,35000.0,2026-03,,,1000.0,40000.0,8.0,5000.0,2,toyota_compact,Toyota agya,Tunis,https://www.tayara.tn/item/voitures/tunis/tunis/toyota-agya/69cc0abd2c7ecb90f0fd097d/,agya
kia,sportage 1.6 gdi,2022.0,gasoline,70000.0,automatic,08cv,1600.0,coupe,new,standard,7 seats,,used,78000.0,2026-03,7.0,,1600.0,70000.0,4.0,17500.0,2,sportage,kia sportage 1.6 gdi,Sousse,https://www.tayara.tn/item/voitures/sousse/sousse-jawhara/kia-sportage-16-gdi/6968e84f2838b4e202449c66/,sportage
audi,a5,2020.0,gasoline,125000.0,automatic,8cv,1500.0,sedan,new,standard,,,used,51234.0,2026-03,,,1500.0,125000.0,6.0,20833.333333333332,2,audi_sedan,Audi A5,Sousse,https://www.tayara.tn/item/voitures/sousse/sousse-jawhara/audi-a5/68800b9594cd0376dce613bc/,a5
dacia,sandero,2015.0,diesel,,manual,,1900.0,sedan,new,standard,,,used,51000.0,2026-03,,,1900.0,,11.0,,3,dacia_sedan,Dacia Sandero,Kbili,https://www.tayara.tn/item/voitures/kbili/douz-nord/dacia-sandero/69cc027b57616cdb6536ed2a/,sandero
seat,ibiza première main,2021.0,gasoline,0.0,manual,6cv,1200.0,coupe,new,standard,,2 doors,used,328900.0,2026-03,,2.0,1200.0,0.0,5.0,0.0,2,ibiza,SEAT IBIZA PREMIÈRE MAIN,Sfax,https://www.tayara.tn/item/voitures/sfax/route-tunis/seat-ibiza-premire-main-/69cbfe7d2c7ecb90f0fd0498/,ibiza
skoda,fabia premiere main.,2021.0,gasoline,0.0,manual,6cv,1000.0,coupe,new,standard,,2 doors,used,328900.0,2026-03,,2.0,1000.0,0.0,5.0,0.0,2,skoda_coupe,SKODA FABIA PREMIERE MAIN. 2021,Sfax,https://www.tayara.tn/item/voitures/sfax/route-tunis/skoda-fabia-premiere-main-2021/69cbfe752c7ecb90f0fd0494/,fabia
hyundai,grand i10 bva,2020.0,gasoline,0.0,automatic,5cv,1248.0,compact,new,standard,5 seats,,used,39600.0,2026-03,5.0,,1248.0,0.0,6.0,0.0,2,hyundai_compact,Hyundai Grand i10 BVA 2020 - Trés bon etat,Tunis,https://www.tayara.tn/item/voitures/tunis/tunis/hyundai-grand-i10-bva-2020-trs-bon-etat/69cbfd242c7ecb90f0fd040d/,grand i10 bva
mg,one luxury neuve,2018.0,gasoline,0.0,automatic,,1500.0,,new,standard,,,used,34000.0,2026-03,,,1500.0,0.0,8.0,0.0,2,mg_nan,MG One Luxury neuve,Tunis,https://www.tayara.tn/item/voitures/tunis/la-marsa/-mg-one-luxury-neuve-/69cbfceb57616cdb6536eacb/,one
peugeot,206,2001.0,gasoline,,automatic,,1200.0,compact,new,standard,,2 doors,used,20614500.0,2026-03,,2.0,1200.0,,25.0,,4,peugeot_compact,Peugeot 206,Tunis,https://www.tayara.tn/item/voitures/tunis/sidi-hassine/peugeot-206/69cbfb8057616cdb6536ea39/,206
seat,ibiza xcellence 2025,2025.0,gasoline,,automatic,6cv,1000.0,,,standard,,,used,2576000.0,2026-03,,,1000.0,,1.0,,1,ibiza,SEAT IBIZA XCELLENCE 2025,Ariana,https://www.tayara.tn/item/voitures/ariana/ariana/seat-ibiza-xcellence-2025/69cbf8b52c7ecb90f0fd0246/,ibiza
renault,clio campus 150km,2012.0,gasoline,150.0,manual,4cv,1400.0,,new,standard,,,used,64000.0,2026-03,,,1400.0,150.0,14.0,10.714285714285714,3,clio,Renault Clio campus 150km première main,Tunis,https://www.tayara.tn/item/voitures/tunis/tunis/renault-clio-campus-150km-premire-main/69cbf66a2c7ecb90f0fd0158/,clio
citroen,nemo,2013.0,diesel,80.0,manual,,1400.0,,new,standard,,,used,5662000.0,2026-03,,,1400.0,80.0,13.0,6.153846153846154,3,citroen_nan,Citroën nemo,Ben Arous,https://www.tayara.tn/item/voitures/ben-arous/el-mourouj/citron-nemo/69cbf64d2c7ecb90f0fd0147/,nemo
hyundai,i10,2016.0,gasoline,335000.0,automatic,8cv,1200.0,,new,standard,,4 doors,used,23000.0,2026-03,,4.0,1200.0,335000.0,10.0,33500.0,3,hyundai_nan,A vendre Hyundai i10,Gafsa,https://www.tayara.tn/item/voitures/gafsa/mtlaoui/a-vendre-hyundai-i10/69cbf36eb9d5257b5a856242/,i10
nissan,juke,2022.0,gasoline,82000.0,automatic,125cv,3000.0,,new,standard,,,used,80000.0,2026-03,,,3000.0,82000.0,4.0,20500.0,2,nissan_nan,Nissan juke,Tunis,https://www.tayara.tn/item/voitures/tunis/la-marsa/nissan-juke/69cbf355b9d5257b5a85623b/,juke
audi,,2019.0,gasoline,107000.0,manual,,3000.0,coupe,new,standard,,,used,359000.0,2026-03,,,3000.0,107000.0,7.0,15285.714285714286,2,audi_coupe,Audi a 3,Tunis,https://www.tayara.tn/item/voitures/tunis/la-marsa/audi-a-3/69cbf3502c7ecb90f0fcffed/,unknown
kia,rio 80km série,2016.0,gasoline,80.0,manual,5cv,1400.0,,new,standard,,,used,5662000.0,2026-03,,,1400.0,80.0,10.0,8.0,3,rio,kia rio 80km série 189 تسجيل أول,Ben Arous,https://www.tayara.tn/item/voitures/ben-arous/autres-villes/kia-rio-80km-srie-189-/69cbf2962c7ecb90f0fcff9f/,rio
chery,tiggo 7pro neuf,2023.0,gasoline,28000.0,automatic,7cv,1500.0,compact,new,standard,,,used,82000.0,2026-03,,,1500.0,28000.0,3.0,9333.333333333334,1,chery_compact,Chery Tiggo 7pro neuf,Mahdia,https://www.tayara.tn/item/voitures/mahdia/ksour-essef/chery-tiggo-7pro-neuf/69cbf1c6b9d5257b5a85618a/,tiggo 7
mitsubishi,space star 2022,2022.0,gasoline,,automatic,,1200.0,,new,standard,,,used,2238000.0,2026-03,,,1200.0,,4.0,,2,mitsubishi_nan,Mitsubishi space star 2022,Nabeul,https://www.tayara.tn/item/voitures/nabeul/korba/mitsubishi-space-star-2022/69cbf17f2c7ecb90f0fcff29/,space star 2022
mitsubishi,space star 2022,2022.0,gasoline,,automatic,,1200.0,,new,standard,,,used,2238000.0,2026-03,,,1200.0,,4.0,,2,mitsubishi_nan,Mitsubishi space star 2022,Nabeul,https://www.tayara.tn/item/voitures/nabeul/korba/mitsubishi-space-star-2022/69cbf16e57616cdb6536e5e7/,space star 2022
renault,symbol élégance série,2016.0,gasoline,150.0,manual,5cv,1400.0,,new,standard,,,used,64000.0,2026-03,,,1400.0,150.0,10.0,15.0,3,renault_nan,Renault symbol Élégance série 185,Tunis,https://www.tayara.tn/item/voitures/tunis/mdina/renault-symbol-lgance-srie-185/69cbf0c6b9d5257b5a856111/,symbol
renault,express,2022.0,gasoline,103000.0,manual,5cv,,utility,new,standard,5 seats,,used,48500.0,2026-03,5.0,,,103000.0,4.0,25750.0,2,renault_utility,Renault express,Ariana,https://www.tayara.tn/item/voitures/ariana/ariana/renault-express/69c6a94e2e8a8ef70442140a/,express
haval,h6 neuf bva,2021.0,gasoline,10.0,automatic,,1500.0,,new,standard,,,used,5662000.0,2026-03,,,1500.0,10.0,5.0,2.0,2,haval_nan,Haval H6 neuf BVA 10km série 221 تسجيل أول,Ben Arous,https://www.tayara.tn/item/voitures/ben-arous/autres-villes/haval-h6-neuf-bva-10km-srie-221-/69cbedba2c7ecb90f0fcfd7b/,h6 neuf bva
kia,picanto 1ere main,2024.0,gasoline,17000.0,manual,6cv,1000.0,coupe,new,standard,,2 doors,used,328900.0,2026-03,,2.0,1000.0,17000.0,2.0,8500.0,1,picanto,kia picanto 1ere main 17000 km,Sfax,https://www.tayara.tn/item/voitures/sfax/route-taniour/kia-picanto-1ere-main-17000-km/69cbeaefb9d5257b5a855e26/,picanto
hyundai,i20 high grade,2022.0,gasoline,,manual,5cv,1200.0,compact,new,standard,,,used,78000.0,2026-03,,,1200.0,,4.0,,2,i20,Hyundai i20 High grade,Sousse,https://www.tayara.tn/item/voitures/sousse/sousse-riadh/hyundai-i20-high-grade/69cbea782c7ecb90f0fcfbbf/,i20
hyundai,20,2023.0,gasoline,2022.0,automatic,,1200.0,coupe,new,standard,,,used,2048800.0,2026-03,,,1200.0,2022.0,3.0,674.0,1,hyundai_coupe,hyundai i 20,Tunis,https://www.tayara.tn/item/voitures/tunis/tunis/hyundai-i-20/69cbe85bb9d5257b5a855cc3/,20
hyundai,20,2023.0,gasoline,2022.0,automatic,,1200.0,coupe,new,standard,,,used,2048800.0,2026-03,,,1200.0,2022.0,3.0,674.0,1,hyundai_coupe,hyundai i 20,Tunis,https://www.tayara.tn/item/voitures/tunis/tunis/hyundai-i-20/69cbe84fb9d5257b5a855cbb/,20
citroen,berlingo k9 2022,2022.0,diesel,,automatic,5cv,1600.0,,new,standard,5 seats,,used,2235500.0,2026-03,5.0,,1600.0,,4.0,,2,berlingo,Citroën Berlingo K9  2022,Tunis,https://www.tayara.tn/item/voitures/tunis/tunis/citron-berlingo-k9-2022/69cbe675b9d5257b5a855bf9/,berlingo
mercedes,c180 1.6,2014.0,gasoline,246000.0,automatic,9cv,1600.0,sedan,new,standard,7 seats,,used,60000.0,2026-03,7.0,,1600.0,246000.0,12.0,20500.0,3,mercedes_sedan,MERCEDES C180 1.6,Ariana,https://www.tayara.tn/item/voitures/ariana/ariana-essoughra/mercedes-c180-16-/69cbe62fb9d5257b5a855bd7/,c180 1.6
nissan,micra k13,2017.0,gasoline,,manual,7cv,1200.0,,new,standard,,,used,1327000.0,2026-03,,,1200.0,,9.0,,3,nissan_nan,Nissan micra k13,Nabeul,https://www.tayara.tn/item/voitures/nabeul/hammamet/nissan-micra-k13/69cbe4b3b9d5257b5a855b1b/,micra
skoda,kamiq 1.6 2023,2022.0,gasoline,,automatic,6cv,1600.0,,new,standard,7 seats,,used,2367000.0,2026-03,7.0,,1600.0,,4.0,,2,skoda_nan,skoda kamiq 1.6 2023,Sousse,https://www.tayara.tn/item/voitures/sousse/sahloul/skoda-kamiq-16-2023/69cbe47c57616cdb6536df8f/,kamiq
dacia,logan mcv,2017.0,gasoline,,automatic,18cv,1400.0,,new,standard,,4 doors,used,35000.0,2026-03,,4.0,1400.0,,9.0,,3,dacia_nan,Dacia logan mcv,Mdenine,https://www.tayara.tn/item/voitures/mdenine/boughrara/dacia-logan-mcv/69cbe2cdb9d5257b5a855a05/,logan
volkswagen,caddy places,2011.0,gasoline,184000.0,manual,5cv,1600.0,,new,standard,5 seats,,used,32500.0,2026-03,5.0,,1600.0,184000.0,15.0,12266.666666666666,3,volkswagen_nan,Volkswagen caddy 5 places,Ariana,https://www.tayara.tn/item/voitures/ariana/el-menzah-5/volkswagen-caddy-5-places/69cbe1ffb9d5257b5a855997/,caddy
suzuki,swift modèle 2017,2017.0,gasoline,150.0,manual,10cv,1200.0,compact,new,standard,,,used,64000.0,2026-03,,,1200.0,150.0,9.0,16.666666666666668,3,suzuki_compact,voiture suzuki Swift modèle 2017,Tunis,https://www.tayara.tn/item/voitures/tunis/tunis/voiture-suzuki-swift-modle-2017/69cbe1f657616cdb6536de33/,swift
hyundai,i10,2016.0,gasoline,2016.0,automatic,5cv,1200.0,sedan,new,standard,5 seats,,used,27000.0,2026-03,5.0,,1200.0,2016.0,10.0,201.6,3,hyundai_sedan,Hyundai i10,Ariana,https://www.tayara.tn/item/voitures/ariana/ariana-ville/hyundai-i10/69cbe0bf57616cdb6536dd9c/,i10
kia,rio,2011.0,gasoline,68.0,automatic,6cv,1400.0,sedan,new,standard,5 seats,,used,27000.0,2026-03,5.0,,1400.0,68.0,15.0,4.533333333333333,3,rio,kia Rio,Ariana,https://www.tayara.tn/item/voitures/ariana/ariana/kia-rio/69cbdfceb9d5257b5a855874/,rio
skoda,fabia,2017.0,gasoline,158000.0,manual,7cv,1000.0,sedan,new,standard,,,used,34000.0,2026-03,,,1000.0,158000.0,9.0,17555.555555555555,3,skoda_sedan,Skoda Fabia,Nabeul,https://www.tayara.tn/item/voitures/nabeul/nabeul/skoda-fabia/69cbda462c7ecb90f0fcf381/,fabia
fiat,palio,1998.0,gasoline,,manual,,1200.0,sedan,new,standard,,,used,11800.0,2026-03,,,1200.0,,28.0,,4,fiat_sedan,Fiat palio,Zaghouan,https://www.tayara.tn/item/voitures/zaghouan/en-nadhour/fiat-palio/69cbd81ab9d5257b5a85549e/,palio
dacia,stepway,2023.0,gasoline,107000.0,automatic,,1200.0,coupe,new,standard,,,used,44800.0,2026-03,,,1200.0,107000.0,3.0,35666.666666666664,1,dacia_coupe,Dacia Stepway,Tunis,https://www.tayara.tn/item/voitures/tunis/tunis/dacia-stepway/69cbd51757616cdb6536d782/,stepway
renault,symbol 1.2 essence,2009.0,gasoline,184000.0,manual,6cv,1200.0,sedan,new,standard,,,used,27000.0,2026-03,,,1200.0,184000.0,17.0,10823.529411764706,4,renault_sedan,Renault Symbol 1.2 Essence  Bon état  184 000 km,Ariana,https://www.tayara.tn/item/voitures/ariana/chotrana-1/renault-symbol-12-essence-bon-tat-184-000-km/69cbce7a2c7ecb90f0fced5a/,symbol 1
volkswagen,amarok bva highline,2017.0,gasoline,145000.0,automatic,7cv,2000.0,coupe,new,standard,,2 doors,used,328900.0,2026-03,,2.0,2000.0,145000.0,9.0,16111.111111111111,3,volkswagen_coupe,Volkswagen Amarok bva highline plus full options etat neuf,Sfax,https://www.tayara.tn/item/voitures/sfax/route-taniour/volkswagen-amarok-bva-highline-plus-full-options-etat-neuf/69cbcb4757616cdb6536d2e7/,amarok
mitsubishi,space star 2022,2022.0,gasoline,,automatic,,1200.0,,new,standard,9 seats,,used,2238000.0,2026-03,9.0,,1200.0,,4.0,,2,mitsubishi_nan,Mitsubishi space star 2022,Nabeul,https://www.tayara.tn/item/voitures/nabeul/korba/mitsubishi-space-star-2022/69cbc9e32c7ecb90f0fceb48/,space star 2022
ford,fiesta,2010.0,gasoline,184000.0,automatic,6cv,1200.0,compact,new,standard,,,used,26000.0,2026-03,,,1200.0,184000.0,16.0,11500.0,4,ford_compact,ford fiesta,Ariana,https://www.tayara.tn/item/voitures/ariana/ariana/ford-fiesta/69cbc9802c7ecb90f0fceb19/,fiesta
renault,clio campus fiable,2008.0,gasoline,149000.0,manual,4cv,1200.0,estate,new,standard,,,used,28900.0,2026-03,,,1200.0,149000.0,18.0,8277.777777777777,4,clio,RENAULT CLIO CAMPUS  Fiable Économique,Sousse,https://www.tayara.tn/item/voitures/sousse/kantaoui/-renault-clio-campus-fiable-conomique-/69cbc8f52c7ecb90f0fceadb/,clio
renault,clio campus fiable,2008.0,gasoline,149000.0,manual,,1200.0,compact,new,standard,,,used,28900.0,2026-03,,,1200.0,149000.0,18.0,8277.777777777777,4,clio,RENAULT CLIO CAMPUS  Fiable Économique,Sfax,https://www.tayara.tn/item/voitures/sfax/route-manzel-chaker/-renault-clio-campus-fiable-conomique-/69cbc80db9d5257b5a854c77/,clio
opel,astra cv,2022.0,gasoline,184000.0,manual,5cv,,pickup,new,standard,5 seats,4 doors,used,26500.0,2026-03,5.0,4.0,,184000.0,4.0,46000.0,2,astra,À vendre Opel Astra - 5 CV Essence - Très propre,Tunis,https://www.tayara.tn/item/voitures/tunis/tunis/-vendre-opel-astra-5-cv-essence-trs-propre/69cbc7e257616cdb6536d109/,astra
seat,leon fr,2022.0,gasoline,,manual,,1200.0,suv,new,standard,,,used,43500.0,2026-03,,,1200.0,,4.0,,2,seat_suv,seat leon fr,Sidi Bouzid,https://www.tayara.tn/item/voitures/sidi-bouzid/sidi-bouzid/seat-leon-fr/69cbc7e02c7ecb90f0fcea3f/,leon
peugeot,3008 état neuf,2018.0,gasoline,,automatic,,,,new,standard,7 seats,,used,63000.0,2026-03,7.0,,,,8.0,,2,3008,Peugeot 3008 état neuf,Ariana,https://www.tayara.tn/item/voitures/ariana/ariana/peugeot-3008-tat-neuf/69cbc7c557616cdb6536d0f4/,3008
kia,sportage gt line,2021.0,gasoline,,automatic,11cv,2000.0,,new,standard,,,used,35000.0,2026-03,,,2000.0,,5.0,,2,sportage,kia Sportage GT Line 44 essence BVA première main,Gabs,https://www.tayara.tn/item/voitures/gabs/gabs/kia-sportage-gt-line-44-essence-bva-premire-main/69cbc658b9d5257b5a854b9d/,sportage
opel,grandland annee 2020,2020.0,gasoline,123000.0,manual,10cv,1200.0,compact,new,standard,,,used,64000.0,2026-03,,,1200.0,123000.0,6.0,20500.0,2,opel_compact,A vendre opel grandland x annee 2020 ttes options,Tunis,https://www.tayara.tn/item/voitures/tunis/tunis/a-vendre-opel-grandland-x-annee-2020-ttes-options/69cbc6312c7ecb90f0fce962/,grandland
audi,line,2015.0,gasoline,150.0,automatic,15cv,3000.0,,new,standard,,,used,64000.0,2026-03,,,3000.0,150.0,11.0,13.636363636363637,3,audi_nan,A Vendre Audi Q 5 s line 3 litres v6 tdi Quattro modèle 2015 110 mille km ttes options,Tunis,https://www.tayara.tn/item/voitures/tunis/tunis/a-vendre-audi-q-5-s-line-3-litres-v6-tdi-quattro-modle-2015-110-mille-km-ttes-options/69cbc51cb9d5257b5a854b04/,line
bmw,série gran coupe,2022.0,gasoline,59000.0,automatic,8cv,1500.0,sedan,new,standard,,,used,103000.0,2026-03,,,1500.0,59000.0,4.0,14750.0,2,bmw_sedan,BMW SÉRIE 2 Gran Coupe Sport Line,Ben Arous,https://www.tayara.tn/item/voitures/ben-arous/boumhel/bmw-srie-2-gran-coupe-sport-line/69cbc0ba57616cdb6536cd89/,série gran coupe
opel,astra,2010.0,gasoline,,manual,,1400.0,compact,new,standard,,,used,28500.0,2026-03,,,1400.0,,16.0,,4,astra,Opel Astra H,Jendouba,https://www.tayara.tn/item/voitures/jendouba/jendouba/opel-astra-h/69cbbd012c7ecb90f0fce53e/,astra
peugeot,208 active pack,2023.0,gasoline,107000.0,automatic,,1200.0,coupe,new,standard,,,used,48000.0,2026-03,,,1200.0,107000.0,3.0,35666.666666666664,1,208,Peugeot 208 Active Pack,Tunis,https://www.tayara.tn/item/voitures/tunis/tunis/peugeot-208-active-pack/69cbbae957616cdb6536cb04/,208
citroen,c4 ehdi fin,2019.0,diesel,,manual,,1600.0,sedan,new,standard,,,used,78000.0,2026-03,,,1600.0,,7.0,,2,c4,Citroën C4 ehdi fin 2018,Sousse,https://www.tayara.tn/item/voitures/sousse/sidi-bou-ali/citron-c4-ehdi-fin-2018/69cbb9e457616cdb6536ca74/,c4
mg,2021,2021.0,diesel,,automatic,,2000.0,sedan,new,standard,,,used,78000.0,2026-03,,,2000.0,,5.0,,2,mg_sedan,c200d AMG 2021,Sousse,https://www.tayara.tn/item/voitures/sousse/kantaoui/c200d-amg-2021/69cbb9d92c7ecb90f0fce3cb/,2021
fiat,panda city état,2020.0,gasoline,100.0,automatic,4cv,1242.0,hatchback,new,standard,5 seats,,used,27000.0,2026-03,5.0,,1242.0,100.0,6.0,16.666666666666668,2,fiat_hatchback,Fiat panda   city état neuf,Ariana,https://www.tayara.tn/item/voitures/ariana/jardins-el-menzah/fiat-panda-city-tat-neuf/69cbb907b9d5257b5a8545e1/,panda
mercedes,c180,2010.0,gasoline,103000.0,automatic,5cv,1600.0,sedan,new,standard,5 seats,,used,18046000.0,2026-03,5.0,,1600.0,103000.0,16.0,6437.5,4,mercedes_sedan,mercedes c180,Ariana,https://www.tayara.tn/item/voitures/ariana/ariana/mercedes-c180/69cbb8e52c7ecb90f0fce35d/,c180
bmw,116i pack sport,2013.0,gasoline,,automatic,,1600.0,compact,new,standard,,5 doors,used,55000.0,2026-03,,5.0,1600.0,,13.0,,3,bmw_compact,bmw 116i pack sport,Sfax,https://www.tayara.tn/item/voitures/sfax/sfax/bmw-116i-pack-sport/69cbb88557616cdb6536c9f4/,116i pack sport
mini,cooper john works,2022.0,gasoline,,manual,,1500.0,compact,new,standard,,,used,78000.0,2026-03,,,1500.0,,4.0,,2,mini_compact,MINI COOPER JOHN WORKS,Sousse,https://www.tayara.tn/item/voitures/sousse/sahloul/mini-cooper-john-works-/69cbb80d57616cdb6536c9c9/,cooper john works
dacia,sandero stepway,2022.0,gasoline,,manual,,1000.0,compact,new,standard,,,used,78000.0,2026-03,,,1000.0,,4.0,,2,dacia_compact,DACIA SANDERO STEPWAY,Sousse,https://www.tayara.tn/item/voitures/sousse/sahloul/dacia-sandero-stepway/69cbb8022c7ecb90f0fce302/,sandero stepway
dacia,sandero stepway fin,2022.0,gasoline,,manual,,1000.0,compact,new,standard,,,used,78000.0,2026-03,,,1000.0,,4.0,,2,dacia_compact,DACIA SANDERO STEPWAY FIN SÉRIE,Sousse,https://www.tayara.tn/item/voitures/sousse/sousse/dacia-sandero-stepway-fin-srie/69cbb7feb9d5257b5a854569/,sandero stepway
nissan,qashqai,2011.0,diesel,,manual,6cv,1500.0,coupe,new,standard,,,used,77034.0,2026-03,,,1500.0,,15.0,,3,nissan_coupe,nissan qashqai,Tunis,https://www.tayara.tn/item/voitures/tunis/centre-urbain-nord/nissan-qashqai/69cbb68d2c7ecb90f0fce261/,qashqai
citroen,c3 vendre,2017.0,gasoline,,manual,,3000.0,,new,standard,,,used,32000.0,2026-03,,,3000.0,,9.0,,3,citroen_nan,Voiture Citroën C3 à vendre,Sfax,https://www.tayara.tn/item/voitures/sfax/route-el-afrane/voiture-citron-c3-vendre/69cbb33cb9d5257b5a85434a/,c3
citroen,nemo .4,2014.0,gasoline,,manual,6cv,1400.0,coupe,new,standard,5 seats,4 doors,used,38625200.0,2026-03,5.0,4.0,1400.0,,12.0,,3,citroen_coupe,La  Marsa  à  vendre  Citroën  NEMO  1 .4   1 ére main   neuf   6 CV  diésel    septembre 2014  prix  25200 md  légèrement  négociable   tél   98 318 386,Tunis,https://www.tayara.tn/item/voitures/tunis/la-marsa/la-marsa-vendre-citron-nemo-1-4-1-re-main-neuf-6-cv-disel-septembre-2014-prix-25200-md-lgrement-ngociable-tl-98-318-386/69cbafcab9d5257b5a8541ac/,nemo
fiat,cinquecento,1996.0,gasoline,,manual,4cv,1000.0,,new,standard,,,used,8000.0,2026-03,,,1000.0,,30.0,,4,fiat_nan,fiat cinquecento,Kairouan,https://www.tayara.tn/item/voitures/kairouan/kairouan/fiat-cinquecento/69cbad58b9d5257b5a85402e/,cinquecento
volkswagen,golf 1.4,2012.0,gasoline,22.0,automatic,5cv,1400.0,sedan,new,standard,5 seats,,used,27000.0,2026-03,5.0,,1400.0,22.0,14.0,1.5714285714285714,3,golf,Volkswagen Golf 6 1.4,Ariana,https://www.tayara.tn/item/voitures/ariana/les-jardins-el-menzah-2/volkswagen-golf-6-14/699421e16cd42e2d7b6ee6fe/,golf
mercedes,230,2009.0,gasoline,22.0,automatic,13cv,2500.0,sedan,new,standard,5 seats,,used,27000.0,2026-03,5.0,,2500.0,22.0,17.0,1.2941176470588236,4,mercedes_sedan,Mercedes-Benz C 230,Ariana,https://www.tayara.tn/item/voitures/ariana/les-jardins-el-menzah-2/mercedesbenz-c-230/699421598cc6eb8dfec544a6/,230
mercedes,e200 coupé,2010.0,gasoline,22.0,automatic,12cv,1800.0,sedan,new,standard,5 seats,,used,27000.0,2026-03,5.0,,1800.0,22.0,16.0,1.375,4,mercedes_sedan,Mercedes-benz E200 Coupé,Ariana,https://www.tayara.tn/item/voitures/ariana/les-jardins-el-menzah-2/mercedesbenz-e200-coup-/6994226e8cc6eb8dfec5452d/,e200 coupé
mercedes,gla 250e kit,2024.0,gasoline,22.0,automatic,8cv,1400.0,sedan,new,standard,5 seats,,used,27000.0,2026-03,5.0,,1400.0,22.0,2.0,11.0,1,mercedes_sedan,Mercedes GLA 250e Kit AMG,Ariana,https://www.tayara.tn/item/voitures/ariana/les-jardins-el-menzah-2/mercedes-gla-250e-kit-amg-/6994231d8cc6eb8dfec54570/,gla
audi,a4 line black,2020.0,gasoline,22.0,automatic,9cv,2000.0,sedan,new,standard,5 seats,,used,27000.0,2026-03,5.0,,2000.0,22.0,6.0,3.6666666666666665,2,a4,Audi A4 S Line black Edition,Ariana,https://www.tayara.tn/item/voitures/ariana/les-jardins-el-menzah-2/audi-a4-s-line-black-edition-/69873ae01a74f8e7049ef01d/,a4
renault,clio,2017.0,gasoline,22.0,automatic,4cv,1200.0,sedan,new,standard,5 seats,,used,27000.0,2026-03,5.0,,1200.0,22.0,9.0,2.4444444444444446,3,clio,Renault Clio 4,Ariana,https://www.tayara.tn/item/voitures/ariana/les-jardins-el-menzah-2/renault-clio-4-/698739b3dd758628862432fa/,clio
mercedes,eqa 250,2021.0,gasoline,22.0,automatic,6cv,1400.0,sedan,new,standard,5 seats,,used,27000.0,2026-03,5.0,,1400.0,22.0,5.0,4.4,2,mercedes_sedan,Mercedes EQA 250,Ariana,https://www.tayara.tn/item/voitures/ariana/les-jardins-el-menzah-2/mercedes-eqa-250/6966397e0fe25058526413e8/,eqa
bmw,116d pack m///,2016.0,gasoline,22.0,automatic,5cv,1500.0,sedan,new,standard,5 seats,,used,27000.0,2026-03,5.0,,1500.0,22.0,10.0,2.2,3,bmw_sedan,BMW 116D Pack M///,Ariana,https://www.tayara.tn/item/voitures/ariana/les-jardins-el-menzah-2/bmw-116d-pack-m/69873a45dd75862886243339/,116d pack m///
kia,rio gx,2022.0,gasoline,22.0,automatic,5cv,1200.0,sedan,new,standard,5 seats,,used,27000.0,2026-03,5.0,,1200.0,22.0,4.0,5.5,2,rio,Kia Rio GX,Ariana,https://www.tayara.tn/item/voitures/ariana/les-jardins-el-menzah-2/kia-rio-gx-/693a848bcd04d08be7491157/,rio
hyundai,i30,2021.0,gasoline,22.0,automatic,6cv,1000.0,sedan,new,standard,5 seats,,used,27000.0,2026-03,5.0,,1000.0,22.0,5.0,4.4,2,hyundai_sedan,HYUNDAI I30,Ariana,https://www.tayara.tn/item/voitures/ariana/les-jardins-el-menzah-2/hyundai-i30/6966362698b63ca72f8e51c4/,i30
chery,tiggo pro,2021.0,gasoline,22.0,automatic,8cv,1500.0,sedan,new,standard,5 seats,,used,27000.0,2026-03,5.0,,1500.0,22.0,5.0,4.4,2,chery_sedan,CHERY TIGGO 7 PRO,Ariana,https://www.tayara.tn/item/voitures/ariana/les-jardins-el-menzah-2/chery-tiggo-7-pro/694a5f8e8914daae51a013dd/,tiggo pro
mercedes,e200 cdi kit,2013.0,gasoline,22.0,automatic,7cv,2200.0,sedan,new,standard,5 seats,,used,27000.0,2026-03,5.0,,2200.0,22.0,13.0,1.6923076923076923,3,mercedes_sedan,Mercedes-benz E200 CDI Kit AMG,Ariana,https://www.tayara.tn/item/voitures/ariana/les-jardins-el-menzah-2/mercedesbenz-e200-cdi-kit-amg-/694a65d2cd04d08be74fa172/,e200 cdi kit
toyota,fj cruiser4x4,2017.0,gasoline,22.0,automatic,18cv,4000.0,coupe,new,standard,5 seats,,used,27000.0,2026-03,5.0,,4000.0,22.0,9.0,2.4444444444444446,3,toyota_coupe,TOYOTA FJ CRUISER4x4,Ariana,https://www.tayara.tn/item/voitures/ariana/les-jardins-el-menzah-2/toyota-fj-cruiser4x4/694a602f8914daae51a01450/,fj cruiser4x4
volkswagen,passat smart-line,2020.0,gasoline,22.0,automatic,8cv,1400.0,sedan,new,standard,5 seats,,used,27000.0,2026-03,5.0,,1400.0,22.0,6.0,3.6666666666666665,2,volkswagen_sedan,Volkswagen Passat smart-line,Ariana,https://www.tayara.tn/item/voitures/ariana/les-jardins-el-menzah-2/volkswagen-passat-smartline/694a62a78914daae51a015be/,passat
mercedes,gla 250e kit,2021.0,gasoline,22.0,automatic,8cv,1400.0,sedan,new,standard,5 seats,,used,27000.0,2026-03,5.0,,1400.0,22.0,5.0,4.4,2,mercedes_sedan,Mercedes GLA 250e Kit AMG Pack Night,Ariana,https://www.tayara.tn/item/voitures/ariana/les-jardins-el-menzah-2/mercedes-gla-250e-kit-amg-pack-night-/6937f28f8914daae51986a31/,gla
volkswagen,multivan,2022.0,gasoline,22.0,automatic,11cv,2000.0,sedan,new,standard,6 seats,,used,27000.0,2026-03,6.0,,2000.0,22.0,4.0,5.5,2,volkswagen_sedan,Volkswagen MULTIVAN,Ariana,https://www.tayara.tn/item/voitures/ariana/les-jardins-el-menzah-2/volkswagen-multivan-/694a6441cd04d08be74fa05a/,multivan
chevrolet,captiva,2013.0,gasoline,22.0,automatic,9cv,2300.0,sedan,new,standard,5 seats,,used,27000.0,2026-03,5.0,,2300.0,22.0,13.0,1.6923076923076923,3,chevrolet_sedan,CHEVROLET CAPTIVA,Ariana,https://www.tayara.tn/item/voitures/ariana/les-jardins-el-menzah-2/-chevrolet-captiva/68f7a911a32af86aba10f4c8/,captiva
hyundai,palisade htrac 2.2,2021.0,gasoline,22.0,automatic,12cv,2200.0,coupe,new,standard,8 seats,,used,27000.0,2026-03,8.0,,2200.0,22.0,5.0,4.4,2,hyundai_coupe,HYUNDAI PALISADE HTRAC 2.2,Ariana,https://www.tayara.tn/item/voitures/ariana/les-jardins-el-menzah-2/hyundai-palisade-htrac-22/68f7ac31b756576ab405979d/,palisade htrac 2.2
porsche,panamera,2012.0,gasoline,22.0,automatic,15cv,3000.0,sedan,new,standard,5 seats,,used,27000.0,2026-03,5.0,,3000.0,22.0,14.0,1.5714285714285714,3,porsche_sedan,PORSCHE  PANAMERA,Ariana,https://www.tayara.tn/item/voitures/ariana/les-jardins-el-menzah-2/porsche-panamera/68f7b58eb756576ab4059db2/,panamera
audi,q2 35 tfsi,2021.0,gasoline,22.0,automatic,8cv,1400.0,sedan,new,standard,5 seats,,used,27000.0,2026-03,5.0,,1400.0,22.0,5.0,4.4,2,audi_sedan,AUDI Q2 35 TFSI,Ariana,https://www.tayara.tn/item/voitures/ariana/les-jardins-el-menzah-2/audi-q2-35-tfsi/68f7b355b756576ab4059c42/,q2
land rover,evoque,2015.0,gasoline,22.0,automatic,8cv,2200.0,sedan,new,standard,5 seats,,used,27000.0,2026-03,5.0,,2200.0,22.0,11.0,2.0,3,land rover_sedan,LAND ROVER EVOQUE,Ariana,https://www.tayara.tn/item/voitures/ariana/les-jardins-el-menzah-2/land-rover-evoque-/68f7ab1ab756576ab40596fb/,evoque
seat,arona fr bva,2020.0,gasoline,22.0,automatic,6cv,1000.0,sedan,new,standard,5 seats,,used,27000.0,2026-03,5.0,,1000.0,22.0,6.0,3.6666666666666665,2,arona,SEAT ARONA FR BVA,Ariana,https://www.tayara.tn/item/voitures/ariana/les-jardins-el-menzah-2/seat-arona-fr-bva/68f7ad69b756576ab4059848/,arona
toyota,prado d4d bva,2005.0,gasoline,22.0,automatic,12cv,3000.0,coupe,new,standard,7 seats,,used,27000.0,2026-03,7.0,,3000.0,22.0,21.0,1.0476190476190477,4,toyota_coupe,TOYOTA PRADO D4D BVA,Ariana,https://www.tayara.tn/item/voitures/ariana/les-jardins-el-menzah-2/toyota-prado-d4d-bva/6868ec3dd5464a896ca37d9a/,prado
mercedes,c180 pack night,2023.0,gasoline,22.0,automatic,9cv,1500.0,sedan,new,standard,5 seats,,used,27000.0,2026-03,5.0,,1500.0,22.0,3.0,7.333333333333333,1,mercedes_sedan,Mercedes C180 Pack Night,Ariana,https://www.tayara.tn/item/voitures/ariana/les-jardins-el-menzah-2/mercedes-c180-pack-night-/6868e80794cd0376dcd5d1b4/,c180 pack night
mercedes,gla 250e kit,2023.0,gasoline,22.0,automatic,8cv,1400.0,sedan,new,standard,5 seats,,used,27000.0,2026-03,5.0,,1400.0,22.0,3.0,7.333333333333333,1,mercedes_sedan,Mercedes GLA 250e Kit AMG Pack Night,Ariana,https://www.tayara.tn/item/voitures/ariana/les-jardins-el-menzah-2/mercedes-gla-250e-kit-amg-pack-night-/6729ea04981bc29b6445334b/,gla
audi,q3 sp back,2020.0,gasoline,22.0,automatic,8cv,1500.0,sedan,new,standard,5 seats,,used,27000.0,2026-03,5.0,,1500.0,22.0,6.0,3.6666666666666665,2,audi_sedan,AUDI Q3 SP BACK S Line,Ariana,https://www.tayara.tn/item/voitures/ariana/les-jardins-el-menzah-2/audi-q3-sp-back-s-line/68074ea6c5beda2b51ccba2c/,q3
mercedes,eqe 300,2024.0,gasoline,22.0,automatic,8cv,2000.0,sedan,new,standard,5 seats,,used,27000.0,2026-03,5.0,,2000.0,22.0,2.0,11.0,1,mercedes_sedan,Mercedes-Benz EQE 300,Ariana,https://www.tayara.tn/item/voitures/ariana/les-jardins-el-menzah-2/mercedesbenz-eqe-300/689b07aefc8b58622a2cb07f/,eqe 300
bmw,x3 3.0d4x4,2006.0,gasoline,22.0,automatic,13cv,3000.0,coupe,new,standard,5 seats,,used,27000.0,2026-03,5.0,,3000.0,22.0,20.0,1.1,4,bmw_coupe,BMW X3 3.0D4x4,Ariana,https://www.tayara.tn/item/voitures/ariana/les-jardins-el-menzah-2/bmw-x3-30d4x4-/6729e8f8981bc29b64453226/,x3
toyota,land cruiser bva,2007.0,gasoline,22.0,automatic,17cv,4000.0,coupe,new,standard,8 seats,,used,27000.0,2026-03,8.0,,4000.0,22.0,19.0,1.1578947368421053,4,toyota_coupe,TOYOTA LAND CRUISER BVA,Ariana,https://www.tayara.tn/item/voitures/ariana/les-jardins-el-menzah-2/toyota-land-cruiser-bva/68074ce5c5beda2b51ccb8ff/,land cruiser
mercedes,200 kit amg,2023.0,gasoline,22.0,automatic,11cv,2000.0,sedan,new,standard,5 seats,,used,27000.0,2026-03,5.0,,2000.0,22.0,3.0,7.333333333333333,1,mercedes_sedan,Mercedes E 200 Kit AMG Pack Night,Ariana,https://www.tayara.tn/item/voitures/ariana/les-jardins-el-menzah-2/mercedes-e-200-kit-amg-pack-night-/6729ea9972ad847c9c37e0fa/,200
porsche,macan,2017.0,gasoline,22.0,automatic,15cv,2000.0,sedan,new,standard,5 seats,,used,27000.0,2026-03,5.0,,2000.0,22.0,9.0,2.4444444444444446,3,porsche_sedan,Porsche Macan,Ariana,https://www.tayara.tn/item/voitures/ariana/les-jardins-el-menzah-2/porsche-macan-/68a58da2ccec382a0d7135af/,macan
hyundai,venue,2022.0,gasoline,,automatic,,1600.0,,new,standard,,,used,38000.0,2026-03,,,1600.0,,4.0,,2,hyundai_nan,hyundai venue,Nabeul,https://www.tayara.tn/item/voitures/nabeul/nabeul/hyundai-venue/69cbac7db9d5257b5a853fd0/,venue
mercedes,glc 300 4matic,2021.0,gasoline,22.0,automatic,12cv,2000.0,coupe,new,standard,5 seats,,used,27000.0,2026-03,5.0,,2000.0,22.0,5.0,4.4,2,mercedes_coupe,MERCEDES-BENZ GLC 300 4MATIC COUPE AMG,Ariana,https://www.tayara.tn/item/voitures/ariana/les-jardins-el-menzah-2/mercedesbenz-glc-300-4matic-coupe-amg-/675d4100f39faeaa98b927f1/,glc
mercedes,glc 300 4matic,2024.0,gasoline,22.0,automatic,15cv,3000.0,coupe,new,standard,5 seats,,used,27000.0,2026-03,5.0,,3000.0,22.0,2.0,11.0,1,mercedes_coupe,MERCEDES-BENZ GLC 300 4MATIC COUPE AMG PACK NIGHT,Ariana,https://www.tayara.tn/item/voitures/ariana/les-jardins-el-menzah-2/mercedesbenz-glc-300-4matic-coupe-amg-pack-night/678fbc7b9bffab23b80d9a5e/,glc
mercedes,250e kit amg,2024.0,gasoline,22.0,automatic,9cv,1400.0,sedan,new,standard,5 seats,,used,27000.0,2026-03,5.0,,1400.0,22.0,2.0,11.0,1,mercedes_sedan,Mercedes A 250e Kit AMG Premium,Ariana,https://www.tayara.tn/item/voitures/ariana/les-jardins-el-menzah-2/mercedes-a-250e-kit-amg-premium-/68a5900a3398639ecd900413/,250
kia,rio bva,2023.0,gasoline,22.0,automatic,6cv,1400.0,sedan,new,standard,5 seats,,used,27000.0,2026-03,5.0,,1400.0,22.0,3.0,7.333333333333333,1,rio,Kia Rio BVA,Ariana,https://www.tayara.tn/item/voitures/ariana/les-jardins-el-menzah-2/kia-rio-bva-/69661dfe0600235ebdf41ab9/,rio
peugeot,508 ehdi,2019.0,gasoline,22.0,automatic,7cv,1500.0,sedan,new,standard,5 seats,,used,27000.0,2026-03,5.0,,1500.0,22.0,7.0,3.142857142857143,2,peugeot_sedan,PEUGEOT 508 EHDI,Ariana,https://www.tayara.tn/item/voitures/ariana/les-jardins-el-menzah-2/peugeot-508-ehdi-/691307c3265523b710e26553/,508
volkswagen,tiguan,2021.0,gasoline,22.0,automatic,8cv,1500.0,sedan,new,standard,5 seats,,used,27000.0,2026-03,5.0,,1500.0,22.0,5.0,4.4,2,volkswagen_sedan,VOLKSWAGEN TIGUAN,Ariana,https://www.tayara.tn/item/voitures/ariana/les-jardins-el-menzah-2/-volkswagen-tiguan-/69661fe6b6ae927ddf7f1d0a/,tiguan
land rover,evoque dynamic,2016.0,gasoline,22.0,automatic,8cv,2000.0,coupe,new,standard,5 seats,,used,27000.0,2026-03,5.0,,2000.0,22.0,10.0,2.2,3,land rover_coupe,LAND ROVER EVOQUE DYNAMIC,Ariana,https://www.tayara.tn/item/voitures/ariana/les-jardins-el-menzah-2/land-rover-evoque-dynamic/69661e80a00bf1861739c1bd/,evoque dynamic
volkswagen,polo bva,2021.0,gasoline,22.0,automatic,5cv,1000.0,sedan,new,standard,5 seats,,used,27000.0,2026-03,5.0,,1000.0,22.0,5.0,4.4,2,volkswagen_sedan,VOLKSWAGEN POLO BVA,Ariana,https://www.tayara.tn/item/voitures/ariana/les-jardins-el-menzah-2/-volkswagen-polo-bva-/697e0980dce8e6dd78b3fdc2/,polo
volkswagen,golf tdi bva,2018.0,gasoline,22.0,automatic,6cv,1600.0,sedan,new,standard,5 seats,,used,27000.0,2026-03,5.0,,1600.0,22.0,8.0,2.75,2,golf,Volkswagen Golf 7 TDI BVA,Ariana,https://www.tayara.tn/item/voitures/ariana/les-jardins-el-menzah-2/volkswagen-golf-7-tdi-bva-/697e0a3415471d09ce118086/,golf
mercedes,cla 250e kit,2021.0,gasoline,22.0,automatic,8cv,1400.0,sedan,new,standard,5 seats,,used,27000.0,2026-03,5.0,,1400.0,22.0,5.0,4.4,2,mercedes_sedan,Mercedes CLA 250e Kit AMG Pack Night,Ariana,https://www.tayara.tn/item/voitures/ariana/les-jardins-el-menzah-2/mercedes-cla-250e-kit-amg-pack-night-/69c26cc718988b5c4780805a/,cla
mitsubishi,l200 sportero did,2023.0,gasoline,22.0,automatic,8cv,2500.0,coupe,new,standard,5 seats,,used,27000.0,2026-03,5.0,,2500.0,22.0,3.0,7.333333333333333,1,mitsubishi_coupe,MITSUBISHI L200 SPORTERO DiD,Ariana,https://www.tayara.tn/item/voitures/ariana/les-jardins-el-menzah-2/mitsubishi-l200-sportero-did/69c26a9c18988b5c47807ea7/,l200
volkswagen,polo prestige,2021.0,gasoline,22.0,automatic,4cv,1000.0,sedan,new,standard,5 seats,,used,27000.0,2026-03,5.0,,1000.0,22.0,5.0,4.4,2,volkswagen_sedan,Volkswagen Polo 8 Prestige,Ariana,https://www.tayara.tn/item/voitures/ariana/les-jardins-el-menzah-2/volkswagen-polo-8-prestige-/69c2693a2e8a8ef7043fe19e/,polo
bmw,x6 3.0d,2011.0,gasoline,22.0,automatic,20cv,3000.0,coupe,new,standard,5 seats,,used,27000.0,2026-03,5.0,,3000.0,22.0,15.0,1.4666666666666666,3,bmw_coupe,BMW X6 3.0D,Ariana,https://www.tayara.tn/item/voitures/ariana/les-jardins-el-menzah-2/bmw-x6-30d-/69c266a518988b5c47807ba5/,x6
mercedes,cla 250e kit,2023.0,gasoline,22.0,automatic,8cv,1400.0,sedan,new,standard,5 seats,,used,27000.0,2026-03,5.0,,1400.0,22.0,3.0,7.333333333333333,1,mercedes_sedan,Mercedes CLA 250e Kit AMG Pack Night,Ariana,https://www.tayara.tn/item/voitures/ariana/les-jardins-el-menzah-2/mercedes-cla-250e-kit-amg-pack-night-/687b5c7494cd0376dce2b1d1/,cla
opel,crossland ehdi,2021.0,gasoline,22.0,automatic,6cv,1500.0,sedan,new,standard,5 seats,,used,27000.0,2026-03,5.0,,1500.0,22.0,5.0,4.4,2,opel_sedan,OPEL CROSSLAND EHDI,Ariana,https://www.tayara.tn/item/voitures/ariana/les-jardins-el-menzah-2/opel-crossland-ehdi-/691306ef265523b710e2647d/,crossland
audi,a3 sportback line,2025.0,gasoline,22.0,automatic,8cv,1500.0,sedan,new,standard,5 seats,,used,27000.0,2026-03,5.0,,1500.0,22.0,1.0,22.0,1,audi_sedan,AUDI A3 SPORTBACK S Line,Ariana,https://www.tayara.tn/item/voitures/ariana/les-jardins-el-menzah-2/audi-a3-sportback-s-line/69cbac01b9d5257b5a853f7e/,a3
dacia,dokker,2017.0,gasoline,,manual,,,utility,new,standard,5 seats,,used,32000.0,2026-03,5.0,,,,9.0,,3,dacia_utility,DACIA DOKKER,Bja,https://www.tayara.tn/item/voitures/bja/bja/dacia-dokker/69cb8c692c7ecb90f0fcce58/,dokker
renault,clio dynamique,2019.0,gasoline,22.0,automatic,5cv,1000.0,sedan,new,standard,5 seats,,used,27000.0,2026-03,5.0,,1000.0,22.0,7.0,3.142857142857143,2,clio,Renault Clio 4 dynamique,Ariana,https://www.tayara.tn/item/voitures/ariana/les-jardins-el-menzah-2/renault-clio-4-dynamique-/69cbaa322c7ecb90f0fcdc52/,clio
bmw,série sport 116i,2012.0,gasoline,104500.0,manual,,1600.0,hatchback,new,standard,,5 doors,used,43000.0,2026-03,,5.0,1600.0,104500.0,14.0,7464.285714285715,3,bmw_hatchback,BMW Série 1 Sport  116i,Sfax,https://www.tayara.tn/item/voitures/sfax/route-taniour/bmw-srie-1-sport-116i/69cb9b1b2c7ecb90f0fcd492/,série sport 116i
citroen,c5 ehdi,2011.0,gasoline,275300.0,automatic,6cv,1600.0,sedan,new,standard,5 seats,,used,31000.0,2026-03,5.0,,1600.0,275300.0,15.0,18353.333333333332,3,citroen_sedan,À vendre  Citroën C5 Ehdi,Ben Arous,https://www.tayara.tn/item/voitures/ben-arous/boumhel/-vendre-citron-c5-ehdi/69cba63b57616cdb6536c0f8/,c5
haval,jolion,2022.0,gasoline,22.0,automatic,9cv,1500.0,sedan,new,standard,5 seats,,used,27000.0,2026-03,5.0,,1500.0,22.0,4.0,5.5,2,haval_sedan,HAVAL JOLION,Ariana,https://www.tayara.tn/item/voitures/ariana/les-jardins-el-menzah-2/-haval-jolion/69cba61e2c7ecb90f0fcda5d/,jolion
kia,picanto avendre,2013.0,gasoline,131000.0,manual,,1000.0,sedan,new,standard,,,used,29500.0,2026-03,,,1000.0,131000.0,13.0,10076.923076923076,3,picanto,Kia Picanto avendre,Monastir,https://www.tayara.tn/item/voitures/monastir/monastir/kia-picanto-avendre/69cba5932c7ecb90f0fcda0d/,picanto
dacia,logan mcv,2022.0,gasoline,,manual,,1000.0,sedan,,standard,,,used,39800.0,2026-03,,,1000.0,,4.0,,2,dacia_sedan,Dacia Logan mcv,Tunis,https://www.tayara.tn/item/voitures/tunis/le-bardo/dacia-logan-mcv/69cba18c57616cdb6536be94/,logan
ford,focus 2018 boite,2018.0,gasoline,132000.0,automatic,7cv,1000.0,sedan,new,standard,5 seats,,used,39500.0,2026-03,5.0,,1000.0,132000.0,8.0,16500.0,2,ford_sedan,Ford Focus 2018 Boite Auto importer etat neuf,La Manouba,https://www.tayara.tn/item/voitures/la-manouba/manouba-ville/ford-focus-2018-boite-auto-importer-etat-neuf/69cb9fc92c7ecb90f0fcd72e/,focus
opel,vivaro 2.0,2021.0,diesel,0.0,manual,,2000.0,utility,good,standard,,,used,58000.0,2026-03,,,2000.0,0.0,5.0,0.0,2,opel_utility,Opel Vivaro 2.0,Sousse,https://www.tayara.tn/item/voitures/sousse/hammam-sousse/opel-vivaro-20/69cb9f5b2c7ecb90f0fcd6fd/,vivaro
skoda,octavia,2021.0,gasoline,,automatic,115cv,1000.0,sedan,,standard,,,used,79900.0,2026-03,,,1000.0,,5.0,,2,skoda_sedan,Skoda Octavia,Sousse,https://www.tayara.tn/item/voitures/sousse/sousse/skoda-octavia/69cb9f542c7ecb90f0fcd6f6/,octavia
hyundai,ioniq,2022.0,gasoline,470.0,automatic,,1600.0,sedan,new,standard,,,used,5109000.0,2026-03,,,1600.0,470.0,4.0,117.5,2,hyundai_sedan,Hyundai ioniq 5,Tunis,https://www.tayara.tn/item/voitures/tunis/lac-1/hyundai-ioniq-5/69cb9f4ab9d5257b5a8538f6/,ioniq
audi,a3 1.6 tdi,2011.0,diesel,,manual,05cv,1600.0,compact,new,standard,,,used,37500.0,2026-03,,,1600.0,,15.0,,3,audi_compact,tres jolie audi A3 1.6 tdi,Tunis,https://www.tayara.tn/item/voitures/tunis/el-ouardia/tres-jolie-audi-a3-16-tdi/69cb9d6cb9d5257b5a8537d6/,a3
kia,picanto,2020.0,gasoline,,manual,,1000.0,compact,new,standard,,,used,355000.0,2026-03,,,1000.0,,6.0,,2,picanto,kia picanto,Gabs,https://www.tayara.tn/item/voitures/gabs/gabs-mdina/kia-picanto/69cb992757616cdb6536ba19/,picanto
peugeot,405 rs,1991.0,diesel,,manual,,1600.0,compact,new,standard,,,used,19015.0,2026-03,,,1600.0,,35.0,,4,peugeot_compact,Peugeot 405 D rs,Le Kef,https://www.tayara.tn/item/voitures/le-kef/le-kef/peugeot-405-d-rs/69cb984c2c7ecb90f0fcd32d/,405
dacia,dokker 2020 première,2020.0,diesel,144000.0,manual,6cv,3000.0,,new,standard,,,used,33001.0,2026-03,,,3000.0,144000.0,6.0,24000.0,2,dacia_nan,À vendre  Dacia Dokker 2020  Première main,Ariana,https://www.tayara.tn/item/voitures/ariana/ennasr/-vendre-dacia-dokker-2020-premire-main/69cb952757616cdb6536b815/,dokker
bmw,x3 2.0 ess,2019.0,gasoline,,automatic,,2000.0,,new,standard,,,used,175000.0,2026-03,,,2000.0,,7.0,,2,bmw_nan,BMW X3 2.0 L  ESS   S DRIVE,Nabeul,https://www.tayara.tn/item/voitures/nabeul/nabeul/bmw-x3-20-l-ess-s-drive/69cb92cb2c7ecb90f0fcd09f/,x3
haval,jolion,2022.0,gasoline,11000.0,automatic,,1500.0,suv,new,standard,7 seats,,used,92000.0,2026-03,7.0,,1500.0,11000.0,4.0,2750.0,2,haval_suv,À vendre haval jolion,Sousse,https://www.tayara.tn/item/voitures/sousse/sousse/-vendre-haval-jolion/69cb920f2c7ecb90f0fcd062/,jolion
kia,rio sedan,2017.0,gasoline,17000.0,automatic,6cv,1200.0,coupe,new,standard,,2 doors,used,328900.0,2026-03,,2.0,1200.0,17000.0,9.0,1888.888888888889,3,rio,kia rio sedan,Sfax,https://www.tayara.tn/item/voitures/sfax/route-sokra/kia-rio-sedan/69cb8df72c7ecb90f0fcced5/,rio
toyota,rav4 diesel 44,2016.0,diesel,,manual,,2200.0,,new,standard,,,used,28743854.0,2026-03,,,2200.0,,10.0,,3,toyota_nan,Toyota RAV4 Diesel 44,Ben Arous,https://www.tayara.tn/item/voitures/ben-arous/ezzahra/toyota-rav4-diesel-44/69cb8926b9d5257b5a852ef6/,rav4
peugeot,206,2012.0,gasoline,,manual,,,compact,new,standard,,,used,23500.0,2026-03,,,,,14.0,,3,peugeot_compact,A vendre  peugeot 206,Ben Arous,https://www.tayara.tn/item/voitures/ben-arous/el-mourouj/a-vendre-peugeot-206-/69cb857357616cdb6536b1c7/,206
bmw,x6,2010.0,gasoline,,automatic,,3500.0,,new,standard,,,used,669000.0,2026-03,,,3500.0,,16.0,,4,bmw_nan,BMW X6,Sfax,https://www.tayara.tn/item/voitures/sfax/route-gremda/bmw-x6/69cb83572c7ecb90f0fcca94/,x6
chery,qq,2020.0,gasoline,,automatic,,1200.0,utility,new,standard,,,used,98652841.0,2026-03,,,1200.0,,6.0,,2,chery_utility,chery qq,Tunis,https://www.tayara.tn/item/voitures/tunis/tunis/chery-qq/69cb818db9d5257b5a852b5e/,qq
mazda,bt-50 vendre,2008.0,diesel,141000.0,manual,125cv,2500.0,pickup,new,standard,5 seats,5 doors,used,65000.0,2026-03,5.0,5.0,2500.0,141000.0,18.0,7833.333333333333,4,mazda_pickup,MAZDA BT-50 À VENDRE,Tunis,https://www.tayara.tn/item/voitures/tunis/ain-zaghouan-sud/mazda-bt50-vendre/69cb815c2c7ecb90f0fcc97d/,bt-50
mercedes,w211 e220 cdi,2003.0,diesel,107000.0,automatic,,2200.0,sedan,new,standard,,,used,52000.0,2026-03,,,2200.0,107000.0,23.0,4652.173913043478,4,mercedes_sedan,MERCEDES W211 E220 CDI 107000Km ÉTAT NEUF,Tunis,https://www.tayara.tn/item/voitures/tunis/tunis/mercedes-w211-e220-cdi-107000km-tat-neuf/69cb7f742c7ecb90f0fcc8bc/,w211 e220 cdi
citroen,,2014.0,diesel,,automatic,,1400.0,sedan,new,standard,,,used,23000.0,2026-03,,,1400.0,,12.0,,3,citroen_sedan,Citroen,Zaghouan,https://www.tayara.tn/item/voitures/zaghouan/zaghouan/citroen/69cb7d58b9d5257b5a852974/,unknown
ford,figo,2013.0,gasoline,,manual,,1200.0,compact,new,standard,,,used,23500.0,2026-03,,,1200.0,,13.0,,3,ford_compact,Ford Figo,Tunis,https://www.tayara.tn/item/voitures/tunis/la-marsa/ford-figo/69cb7d392c7ecb90f0fcc7c0/,figo
mercedes,benz e220 avant-garde,2010.0,diesel,107000.0,automatic,10cv,2200.0,sedan,new,standard,,,used,55000.0,2026-03,,,2200.0,107000.0,16.0,6687.5,4,mercedes_sedan,Mercedes Benz E220 Avant-garde,Tunis,https://www.tayara.tn/item/voitures/tunis/el-menzah-1/mercedes-benz-e220-avantgarde/69cb7a312c7ecb90f0fcc68e/,benz e220 avant-garde
renault,mégane,2006.0,diesel,315000.0,automatic,,1500.0,sedan,new,standard,,,used,38000.0,2026-03,,,1500.0,315000.0,20.0,15750.0,4,renault_sedan,Renault Mégane,Nabeul,https://www.tayara.tn/item/voitures/nabeul/hammamet/renault-mgane/69cb7737b9d5257b5a852763/,mégane
renault,mégane sedan toutes,2021.0,gasoline,107000.0,automatic,7cv,1200.0,sedan,new,standard,,,used,46000.0,2026-03,,,1200.0,107000.0,5.0,21400.0,2,renault_sedan,Renault Mégane 4 Sedan toutes options,Tunis,https://www.tayara.tn/item/voitures/tunis/centre-urbain-nord/renault-mgane-4-sedan-toutes-options/69cb77292c7ecb90f0fcc5a5/,mégane sedan toutes
citroen,berlingo,2022.0,diesel,,manual,,1500.0,utility,new,standard,3 seats,,used,49999.0,2026-03,3.0,,1500.0,,4.0,,2,berlingo,Citroën Berlingo,Tunis,https://www.tayara.tn/item/voitures/tunis/tunis/citron-berlingo/69cb756e2c7ecb90f0fcc519/,berlingo
peugeot,partner,2015.0,diesel,,manual,,1600.0,utility,new,standard,,,used,27800.0,2026-03,,,1600.0,,11.0,,3,peugeot_utility,Peugeot partner,Monastir,https://www.tayara.tn/item/voitures/monastir/tboulba/peugeot-partner/69cb6fb2b9d5257b5a85259a/,partner
kia,rio gtline toute,2018.0,gasoline,57000.0,automatic,5cv,1200.0,compact,new,standard,,,used,52500.0,2026-03,,,1200.0,57000.0,8.0,7125.0,2,rio,Kia Rio GTLine toute options,La Manouba,https://www.tayara.tn/item/voitures/la-manouba/la-manouba/kia-rio-gtline-toute-options/69cb6b9a8ac5bd64193fd7ad/,rio
peugeot,208,2016.0,gasoline,,manual,4cv,1200.0,sedan,new,standard,5 seats,,used,82000.0,2026-03,5.0,,1200.0,,10.0,,3,208,Peugeot 208,Mahdia,https://www.tayara.tn/item/voitures/mahdia/mahdia/peugeot-208/69cb67b8b9d5257b5a8523ef/,208
audi,a3 line,2014.0,gasoline,,automatic,4cv,1400.0,sedan,new,standard,5 seats,,used,82000.0,2026-03,5.0,,1400.0,,12.0,,3,audi_sedan,Audi A3 S line,Mahdia,https://www.tayara.tn/item/voitures/mahdia/mahdia/audi-a3-s-line/69cb6685b9d5257b5a8523a7/,a3
mercedes,cla250e amg pack,2023.0,gasoline,29000.0,automatic,8cv,1500.0,sedan,new,standard,,,used,55111111.0,2026-03,,,1500.0,29000.0,3.0,9666.666666666666,1,mercedes_sedan,Mercedes CLA250e AMG Pack Night,Ariana,https://www.tayara.tn/item/voitures/ariana/ariana/mercedes-cla250e-amg-pack-night/6973a045d921b01419d1d15c/,cla250e amg pack
chevrolet,cruze lt,2017.0,gasoline,0.0,manual,07cv,1600.0,sedan,new,standard,,,used,55111111.0,2026-03,,,1600.0,0.0,9.0,0.0,3,chevrolet_sedan,Chevrolet CRUZE LT,Ariana,https://www.tayara.tn/item/voitures/ariana/ariana/chevrolet-cruze-lt/694039edcd04d08be74b6546/,cruze
renault,austral alpline,2023.0,gasoline,0.0,automatic,7cv,1200.0,sedan,new,standard,,,used,55111111.0,2026-03,,,1200.0,0.0,3.0,0.0,1,renault_sedan,Renault Austral Alpline,Ariana,https://www.tayara.tn/item/voitures/ariana/ariana/renault-austral-alpline/686d53c6d5464a896ca69fc6/,austral
volkswagen,golf,2023.0,gasoline,59000.0,manual,06cv,1000.0,sedan,new,standard,,,used,55111111.0,2026-03,,,1000.0,59000.0,3.0,19666.666666666668,1,golf,Volkswagen Golf 8,Ariana,https://www.tayara.tn/item/voitures/ariana/ariana/volkswagen-golf-8/69cb4147b9d5257b5a851e72/,golf
fiat,500 dolce vita,2022.0,gasoline,0.0,automatic,,1200.0,compact,new,standard,,,used,55111111.0,2026-03,,,1200.0,0.0,4.0,0.0,2,500,Fiat 500 Dolce Vita BVA,Ariana,https://www.tayara.tn/item/voitures/ariana/ariana/fiat-500-dolce-vita-bva/69cb40c02c7ecb90f0fcbd1f/,500
mercedes,benz e300e amg,2022.0,diesel,0.0,automatic,11cv,2000.0,sedan,new,standard,,,used,55111111.0,2026-03,,,2000.0,0.0,4.0,0.0,2,mercedes_sedan,Mercedes Benz E300e AMG Diesel,Ariana,https://www.tayara.tn/item/voitures/ariana/ariana/mercedes-benz-e300e-amg-diesel/69cb40372c7ecb90f0fcbd13/,benz e300e amg
kia,sportage gtline diesel,2021.0,diesel,0.0,automatic,7cv,1600.0,sedan,new,standard,,,used,55111111.0,2026-03,,,1600.0,0.0,5.0,0.0,2,sportage,Kia Sportage Gtline Diesel,Ariana,https://www.tayara.tn/item/voitures/ariana/ariana/kia-sportage-gtline-diesel/69cb3fa12c7ecb90f0fcbd01/,sportage
opel,k9,2022.0,gasoline,114000.0,automatic,5cv,1600.0,utility,new,standard,5 seats,5 doors,used,943500.0,2026-03,5.0,5.0,1600.0,114000.0,4.0,28500.0,2,opel_utility,opel k9,Ariana,https://www.tayara.tn/item/voitures/ariana/cit-ennasr-2/opel-k9/69cb2d73b9d5257b5a851bb7/,k9
peugeot,,2004.0,gasoline,,manual,,1200.0,compact,new,standard,,,used,18200.0,2026-03,,,1200.0,,22.0,,4,peugeot_compact,206 peugeot,Tunis,https://www.tayara.tn/item/voitures/tunis/ksar-said/206-peugeot/69cb24902c7ecb90f0fcb91c/,unknown
mini,coper,2014.0,diesel,165000.0,manual,100cv,1600.0,coupe,new,standard,5 seats,,used,52000.0,2026-03,5.0,,1600.0,165000.0,12.0,13750.0,3,mini_coupe,mini coper,Sousse,https://www.tayara.tn/item/voitures/sousse/sousse/mini-coper/69cb01d79e9889cd0de7ac5b/,coper
kia,sportage 2020,2020.0,gasoline,,automatic,,1600.0,,new,standard,,,used,202095.0,2026-03,,,1600.0,,6.0,,2,sportage,kia sportage 2020,Bja,https://www.tayara.tn/item/voitures/bja/bja/kia-sportage-2020/69caf58a9e9889cd0de7a8b2/,sportage
mercedes,classe a180,2019.0,gasoline,70000.0,automatic,,2000.0,coupe,new,standard,,,used,18050000.0,2026-03,,,2000.0,70000.0,7.0,10000.0,2,mercedes_coupe,Mercedes classe A180,Tunis,https://www.tayara.tn/item/voitures/tunis/la-marsa/mercedes-classe-a180/69cae7c7b9d5257b5a8509a2/,classe a180
citroen,c-elysee,2014.0,gasoline,,manual,,1200.0,compact,new,standard,9 seats,4 doors,used,19000.0,2026-03,9.0,4.0,1200.0,,12.0,,3,citroen_compact,Citroën c-elysee,Nabeul,https://www.tayara.tn/item/voitures/nabeul/klibia/citron-celysee/69cae6b39e9889cd0de7a300/,c-elysee
ford,fiesta titanium..,2017.0,gasoline,,manual,,1000.0,compact,new,standard,,,used,34000.0,2026-03,,,1000.0,,9.0,,3,ford_compact,Ford fiesta titanium..,Nabeul,https://www.tayara.tn/item/voitures/nabeul/nabeul/ford-fiesta-titanium/69cae2892c7ecb90f0fca68d/,fiesta
hyundai,elantra en bon,2016.0,gasoline,,manual,,1600.0,sedan,new,standard,,,used,37000.0,2026-03,,,1600.0,,10.0,,3,hyundai_sedan,A vendre Hyundai Elantra en bon état,La Manouba,https://www.tayara.tn/item/voitures/la-manouba/manouba-ville/a-vendre-hyundai-elantra-en-bon-tat/69cadd4db9d5257b5a85052d/,elantra
kia,sportage,2021.0,gasoline,130000.0,automatic,7cv,5.0,compact,new,standard,,,used,78000.0,2026-03,,,,130000.0,5.0,26000.0,2,sportage,Kia Sportage,Nabeul,https://www.tayara.tn/item/voitures/nabeul/nabeul/kia-sportage/69cad6acb9d5257b5a8501cf/,sportage
hyundai,i20 2013 en,2013.0,gasoline,184000.0,manual,4cv,,,new,standard,5 seats,5 doors,used,28000.0,2026-03,5.0,5.0,,184000.0,13.0,14153.846153846154,3,i20,Hyundai i20 2013 en très bon état,Tunis,https://www.tayara.tn/item/voitures/tunis/tunis/hyundai-i20-2013-en-trs-bon-tat/69cad6172c7ecb90f0fca078/,i20
nissan,patrol y61,2009.0,gasoline,57000.0,manual,,4000.0,,new,standard,,,used,6148000.0,2026-03,,,4000.0,57000.0,17.0,3352.9411764705883,4,nissan_nan,Nissan patrol y61,La Manouba,https://www.tayara.tn/item/voitures/la-manouba/manouba-ville/nissan-patrol-y61/69cad5d29e9889cd0de79b1b/,patrol y61
hyundai,i30,2020.0,diesel,,manual,,1600.0,sedan,new,standard,,,used,3077.0,2026-03,,,1600.0,,6.0,,2,hyundai_sedan,Hyundai i30,Tunis,https://www.tayara.tn/item/voitures/tunis/tunis/hyundai-i30/69cad4379e9889cd0de79a5d/,i30
skoda,fabia,2016.0,gasoline,17000.0,manual,6cv,3000.0,coupe,new,standard,,2 doors,used,328900.0,2026-03,,2.0,3000.0,17000.0,10.0,1700.0,3,skoda_coupe,Skoda fabia,Sfax,https://www.tayara.tn/item/voitures/sfax/route-gremda/skoda-fabia/69cad3d7b9d5257b5a85006c/,fabia
lancia,delta fiat,2013.0,diesel,,automatic,6cv,1600.0,sedan,new,standard,,,used,28500.0,2026-03,,,1600.0,,13.0,,3,lancia_sedan,Lancia delta fiat,Ariana,https://www.tayara.tn/item/voitures/ariana/la-soukra/lancia-delta-fiat/69cad341b9d5257b5a850023/,delta fiat
fiat,punto première main,2005.0,gasoline,0.0,automatic,5cv,1400.0,compact,new,standard,5 seats,,used,27000.0,2026-03,5.0,,1400.0,0.0,21.0,0.0,4,fiat_compact,Fiat Punto 3 Première main importé Italie Boite auto,Ariana,https://www.tayara.tn/item/voitures/ariana/la-soukra/fiat-punto-3-premire-main-import-italie-boite-auto/69cad2edb9d5257b5a84fffc/,punto
volkswagen,,2001.0,diesel,,manual,,1600.0,,new,standard,,,used,1500.0,2026-03,,,1600.0,,25.0,,4,volkswagen_nan,Caddy volkswagen,Monastir,https://www.tayara.tn/item/voitures/monastir/bembla/caddy-volkswagen/69cac799b9d5257b5a84fab4/,unknown
audi,q3,2019.0,gasoline,,automatic,8cv,1400.0,sedan,new,standard,,,used,3143000.0,2026-03,,,1400.0,,7.0,,2,audi_sedan,Audi Q3,Nabeul,https://www.tayara.tn/item/voitures/nabeul/hammamet/audi-q3/69cac6eeb9d5257b5a84fa67/,q3
fiat,cinquecento,1996.0,gasoline,,manual,4cv,1000.0,,new,standard,,,used,8000.0,2026-03,,,1000.0,,30.0,,4,fiat_nan,fiat cinquecento,Kairouan,https://www.tayara.tn/item/voitures/kairouan/kairouan/fiat-cinquecento/69cac0769e9889cd0de79166/,cinquecento
peugeot,3008,2021.0,gasoline,,automatic,,1500.0,,new,standard,,,used,300885.0,2026-03,,,1500.0,,5.0,,2,3008,peugeot 3008,Sousse,https://www.tayara.tn/item/voitures/sousse/sousse/peugeot-3008/69cabb919e9889cd0de78f3e/,3008
haval,jolion 2023 1ère,2023.0,gasoline,61000.0,automatic,,1500.0,,new,standard,,,used,81999.0,2026-03,,,1500.0,61000.0,3.0,20333.333333333332,1,haval_nan,Haval Jolion 2023 - 1ère Main - Entretien Maison Atlas Auto - sous garantie constructeur -,Tunis,https://www.tayara.tn/item/voitures/tunis/ain-zaghouen/haval-jolion-2023-1re-main-entretien-maison-atlas-auto-sous-garantie-constructeur-/69cab5079e9889cd0de78cb2/,jolion 2023 1ère
hyundai,i20,2020.0,gasoline,72000.0,manual,,,,new,standard,,,used,2049499.0,2026-03,,,,72000.0,6.0,12000.0,2,i20,Hyundai i20,Bizerte,https://www.tayara.tn/item/voitures/bizerte/ras-jebel/hyundai-i20/69cab34b2c7ecb90f0fc91b2/,i20
chery,tiggo2,2008.0,gasoline,335000.0,automatic,8cv,1200.0,compact,new,standard,5 seats,,used,242000.0,2026-03,5.0,,1200.0,335000.0,18.0,18611.11111111111,4,chery_compact,A vendre chery tiggo2,Gafsa,https://www.tayara.tn/item/voitures/gafsa/gafsa-sud/a-vendre-chery-tiggo2/69cab3259e9889cd0de78bf6/,tiggo2
suzuki,vitara 4x4,2017.0,gasoline,155.0,automatic,6cv,1600.0,,new,standard,,,used,450000.0,2026-03,,,1600.0,155.0,9.0,17.22222222222222,3,suzuki_nan,Suzuki vitara 4x4,Ariana,https://www.tayara.tn/item/voitures/ariana/la-soukra/suzuki-vitara-4x4/69cab1842c7ecb90f0fc90f0/,vitara
audi,a4 diesel 2.0,2011.0,gasoline,70000.0,automatic,,2000.0,sedan,new,standard,,,used,45000.0,2026-03,,,2000.0,70000.0,15.0,4666.666666666667,3,a4,Belle AUDI A4 Diesel 2.0 L TDI,Tunis,https://www.tayara.tn/item/voitures/tunis/lac-1/belle-audi-a4-diesel-20-l-tdi/69caaf5fb9d5257b5a84f0b7/,a4
mercedes,c180 w204 kompresseur,2010.0,gasoline,50000.0,manual,5cv,1600.0,sedan,new,standard,,,used,28000.0,2026-03,,,1600.0,50000.0,16.0,3125.0,4,mercedes_sedan,Mercedes c180 W204 kompresseur,Tataouine,https://www.tayara.tn/item/voitures/tataouine/tataouine/mercedes-c180-w204-kompresseur/69caaef52c7ecb90f0fc8fd4/,c180 w204 kompresseur
haval,h6,2020.0,gasoline,83000.0,automatic,,1500.0,sedan,new,standard,7 seats,,used,668000.0,2026-03,7.0,,1500.0,83000.0,6.0,13833.333333333334,2,haval_sedan,Haval H6,Monastir,https://www.tayara.tn/item/voitures/monastir/tboulba/haval-h6/69caaef0b9d5257b5a84f074/,h6
fiat,grande punto 2010,2010.0,gasoline,290000.0,manual,5cv,1400.0,,new,standard,,,used,201022.0,2026-03,,,1400.0,290000.0,16.0,18125.0,4,fiat_nan,fiat grande punto 2010,Tunis,https://www.tayara.tn/item/voitures/tunis/tunis/fiat-grande-punto-2010/69caab73b9d5257b5a84eef9/,grande punto 2010
bmw,série 116i phase,2009.0,gasoline,224000.0,manual,,2000.0,compact,new,standard,,,used,31000.0,2026-03,,,2000.0,224000.0,17.0,13176.470588235294,4,bmw_compact,BMW Série 1 116i phase 2 Importée  Série 252,Tunis,https://www.tayara.tn/item/voitures/tunis/l-aouina/bmw-srie-1-116i-phase-2-importe-srie-252/69caaad62c7ecb90f0fc8e2e/,série 116i phase
peugeot,207,2008.0,gasoline,,,7cv,,,new,standard,9 seats,,used,20716800.0,2026-03,9.0,,,,18.0,,4,peugeot_nan,Peugeot 207,Ben Arous,https://www.tayara.tn/item/voitures/ben-arous/rads/peugeot-207/69caa9549e9889cd0de787f6/,207
kia,picanto 1ère mains,2016.0,gasoline,191104000.0,manual,4cv,,,new,standard,,5 doors,used,77034.0,2026-03,,5.0,,,10.0,,3,picanto,Kia picanto 1ère mains blanc en bonne état,Tunis,https://www.tayara.tn/item/voitures/tunis/sidi-hassine/kia-picanto-1re-mains-blanc-en-bonne-tat/69ca9eb09e9889cd0de782f5/,picanto
peugeot,4008 moteur mitsubischi,2014.0,gasoline,165000.0,manual,9cv,2000.0,,new,standard,,,used,80239900.0,2026-03,,,2000.0,165000.0,12.0,13750.0,3,peugeot_nan,PEUGEOT 4008 MOTEUR MITSUBISCHI 4X4 TOIT PANO EXCELLENT ETAT TEL 22801802,Ariana,https://www.tayara.tn/item/voitures/ariana/ennasr/peugeot-4008-moteur-mitsubischi-4x4-toit-pano-excellent-etat-tel-22801802/69ca9d3ab9d5257b5a84e858/,4008
bmw,série,2025.0,gasoline,,automatic,,1000.0,suv,new,standard,,,used,485000.0,2026-03,,,1000.0,,1.0,,1,bmw_suv,BMW série 4,Tunis,https://www.tayara.tn/item/voitures/tunis/tunis/bmw-srie-4/69ca9d102c7ecb90f0fc8795/,série
fiat,doblo vendre,2020.0,diesel,,manual,,1300.0,utility,new,standard,,,used,32000.0,2026-03,,,1300.0,,6.0,,2,fiat_utility,FIAT DOBLO A VENDRE,Sfax,https://www.tayara.tn/item/voitures/sfax/tunis/fiat-doblo-a-vendre/69ca924f2c7ecb90f0fc8266/,doblo
kia,picanto boite auto,2014.0,gasoline,,automatic,5cv,1200.0,compact,new,standard,,4 doors,used,21932800.0,2026-03,,4.0,1200.0,,12.0,,3,picanto,kia Picanto boite auto 22599219,Tunis,https://www.tayara.tn/item/voitures/tunis/sidi-bou-said/kia-picanto-boite-auto-22599219/69ca8f022c7ecb90f0fc80a0/,picanto
kia,sportage gtline 1.7,2018.0,diesel,,automatic,,1400.0,compact,new,standard,,,used,21984800.0,2026-03,,,1400.0,,8.0,,2,sportage,kia Sportage Gtline 1.7 diesel 22599219,Tunis,https://www.tayara.tn/item/voitures/tunis/sidi-bou-said/kia-sportage-gtline-17-diesel-22599219/69ca8ee5b9d5257b5a84e0fa/,sportage
peugeot,108,2016.0,gasoline,184000.0,,,1200.0,,new,standard,5 seats,,used,10830000.0,2026-03,5.0,,1200.0,184000.0,10.0,18400.0,3,peugeot_nan,Peugeot 108,Ariana,https://www.tayara.tn/item/voitures/ariana/sidi-thabet/peugeot-108/69ca8df6b9d5257b5a84e072/,108
kia,rio 2017,2017.0,gasoline,166000.0,manual,5cv,1200.0,,new,standard,,,used,1741000.0,2026-03,,,1200.0,166000.0,9.0,18444.444444444445,3,rio,Kia rio 2017,Ariana,https://www.tayara.tn/item/voitures/ariana/jardins-el-menzah/kia-rio-2017/69ca8cb72c7ecb90f0fc7f17/,rio
hyundai,grand 10,2018.0,gasoline,,manual,7cv,1200.0,sedan,new,standard,,,used,1033500.0,2026-03,,,1200.0,,8.0,,2,hyundai_sedan,Hyundai Grand i 10,Nabeul,https://www.tayara.tn/item/voitures/nabeul/klibia/hyundai-grand-i-10/69ca898eb9d5257b5a84ddd8/,grand 10
bmw,530i g30,2017.0,gasoline,175000.0,automatic,,2000.0,sedan,new,standard,,,used,30135000.0,2026-03,,,2000.0,175000.0,9.0,19444.444444444445,3,bmw_sedan,BMW 530i  G30,Sousse,https://www.tayara.tn/item/voitures/sousse/hammam-sousse/bmw-530i-g30/69ca88dcb9d5257b5a84dd79/,530i g30
fiat,punto,2007.0,gasoline,70000.0,manual,10cv,1400.0,compact,new,standard,,,used,46699.0,2026-03,,,1400.0,70000.0,19.0,3684.2105263157896,4,fiat_compact,Fiat Punto 3,Tunis,https://www.tayara.tn/item/voitures/tunis/tunis/fiat-punto-3/69ca88ba9e9889cd0de77790/,punto
mg,,2022.0,gasoline,91000.0,automatic,08cv,1300.0,sedan,new,standard,,,used,125000.0,2026-03,,,1300.0,91000.0,4.0,22750.0,2,mg_sedan,gla250e kit AMG,Sousse,https://www.tayara.tn/item/voitures/sousse/sousse-jawhara/gla250e-kit-amg/69a2fab115e045cfa268f036/,unknown
peugeot,partener k9,2017.0,gasoline,290000.0,manual,6cv,1600.0,utility,new,standard,,,used,941000.0,2026-03,,,1600.0,290000.0,9.0,32222.222222222223,3,peugeot_utility,Peugeot partener K9,Mdenine,https://www.tayara.tn/item/voitures/mdenine/djerba-midoun/peugeot-partener-k9/69ca8728b9d5257b5a84dc8f/,partener k9
bmw,e34 535i v8,1991.0,gasoline,,automatic,9cv,4000.0,sedan,new,standard,,,used,34800.0,2026-03,,,4000.0,,35.0,,4,bmw_sedan,BMW E34 535i  V8 Phase 2,Bizerte,https://www.tayara.tn/item/voitures/bizerte/bizerte/bmw-e34-535i-v8-phase-2-/69ca84cf9e9889cd0de7753f/,e34 535i v8
byd,tang ev 1ere,2024.0,electric,520.0,automatic,9cv,,,new,standard,7 seats,,used,2209500.0,2026-03,7.0,,,520.0,2.0,260.0,1,byd_nan,BYD TANG EV 1ERE MAIN ELECTIQUE COMME NEUVE SOUS GARANTIE TEL 22801802,Ariana,https://www.tayara.tn/item/voitures/ariana/ennasr/byd-tang-ev-1ere-main-electique-comme-neuve-sous-garantie-tel-22801802/69ca8436b9d5257b5a84da94/,tang ev 1ere
peugeot,3008 gt line,2022.0,diesel,,automatic,,1500.0,sedan,new,standard,,,used,98500.0,2026-03,,,1500.0,,4.0,,2,3008,Peugeot 3008 GT line premium Dissel boite automatique tt option importé fin sir état neuf,Bja,https://www.tayara.tn/item/voitures/bja/medjez-el-bab/peugeot-3008-gt-line-premium-dissel-boite-automatique-tt-option-import-fin-sir-tat-neuf/69ca79de9e9889cd0de76f53/,3008
kia,stonic bakou,2024.0,gasoline,70000.0,manual,10cv,4000.0,compact,new,standard,,,used,46699.0,2026-03,,,4000.0,70000.0,2.0,35000.0,1,kia_compact,Avendre Kia stonic bakou,Tunis,https://www.tayara.tn/item/voitures/tunis/tunis/avendre-kia-stonic-bakou/69ca79189e9889cd0de76eef/,stonic
hyundai,tucson premium dissel,2022.0,diesel,,automatic,,1600.0,sedan,new,standard,,,used,117000.0,2026-03,,,1600.0,,4.0,,2,hyundai_sedan,Hyundai Tucson premium Dissel boite automatique tt option importé fin sir,Bja,https://www.tayara.tn/item/voitures/bja/medjez-el-bab/hyundai-tucson-premium-dissel-boite-automatique-tt-option-import-fin-sir/69ca78c6b9d5257b5a84d436/,tucson
mg,tres propre,2014.0,gasoline,107000.0,automatic,6cv,1600.0,sedan,new,standard,,,used,62000.0,2026-03,,,1600.0,107000.0,12.0,8916.666666666666,3,mg_sedan,MEecedes classe A AMG tres propre,Tunis,https://www.tayara.tn/item/voitures/tunis/montplaisir/meecedes-classe-a-amg-tres-propre/69ca771f9e9889cd0de76dd9/,tres propre
opel,corsa,2009.0,gasoline,,,,1200.0,utility,new,standard,,2 doors,used,16500.0,2026-03,,2.0,1200.0,,17.0,,4,opel_utility,A vendre Opel corsa c,Tunis,https://www.tayara.tn/item/voitures/tunis/el-omrane-suprieur/a-vendre-opel-corsa-c/69ca74ca9e9889cd0de76c84/,corsa
peugeot,205,1998.0,gasoline,,manual,4cv,1400.0,compact,new,standard,,,used,2052500.0,2026-03,,,1400.0,,28.0,,4,peugeot_compact,peugeot 205,Ariana,https://www.tayara.tn/item/voitures/ariana/la-soukra/peugeot-205/69ca726ab9d5257b5a84d10f/,205
opel,vivaro commerciale 55249889,2006.0,diesel,,automatic,,1900.0,utility,new,standard,9 seats,,used,88943500.0,2026-03,9.0,,1900.0,,20.0,,4,opel_utility,opel vivaro Commerciale   55249889,Nabeul,https://www.tayara.tn/item/voitures/nabeul/nabeul/opel-vivaro-commerciale-55249889/69ca70552c7ecb90f0fc6f96/,vivaro
kia,xceed sx 51,2021.0,gasoline,,automatic,6cv,1000.0,compact,new,standard,,,used,69000.0,2026-03,,,1000.0,,5.0,,2,kia_compact,KIA XCEED SX   51 080 080 26410 477 Possibilité de vente ou d'échange,Tunis,https://www.tayara.tn/item/voitures/tunis/l-aouina/-kia-xceed-sx-51-080-080-26410-477-possibilit-de-vente-ou-dchange/69ca6fff9e9889cd0de76a51/,xceed
audi,q5 tdi v6,2014.0,diesel,112000.0,automatic,,3000.0,,new,standard,,,used,97000.0,2026-03,,,3000.0,112000.0,12.0,9333.333333333334,3,audi_nan,AUDI Q5 TDI V6 QUATTRO  51 080 080 26 410 477  Possibilité de vente ou d'échange,Tunis,https://www.tayara.tn/item/voitures/tunis/l-aouina/audi-q5-tdi-v6-quattro-51-080-080-26-410-477-possibilit-de-vente-ou-dchange/69ca6e389e9889cd0de76968/,q5
mercedes,benz c300e amg,2021.0,gasoline,0.0,automatic,12cv,3000.0,suv,new,standard,,,used,126000.0,2026-03,,,3000.0,0.0,5.0,0.0,2,mercedes_suv,MERCEDES BENZ C300e AMG 4MATIC   51 080 080 26 410 477 Possibilité de vente ou échange,Tunis,https://www.tayara.tn/item/voitures/tunis/l-aouina/-mercedes-benz-c300e-amg-4matic-51-080-080-26-410-477-possibilit-de-vente-ou-change/69ca6d499e9889cd0de768eb/,benz c300e amg
ford,ranger,2014.0,diesel,80000.0,manual,136cv,2200.0,,new,standard,,,used,18065.0,2026-03,,,2200.0,80000.0,12.0,6666.666666666667,3,ford_nan,FORD RANGER,Sousse,https://www.tayara.tn/item/voitures/sousse/m-saken/ford-ranger/69ca6ce89e9889cd0de768b9/,ranger
opel,grandland 51 080,2019.0,gasoline,0.0,automatic,7cv,1200.0,coupe,new,standard,,,used,58000.0,2026-03,,,1200.0,0.0,7.0,0.0,2,opel_coupe,OPEL GRANDLAND X  51 080 080 26 410 477 Possibilité de vente ou d'échange,Tunis,https://www.tayara.tn/item/voitures/tunis/l-aouina/opel-grandland-x-51-080-080-26-410-477-possibilit-de-vente-ou-dchange/69ca6c4ab9d5257b5a84ce19/,grandland
peugeot,5008 allure 51,2022.0,gasoline,0.0,automatic,130cv,1200.0,compact,new,standard,7 seats,3 doors,used,84000.0,2026-03,7.0,3.0,1200.0,0.0,4.0,0.0,2,peugeot_compact,PEUGEOT 5008 ALLURE  51 080 080 26 410 477 Possibilité de vente ou échange,Tunis,https://www.tayara.tn/item/voitures/tunis/l-aouina/peugeot-5008-allure-51-080-080-26-410-477-possibilit-de-vente-ou-change/69ca6b51b9d5257b5a84cd8e/,5008
fiat,500 bonne occasion,2024.0,gasoline,107000.0,automatic,125cv,1000.0,coupe,new,standard,,,used,62000.0,2026-03,,,1000.0,107000.0,2.0,53500.0,1,500,Fiat 500 Bonne Occasion a Vendre,Tunis,https://www.tayara.tn/item/voitures/tunis/tunis/fiat-500-bonne-occasion-a-vendre/69c151f32e8a8ef7043f5a9a/,500
ford,kuga bonne occasion,2019.0,gasoline,107000.0,automatic,125cv,1500.0,coupe,new,standard,,,used,64000.0,2026-03,,,1500.0,107000.0,7.0,15285.714285714286,2,ford_coupe,Ford Kuga Bonne Occasion a Vendre,Tunis,https://www.tayara.tn/item/voitures/tunis/tunis/ford-kuga-bonne-occasion-a-vendre/69b5489a8802795eea1bd0a0/,kuga
mercedes,classe bonne occasion,2019.0,gasoline,79000.0,automatic,,,,new,standard,,,used,105000.0,2026-03,,,,79000.0,7.0,11285.714285714286,2,mercedes_nan,Mercedes Classe A Bonne Occasion a Vendre,Tunis,https://www.tayara.tn/item/voitures/tunis/tunis/mercedes-classe-a-bonne-occasion-a-vendre/6978ff94d921b01419d46102/,classe bonne occasion
mercedes,200 coupe bonne,2014.0,gasoline,70000.0,automatic,,2000.0,coupe,new,standard,,3 doors,used,87000.0,2026-03,,3.0,2000.0,70000.0,12.0,5833.333333333333,3,mercedes_coupe,Mercedes E 200 Coupe Bonne Occasion a Vendre,Tunis,https://www.tayara.tn/item/voitures/tunis/tunis/mercedes-e-200-coupe-bonne-occasion-a-vendre/6978f6e3d921b01419d45b7b/,200
mercedes,classe,2016.0,gasoline,140000.0,manual,6cv,1600.0,compact,new,standard,,5 doors,used,58000.0,2026-03,,5.0,1600.0,140000.0,10.0,14000.0,3,mercedes_compact,Mercedes-Benz Classe A,Sfax,https://www.tayara.tn/item/voitures/sfax/route-tunis/mercedesbenz-classe-a/69ca68739e9889cd0de76670/,classe
geely,gx3,2023.0,gasoline,70000.0,automatic,,1500.0,coupe,new,standard,,,used,348000.0,2026-03,,,1500.0,70000.0,3.0,23333.333333333332,1,geely_coupe,Geely GX3,Tunis,https://www.tayara.tn/item/voitures/tunis/l-aouina/geely-gx3/69ca64c02c7ecb90f0fc69ff/,gx3
seat,ibiza style,2020.0,gasoline,,manual,,1000.0,compact,new,standard,,,used,43000.0,2026-03,,,1000.0,,6.0,,2,ibiza,seat Ibiza style,Ariana,https://www.tayara.tn/item/voitures/ariana/ariana/seat-ibiza-style/69ca5f799e9889cd0de76202/,ibiza
volkswagen,golf bva,2019.0,gasoline,130000.0,automatic,6cv,1200.0,sedan,new,standard,,,used,59500.0,2026-03,,,1200.0,130000.0,7.0,18571.428571428572,2,golf,2019 VOLKSWAGEN GOLF 7 BVA,Tunis,https://www.tayara.tn/item/voitures/tunis/la-marsa/2019-volkswagen-golf-7-bva/69ca5f3fb9d5257b5a84c7bc/,golf
hyundai,grand i10 sedan,2023.0,gasoline,103000.0,manual,5cv,1200.0,sedan,new,standard,5 seats,,used,48000.0,2026-03,5.0,,1200.0,103000.0,3.0,34333.333333333336,1,hyundai_sedan,Hyundai Grand i10 Sedan,Ariana,https://www.tayara.tn/item/voitures/ariana/ariana/hyundai-grand-i10-sedan/69ca5e482c7ecb90f0fc66c4/,grand i10 sedan
seat,ibiza état trés,2019.0,gasoline,68.0,automatic,4cv,1000.0,,new,standard,5 seats,,used,27000.0,2026-03,5.0,,1000.0,68.0,7.0,9.714285714285714,2,ibiza,voiture seat ibiza état trés propre,Ariana,https://www.tayara.tn/item/voitures/ariana/ariana-essoughra/voiture-seat-ibiza-tat-trs-propre/69ca5d849e9889cd0de760f0/,ibiza
kia,sportage diesel,2019.0,diesel,,manual,6cv,1600.0,,new,standard,,,used,68000.0,2026-03,,,1600.0,,7.0,,2,sportage,Kia sportage diesel,Sfax,https://www.tayara.tn/item/voitures/sfax/route-mehdia/kia-sportage-diesel/69ca5cec9e9889cd0de760aa/,sportage
kia,rio 1.2,2013.0,gasoline,,manual,6cv,1200.0,sedan,new,standard,5 seats,4 doors,used,231000.0,2026-03,5.0,4.0,1200.0,,13.0,,3,rio,Kia Rio 1.2,Tunis,https://www.tayara.tn/item/voitures/tunis/bellevue/kia-rio-12/69ca5ce3b9d5257b5a84c6af/,rio
audi,q3,2015.0,gasoline,17000.0,automatic,08cv,1800.0,coupe,new,standard,,2 doors,used,328900.0,2026-03,,2.0,1800.0,17000.0,11.0,1545.4545454545455,3,audi_coupe,AUDI Q3,Sfax,https://www.tayara.tn/item/voitures/sfax/route-tunis/audi-q3/69ca5c642c7ecb90f0fc65e1/,q3
suzuki,swift premier main,2023.0,gasoline,28200.0,automatic,5cv,1200.0,coupe,new,standard,,,used,47000.0,2026-03,,,1200.0,28200.0,3.0,9400.0,1,suzuki_coupe,Suzuki Swift premier main,Tunis,https://www.tayara.tn/item/voitures/tunis/khaznadar/suzuki-swift-premier-main/69ca5bcb2c7ecb90f0fc6597/,swift
peugeot,308 phase,2009.0,gasoline,0.0,manual,6cv,1400.0,coupe,new,standard,5 seats,4 doors,used,25000.0,2026-03,5.0,4.0,1400.0,0.0,17.0,0.0,4,308,A vendre  Peugeot 308 - Phase I - Essence,Tunis,https://www.tayara.tn/item/voitures/tunis/tunis/a-vendre-peugeot-308-phase-i-essence/69ca5857b9d5257b5a84c41b/,308
kia,rio 5p 1ère,2016.0,gasoline,0.0,manual,5cv,1200.0,compact,new,standard,5 seats,,used,36000.0,2026-03,5.0,,1200.0,0.0,10.0,0.0,3,rio,Kia Rio 5p - 1ère Main - Avril 2016 5 CV,Ariana,https://www.tayara.tn/item/voitures/ariana/ghazela/kia-rio-5p-1re-main-avril-2016-5-cv/69ca57749e9889cd0de75d9f/,rio
opel,corsa,1998.0,gasoline,17000.0,automatic,6cv,1200.0,coupe,new,standard,,2 doors,used,328900.0,2026-03,,2.0,1200.0,17000.0,28.0,607.1428571428571,4,opel_coupe,Opel Corsa,Sfax,https://www.tayara.tn/item/voitures/sfax/autres-villes/opel-corsa/69ca54c92c7ecb90f0fc61d6/,corsa
hyundai,grand i10 populaire,2021.0,gasoline,,automatic,,1000.0,compact,new,standard,,,used,38000.0,2026-03,,,1000.0,,5.0,,2,hyundai_compact,hyundai grand i10 populaire,Nabeul,https://www.tayara.tn/item/voitures/nabeul/soliman/hyundai-grand-i10-populaire/69ca53519e9889cd0de75b6b/,grand i10 populaire
seat,ibiza 02/2019,2019.0,gasoline,78000.0,automatic,4cv,1000.0,compact,new,standard,5 seats,5 doors,used,1947000.0,2026-03,5.0,5.0,1000.0,78000.0,7.0,11142.857142857143,2,ibiza,Seat Ibiza 02/2019,Ariana,https://www.tayara.tn/item/voitures/ariana/chotrana-1/seat-ibiza-022019/69ca51e7b9d5257b5a84c0a2/,ibiza
peugeot,308 phase,2018.0,gasoline,0.0,manual,5cv,1200.0,sedan,new,standard,5 seats,,used,238500.0,2026-03,5.0,,1200.0,0.0,8.0,0.0,2,308,Peugeot 308 phase 2,Ariana,https://www.tayara.tn/item/voitures/ariana/la-soukra/peugeot-308-phase-2/69ca511b9e9889cd0de75a20/,308
dacia,logan,2025.0,gasoline,,manual,,1200.0,sedan,new,standard,,,used,18500.0,2026-03,,,1200.0,,1.0,,1,dacia_sedan,A vendre DACIA Logan,Sfax,https://www.tayara.tn/item/voitures/sfax/route-el-ain/a-vendre-dacia-logan/69ca4fce2c7ecb90f0fc5eef/,logan
citroen,saxo,2001.0,gasoline,68.0,automatic,4cv,1100.0,,new,standard,5 seats,,used,27000.0,2026-03,5.0,,1100.0,68.0,25.0,2.72,4,citroen_nan,a vendre ou échanger Citroën saxo,Ariana,https://www.tayara.tn/item/voitures/ariana/ariana-ville/a-vendre-ou-changer-citron-saxo/69ca4ef52c7ecb90f0fc5e76/,saxo
fiat,siena,2007.0,gasoline,,manual,4cv,1400.0,sedan,new,standard,9 seats,,used,18500.0,2026-03,9.0,,1400.0,,19.0,,4,fiat_sedan,fiat siena,Sousse,https://www.tayara.tn/item/voitures/sousse/sahloul/fiat-siena/69ca4c369e9889cd0de75796/,siena
bmw,serie 118i,2019.0,gasoline,,automatic,,1500.0,sedan,new,standard,,,used,68500.0,2026-03,,,1500.0,,7.0,,2,bmw_sedan,bmw serie 1 118i,Sfax,https://www.tayara.tn/item/voitures/sfax/autres-villes/bmw-serie-1-118i/69c97072b9d5257b5a8471ff/,serie 118
fiat,500 27 817,2012.0,gasoline,178.0,manual,,1400.0,sedan,new,standard,,,used,28000.0,2026-03,,,1400.0,178.0,14.0,12.714285714285714,3,500,Fiat 500 27 817 217,Monastir,https://www.tayara.tn/item/voitures/monastir/ksar-hellal/fiat-500-27-817-217-/69ca4934b9d5257b5a84bc2e/,500
peugeot,landtrek,2021.0,diesel,,manual,,1900.0,,new,standard,,,used,88000.0,2026-03,,,1900.0,,5.0,,2,peugeot_nan,Peugeot Landtrek,Bizerte,https://www.tayara.tn/item/voitures/bizerte/bizerte/peugeot-landtrek/69ca4821b9d5257b5a84bb9a/,landtrek
kia,picanto 1ère main,2023.0,gasoline,17000.0,manual,6cv,1200.0,sedan,new,standard,,2 doors,used,328900.0,2026-03,,2.0,1200.0,17000.0,3.0,5666.666666666667,1,picanto,kia picanto 1ère main klm 20,Sfax,https://www.tayara.tn/item/voitures/sfax/route-gremda/kia-picanto-1re-main-klm-20/69ca47779e9889cd0de7554e/,picanto
mg,ehs essence hybride,2021.0,gasoline,,automatic,,1500.0,sedan,new,standard,,,used,75000.0,2026-03,,,1500.0,,5.0,,2,mg_sedan,MG EHS essence hybride électrique,Mdenine,https://www.tayara.tn/item/voitures/mdenine/zarzis/mg-ehs-essence-hybride-lectrique/69ca473f2c7ecb90f0fc5a9b/,ehs essence hybride
kia,picanto 1ère klm,2023.0,gasoline,17000.0,manual,6cv,1200.0,sedan,new,standard,,2 doors,used,328900.0,2026-03,,2.0,1200.0,17000.0,3.0,5666.666666666667,1,picanto,kia picanto 1ère klm 13000,Sfax,https://www.tayara.tn/item/voitures/sfax/route-tunis/kia-picanto-1re-klm-13000/69ca4722b9d5257b5a84bb10/,picanto
toyota,,2014.0,gasoline,,automatic,,3000.0,,new,standard,5 seats,,used,22000.0,2026-03,5.0,,3000.0,,12.0,,3,toyota_nan,Toyota,Sfax,https://www.tayara.tn/item/voitures/sfax/route-taniour/toyota/69ca471bb9d5257b5a84bb0e/,unknown
ford,ecosport titanium1.0 scti,2023.0,gasoline,100.0,manual,125cv,998.0,minivan,new,standard,,,used,68000.0,2026-03,,,998.0,100.0,3.0,33.333333333333336,1,ford_minivan,Ford Ecosport Titanium1.0 SCTi EcoBoost 12V SS 125 cv,Tunis,https://www.tayara.tn/item/voitures/tunis/lac-2/ford-ecosport-titanium10-scti-ecoboost-12v-ss-125-cv/69ca42adb9d5257b5a84b90c/,ecosport
mercedes,benz glc 250,2018.0,gasoline,17000.0,automatic,6cv,2500.0,coupe,new,standard,,2 doors,used,328900.0,2026-03,,2.0,2500.0,17000.0,8.0,2125.0,2,mercedes_coupe,MERCEDES BENZ GLC 250 d. 4 Matic Importer derniere matricule,Sfax,https://www.tayara.tn/item/voitures/sfax/route-tunis/mercedes-benz-glc-250-d-4-matic-importer-derniere-matricule/69ca3f8d9e9889cd0de75177/,benz glc 250
mercedes,c180 restylee type,2014.0,gasoline,0.0,automatic,6cv,1600.0,sedan,new,standard,,2 doors,used,328900.0,2026-03,,2.0,1600.0,0.0,12.0,0.0,3,mercedes_sedan,Mercedes-Benz C180 Restylee type 204 premiere main. 2013/08,Sfax,https://www.tayara.tn/item/voitures/sfax/sakiet-ezzit/mercedesbenz-c180-restylee-type-204-premiere-main-201308/69ca3f73b9d5257b5a84b760/,c180 restylee type
kia,picanto neuf vendre,2021.0,gasoline,70000.0,automatic,,1200.0,coupe,new,standard,,,used,47000.0,2026-03,,,1200.0,70000.0,5.0,14000.0,2,picanto,Kia picanto neuf  à vendre,Tunis,https://www.tayara.tn/item/voitures/tunis/l-aouina/kia-picanto-neuf-vendre/69ca3f349e9889cd0de75157/,picanto
kia,sportage gt line,2020.0,gasoline,0.0,automatic,11cv,2000.0,coupe,new,standard,,2 doors,used,328900.0,2026-03,,2.0,2000.0,0.0,6.0,0.0,2,sportage,KIA SPORTAGE GT LINE 44 2L Premiere main.,Sfax,https://www.tayara.tn/item/voitures/sfax/route-tunis/kia-sportage-gt-line-44-2l-premiere-main/69ca3ea12c7ecb90f0fc5699/,sportage
kia,picanto gt line,2021.0,gasoline,130000.0,automatic,4cv,1200.0,coupe,new,standard,,2 doors,used,328900.0,2026-03,,2.0,1200.0,130000.0,5.0,26000.0,2,picanto,KIA PICANTO GT LINE PREMIERE MAIN 2021 BVA,Sfax,https://www.tayara.tn/item/voitures/sfax/route-tunis/kia-picanto-gt-line-premiere-main-2021-bva/69ca3e97b9d5257b5a84b70c/,picanto
mg,180 importee de,2020.0,gasoline,79000.0,manual,8cv,1600.0,compact,new,standard,,,used,108000.0,2026-03,,,1600.0,79000.0,6.0,13166.666666666666,2,mg_compact,CLA AMG 180 importee de France,Tunis,https://www.tayara.tn/item/voitures/tunis/tunis/cla-amg-180-importee-de-france/69ca3dcab9d5257b5a84b6aa/,180 importee de
nissan,,2003.0,diesel,,manual,,2500.0,,new,standard,,,used,380000.0,2026-03,,,2500.0,,23.0,,4,nissan_nan,nissan,Sousse,https://www.tayara.tn/item/voitures/sousse/kala-kebira/nissan/69ca3c18b9d5257b5a84b5e8/,unknown
renault,19,1994.0,gasoline,,manual,,1400.0,sedan,new,standard,,,used,1910500.0,2026-03,,,1400.0,,32.0,,4,renault_sedan,vente Renault 19,Gabs,https://www.tayara.tn/item/voitures/gabs/gabs-mdina/vente-renault-19/69ca3a6d2c7ecb90f0fc54a3/,19
jeep,renegade bvm,2020.0,gasoline,,manual,8cv,1400.0,compact,new,standard,,,used,65000.0,2026-03,,,1400.0,,6.0,,2,jeep_compact,A vendre   JEEP RENEGADE BVM,Tunis,https://www.tayara.tn/item/voitures/tunis/le-bardo/a-vendre-jeep-renegade-bvm-/67f79ef0fd1c6385be4a1b55/,renegade
ford,fista,2014.0,gasoline,104000.0,automatic,6cv,1500.0,sedan,new,standard,5 seats,,used,32500.0,2026-03,5.0,,1500.0,104000.0,12.0,8666.666666666666,3,ford_sedan,voiture ford fista,Ben Arous,https://www.tayara.tn/item/voitures/ben-arous/boumhel/voiture-ford-fista/69ca37ecb9d5257b5a84b3ce/,fista
opel,astra,2009.0,gasoline,68.0,automatic,4cv,,sedan,new,standard,5 seats,,used,27000.0,2026-03,5.0,,,68.0,17.0,4.0,4,astra,Opel Astra,Ariana,https://www.tayara.tn/item/voitures/ariana/ariana/opel-astra/69ca369b2c7ecb90f0fc52bf/,astra
kia,rio prestige 1ère,2018.0,gasoline,,manual,,1200.0,compact,new,standard,,,used,123456.0,2026-03,,,1200.0,,8.0,,2,rio,Kia Rio prestige 1ère Main,Le Kef,https://www.tayara.tn/item/voitures/le-kef/le-kef/kia-rio-prestige-1re-main-/69ca3501b9d5257b5a84b235/,rio
chery,tigo toutes options,2021.0,gasoline,63000.0,automatic,8cv,1500.0,,new,standard,7 seats,,used,80269900.0,2026-03,7.0,,1500.0,63000.0,5.0,12600.0,2,chery_nan,CHERY TIGO 8 TOUTES OPTIONS 7 PLACES 1ERE MAIN EXCELLENT ETAT TEL 22801802,Ariana,https://www.tayara.tn/item/voitures/ariana/ennasr/chery-tigo-8-toutes-options-7-places-1ere-main-excellent-etat-tel-22801802/69ca34b4b9d5257b5a84b1f4/,tigo toutes options
hyundai,accente 1er main,2023.0,gasoline,,automatic,,1500.0,compact,new,standard,,,used,78000.0,2026-03,,,1500.0,,3.0,,1,hyundai_compact,HYUNDAI ACCENTE 1er main,Sousse,https://www.tayara.tn/item/voitures/sousse/sahloul/hyundai-accente-1er-main/69ca30f6b9d5257b5a84afe8/,accent
skoda,karoq fin serie,2022.0,gasoline,,manual,6cv,1000.0,compact,new,standard,7 seats,,used,69000.0,2026-03,7.0,,1000.0,,4.0,,2,skoda_compact,SKODA KAROQ FIN SERIE IMPORTE,Sousse,https://www.tayara.tn/item/voitures/sousse/sahloul/skoda-karoq-fin-serie-importe/69ca30f22c7ecb90f0fc4f3b/,karoq
fiat,500 dolcevita,2022.0,gasoline,,manual,,1000.0,compact,new,standard,,,used,78000.0,2026-03,,,1000.0,,4.0,,2,500,FIAT 500 dolcevita,Sousse,https://www.tayara.tn/item/voitures/sousse/sahloul/fiat-500-dolcevita-/69ca30eeb9d5257b5a84afe5/,500
kia,picanto boite manuelle,2023.0,gasoline,110000.0,manual,5cv,1200.0,compact,new,standard,5 seats,,used,80244900.0,2026-03,5.0,,1200.0,110000.0,3.0,36666.666666666664,1,picanto,KIA PICANTO BOITE MANUELLE 4 CYLINDRES TEL22801802,Ariana,https://www.tayara.tn/item/voitures/ariana/ennasr/kia-picanto-boite-manuelle-4-cylindres-tel22801802/69ca2c89b9d5257b5a84ad81/,picanto
mercedes,,2016.0,diesel,,automatic,,1000.0,compact,new,standard,,,used,8035286.0,2026-03,,,1000.0,,10.0,,3,mercedes_compact,Mercedes,Monastir,https://www.tayara.tn/item/voitures/monastir/monastir/mercedes/69ca1fbd2c7ecb90f0fc4874/,unknown
mercedes,,2016.0,diesel,,automatic,,1000.0,compact,new,standard,,,used,8035286.0,2026-03,,,1000.0,,10.0,,3,mercedes_compact,Mercedes,Monastir,https://www.tayara.tn/item/voitures/monastir/monastir/mercedes/69ca1f88b9d5257b5a84a8fa/,unknown
dacia,duster,2020.0,gasoline,,manual,,1400.0,,new,standard,,,used,201955.0,2026-03,,,1400.0,,6.0,,2,dacia_nan,dacia duster,Sfax,https://www.tayara.tn/item/voitures/sfax/sfax/dacia-duster/69ca1eb92c7ecb90f0fc480a/,duster
dacia,,2020.0,gasoline,,manual,,1000.0,sedan,new,standard,,,used,957.0,2026-03,,,1000.0,,6.0,,2,dacia_sedan,dacia,Tunis,https://www.tayara.tn/item/voitures/tunis/tunis/dacia/69ca1e63b9d5257b5a84a88f/,unknown
mercedes,,2016.0,diesel,,automatic,,1100.0,compact,new,standard,,,used,876.0,2026-03,,,1100.0,,10.0,,3,mercedes_compact,Mercedes,Sfax,https://www.tayara.tn/item/voitures/sfax/sfax/mercedes/69ca1d9bb9d5257b5a84a858/,unknown
mercedes,kit amg,2015.0,gasoline,,automatic,,1100.0,compact,new,standard,,,used,3008100.0,2026-03,,,1100.0,,11.0,,3,mercedes_compact,Mercedes kit AMG,Sousse,https://www.tayara.tn/item/voitures/sousse/sousse/mercedes-kit-amg/69ca1d24b9d5257b5a84a834/,kit amg
peugeot,expert 2021 mois,2021.0,diesel,,manual,,2000.0,sedan,new,standard,,,used,111234.0,2026-03,,,2000.0,,5.0,,2,peugeot_sedan,Peugeot Expert 2021 mois 11,Monastir,https://www.tayara.tn/item/voitures/monastir/moknine/peugeot-expert-2021-mois-11/69ca17bfb9d5257b5a84a738/,expert
kia,rio gt line,2021.0,gasoline,70000.0,manual,10cv,1400.0,compact,new,standard,,,used,46699.0,2026-03,,,1400.0,70000.0,5.0,14000.0,2,rio,kia Rio GT Line numéro 20232654,Tunis,https://www.tayara.tn/item/voitures/tunis/el-manar-1/kia-rio-gt-line-numro-20232654/69ca0d882c7ecb90f0fc4517/,rio
ford,focus titaniu,2017.0,gasoline,0.0,automatic,7cv,1000.0,convertible,new,standard,,,used,41500.0,2026-03,,,1000.0,0.0,9.0,0.0,3,ford_convertible,FORD FOCUS TITANIU,Ben Arous,https://www.tayara.tn/item/voitures/ben-arous/boumhel/ford-focus-titaniu/69c9bc452c7ecb90f0fc398d/,focus
haval,h6 bva,2022.0,gasoline,0.0,automatic,08cv,1500.0,,new,standard,,,used,55111111.0,2026-03,,,1500.0,0.0,4.0,0.0,2,haval_nan,Haval H6 BVA,Ariana,https://www.tayara.tn/item/voitures/ariana/ariana/haval-h6-bva/69b369fafb9c60dff703b26e/,h6 bva
toyota,chr bva,2021.0,gasoline,0.0,automatic,6cv,1200.0,sedan,new,standard,,,used,55111111.0,2026-03,,,1200.0,0.0,5.0,0.0,2,toyota_sedan,Toyota chr BVA,Ariana,https://www.tayara.tn/item/voitures/ariana/ariana/toyota-chr-bva/69b5e21b8802795eea1c1418/,chr bva
peugeot,3008 gtline hybride,2021.0,gasoline,67000.0,automatic,10cv,1600.0,sedan,new,standard,,,used,55111111.0,2026-03,,,1600.0,67000.0,5.0,13400.0,2,3008,Peugeot 3008 Gtline hybride,Ariana,https://www.tayara.tn/item/voitures/ariana/ariana/peugeot-3008-gtline-hybride/69c7b03c8d3052a491324a65/,3008
bmw,ix3 pack électrique,2023.0,diesel,0.0,automatic,7cv,2000.0,,new,standard,,,used,55111111.0,2026-03,,,2000.0,0.0,3.0,0.0,1,bmw_nan,BMW IX3 Pack M électrique,Ariana,https://www.tayara.tn/item/voitures/ariana/ariana/bmw-ix3-pack-m-lectrique/69c9a82bb9d5257b5a84925f/,ix3
kia,sportage hybride diesel,2022.0,diesel,0.0,automatic,7cv,1600.0,sedan,new,standard,,,used,55111111.0,2026-03,,,1600.0,0.0,4.0,0.0,2,sportage,Kia Sportage Hybride Diesel,Ariana,https://www.tayara.tn/item/voitures/ariana/ariana/kia-sportage-hybride-diesel/69c9a71bb9d5257b5a8491db/,sportage
mercedes,benz glc220 diesel,2018.0,diesel,0.0,automatic,11cv,2200.0,,new,standard,,,used,55111111.0,2026-03,,,2200.0,0.0,8.0,0.0,2,mercedes_nan,Mercedes Benz GLC220 Diesel,Ariana,https://www.tayara.tn/item/voitures/ariana/ariana/mercedes-benz-glc220-diesel/69c9a695b9d5257b5a84919b/,benz glc220 diesel
kia,rio,2015.0,gasoline,,manual,,1300.0,compact,new,standard,,,used,320000.0,2026-03,,,1300.0,,11.0,,3,rio,Kia Rio,Monastir,https://www.tayara.tn/item/voitures/monastir/monastir/kia-rio/69c9a617b9d5257b5a849153/,rio
peugeot,208 4cv 1.2,2020.0,gasoline,80000.0,manual,4cv,1200.0,sedan,new,standard,,,used,230500.0,2026-03,,,1200.0,80000.0,6.0,13333.333333333334,2,208,A vendre Peugeot 208 - 4CV 1.2,Sousse,https://www.tayara.tn/item/voitures/sousse/sousse/a-vendre-peugeot-208-4cv-12/69c9a5abb9d5257b5a849110/,208
bmw,316i pack,2014.0,gasoline,0.0,manual,07cv,1600.0,sedan,new,standard,,,used,55111111.0,2026-03,,,1600.0,0.0,12.0,0.0,3,bmw_sedan,BMW 316I Pack M,Ariana,https://www.tayara.tn/item/voitures/ariana/ariana/bmw-316i-pack-m/693aecfd8914daae5199c581/,316i pack
kia,xceed gtline,2024.0,gasoline,53000.0,automatic,9cv,1500.0,sedan,new,standard,,,used,55111111.0,2026-03,,,1500.0,53000.0,2.0,26500.0,1,kia_sedan,Kia XCeed GTLINE,Ariana,https://www.tayara.tn/item/voitures/ariana/ariana/kia-xceed-gtline/69122eac145e1617cba2d94d/,xceed
peugeot,3008 diesel tu254,2021.0,diesel,,automatic,6cv,1500.0,sedan,new,standard,,,used,55111111.0,2026-03,,,1500.0,,5.0,,2,3008,Peugeot 3008 diesel TU254,Ariana,https://www.tayara.tn/item/voitures/ariana/ariana/peugeot-3008-diesel-tu254/68a71e643398639ecd912eeb/,3008
bmw,x5 diesel 3.0,2009.0,diesel,0.0,automatic,15cv,3000.0,,new,standard,5 seats,,used,55111111.0,2026-03,5.0,,3000.0,0.0,17.0,0.0,4,bmw_nan,BMW X5 Diesel 3.0,Ariana,https://www.tayara.tn/item/voitures/ariana/ariana/bmw-x5-diesel-30/691b5016265523b710e6a68c/,x5
mercedes,benz e180 kit,2022.0,gasoline,0.0,automatic,09cv,1800.0,sedan,new,standard,,,used,55111111.0,2026-03,,,1800.0,0.0,4.0,0.0,2,mercedes_sedan,Mercedes Benz E180 kit AMG,Ariana,https://www.tayara.tn/item/voitures/ariana/ariana/mercedes-benz-e180-kit-amg/68a72256ccec382a0d72675b/,benz e180 kit
mercedes,benz c180 diesel,2018.0,diesel,200000.0,automatic,6cv,1600.0,sedan,new,standard,,,used,55111111.0,2026-03,,,1600.0,200000.0,8.0,25000.0,2,mercedes_sedan,Mercedes Benz C180 Diesel,Ariana,https://www.tayara.tn/item/voitures/ariana/ariana/mercedes-benz-c180-diesel/6904f3ae8e4e0e4acb5a60a6/,benz c180 diesel
fiat,500 promax orange,2023.0,gasoline,6500.0,manual,04cv,1000.0,compact,new,standard,,,used,55111111.0,2026-03,,,1000.0,6500.0,3.0,2166.6666666666665,1,500,Fiat 500 ProMax Orange,Ariana,https://www.tayara.tn/item/voitures/ariana/ariana/fiat-500-promax-orange/6972732ad921b01419d15a54/,500
peugeot,expert litres tdi,2021.0,diesel,,manual,6cv,2000.0,minivan,new,standard,,,used,55111111.0,2026-03,,,2000.0,,5.0,,2,peugeot_minivan,Peugeot expert 2 litres TDI,Ariana,https://www.tayara.tn/item/voitures/ariana/ariana/peugeot-expert-2-litres-tdi/699c8a6b79a32901b8e4033d/,expert
peugeot,404 familiale diesel,2021.0,diesel,,manual,,1800.0,sedan,new,standard,,,used,78000.0,2026-03,,,1800.0,,5.0,,2,peugeot_sedan,Peugeot 404 familiale diesel 1971,Sousse,https://www.tayara.tn/item/voitures/sousse/chatt-mariem/peugeot-404-familiale-diesel-1971/69c9a28f2c7ecb90f0fc2ecd/,404
skoda,fabia première main.,2021.0,gasoline,0.0,manual,6cv,1000.0,coupe,new,standard,,2 doors,used,328900.0,2026-03,,2.0,1000.0,0.0,5.0,0.0,2,skoda_coupe,SKODA FABIA PREMIÈRE MAIN. faible kilométrage,Sfax,https://www.tayara.tn/item/voitures/sfax/route-tunis/skoda-fabia-premire-main-faible-kilomtrage/69c9a1deb9d5257b5a848edf/,fabia
suzuki,celerio première main.,2022.0,gasoline,0.0,automatic,6cv,1200.0,coupe,new,standard,,2 doors,used,328900.0,2026-03,,2.0,1200.0,0.0,4.0,0.0,2,suzuki_coupe,SUZUKI CELERIO PREMIÈRE MAIN. B.V.A,Sfax,https://www.tayara.tn/item/voitures/sfax/route-tunis/suzuki-celerio-premire-main-bva/69c9a1d32c7ecb90f0fc2e49/,celerio
citroen,berlingot k9 premiere,2022.0,gasoline,0.0,manual,6cv,1600.0,coupe,new,standard,,2 doors,used,328900.0,2026-03,,2.0,1600.0,0.0,4.0,0.0,2,berlingo,CITROËN BERLINGOT K9 Premiere main. 2022/11,Sfax,https://www.tayara.tn/item/voitures/sfax/route-tunis/citron-berlingot-k9-premiere-main-202211/69c9a1c9b9d5257b5a848ec9/,berlingo
peugeot,22.510.770,2021.0,gasoline,,automatic,,1200.0,compact,,standard,,,used,77036.0,2026-03,,,1200.0,,5.0,,2,peugeot_compact,A vendre belle voiture  peugeot 22.510.770,Tunis,https://www.tayara.tn/item/voitures/tunis/tunis/a-vendre-belle-voiture-peugeot-22510770/69c9a0ca28bf00f606f671b4/,22.510.770
kia,rio,2015.0,gasoline,165000.0,manual,,1300.0,compact,new,standard,,,used,32000.0,2026-03,,,1300.0,165000.0,11.0,15000.0,3,rio,Kia Rio,Monastir,https://www.tayara.tn/item/voitures/monastir/monastir/kia-rio/69c99b252c7ecb90f0fc2ac0/,rio
peugeot,308 essence ch,2016.0,gasoline,69.0,manual,,,,new,standard,5 seats,,used,39500.0,2026-03,5.0,,,69.0,10.0,6.9,3,308,Peugeot 308 Essence 5 ch 5 vtses 4cyl 16spp  ttes options toit vitre à vendre,La Manouba,https://www.tayara.tn/item/voitures/la-manouba/la-manouba/peugeot-308-essence-5-ch-5-vtses-4cyl-16spp-ttes-options-toit-vitre-vendre/69c9966db9d5257b5a848855/,308
mercedes,cla 180 importer,2024.0,diesel,80.0,automatic,,1000.0,compact,new,standard,,,used,5662000.0,2026-03,,,1000.0,80.0,2.0,40.0,1,mercedes_compact,Mercedes CLA 180 importer de l'Allemagne,Ben Arous,https://www.tayara.tn/item/voitures/ben-arous/el-mourouj-1/mercedes-cla-180-importer-de-lallemagne/69c99643b9d5257b5a84882f/,cla
fiat,500 essence 1.2,2013.0,gasoline,0.0,manual,6cv,1200.0,coupe,new,standard,,2 doors,used,328900.0,2026-03,,2.0,1200.0,0.0,13.0,0.0,3,500,FIAT 500 Essence  1.2 Full Options,Sfax,https://www.tayara.tn/item/voitures/sfax/route-tunis/fiat-500-essence-12-full-options/69c9948486c2105abf49e2a5/,500
toyota,yaris premiere main.,2009.0,gasoline,0.0,manual,6cv,1200.0,coupe,new,standard,,2 doors,used,328900.0,2026-03,,2.0,1200.0,0.0,17.0,0.0,4,toyota_coupe,TOYOTA Yaris Premiere main. 2009 état origine,Sfax,https://www.tayara.tn/item/voitures/sfax/route-tunis/toyota-yaris-premiere-main-2009-tat-origine/69c9947ab9d5257b5a848741/,yaris
seat,ateca version xperience,2022.0,gasoline,,automatic,,1400.0,compact,new,standard,,,used,20221234.0,2026-03,,,1400.0,,4.0,,2,seat_compact,seat ateca version Xperience  novembre 2022,Ariana,https://www.tayara.tn/item/voitures/ariana/el-menzah-6/seat-ateca-version-xperience-novembre-2022/69c991c72c7ecb90f0fc2536/,ateca
peugeot,3008 bva diesel,2020.0,diesel,122000.0,automatic,6cv,1500.0,sedan,new,standard,,,used,55111111.0,2026-03,,,1500.0,122000.0,6.0,20333.333333333332,2,3008,Peugeot 3008 BVA Diesel,Ariana,https://www.tayara.tn/item/voitures/ariana/ariana/peugeot-3008-bva-diesel/68c9a697516f1ddb82dbbc71/,3008
volkswagen,golf,2022.0,gasoline,51000.0,manual,06cv,1000.0,sedan,new,standard,,,used,55111111.0,2026-03,,,1000.0,51000.0,4.0,12750.0,2,golf,Volkswagen Golf 8,Ariana,https://www.tayara.tn/item/voitures/ariana/ariana/volkswagen-golf-8/69305cd6145e1617cbb0005a/,golf
kia,rio gtline,2021.0,gasoline,0.0,manual,05cv,1200.0,sedan,new,standard,,,used,55111111.0,2026-03,,,1200.0,0.0,5.0,0.0,2,rio,Kia Rio Gtline,Ariana,https://www.tayara.tn/item/voitures/ariana/ariana/kia-rio-gtline/69974f916cd42e2d7b7013ad/,rio
volkswagen,virtus tsi,2023.0,gasoline,74000.0,manual,06cv,1000.0,sedan,new,standard,,,used,55111111.0,2026-03,,,1000.0,74000.0,3.0,24666.666666666668,1,volkswagen_sedan,VOLKSWAGEN VIRTUS TSI,Ariana,https://www.tayara.tn/item/voitures/ariana/ariana/volkswagen-virtus-tsi/69977a9c8cc6eb8dfec6810f/,virtus
citroen,c4,2025.0,gasoline,9000.0,automatic,7cv,1200.0,sedan,new,standard,,,used,55111111.0,2026-03,,,1200.0,9000.0,1.0,9000.0,1,c4,Citroën C4 X,Ariana,https://www.tayara.tn/item/voitures/ariana/ariana/citron-c4-x/693855ce8914daae5198b0d6/,c4
dacia,logan,2024.0,gasoline,48000.0,manual,5cv,1000.0,sedan,new,standard,,,used,55111111.0,2026-03,,,1000.0,48000.0,2.0,24000.0,1,dacia_sedan,Dacia Logan,Ariana,https://www.tayara.tn/item/voitures/ariana/ariana/dacia-logan/694c18f68914daae51a0dcab/,logan
citroen,berlingo places,2018.0,diesel,0.0,manual,5cv,1600.0,utility,new,standard,5 seats,,used,55111111.0,2026-03,5.0,,1600.0,0.0,8.0,0.0,2,berlingo,Citroën Berlingo 5 Places,Ariana,https://www.tayara.tn/item/voitures/ariana/ariana/citron-berlingo-5-places/6953cef8cd04d08be753639d/,berlingo
mercedes,benz e200 coupé,2012.0,gasoline,,automatic,11cv,1800.0,coupe,new,standard,,,used,55111111.0,2026-03,,,1800.0,,14.0,,3,mercedes_coupe,Mercedes Benz E200 Coupé,Ariana,https://www.tayara.tn/item/voitures/ariana/ariana/mercedes-benz-e200-coup/69b05b1044d281995957a0ca/,benz e200 coupé
hyundai,tucson hybride,2022.0,diesel,0.0,automatic,7cv,1600.0,,new,standard,,,used,55111111.0,2026-03,,,1600.0,0.0,4.0,0.0,2,hyundai_nan,Hyundai Tucson Hybride,Ariana,https://www.tayara.tn/item/voitures/ariana/ariana/hyundai-tucson-hybride/69b36978fb9c60dff703b24c/,tucson
bmw,série avendre,2009.0,gasoline,355000.0,manual,6cv,1300.0,sedan,new,standard,5 seats,4 doors,used,31000.0,2026-03,5.0,4.0,1300.0,355000.0,17.0,20882.352941176472,4,bmw_sedan,BMW série 1 avendre,Tunis,https://www.tayara.tn/item/voitures/tunis/el-manar-1/bmw-srie-1-avendre/69c986f52c7ecb90f0fc1fce/,série avendre
haval,h6,2019.0,gasoline,0.0,automatic,9cv,1500.0,,new,standard,,,used,658000.0,2026-03,,,1500.0,0.0,7.0,0.0,2,haval_nan,Haval H6,Mdenine,https://www.tayara.tn/item/voitures/mdenine/djerba-midoun/haval-h6/69c97a072c7ecb90f0fc1720/,h6
peugeot,106,1999.0,gasoline,,automatic,,1200.0,compact,new,standard,,,used,10613600.0,2026-03,,,1200.0,,27.0,,4,peugeot_compact,Peugeot 106,Bizerte,https://www.tayara.tn/item/voitures/bizerte/menzel-bourguiba/peugeot-106/69c97601b9d5257b5a84754f/,106
nissan,qashqai,2021.0,gasoline,80000.0,automatic,,1200.0,,new,standard,7 seats,,used,68000.0,2026-03,7.0,,1200.0,80000.0,5.0,16000.0,2,nissan_nan,Nissan Qashqai,Monastir,https://www.tayara.tn/item/voitures/monastir/monastir/nissan-qashqai/69c97396b9d5257b5a847400/,qashqai
ford,focus sedan,2011.0,gasoline,184000.0,manual,4cv,1400.0,sedan,new,standard,5 seats,,used,28500.0,2026-03,5.0,,1400.0,184000.0,15.0,12266.666666666666,3,ford_sedan,FORD FOCUS SEDAN,Ariana,https://www.tayara.tn/item/voitures/ariana/ariana/ford-focus-sedan/69c9713cb9d5257b5a847294/,focus
toyota,yaris sedan,2017.0,gasoline,80000.0,automatic,,1200.0,sedan,new,standard,,,used,44000.0,2026-03,,,1200.0,80000.0,9.0,8888.888888888889,3,toyota_sedan,Toyota yaris sedan,Ben Arous,https://www.tayara.tn/item/voitures/ben-arous/boumhel/toyota-yaris-sedan/69c97075b9d5257b5a847201/,yaris
bmw,x3 m. xdrive30e,2021.0,gasoline,,automatic,36cv,2000.0,compact,new,standard,,,used,168000.0,2026-03,,,2000.0,,5.0,,2,bmw_compact,BMW X3 M.  Xdrive30e,Ariana,https://www.tayara.tn/item/voitures/ariana/cit-ennasr-2/bmw-x3-m-xdrive30e/69c96dab2c7ecb90f0fc0f10/,x3
peugeot,308 ehdi 131,2010.0,diesel,,automatic,131cv,1500.0,compact,new,standard,5 seats,4 doors,used,8000.0,2026-03,5.0,4.0,1500.0,,16.0,,4,308,peugeot 308 EHDi 131 cv seri 260,Kairouan,https://www.tayara.tn/item/voitures/kairouan/autres-villes/peugeot-308-ehdi-131-cv-seri-260/69c969bcf3172691daaaeffb/,308
audi,q5 3.0 v6,2010.0,diesel,,automatic,,3000.0,,new,standard,,,used,868.0,2026-03,,,3000.0,,16.0,,4,audi_nan,Audi Q5 3.0 V6 tdi  quattro,Sfax,https://www.tayara.tn/item/voitures/sfax/sfax/audi-q5-30-v6-tdi-quattro/69c966282c7ecb90f0fc0b14/,q5
toyota,hilux d4d 2.4,2019.0,diesel,87000.0,automatic,,2400.0,,new,standard,,,used,38000.0,2026-03,,,2400.0,87000.0,7.0,12428.57142857143,2,toyota_nan,Toyota Hilux D4D 2.4 diesel 44 tu259 Gsm 50 353 790,Nabeul,https://www.tayara.tn/item/voitures/nabeul/mrezga/toyota-hilux-d4d-24-diesel-44-tu259-gsm-50-353-790/69c9611db9d5257b5a846a0a/,hilux
citroen,c4x bluehdi 2022,2022.0,diesel,,manual,,1500.0,,,standard,,,used,79059800.0,2026-03,,,1500.0,,4.0,,2,c4,Citroën C4x bluehdi 2022 tu259 Gsm 50 353 790,Nabeul,https://www.tayara.tn/item/voitures/nabeul/mrezga/citron-c4x-bluehdi-2022-tu259-gsm-50-353-790/69c9604b09982351ab4bbb91/,c4
mercedes,classe,2003.0,gasoline,,automatic,6cv,2000.0,coupe,new,standard,5 seats,4 doors,used,28000.0,2026-03,5.0,4.0,2000.0,,23.0,,4,mercedes_coupe,Mercedes classe C,Tunis,https://www.tayara.tn/item/voitures/tunis/jardins-de-carthage/mercedes-classe-c/69c960162c7ecb90f0fc07ce/,classe
renault,express avec un,2018.0,gasoline,8250.0,manual,,1500.0,sedan,new,standard,,,used,49500.0,2026-03,,,1500.0,8250.0,8.0,1031.25,2,renault_sedan,Renault express avec un seule vidange,Tunis,https://www.tayara.tn/item/voitures/tunis/tunis/renault-express-avec-un-seule-vidange/69c95fd309982351ab4bbb59/,express
mg,hs 1.5 cm³,2021.0,gasoline,,automatic,130cv,5.0,,new,standard,,,used,79069500.0,2026-03,,,,,5.0,,2,mg_nan,MG Hs 1.5 cm³ essence boite auto 2021 Gsm 50 353 790,Nabeul,https://www.tayara.tn/item/voitures/nabeul/mrezga/mg-hs-15-cm-essence-boite-auto-2021-gsm-50-353-790/69c95ef6b9d5257b5a8468e9/,hs
renault,symbole,2010.0,gasoline,,manual,,1400.0,sedan,new,standard,5 seats,,used,26500.0,2026-03,5.0,,1400.0,,16.0,,4,renault_sedan,Renault symbole,Mahdia,https://www.tayara.tn/item/voitures/mahdia/ksour-essef/renault-symbole/69c95e8eb9d5257b5a8468b1/,symbol
suzuki,celerio,2018.0,gasoline,68.0,automatic,4cv,1000.0,compact,new,standard,5 seats,,used,27000.0,2026-03,5.0,,1000.0,68.0,8.0,8.5,2,suzuki_compact,Suzuki celerio,Ariana,https://www.tayara.tn/item/voitures/ariana/el-menzah-6/suzuki-celerio/69c95e002c7ecb90f0fc06a9/,celerio
seat,arona fr ess,2021.0,gasoline,50000.0,automatic,,1000.0,,new,standard,,,used,38000.0,2026-03,,,1000.0,50000.0,5.0,10000.0,2,arona,Seat ARONA FR ess tt option 2021 Gsm 50 353 790,Nabeul,https://www.tayara.tn/item/voitures/nabeul/mrezga/seat-arona-fr-ess-tt-option-2021-gsm-50-353-790/69c95a342c7ecb90f0fc043c/,arona
seat,arona essence 1èr,2024.0,gasoline,60000.0,automatic,,1000.0,,new,standard,,,used,38000.0,2026-03,,,1000.0,60000.0,2.0,30000.0,1,arona,Seat Arona essence 1èr main 2024 Gsm 50 353 790,Nabeul,https://www.tayara.tn/item/voitures/nabeul/nabeul/seat-arona-essence-1r-main-2024-gsm-50-353-790/69c95a2cb9d5257b5a8465ee/,arona
nissan,micra vendre,2018.0,gasoline,160000.0,manual,5cv,,,new,standard,5 seats,,used,29800.0,2026-03,5.0,,,160000.0,8.0,20000.0,2,nissan_nan,Nissan Micra à vendre,Tunis,https://www.tayara.tn/item/voitures/tunis/tunis/nissan-micra-vendre/69c9590eb9d5257b5a84650a/,micra
chery,jdida,2022.0,gasoline,,automatic,,1200.0,,new,standard,,,used,43500.0,2026-03,,,1200.0,,4.0,,2,chery_nan,Chery jdida,Sidi Bouzid,https://www.tayara.tn/item/voitures/sidi-bouzid/regueb/chery-jdida/69c958912c7ecb90f0fc02e5/,jdida
nissan,micra,2017.0,gasoline,,manual,,1000.0,,new,standard,,,used,29500.0,2026-03,,,1000.0,,9.0,,3,nissan_nan,Nissan micra,Sfax,https://www.tayara.tn/item/voitures/sfax/sfax/nissan-micra/69c95865b9d5257b5a84648b/,micra
audi,a4 tfsi 1.4,2017.0,gasoline,100.0,automatic,,5500.0,sedan,new,standard,,,used,4201768.0,2026-03,,,5500.0,100.0,9.0,11.11111111111111,3,a4,Audi A4 tfsi 1.4 2017,Nabeul,https://www.tayara.tn/item/voitures/nabeul/hammamet/audi-a4-tfsi-14-2017/69c950632c7ecb90f0fbfd5b/,a4
hyundai,i-10,2022.0,gasoline,,automatic,115cv,1200.0,sedan,new,standard,,,used,1051500.0,2026-03,,,1200.0,,4.0,,2,hyundai_sedan,Hyundai I-10,Nabeul,https://www.tayara.tn/item/voitures/nabeul/nabeul/hyundai-i10/69c94c572c7ecb90f0fbfa8f/,i-10
bmw,série coupe f32,2014.0,gasoline,140000.0,automatic,10cv,2000.0,sedan,new,standard,,3 doors,used,3278000.0,2026-03,,3.0,2000.0,140000.0,12.0,11666.666666666666,3,bmw_sedan,bmw série 4 coupe F32,Tunis,https://www.tayara.tn/item/voitures/tunis/lac-1/bmw-srie-4-coupe-f32/69c947ba2c7ecb90f0fbf77a/,série coupe f32
citroen,c5,2009.0,diesel,,manual,,2000.0,sedan,new,standard,,,used,532500.0,2026-03,,,2000.0,,17.0,,4,citroen_sedan,citroen c5,Monastir,https://www.tayara.tn/item/voitures/monastir/ksar-hellal/citroen-c5/69c9473e2c7ecb90f0fbf73b/,c5
seat,arona xpirience,2022.0,gasoline,0.0,automatic,6cv,1000.0,,new,standard,5 seats,4 doors,used,23000.0,2026-03,5.0,4.0,1000.0,0.0,4.0,0.0,2,arona,Seat Arona xpirience,Gafsa,https://www.tayara.tn/item/voitures/gafsa/gafsa/seat-arona-xpirience/69c94451843ec09b15c65708/,arona
hyundai,i20 phase restylée,2008.0,gasoline,100.0,automatic,8cv,1000.0,compact,new,standard,,5 doors,used,49800.0,2026-03,,5.0,1000.0,100.0,18.0,5.555555555555555,4,i20,Hyundai i20 Phase 2 Restylée,Gafsa,https://www.tayara.tn/item/voitures/gafsa/gafsa/hyundai-i20-phase-2-restyle/69c941232c7ecb90f0fbf378/,i20
kia,sportage,2014.0,gasoline,,automatic,8cv,1600.0,,new,standard,,,used,69000.0,2026-03,,,1600.0,,12.0,,3,sportage,KIA Sportage,Sfax,https://www.tayara.tn/item/voitures/sfax/sfax-ville/kia-sportage/69c937e42c7ecb90f0fbed4d/,sportage
mg,gt 09/2024,2024.0,gasoline,34000.0,automatic,7cv,1500.0,sedan,new,standard,5 seats,,used,2440000.0,2026-03,5.0,,1500.0,34000.0,2.0,17000.0,1,mg_sedan,MG Gt 09/2024,Ben Arous,https://www.tayara.tn/item/voitures/ben-arous/el-mourouj-6/mg-gt-092024/69c9374a2c7ecb90f0fbece4/,gt
mercedes,c220 cdi w203,2003.0,diesel,,automatic,,2500.0,compact,new,standard,,,used,20322.0,2026-03,,,2500.0,,23.0,,4,mercedes_compact,Mercedes C220 CDI - W203,Ben Arous,https://www.tayara.tn/item/voitures/ben-arous/el-mourouj-6/mercedes-c220-cdi-w203/69c935b92c7ecb90f0fbebec/,c220 cdi w203
mercedes,e200 coupé,2012.0,gasoline,,automatic,11cv,1800.0,sedan,new,standard,,,used,55111111.0,2026-03,,,1800.0,,14.0,,3,mercedes_sedan,Mercedes E200 Coupé,Ariana,https://www.tayara.tn/item/voitures/ariana/ariana/mercedes-e200-coup/69b01843a7464602a7707052/,e200 coupé
bmw,430i grand coupé,2022.0,gasoline,0.0,automatic,,2000.0,sedan,new,standard,,,used,55111111.0,2026-03,,,2000.0,0.0,4.0,0.0,2,bmw_sedan,BMW430I Grand coupé Pack M,Ariana,https://www.tayara.tn/item/voitures/ariana/ariana/bmw430i-grand-coup-pack-m/694053728914daae519be8da/,430i grand coupé
kia,picanto gt vendre,2019.0,gasoline,70000.0,automatic,,1200.0,compact,new,standard,5 seats,,used,40000.0,2026-03,5.0,,1200.0,70000.0,7.0,10000.0,2,picanto,Belle Kia Picanto GT à vendre urgent,Tunis,https://www.tayara.tn/item/voitures/tunis/tunis/belle-kia-picanto-gt-vendre-urgent/69c934c0b9d5257b5a844dcc/,picanto
seat,ibiza ere main,2021.0,gasoline,80.0,manual,,1000.0,compact,new,standard,,,used,5662000.0,2026-03,,,1000.0,80.0,5.0,16.0,2,ibiza,Seat ibiza 1 ere main,Ben Arous,https://www.tayara.tn/item/voitures/ben-arous/ben-arous/seat-ibiza-1-ere-main/69c9335ab9d5257b5a844c66/,ibiza
peugeot,106,1998.0,gasoline,,manual,,1200.0,compact,new,standard,,,used,10611000.0,2026-03,,,1200.0,,28.0,,4,peugeot_compact,Peugeot 106,La Manouba,https://www.tayara.tn/item/voitures/la-manouba/manouba-ville/peugeot-106/69c9270d2c7ecb90f0fbe2ae/,106
hyundai,grand i10,2014.0,gasoline,0.0,automatic,,1200.0,compact,new,standard,5 seats,,used,1029500.0,2026-03,5.0,,1200.0,0.0,12.0,0.0,3,hyundai_compact,Hyundai Grand i10,Mahdia,https://www.tayara.tn/item/voitures/mahdia/mahdia/hyundai-grand-i10/69b67c28fb9c60dff704d483/,grand i10
fiat,panda cross 2023,2023.0,gasoline,60000.0,automatic,4cv,1200.0,compact,new,standard,,,used,39500.0,2026-03,,,1200.0,60000.0,3.0,20000.0,1,fiat_compact,FIAT PANDA CROSS 2023 1ere main 65mkm,Tunis,https://www.tayara.tn/item/voitures/tunis/tunis/fiat-panda-cross-2023-1ere-main-65mkm/69c925722c7ecb90f0fbe17e/,panda cross
renault,clio,2006.0,diesel,,manual,2cv,1500.0,compact,new,standard,5 seats,,used,17000.0,2026-03,5.0,,1500.0,,20.0,,4,clio,Renault clio,Mdenine,https://www.tayara.tn/item/voitures/mdenine/zarzis/renault-clio/69c9255ab9d5257b5a84442b/,clio
peugeot,106,1998.0,gasoline,,automatic,,1200.0,compact,new,standard,,,used,10611.0,2026-03,,,1200.0,,28.0,,4,peugeot_compact,Peugeot 106,La Manouba,https://www.tayara.tn/item/voitures/la-manouba/manouba-ville/peugeot-106/69c9242a2c7ecb90f0fbe08e/,106
peugeot,308 trés bon,2016.0,gasoline,161294.0,manual,,2000.0,sedan,new,standard,,,used,40000.0,2026-03,,,2000.0,161294.0,10.0,16129.4,3,308,Peugeot 308 Trés bon état,Tunis,https://www.tayara.tn/item/voitures/tunis/ain-zaghouan-nord/peugeot-308-trs-bon-tat/69c91fc42c7ecb90f0fbde13/,308
seat,leon vendre,2018.0,gasoline,74000.0,automatic,,1200.0,sedan,new,standard,,,used,68000.0,2026-03,,,1200.0,74000.0,8.0,9250.0,2,seat_sedan,Seat Leon à Vendre,Tunis,https://www.tayara.tn/item/voitures/tunis/tunis/seat-leon-vendre/69c91dc32c7ecb90f0fbdd0a/,leon
chery,x3 lesing,2025.0,gasoline,,automatic,,1500.0,compact,new,standard,,,used,16500.0,2026-03,,,1500.0,,1.0,,1,chery_compact,chery x3 lesing,Sfax,https://www.tayara.tn/item/voitures/sfax/route-mehdia/chery-x3-lesing/69c91d1a2c7ecb90f0fbdca9/,x3 lesing
hyundai,grand i10 2022,2022.0,gasoline,,manual,5cv,1200.0,sedan,new,standard,5 seats,,used,2234000.0,2026-03,5.0,,1200.0,,4.0,,2,hyundai_sedan,Hyundai Grand i10 2022,Tunis,https://www.tayara.tn/item/voitures/tunis/tunis/hyundai-grand-i10-2022/69c918db2c7ecb90f0fbda3e/,grand i10 2022
volkswagen,t-cross 2023,2023.0,gasoline,87900.0,manual,5cv,1000.0,sedan,new,standard,5 seats,5 doors,used,202377.0,2026-03,5.0,5.0,1000.0,87900.0,3.0,29300.0,1,volkswagen_sedan,Volkswagen T-Cross 2023,Zaghouan,https://www.tayara.tn/item/voitures/zaghouan/zaghouen/volkswagen-tcross-2023/69c917efb9d5257b5a843d03/,t-cross
toyota,rav4,2007.0,diesel,81000.0,manual,,2200.0,,new,standard,,4 doors,used,458000.0,2026-03,,4.0,2200.0,81000.0,19.0,4263.1578947368425,4,toyota_nan,Toyota rav4,Ben Arous,https://www.tayara.tn/item/voitures/ben-arous/el-mourouj/toyota-rav4/69c9127d2c7ecb90f0fbd708/,rav4
bmw,serie limousine 730i,2011.0,gasoline,68.0,automatic,4cv,3000.0,sedan,new,standard,5 seats,,used,27000.0,2026-03,5.0,,3000.0,68.0,15.0,4.533333333333333,3,bmw_sedan,BMW SERIE 7 limousine 730i présidentielle importé dallemand,Ariana,https://www.tayara.tn/item/voitures/ariana/la-soukra/bmw-serie-7-limousine-730i-prsidentielle-import-dallemand-/69c90e25b9d5257b5a8437d2/,serie limousine 730i
hyundai,grand i10 1ère,2015.0,gasoline,,manual,5cv,1200.0,compact,new,standard,,,used,31000.0,2026-03,,,1200.0,,11.0,,3,hyundai_compact,Hyundai Grand i10  1ère main  Très bon état,La Manouba,https://www.tayara.tn/item/voitures/la-manouba/la-manouba/hyundai-grand-i10-1re-main-trs-bon-tat/69c90b252c7ecb90f0fbd2e8/,grand i10 1ère
opel,grandland,2017.0,diesel,,automatic,,,,new,standard,,,used,100000.0,2026-03,,,,,9.0,,3,opel_nan,Opel grandland,Jendouba,https://www.tayara.tn/item/voitures/jendouba/ghardimaou/opel-grandland/69c909a32c7ecb90f0fbd212/,grandland
fiat,palio vendre,2004.0,gasoline,,manual,5cv,1600.0,compact,new,standard,,,used,9000.0,2026-03,,,1600.0,,22.0,,4,fiat_compact,Fiat Palio 2 a vendre ou échange b commerciale,Sidi Bouzid,https://www.tayara.tn/item/voitures/sidi-bouzid/autres-villes/fiat-palio-2-a-vendre-ou-change-b-commerciale/69c905422c7ecb90f0fbcf39/,palio
mercedes,,2011.0,gasoline,17000.0,automatic,6cv,2100.0,sedan,new,standard,,2 doors,used,328900.0,2026-03,,2.0,2100.0,17000.0,15.0,1133.3333333333333,3,mercedes_sedan,Mercedes,Sfax,https://www.tayara.tn/item/voitures/sfax/route-el-ain/mercedes/69c9051bb9d5257b5a843258/,unknown
mercedes,cla 180 amg,2020.0,gasoline,69.0,automatic,7cv,1332.0,,new,standard,,,used,200547.0,2026-03,,,1332.0,69.0,6.0,11.5,2,mercedes_nan,MERCEDES CLA 180 AMG,Tunis,https://www.tayara.tn/item/voitures/tunis/tunis/mercedes-cla-180-amg/69c904e7b9d5257b5a843236/,cla
mercedes,c200,2009.0,diesel,81000.0,manual,,1500.0,sedan,new,standard,,4 doors,used,20055000.0,2026-03,,4.0,1500.0,81000.0,17.0,4764.705882352941,4,mercedes_sedan,mercedes C200,Ben Arous,https://www.tayara.tn/item/voitures/ben-arous/el-mourouj/mercedes-c200/69c8fb7d2c7ecb90f0fbc9bc/,c200
nissan,2017 للبيع حالة,2017.0,gasoline,50000.0,automatic,5cv,1500.0,,new,standard,,,used,55000.0,2026-03,,,1500.0,50000.0,9.0,5555.555555555556,3,nissan_nan,Nissan 2017 للبيع  حالة ممتازة,Tataouine,https://www.tayara.tn/item/voitures/tataouine/ghomrassen/-nissan-2017-/69c8f8412c7ecb90f0fbc821/,2017 للبيع حالة
peugeot,205 diesel,1996.0,diesel,,manual,,1400.0,utility,new,standard,,,used,6500.0,2026-03,,,1400.0,,30.0,,4,peugeot_utility,Peugeot 205 diesel,Gabs,https://www.tayara.tn/item/voitures/gabs/gabs/peugeot-205-diesel/69c8f5f0b9d5257b5a84298d/,205 diesel
renault,19 europa essence,1999.0,gasoline,,manual,,1400.0,utility,new,standard,,,used,10800.0,2026-03,,,1400.0,,27.0,,4,renault_utility,Renault 19 Europa essence,Gabs,https://www.tayara.tn/item/voitures/gabs/gabs/renault-19-europa-essence/69c8f542b9d5257b5a84294a/,19 europa essence
kia,sportage black edition,2021.0,gasoline,70000.0,automatic,10cv,,,new,standard,,,used,46699.0,2026-03,,,,70000.0,5.0,14000.0,2,sportage,Kia Sportage Black Edition,Tunis,https://www.tayara.tn/item/voitures/tunis/la-marsa/kia-sportage-black-edition/69c8f44a2c7ecb90f0fbc635/,sportage
peugeot,,2017.0,diesel,80.0,manual,,1600.0,,new,standard,,,used,5662000.0,2026-03,,,1600.0,80.0,9.0,8.88888888888889,3,peugeot_nan,Peugeot,Ben Arous,https://www.tayara.tn/item/voitures/ben-arous/ben-arous/peugeot/69c8efd32c7ecb90f0fbc44a/,unknown
citroen,c1,2016.0,gasoline,110000.0,manual,4cv,1000.0,utility,new,standard,,,used,127000.0,2026-03,,,1000.0,110000.0,10.0,11000.0,3,citroen_utility,Citroen c1,Ben Arous,https://www.tayara.tn/item/voitures/ben-arous/ben-arous/citroen-c1/69c8ecf62c7ecb90f0fbc31a/,c1
renault,express,2023.0,gasoline,109000.0,manual,,1500.0,utility,new,standard,,,used,49000.0,2026-03,,,1500.0,109000.0,3.0,36333.333333333336,1,renault_utility,RENAULT EXPRESS,La Manouba,https://www.tayara.tn/item/voitures/la-manouba/manouba-ville/renault-express/69c8e94f2c7ecb90f0fbc18b/,express
seat,ibiza,2011.0,gasoline,184000.0,manual,6cv,1200.0,,new,standard,,,used,27000.0,2026-03,,,1200.0,184000.0,15.0,12266.666666666666,3,ibiza,A vendre Seat ibiza,Ariana,https://www.tayara.tn/item/voitures/ariana/ariana/a-vendre-seat-ibiza/69c8e7ceb9d5257b5a84234c/,ibiza
citroen,c4,2010.0,gasoline,2010.0,manual,7cv,1600.0,,new,standard,,,used,421500.0,2026-03,,,1600.0,2010.0,16.0,125.625,4,c4,Citroen C4,Ariana,https://www.tayara.tn/item/voitures/ariana/la-soukra/citroen-c4/69c8e5ecb9d5257b5a8422a0/,c4
renault,clio,2016.0,gasoline,70000.0,automatic,,2000.0,,new,standard,,,used,43000.0,2026-03,,,2000.0,70000.0,10.0,7000.0,3,clio,Vente Renault Clio,Tunis,https://www.tayara.tn/item/voitures/tunis/tunis/vente-renault-clio/69c8e3542c7ecb90f0fbbf64/,clio
bmw,520d,2022.0,diesel,,automatic,,2000.0,sedan,new,standard,,,used,199000.0,2026-03,,,2000.0,,4.0,,2,bmw_sedan,bmw 520d,Sousse,https://www.tayara.tn/item/voitures/sousse/sousse/bmw-520d/69c8e2ad2c7ecb90f0fbbf28/,520d
citroen,berlingo phase,2007.0,diesel,,manual,,1900.0,pickup,new,standard,,,used,214000.0,2026-03,,,1900.0,,19.0,,4,berlingo,Citroën berlingo phase 2,Kairouan,https://www.tayara.tn/item/voitures/kairouan/kairouan-nord/citron-berlingo-phase-2/69c8de162c7ecb90f0fbbd97/,berlingo
mercedes,220d,2021.0,diesel,,automatic,,2000.0,sedan,new,standard,,,used,190000.0,2026-03,,,2000.0,,5.0,,2,mercedes_sedan,Mercedes C 220D,Sousse,https://www.tayara.tn/item/voitures/sousse/sousse/mercedes-c-220d/69c8dca72c7ecb90f0fbbd2d/,220
peugeot,3008,2017.0,diesel,,manual,6cv,1600.0,,new,standard,5 seats,,used,300862.0,2026-03,5.0,,1600.0,,9.0,,3,3008,PEUGEOT 3008,Ben Arous,https://www.tayara.tn/item/voitures/ben-arous/el-mourouj/peugeot-3008/69c8db49b9d5257b5a841f53/,3008
peugeot,partner première,2000.0,gasoline,,manual,5cv,1400.0,,new,standard,5 seats,,used,26547275.0,2026-03,5.0,,1400.0,,26.0,,4,peugeot_nan,Peugeot partner première,Kasserine,https://www.tayara.tn/item/voitures/kasserine/sbetla/peugeot-partner-premire-/69c8d31b2c7ecb90f0fbba5c/,partner
kia,rio 2011,2011.0,gasoline,312000.0,manual,,1400.0,sedan,new,standard,,,used,2011123.0,2026-03,,,1400.0,312000.0,15.0,20800.0,3,rio,kia rio 2011,Sidi Bouzid,https://www.tayara.tn/item/voitures/sidi-bouzid/jilma/kia-rio-2011/69c8d2e22c7ecb90f0fbba4b/,rio
mg,marvel luxury,2022.0,gasoline,202418000.0,automatic,9cv,1500.0,suv,new,standard,7 seats,,used,99000.0,2026-03,7.0,,1500.0,,4.0,,2,mg_suv,MG Marvel R Luxury,Sousse,https://www.tayara.tn/item/voitures/sousse/sousse/mg-marvel-r-luxury/69c8ca71b9d5257b5a841aec/,marvel luxury
mercedes,e220 cdi coupée,2011.0,diesel,165000.0,automatic,9cv,2200.0,sedan,new,standard,5 seats,,used,49000.0,2026-03,5.0,,2200.0,165000.0,15.0,11000.0,3,mercedes_sedan,Mercedes E220 cdi coupée,Sousse,https://www.tayara.tn/item/voitures/sousse/sousse/mercedes-e220-cdi-coupe/69c8ca3db9d5257b5a841ade/,e220 cdi coupée
mercedes,glc 220d amg,2018.0,diesel,,automatic,,2000.0,sedan,new,standard,,,used,119000.0,2026-03,,,2000.0,,8.0,,2,mercedes_sedan,Mercedes GLC 220d AMG pack night,Sousse,https://www.tayara.tn/item/voitures/sousse/sousse/mercedes-glc-220d-amg-pack-night/69c8ca28b9d5257b5a841ad1/,glc
chery,qq,2019.0,gasoline,124500.0,manual,,1000.0,,new,standard,,,used,78000.0,2026-03,,,1000.0,124500.0,7.0,17785.714285714286,2,chery_nan,CHERY QQ,Sousse,https://www.tayara.tn/item/voitures/sousse/sahloul/chery-qq/69c8712d8d3052a49132cebe/,qq
peugeot,308,2023.0,gasoline,,manual,,1200.0,hatchback,new,standard,,5 doors,used,30845000.0,2026-03,,5.0,1200.0,,3.0,,1,308,Voiture Peugeot 308,Sfax,https://www.tayara.tn/item/voitures/sfax/sfax/voiture-peugeot-308/69c8710e8d3052a49132ceb0/,308
seat,ibiza style,2021.0,gasoline,,automatic,,1000.0,compact,new,standard,,2 doors,used,12345.0,2026-03,,2.0,1000.0,,5.0,,2,ibiza,Seat ibiza style,Tunis,https://www.tayara.tn/item/voitures/tunis/la-marsa/seat-ibiza-style/69c868be8d3052a49132cad2/,ibiza
chery,,2019.0,gasoline,23000.0,automatic,,1000.0,,new,standard,,,used,201955.0,2026-03,,,1000.0,23000.0,7.0,3285.714285714286,2,chery_nan,voiture Chery,Sfax,https://www.tayara.tn/item/voitures/sfax/sakiet-ezzit/voiture-chery/69c86101494c2a92ede97303/,unknown
ford,fiesta 2013,2013.0,gasoline,344720.0,manual,6cv,1400.0,coupe,new,standard,5 seats,4 doors,used,1324000.0,2026-03,5.0,4.0,1400.0,344720.0,13.0,26516.923076923078,3,ford_coupe,Ford fiesta 2013,Tunis,https://www.tayara.tn/item/voitures/tunis/tunis/ford-fiesta-2013/69c85d25494c2a92ede970af/,fiesta
bmw,e90 316i phase,2005.0,gasoline,110000.0,manual,7cv,1600.0,sedan,new,standard,5 seats,,used,32000.0,2026-03,5.0,,1600.0,110000.0,21.0,5238.0952380952385,4,bmw_sedan,BMW E90 316i Phase 1  a vendre,Ben Arous,https://www.tayara.tn/item/voitures/ben-arous/medina-jedida/bmw-e90-316i-phase-1-a-vendre/69c85a338d3052a49132c2fe/,e90 316i phase
mercedes,class 250d immat,2018.0,gasoline,79000.0,automatic,8cv,2500.0,pickup,new,standard,,4 doors,used,110000.0,2026-03,,4.0,2500.0,79000.0,8.0,9875.0,2,mercedes_pickup,Mercedes class X 250D immat tunisie prix a deb,Tunis,https://www.tayara.tn/item/voitures/tunis/le-bardo/mercedes-class-x-250d-immat-tunisie-prix-a-deb/69c85910494c2a92ede96e1c/,class 250d immat
nissan,pixo,2010.0,gasoline,0.0,manual,4cv,1200.0,coupe,new,standard,,,used,20500.0,2026-03,,,1200.0,0.0,16.0,0.0,4,nissan_coupe,Nissan Pixo,Tunis,https://www.tayara.tn/item/voitures/tunis/tunis/nissan-pixo/69c84ebc494c2a92ede96754/,pixo
toyota,rav,2011.0,gasoline,107000.0,automatic,125cv,2400.0,coupe,new,standard,,,used,464000.0,2026-03,,,2400.0,107000.0,15.0,7133.333333333333,3,toyota_coupe,À vendre Toyota Rav 4,Tunis,https://www.tayara.tn/item/voitures/tunis/le-bardo/-vendre-toyota-rav-4/69c84dec8d3052a49132bb0b/,rav
peugeot,vendre,2013.0,gasoline,,,,,utility,new,standard,,,used,17000.0,2026-03,,,,,13.0,,3,peugeot_utility,Peugeot à vendre,Ariana,https://www.tayara.tn/item/voitures/ariana/raoued/peugeot-vendre/69c84a11494c2a92ede9643e/,vendre
fiat,500,2016.0,gasoline,0.0,automatic,6cv,1200.0,sedan,new,standard,5 seats,,used,50036000.0,2026-03,5.0,,1200.0,0.0,10.0,0.0,3,500,Fiat 500,Ben Arous,https://www.tayara.tn/item/voitures/ben-arous/ezzahra/fiat-500/69c848b08d3052a49132b7a2/,500
mg,,2014.0,gasoline,254000.0,manual,,1600.0,sedan,new,standard,,,used,680000.0,2026-03,,,1600.0,254000.0,12.0,21166.666666666668,3,mg_sedan,c180 pack amg,Tunis,https://www.tayara.tn/item/voitures/tunis/lac-1/c180-pack-amg/69c8469b8d3052a49132b61b/,unknown
mercedes,ml 280 cdi,2007.0,diesel,7330000.0,automatic,13cv,3000.0,,new,standard,,,used,49000.0,2026-03,,,3000.0,,19.0,,4,mercedes_nan,Mercedes ml 280 cdi,Monastir,https://www.tayara.tn/item/voitures/monastir/monastir/mercedes-ml-280-cdi/69c8452e8d3052a49132b515/,ml
kia,picanto,2018.0,gasoline,184000.0,manual,5cv,1000.0,,new,standard,5 seats,,used,32500.0,2026-03,5.0,,1000.0,184000.0,8.0,23000.0,2,picanto,KIA Picanto,Ariana,https://www.tayara.tn/item/voitures/ariana/ariana/kia-picanto/69c8405a8d3052a49132b101/,picanto
citroen,jumpy vendre,2019.0,diesel,,manual,,1600.0,suv,new,standard,,,used,43500.0,2026-03,,,1600.0,,7.0,,2,citroen_suv,Citroën jumpy a vendre,Sidi Bouzid,https://www.tayara.tn/item/voitures/sidi-bouzid/regueb/citron-jumpy-a-vendre/69c83f4e494c2a92ede95bf7/,jumpy
opel,combo k9,2023.0,diesel,202385000.0,manual,,1600.0,sedan,new,standard,,,used,954000.0,2026-03,,,1600.0,,3.0,,1,opel_sedan,Opel combo k9,Tunis,https://www.tayara.tn/item/voitures/tunis/l-aouina/opel-combo-k9/69c83e68494c2a92ede95b13/,combo
fiat,panda cross 2023,2023.0,gasoline,60000.0,automatic,4cv,1200.0,compact,new,standard,,,used,39500.0,2026-03,,,1200.0,60000.0,3.0,20000.0,1,fiat_compact,FIAT PANDA CROSS 2023 1ere main 65mkm,Tunis,https://www.tayara.tn/item/voitures/tunis/la-marsa/fiat-panda-cross-2023-1ere-main-65mkm/69c83ca18d3052a49132ae02/,panda cross
seat,ibiza,2013.0,diesel,,manual,,4000.0,,new,standard,,,used,721.0,2026-03,,,4000.0,,13.0,,3,ibiza,seat ibiza,Ariana,https://www.tayara.tn/item/voitures/ariana/raoued/seat-ibiza/69c83ba68d3052a49132ad16/,ibiza
peugeot,3008,2021.0,gasoline,70000.0,automatic,10cv,1500.0,,new,standard,,,used,46699.0,2026-03,,,1500.0,70000.0,5.0,14000.0,2,3008,Peugeot 3008,Tunis,https://www.tayara.tn/item/voitures/tunis/cit-olympique/peugeot-3008/69c83724494c2a92ede95525/,3008
peugeot,3008,2021.0,gasoline,70000.0,automatic,10cv,1500.0,,new,standard,,,used,46699.0,2026-03,,,1500.0,70000.0,5.0,14000.0,2,3008,Peugeot 3008,Tunis,https://www.tayara.tn/item/voitures/tunis/cit-el-khadra/peugeot-3008/69c8362b494c2a92ede95449/,3008
kia,cerato,2022.0,gasoline,80000.0,automatic,7cv,1500.0,sedan,new,standard,5 seats,4 doors,used,27000.0,2026-03,5.0,4.0,1500.0,80000.0,4.0,20000.0,2,kia_sedan,Kia Cerato,Tunis,https://www.tayara.tn/item/voitures/tunis/tunis/kia-cerato/69c829898d3052a491329eb6/,cerato
mg,zs bva luxury,2020.0,gasoline,43000.0,automatic,125cv,1500.0,coupe,new,standard,,,used,60000.0,2026-03,,,1500.0,43000.0,6.0,7166.666666666667,2,mg_coupe,MG ZS BVA Luxury à vendre,Tunis,https://www.tayara.tn/item/voitures/tunis/ettahrir/mg-zs-bva-luxury-vendre/69c8292c8d3052a491329e6b/,zs
dacia,logun,2010.0,gasoline,8000.0,manual,,1600.0,,new,standard,,2 doors,used,12000.0,2026-03,,2.0,1600.0,8000.0,16.0,500.0,4,dacia_nan,dacia logun,Tunis,https://www.tayara.tn/item/voitures/tunis/tunis/dacia-logun/69c828488d3052a491329dae/,logun
mazda,2013,2013.0,gasoline,,automatic,,1600.0,sedan,new,standard,,,used,3201328.0,2026-03,,,1600.0,,13.0,,3,mazda_sedan,Mazda 3 2013,Ben Arous,https://www.tayara.tn/item/voitures/ben-arous/el-mourouj/mazda-3-2013/69c81ec9494c2a92ede941b7/,2013
toyota,agya,2022.0,gasoline,,automatic,7cv,1000.0,,new,standard,,,used,35500.0,2026-03,,,1000.0,,4.0,,2,toyota_nan,toyota agya,Nabeul,https://www.tayara.tn/item/voitures/nabeul/nabeul/toyota-agya/69c81b47494c2a92ede93f42/,agya
ford,figo vendre,2014.0,gasoline,,manual,5cv,4000.0,,,standard,,,used,23000.0,2026-03,,,4000.0,,12.0,,3,ford_nan,Ford figo a vendre,Ariana,https://www.tayara.tn/item/voitures/ariana/raoued/ford-figo-a-vendre/69c811e88d3052a491328d30/,figo
kia,rio,2011.0,gasoline,184000.0,manual,6cv,1600.0,,new,standard,,,used,27000.0,2026-03,,,1600.0,184000.0,15.0,12266.666666666666,3,rio,Voiture kia Rio,Tunis,https://www.tayara.tn/item/voitures/tunis/tunis/voiture-kia-rio/69c80afe494c2a92ede93336/,rio
citroen,saxo,2000.0,gasoline,,manual,,1200.0,,new,standard,,,used,12000.0,2026-03,,,1200.0,,26.0,,4,citroen_nan,Citroën saxo,Mahdia,https://www.tayara.tn/item/voitures/mahdia/essouassi/citron-saxo/69c80a9a8d3052a49132872e/,saxo
kia,rio,2017.0,gasoline,,manual,,1100.0,sedan,new,standard,,4 doors,used,44000.0,2026-03,,4.0,1100.0,,9.0,,3,rio,kia rio,Zaghouan,https://www.tayara.tn/item/voitures/zaghouan/zaghouen/kia-rio/69c808c7494c2a92ede9315c/,rio
kia,rio 2017,2017.0,gasoline,,manual,,1200.0,,new,standard,,,used,201743.0,2026-03,,,1200.0,,9.0,,3,rio,kia Rio 2017,Monastir,https://www.tayara.tn/item/voitures/monastir/tboulba/kia-rio-2017/69c808498d3052a49132855d/,rio
mercedes,benz e200 année,2015.0,gasoline,52000.0,automatic,10cv,,,new,standard,5 seats,,used,27000.0,2026-03,5.0,,,52000.0,11.0,4727.272727272727,3,mercedes_nan,Mercedes Benz E200 Année 2015,Ariana,https://www.tayara.tn/item/voitures/ariana/ennasr/mercedes-benz-e200-anne-2015/69c7fde08d3052a491327d04/,benz e200 année
mercedes,250,1997.0,gasoline,17000.0,automatic,6cv,2500.0,coupe,new,standard,,2 doors,used,328900.0,2026-03,,2.0,2500.0,17000.0,29.0,586.2068965517242,4,mercedes_coupe,Mercedes c 250,Sfax,https://www.tayara.tn/item/voitures/sfax/route-sokra/mercedes-c-250/69c7fc67494c2a92ede927b3/,250
renault,trafic 1994,1994.0,diesel,,manual,,1000.0,,new,standard,,,used,19947000.0,2026-03,,,1000.0,,32.0,,4,renault_nan,Renault trafic 1994,Kairouan,https://www.tayara.tn/item/voitures/kairouan/kairouan-nord/renault-trafic-1994/69c7fc468d3052a491327ba4/,trafic
toyota,yaris,2019.0,gasoline,,manual,,1400.0,sedan,new,standard,,,used,440000.0,2026-03,,,1400.0,,7.0,,2,toyota_sedan,Toyota yaris E,Bja,https://www.tayara.tn/item/voitures/bja/bja/toyota-yaris-e/69c7f0b9494c2a92ede91eec/,yaris
hyundai,elantra,2017.0,gasoline,,automatic,,1600.0,sedan,new,standard,,,used,12345.0,2026-03,,,1600.0,,9.0,,3,hyundai_sedan,Vente quelques pièces hyundai elantra,Siliana,https://www.tayara.tn/item/voitures/siliana/siliana/vente-quelques-pices-hyundai-elantra/69c7ee8c494c2a92ede91d60/,elantra
ford,fiesta titanium,2012.0,gasoline,184000.0,manual,4cv,1200.0,compact,new,standard,5 seats,,used,28500.0,2026-03,5.0,,1200.0,184000.0,14.0,13142.857142857143,3,ford_compact,Ford fiesta Titanium,Ariana,https://www.tayara.tn/item/voitures/ariana/ariana/ford-fiesta-titanium/69c7ed868d3052a491327068/,fiesta
peugeot,207,2009.0,gasoline,,manual,,1400.0,,new,standard,5 seats,,used,20723000.0,2026-03,5.0,,1400.0,,17.0,,4,peugeot_nan,Peugeot 207,Sfax,https://www.tayara.tn/item/voitures/sfax/sfax-ville/peugeot-207/69c7ec81494c2a92ede91bfd/,207
chevrolet,cruze to vendre,2018.0,gasoline,110000.0,manual,7cv,1600.0,sedan,new,standard,,,used,34000.0,2026-03,,,1600.0,110000.0,8.0,13750.0,2,chevrolet_sedan,Chevrolet Cruze TO à vendre,Tunis,https://www.tayara.tn/item/voitures/tunis/tunis/chevrolet-cruze-to-vendre/69c7e9d48d3052a491326dca/,cruze
citroen,jumpy vendre,2019.0,diesel,,manual,,1600.0,suv,new,standard,,,used,43500.0,2026-03,,,1600.0,,7.0,,2,citroen_suv,Citroen jumpy à vendre,Sidi Bouzid,https://www.tayara.tn/item/voitures/sidi-bouzid/regueb/citroen-jumpy-vendre/69c7e8e88d3052a491326d0d/,jumpy
opel,corsa,1998.0,gasoline,17000.0,automatic,6cv,1200.0,coupe,new,standard,,2 doors,used,328900.0,2026-03,,2.0,1200.0,17000.0,28.0,607.1428571428571,4,opel_coupe,Opel Corsa,Sfax,https://www.tayara.tn/item/voitures/sfax/route-gremda/opel-corsa/69c7e79c494c2a92ede9189a/,corsa
nissan,navara le //,2014.0,gasoline,68.0,automatic,10cv,2500.0,,new,standard,5 seats,,used,27000.0,2026-03,5.0,,2500.0,68.0,12.0,5.666666666666667,3,nissan_nan,Nissan Navara LE // 44,Ariana,https://www.tayara.tn/item/voitures/ariana/riadh-andalous/-nissan-navara-le-44/69c7e4ed8d3052a491326a8a/,navara
suzuki,celerio bva tel,2023.0,gasoline,0.0,automatic,4cv,2000.0,compact,new,standard,,,used,3639500.0,2026-03,,,2000.0,0.0,3.0,0.0,1,suzuki_compact,SUZUKI CELERIO BVA  Tel  21 36 36 36,Tunis,https://www.tayara.tn/item/voitures/tunis/tunis/-suzuki-celerio-bva-tel-21-36-36-36/69c7e3968d3052a4913269a6/,celerio
bmw,318 modèle 2014,2014.0,diesel,100.0,automatic,,2000.0,sedan,new,standard,,,used,201482.0,2026-03,,,2000.0,100.0,12.0,8.333333333333334,3,bmw_sedan,bmw 318 modèle 2014,Sidi Bouzid,https://www.tayara.tn/item/voitures/sidi-bouzid/cebbala-ouled-asker/bmw-318-modle-2014/69c7e34d8d3052a49132696e/,318 modèle 2014
land rover,lr3 hse tel,2007.0,gasoline,0.0,automatic,23cv,,coupe,new,standard,,,used,3657000.0,2026-03,,,,0.0,19.0,0.0,4,land rover_coupe,LAND ROVER LR3 HSE   Tel  21 36 36 36,Tunis,https://www.tayara.tn/item/voitures/tunis/tunis/-land-rover-lr3-hse-tel-21-36-36-36/69c7e000494c2a92ede91334/,lr3 hse tel
kia,sportage sx bva,2023.0,gasoline,0.0,automatic,10cv,1900.0,suv,new,standard,,,used,36125000.0,2026-03,,,1900.0,0.0,3.0,0.0,1,sportage,Kia Sportage SX BVA  Tel  21 36 36 36,Tunis,https://www.tayara.tn/item/voitures/tunis/tunis/-kia-sportage-sx-bva-tel-21-36-36-36/69c7df258d3052a49132666a/,sportage
ford,ranger portes tel,2010.0,gasoline,0.0,manual,10cv,2000.0,pickup,new,standard,,4 doors,used,3639000.0,2026-03,,4.0,2000.0,0.0,16.0,0.0,4,ford_pickup,FORD RANGER 4 portes   Tel  21 36 36 36,Tunis,https://www.tayara.tn/item/voitures/tunis/tunis/-ford-ranger-4-portes-tel-21-36-36-36/69c7dbe6494c2a92ede91096/,ranger
hyundai,i20,2013.0,gasoline,168000.0,manual,4cv,1000.0,coupe,new,standard,5 seats,4 doors,used,2027000.0,2026-03,5.0,4.0,1000.0,168000.0,13.0,12923.076923076924,3,i20,Hyundai i20,Tunis,https://www.tayara.tn/item/voitures/tunis/ain-zaghouen/hyundai-i20/69c7da798d3052a49132636c/,i20
fiat,grundi,2012.0,gasoline,,manual,,1200.0,compact,new,standard,,,used,18500.0,2026-03,,,1200.0,,14.0,,3,fiat_compact,fiatGrundi,Gafsa,https://www.tayara.tn/item/voitures/gafsa/gafsa-sud/fiatgrundi/69c7da548d3052a491326359/,grundi
fiat,linea tel 21,2011.0,gasoline,0.0,manual,06cv,,sedan,new,standard,5 seats,4 doors,used,3628500.0,2026-03,5.0,4.0,,0.0,15.0,0.0,3,fiat_sedan,Fiat Linea    Tel  21 36 36 36,Tunis,https://www.tayara.tn/item/voitures/tunis/tunis/-fiat-linea-tel-21-36-36-36/69c7da3f494c2a92ede90f94/,linea
honda,jazz ehev,2024.0,gasoline,100.0,automatic,,1498.0,,new,standard,7 seats,,used,69500.0,2026-03,7.0,,1498.0,100.0,2.0,50.0,1,honda_nan,Honda Jazz eHEV,Ariana,https://www.tayara.tn/item/voitures/ariana/la-soukra/honda-jazz-ehev/69c7d9608d3052a4913262c2/,jazz ehev
citroen,c15,2003.0,diesel,370000.0,manual,7cv,3000.0,utility,new,standard,2 seats,,used,158500.0,2026-03,2.0,,3000.0,370000.0,23.0,16086.95652173913,4,citroen_utility,Citroën C15,La Manouba,https://www.tayara.tn/item/voitures/la-manouba/mornaguia/citron-c15/69c7d7538d3052a491326159/,c15
nissan,qashqai,2014.0,gasoline,207000.0,manual,6cv,1500.0,,new,standard,7 seats,,used,250000.0,2026-03,7.0,,1500.0,207000.0,12.0,17250.0,3,nissan_nan,nissan qashqai 2,Monastir,https://www.tayara.tn/item/voitures/monastir/sahline/nissan-qashqai-2/69c7d272494c2a92ede90ae9/,qashqai
citroen,berlingot 1.6 2022,2022.0,gasoline,68.0,automatic,5cv,1600.0,compact,new,standard,5 seats,,used,27000.0,2026-03,5.0,,1600.0,68.0,4.0,17.0,2,berlingo,Citroën Berlingot 1.6 - 2022 - Tel 98479647,Ariana,https://www.tayara.tn/item/voitures/ariana/ariana/citron-berlingot-16-2022-tel-98479647/69c7d00a8d3052a491325d5f/,berlingo
seat,ibiza 2020 tel,2020.0,gasoline,68.0,automatic,04cv,1000.0,compact,new,standard,5 seats,,used,27000.0,2026-03,5.0,,1000.0,68.0,6.0,11.333333333333334,2,ibiza,Seat Ibiza 2020 - Tel 98479647,Ariana,https://www.tayara.tn/item/voitures/ariana/ariana/seat-ibiza-2020-tel-98479647/69c7ce13494c2a92ede9086f/,ibiza
bmw,f30/ 50205040,2016.0,gasoline,98000.0,automatic,,1500.0,sedan,new,standard,,,used,4075000.0,2026-03,,,1500.0,98000.0,10.0,9800.0,3,bmw_sedan,BMW F30/ 50205040,Mdenine,https://www.tayara.tn/item/voitures/mdenine/ben-gardane/bmw-f30-50205040/69c7cb9a8d3052a491325acc/,f30/ 50205040
peugeot,301,2012.0,gasoline,,manual,,1200.0,sedan,new,standard,9 seats,,used,30122700.0,2026-03,9.0,,1200.0,,14.0,,3,peugeot_sedan,Vendre voiture Peugeot 301,Ben Arous,https://www.tayara.tn/item/voitures/ben-arous/mohamedia/vendre-voiture-peugeot-301/69c7c05b494c2a92ede9007d/,301
audi,a4 s-line,2014.0,gasoline,2013.0,automatic,7cv,1800.0,sedan,new,standard,5 seats,,used,34000.0,2026-03,5.0,,1800.0,2013.0,12.0,167.75,3,a4,AUDI A4 S-LINE,Ariana,https://www.tayara.tn/item/voitures/ariana/la-soukra/audi-a4-sline/69c7bf938d3052a4913253e4/,a4
mercedes,c200d,2017.0,gasoline,68.0,automatic,7cv,2000.0,sedan,new,standard,5 seats,,used,27000.0,2026-03,5.0,,2000.0,68.0,9.0,7.555555555555555,3,mercedes_sedan,Mercedes C200d,Ariana,https://www.tayara.tn/item/voitures/ariana/el-menzah-7/mercedes-c200d/69c7be78494c2a92ede8ff37/,c200d
seat,ibiza,2018.0,gasoline,,manual,4cv,1000.0,compact,new,standard,,,used,35000.0,2026-03,,,1000.0,,8.0,,2,ibiza,للبيع كرهبة نظيفة Seat Ibiza,Nabeul,https://www.tayara.tn/item/voitures/nabeul/menzel-temime/-seat-ibiza/69c7b9d08d3052a491325099/,ibiza
kia,picanto noire bon,2020.0,gasoline,0.0,manual,4cv,1200.0,sedan,new,standard,5 seats,5 doors,used,35000.0,2026-03,5.0,5.0,1200.0,0.0,6.0,0.0,2,picanto,Kia Picanto Noire Bon État,Ben Arous,https://www.tayara.tn/item/voitures/ben-arous/rads/kia-picanto-noire-bon-tat/69c7b6df8d3052a491324ea7/,picanto
peugeot,208 en très,2014.0,gasoline,98000.0,manual,5cv,1200.0,estate,new,standard,,,used,26000.0,2026-03,,,1200.0,98000.0,12.0,8166.666666666667,3,208,peugeot 208 en très bon état,Sousse,https://www.tayara.tn/item/voitures/sousse/khzema/peugeot-208-en-trs-bon-tat/69c7b5358d3052a491324dad/,208
toyota,yaris bonne opportunité,2017.0,gasoline,87000.0,manual,,1000.0,compact,new,standard,,,used,34000.0,2026-03,,,1000.0,87000.0,9.0,9666.666666666666,3,toyota_compact,Toyota yaris bonne opportunité,Tunis,https://www.tayara.tn/item/voitures/tunis/tunis/toyota-yaris-bonne-opportunit/69c7b35c8d3052a491324c92/,yaris
toyota,agya 1.2 première,2023.0,gasoline,68.0,automatic,5cv,1200.0,compact,new,standard,5 seats,,used,27000.0,2026-03,5.0,,1200.0,68.0,3.0,22.666666666666668,1,toyota_compact,Toyota Agya 1.2 première main -Tel 98479647,Ariana,https://www.tayara.tn/item/voitures/ariana/ariana/toyota-agya-12-premire-main-tel-98479647/69c7b295494c2a92ede8f828/,agya
mercedes,180 amg,2022.0,gasoline,68.0,automatic,9cv,1500.0,compact,new,standard,5 seats,,used,27000.0,2026-03,5.0,,1500.0,68.0,4.0,17.0,2,mercedes_compact,Mercedes-Benz C 180 - AMG - Tel 98479647,Ariana,https://www.tayara.tn/item/voitures/ariana/ariana/mercedesbenz-c-180-amg-tel-98479647/69c7b132494c2a92ede8f740/,180
seat,arona style 2022,2022.0,gasoline,57000.0,automatic,125cv,1000.0,,new,standard,,,used,67500.0,2026-03,,,1000.0,57000.0,4.0,14250.0,2,arona,Seat arona style 2022 58MKm,Tunis,https://www.tayara.tn/item/voitures/tunis/el-menzah-9/seat-arona-style-2022-58mkm/69c7b0a5494c2a92ede8f6c8/,arona
mazda,bt50,2018.0,diesel,,automatic,,2500.0,,new,standard,,,used,33000.0,2026-03,,,2500.0,,8.0,,2,mazda_nan,Mazda BT50,Bizerte,https://www.tayara.tn/item/voitures/bizerte/ras-jebel/mazda-bt50/69c7b0728d3052a491324a8b/,bt-50
mazda,bt50,2005.0,diesel,,automatic,,2500.0,,new,standard,,,used,33000.0,2026-03,,,2500.0,,21.0,,4,mazda_nan,Mazda bt50,Bizerte,https://www.tayara.tn/item/voitures/bizerte/ras-jebel/mazda-bt50/69c7af198d3052a491324994/,bt-50
mercedes,classe 180,2015.0,gasoline,68.0,automatic,06cv,1600.0,compact,new,standard,5 seats,,used,27000.0,2026-03,5.0,,1600.0,68.0,11.0,6.181818181818182,3,mercedes_compact,Mercedes-Benz Classe A 180 - Tel 98479647,Ariana,https://www.tayara.tn/item/voitures/ariana/ariana/mercedesbenz-classe-a-180-tel-98479647/69c7af16494c2a92ede8f59e/,classe 180
fiat,doblo maxi 2020,2020.0,gasoline,68.0,automatic,10cv,0.0,utility,new,standard,5 seats,,used,27000.0,2026-03,5.0,,,68.0,6.0,11.333333333333334,2,fiat_utility,Fiat Doblo Maxi 2020 - tel 98479647,Ariana,https://www.tayara.tn/item/voitures/ariana/ariana/fiat-doblo-maxi-2020-tel-98479647/69c7ad3e8d3052a491324855/,doblo
kia,rio prestige,2018.0,gasoline,,automatic,,1200.0,,new,standard,,,used,33000.0,2026-03,,,1200.0,,8.0,,2,rio,Kia rio prestige,Bizerte,https://www.tayara.tn/item/voitures/bizerte/el-alia/kia-rio-prestige/69c7ac348d3052a491324798/,rio
kia,rio prestige,2018.0,gasoline,,automatic,,1200.0,,new,standard,,,used,33000.0,2026-03,,,1200.0,,8.0,,2,rio,Kia rio prestige,Bizerte,https://www.tayara.tn/item/voitures/bizerte/el-alia/kia-rio-prestige/69c7abfb494c2a92ede8f3b8/,rio
kia,sportage première main,2023.0,gasoline,23591000.0,automatic,10cv,1600.0,sedan,new,standard,,,used,109000.0,2026-03,,,1600.0,,3.0,,1,sportage,2023 KIA SPORTAGE PREMIÈRE MAIN,Tunis,https://www.tayara.tn/item/voitures/tunis/la-marsa/2023-kia-sportage-premire-main-/69c7ab228d3052a4913246fa/,sportage
mercedes,classe 350 limousine,2008.0,gasoline,68.0,automatic,19cv,3500.0,sedan,new,standard,5 seats,,used,27000.0,2026-03,5.0,,3500.0,68.0,18.0,3.7777777777777777,4,mercedes_sedan,Mercedes-Benz Classe S 350 Limousine - Tel 98479647,Ariana,https://www.tayara.tn/item/voitures/ariana/ariana/mercedesbenz-classe-s-350-limousine-tel-98479647/69c7aa318d3052a49132466d/,classe 350 limousine
porsche,cayenne v6,2008.0,gasoline,69183000.0,automatic,21cv,3600.0,coupe,new,standard,,,used,660000.0,2026-03,,,3600.0,,18.0,,4,porsche_coupe,2008 PORSCHE CAYENNE V6,Tunis,https://www.tayara.tn/item/voitures/tunis/la-marsa/2008-porsche-cayenne-v6/69c7a9fe494c2a92ede8f28d/,cayenne
opel,astra,1999.0,diesel,,automatic,,1000.0,,new,standard,,,used,33000.0,2026-03,,,1000.0,,27.0,,4,astra,opel astra f,Bizerte,https://www.tayara.tn/item/voitures/bizerte/bizerte/opel-astra-f/69c7a92a494c2a92ede8f211/,astra
mercedes,benz a250e édition,2022.0,gasoline,0.0,automatic,8cv,2500.0,sedan,new,standard,,,used,55111111.0,2026-03,,,2500.0,0.0,4.0,0.0,2,mercedes_sedan,Mercedes Benz A250e Édition,Ariana,https://www.tayara.tn/item/voitures/ariana/ariana/mercedes-benz-a250e-dition/69c7a73e8d3052a4913244b7/,benz a250e édition
citroen,c-elysée,2016.0,gasoline,,manual,,1600.0,,new,standard,,,used,25000.0,2026-03,,,1600.0,,10.0,,3,citroen_nan,vente flash voiture Citroën C-Elysée,Tunis,https://www.tayara.tn/item/voitures/tunis/la-marsa/vente-flash-voiture-citron-celyse/69c7a6c18d3052a491324470/,c-elysée
seat,leon bva,2015.0,gasoline,22.0,automatic,6cv,1200.0,sedan,new,standard,5 seats,,used,27000.0,2026-03,5.0,,1200.0,22.0,11.0,2.0,3,seat_sedan,SEAT LEON BVA,Ariana,https://www.tayara.tn/item/voitures/ariana/les-jardins-el-menzah-2/seat-leon-bva/69c2680b2e8a8ef7043fe0c4/,leon
mg,5. 2022,2018.0,gasoline,,automatic,7cv,1600.0,sedan,new,standard,4 seats,,used,2245000.0,2026-03,4.0,,1600.0,,8.0,,2,mg_sedan,MG 5.  2022,Sousse,https://www.tayara.tn/item/voitures/sousse/sousse/mg-5-2022/69c79deb494c2a92ede8ec01/,5. 2022
mercedes,benz c200,2010.0,diesel,,manual,,4000.0,compact,new,standard,,4 doors,used,11111.0,2026-03,,4.0,4000.0,,16.0,,4,mercedes_compact,mercedes benz c200,Siliana,https://www.tayara.tn/item/voitures/siliana/makthar/mercedes-benz-c200/69c79b6d494c2a92ede8eac1/,benz c200
mercedes,benz c200,2010.0,gasoline,,manual,,4000.0,compact,new,standard,,4 doors,used,11111.0,2026-03,,4.0,4000.0,,16.0,,4,mercedes_compact,mercedes benz c200,Siliana,https://www.tayara.tn/item/voitures/siliana/makthar/mercedes-benz-c200/69c79b688d3052a491323e2d/,benz c200
mercedes,benz c200,2010.0,diesel,,manual,,4000.0,compact,new,standard,,4 doors,used,11111.0,2026-03,,4.0,4000.0,,16.0,,4,mercedes_compact,mercedes benz c200,Siliana,https://www.tayara.tn/item/voitures/siliana/makthar/mercedes-benz-c200/69c79b648d3052a491323e28/,benz c200
kia,picanto gt line,2021.0,gasoline,2021.0,automatic,04cv,0.0,compact,new,standard,5 seats,,used,27000.0,2026-03,5.0,,,2021.0,5.0,404.2,2,picanto,Kia Picanto GT line 65 mille km - Tel 98479647,Ariana,https://www.tayara.tn/item/voitures/ariana/ariana/kia-picanto-gt-line-65-mille-km-tel-98479647/69c78f10494c2a92ede8e5db/,picanto
fiat,ducato l2h2,2023.0,gasoline,,manual,,2200.0,utility,new,standard,,,used,262000.0,2026-03,,,2200.0,,3.0,,1,fiat_utility,Fiat Ducato l2h2,Sfax,https://www.tayara.tn/item/voitures/sfax/route-el-ain/fiat-ducato-l2h2/69c78a5d8d3052a49132371f/,ducato
peugeot,406 hdi diesel,2000.0,gasoline,150000.0,manual,6cv,2000.0,sedan,new,standard,,,used,25000.0,2026-03,,,2000.0,150000.0,26.0,5769.2307692307695,4,peugeot_sedan,A Vendre Peugeot 406 HDI Diesel,Sfax,https://www.tayara.tn/item/voitures/sfax/sakiet-ezzit/a-vendre-peugeot-406-hdi-diesel/69c786d08d3052a4913235b4/,406
hyundai,grand i10,2015.0,gasoline,0.0,manual,5cv,1200.0,sedan,new,standard,5 seats,,used,1037000.0,2026-03,5.0,,1200.0,0.0,11.0,0.0,3,hyundai_sedan,Hyundai grand i10,Ben Arous,https://www.tayara.tn/item/voitures/ben-arous/fouchana/hyundai-grand-i10/69c77dda494c2a92ede8dfbf/,grand i10
peugeot,106,1997.0,gasoline,,manual,,1600.0,,new,standard,,,used,10611500.0,2026-03,,,1600.0,,29.0,,4,peugeot_nan,peugeot106,Mahdia,https://www.tayara.tn/item/voitures/mahdia/autres-villes/peugeot106/69c72c172e8a8ef704425917/,106
byd,qin plus phev,2021.0,gasoline,82000.0,automatic,125cv,1500.0,sedan,new,standard,,,used,82000.0,2026-03,,,1500.0,82000.0,5.0,16400.0,2,byd_sedan,BYD QIN PLUS PHEV,Tunis,https://www.tayara.tn/item/voitures/tunis/tunis/byd-qin-plus-phev/69c7177e2e8a8ef70442538f/,qin plus phev
skoda,kamiq 1.0 bva,2021.0,gasoline,86000.0,automatic,6cv,5.0,sedan,new,standard,,,used,64000.0,2026-03,,,,86000.0,5.0,17200.0,2,skoda_sedan,SKODA KAMIQ 1.0 L BVA,Nabeul,https://www.tayara.tn/item/voitures/nabeul/nabeul/skoda-kamiq-10-l-bva/69c709783d5ca166a5950f05/,kamiq
cupra,formentor 2.0,2021.0,gasoline,46000.0,automatic,11cv,2000.0,sedan,new,standard,,,used,113000.0,2026-03,,,2000.0,46000.0,5.0,9200.0,2,cupra_sedan,CUPRA FORMENTOR 2.0 L,Nabeul,https://www.tayara.tn/item/voitures/nabeul/nabeul/cupra-formentor-20-l/69c708a218988b5c4782e9ef/,formentor 2.0
mercedes,c180,2013.0,gasoline,103000.0,automatic,09cv,1600.0,sedan,new,standard,5 seats,,used,18051000.0,2026-03,5.0,,1600.0,103000.0,13.0,7923.076923076923,3,mercedes_sedan,mercedes c180,Ariana,https://www.tayara.tn/item/voitures/ariana/les-jardins-el-menzah-2/mercedes-c180/69c6f88b297292420c54293e/,c180
bmw,série f20 diesel,2013.0,diesel,,manual,4cv,1600.0,compact,new,standard,5 seats,,used,44000.0,2026-03,5.0,,1600.0,,13.0,,3,bmw_compact,Bmw série 1 f20 diesel,Mahdia,https://www.tayara.tn/item/voitures/mahdia/chebba/bmw-srie-1-f20-diesel/69c6f51f18988b5c4782e158/,série f20 diesel
citroen,berlingo france,2022.0,gasoline,165450.0,manual,5cv,1500.0,utility,new,standard,3 seats,,used,41000.0,2026-03,3.0,,1500.0,165450.0,4.0,41362.5,2,berlingo,Citroen berlingo France,Tataouine,https://www.tayara.tn/item/voitures/tataouine/tataouine-nord/citroen-berlingo-france/69c6f29f18988b5c4782e014/,berlingo
ford,96380135,2018.0,diesel,,automatic,,1800.0,sedan,new,standard,,,used,33000.0,2026-03,,,1800.0,,8.0,,2,ford_sedan,Ford 96380135,Bizerte,https://www.tayara.tn/item/voitures/bizerte/menzel-jemil/ford-96380135/69c6e382a9d4f62ad67eb009/,96380135
mercedes,benz c180,2009.0,gasoline,17000.0,automatic,6cv,1600.0,sedan,new,standard,,2 doors,used,328900.0,2026-03,,2.0,1600.0,17000.0,17.0,1000.0,4,mercedes_sedan,Mercedes benz c180,Sfax,https://www.tayara.tn/item/voitures/sfax/route-mehdia/mercedes-benz-c180/69c6e36b2e8a8ef704423c4a/,benz c180
fiat,fiorino 1.3 multijet,2015.0,gasoline,107000.0,automatic,,1300.0,utility,new,standard,,,used,33000.0,2026-03,,,1300.0,107000.0,11.0,9727.272727272728,3,fiat_utility,Fiat Fiorino 1.3 Multijet,Bizerte,https://www.tayara.tn/item/voitures/bizerte/menzel-bourguiba/fiat-fiorino-13-multijet/69c6dece2e8a8ef7044239cb/,fiorino
peugeot,partner k9,2021.0,electric,,automatic,,,,new,standard,,,used,29500.0,2026-03,,,,,5.0,,2,peugeot_nan,peugeot partner K9,Monastir,https://www.tayara.tn/item/voitures/monastir/ksar-hellal/peugeot-partner-k9/69c6cdd118988b5c4782c9ac/,partner
mercedes,e180,2015.0,gasoline,,automatic,,2000.0,,new,standard,,5 doors,used,18054000.0,2026-03,,5.0,2000.0,,11.0,,3,mercedes_nan,Mercedes E180,Sfax,https://www.tayara.tn/item/voitures/sfax/autres-villes/mercedes-e180/69c6caec18988b5c4782c7a9/,e180
seat,leon kit fr,2021.0,gasoline,497000.0,automatic,8cv,1400.0,compact,new,standard,,,used,74000.0,2026-03,,,1400.0,497000.0,5.0,99400.0,2,seat_compact,seat Leon kit FR,Ben Arous,https://www.tayara.tn/item/voitures/ben-arous/ben-arous/seat-leon-kit-fr/69c6c9a718988b5c4782c740/,leon
cupra,hybride,2022.0,gasoline,0.0,automatic,8cv,1400.0,compact,new,standard,,,used,79000.0,2026-03,,,1400.0,0.0,4.0,0.0,2,cupra_compact,Leon cupra hybride,Ben Arous,https://www.tayara.tn/item/voitures/ben-arous/ben-arous/leon-cupra-hybride/69c6c6e818988b5c4782c598/,hybride
bmw,série pack,2016.0,gasoline,,manual,5cv,1500.0,,new,standard,7 seats,,used,62000.0,2026-03,7.0,,1500.0,,10.0,,3,bmw_nan,BMW Série 1 Pack M 116D,Ariana,https://www.tayara.tn/item/voitures/ariana/riadh-andalous/-bmw-srie-1-pack-m-116d/69c6c62f18988b5c4782c518/,série pack
citroen,c4,2013.0,gasoline,184000.0,manual,6cv,1400.0,,new,standard,5 seats,,used,429500.0,2026-03,5.0,,1400.0,184000.0,13.0,14153.846153846154,3,c4,citroen-c4,Ariana,https://www.tayara.tn/item/voitures/ariana/riadh-andalous/-citroenc4/69c6c3912e8a8ef7044226f5/,c4
bmw,série e90,2011.0,gasoline,68.0,automatic,8cv,2000.0,,new,standard,5 seats,,used,27000.0,2026-03,5.0,,2000.0,68.0,15.0,4.533333333333333,3,bmw_nan,BMW Série 3 E90,Ariana,https://www.tayara.tn/item/voitures/ariana/riadh-andalous/-bmw-srie-3-e90/69c6c15f18988b5c4782c1f2/,série e90
volkswagen,passat b8 1.6,2011.0,gasoline,68.0,automatic,5cv,1600.0,,new,standard,5 seats,,used,27000.0,2026-03,5.0,,1600.0,68.0,15.0,4.533333333333333,3,volkswagen_nan,Volkswagen Passat B8 1.6 TDI BlueMotion,Ariana,https://www.tayara.tn/item/voitures/ariana/riadh-andalous/volkswagen-passat-b8-16-tdi-bluemotion/69c6c0a718988b5c4782c187/,passat
dacia,,2019.0,diesel,,automatic,,1500.0,utility,new,standard,,,used,28000.0,2026-03,,,1500.0,,7.0,,2,dacia_utility,dacia,Sfax,https://www.tayara.tn/item/voitures/sfax/route-el-ain/dacia/69c6bfe318988b5c4782c11b/,unknown
kia,picanto,2019.0,gasoline,79000.0,manual,4cv,1200.0,sedan,new,standard,5 seats,,used,38500.0,2026-03,5.0,,1200.0,79000.0,7.0,11285.714285714286,2,picanto,kia picanto,Ben Arous,https://www.tayara.tn/item/voitures/ben-arous/hammam-chott/kia-picanto/69c6ba332e8a8ef7044220c9/,picanto
peugeot,bipper places,2013.0,gasoline,,manual,,1400.0,compact,new,standard,5 seats,,used,29500.0,2026-03,5.0,,1400.0,,13.0,,3,peugeot_compact,à vendre voiture Peugeot bipper 5 places,Mahdia,https://www.tayara.tn/item/voitures/mahdia/mahdia/-vendre-voiture-peugeot-bipper-5-places/69c6b78718988b5c4782bbb4/,bipper
kia,sportage gtline toutes,2018.0,gasoline,82000.0,manual,125cv,1600.0,,new,standard,,,used,73900.0,2026-03,,,1600.0,82000.0,8.0,10250.0,2,sportage,kia Sportage GTLine toutes options,Tunis,https://www.tayara.tn/item/voitures/tunis/carthage/kia-sportage-gtline-toutes-options/69c6ae2e2e8a8ef7044217c4/,sportage
seat,ibiza 2018 menzel,2018.0,gasoline,,manual,4cv,1000.0,compact,new,standard,,,used,35000.0,2026-03,,,1000.0,,8.0,,2,ibiza,Seat Ibiza 2018 Menzel Temime,Nabeul,https://www.tayara.tn/item/voitures/nabeul/menzel-temime/seat-ibiza-2018-menzel-temime/69c6adbc2e8a8ef70442177e/,ibiza
fiat,tipo,2018.0,gasoline,70000.0,manual,6cv,1400.0,sedan,new,standard,,,used,49000.0,2026-03,,,1400.0,70000.0,8.0,8750.0,2,fiat_sedan,Fiat Tipo,Tunis,https://www.tayara.tn/item/voitures/tunis/tunis/fiat-tipo/69c6ac302e8a8ef704421638/,tipo
toyota,corolla 2021,2021.0,gasoline,,automatic,,1200.0,compact,new,standard,,,used,2159499.0,2026-03,,,1200.0,,5.0,,2,toyota_compact,Toyota Corolla 2021,Ariana,https://www.tayara.tn/item/voitures/ariana/les-jardins-el-menzah-2/toyota-corolla-2021/69c6a9312e8a8ef7044213f9/,corolla
opel,astra,2006.0,diesel,,manual,,1700.0,compact,new,standard,,,used,13000.0,2026-03,,,1700.0,,20.0,,4,astra,opel astra g,Ben Arous,https://www.tayara.tn/item/voitures/ben-arous/mornag/opel-astra-g/69c6a78e18988b5c4782aeee/,astra
citroen,jumpy vendre,2010.0,diesel,,manual,,2000.0,pickup,new,standard,3 seats,,used,28000.0,2026-03,3.0,,2000.0,,16.0,,4,citroen_pickup,Citroen Jumpy à vendre,Sfax,https://www.tayara.tn/item/voitures/sfax/sfax-mdina/citroen-jumpy-vendre/69c6a4582e8a8ef70442107f/,jumpy
chery,,2019.0,gasoline,,automatic,,1000.0,,new,standard,,,used,201955.0,2026-03,,,1000.0,,7.0,,2,chery_nan,voiture Chery,Sfax,https://www.tayara.tn/item/voitures/sfax/sakiet-ezzit/voiture-chery/69c69dc32e8a8ef704420d08/,unknown
mercedes,c180,2016.0,gasoline,2016.0,automatic,125cv,1800.0,sedan,new,standard,,,used,18084000.0,2026-03,,,1800.0,2016.0,10.0,201.6,3,mercedes_sedan,Mercedes C180,Tunis,https://www.tayara.tn/item/voitures/tunis/jardins-de-carthage/mercedes-c180/69c69c4a4a94dd8021df45ea/,c180
bmw,e90 vendre,2005.0,gasoline,184000.0,automatic,5cv,,,new,standard,5 seats,,used,32000.0,2026-03,5.0,,,184000.0,21.0,8761.904761904761,4,bmw_nan,Une bmw e90 à vendre,Ariana,https://www.tayara.tn/item/voitures/ariana/la-soukra/une-bmw-e90-vendre/69c698312e8a8ef704420a10/,e90 vendre
mercedes,,2006.0,gasoline,70000.0,automatic,10cv,1800.0,sedan,new,standard,,,used,46699.0,2026-03,,,1800.0,70000.0,20.0,3500.0,4,mercedes_sedan,Mercedes,Tunis,https://www.tayara.tn/item/voitures/tunis/tunis/mercedes/69c698222e8a8ef704420a09/,unknown
volkswagen,golf vendre,2000.0,gasoline,0.0,manual,5cv,1400.0,compact,new,standard,,,used,25000.0,2026-03,,,1400.0,0.0,26.0,0.0,4,golf,Volkswagen Golf 4 à vendre  Bon état général,Sfax,https://www.tayara.tn/item/voitures/sfax/route-soukra/-volkswagen-golf-4-vendre-bon-tat-gnral/69c695a04a94dd8021df4296/,golf
opel,astra,2009.0,gasoline,68.0,automatic,4cv,,sedan,new,standard,5 seats,,used,27000.0,2026-03,5.0,,,68.0,17.0,4.0,4,astra,Opel Astra,Ariana,https://www.tayara.tn/item/voitures/ariana/ariana/opel-astra/69c6952518988b5c4782a507/,astra
mercedes,benz c180,2016.0,diesel,43000.0,automatic,,3000.0,sedan,new,standard,,4 doors,used,80120000.0,2026-03,,4.0,3000.0,43000.0,10.0,4300.0,3,mercedes_sedan,Vente Mercedes BENZ C180,Ariana,https://www.tayara.tn/item/voitures/ariana/mnihla/vente-mercedes-benz-c180/69c68d732e8a8ef7044202c8/,benz c180
ford,fusion,2016.0,gasoline,70000.0,automatic,,1500.0,sedan,new,standard,,,used,51000.0,2026-03,,,1500.0,70000.0,10.0,7000.0,3,ford_sedan,A vendre Ford Fusion,Tunis,https://www.tayara.tn/item/voitures/tunis/tunis/a-vendre-ford-fusion/69c68b2e18988b5c47829d5e/,fusion
peugeot,208,2022.0,gasoline,70000.0,manual,10cv,1200.0,sedan,new,standard,,,used,46699.0,2026-03,,,1200.0,70000.0,4.0,17500.0,2,208,Peugeot 208,Tunis,https://www.tayara.tn/item/voitures/tunis/carthage/peugeot-208/69c686de18988b5c478299ac/,208
peugeot,208,2015.0,gasoline,,manual,,,hatchback,new,standard,,,used,20819999.0,2026-03,,,,,11.0,,3,208,A VENDRE PEUGEOT 208,Tunis,https://www.tayara.tn/item/voitures/tunis/lac-2/a-vendre-peugeot-208/69c67d3518988b5c478292e8/,208
nissan,micra,2018.0,gasoline,,manual,5cv,1200.0,compact,new,standard,5 seats,,used,34000.0,2026-03,5.0,,1200.0,,8.0,,2,nissan_compact,Nissan Micra,Sfax,https://www.tayara.tn/item/voitures/sfax/sfax/nissan-micra/69c67b382e8a8ef70441f517/,micra
mercedes,c180,2016.0,gasoline,1700000.0,automatic,,1600.0,sedan,new,standard,,,used,18084000.0,2026-03,,,1600.0,,10.0,,3,mercedes_sedan,Mercedes C180,Sfax,https://www.tayara.tn/item/voitures/sfax/sfax/mercedes-c180/69c677d82e8a8ef70441f2d5/,c180
haval,h6,2020.0,gasoline,97000.0,automatic,9cv,1500.0,,new,standard,,4 doors,used,669000.0,2026-03,,4.0,1500.0,97000.0,6.0,16166.666666666666,2,haval_nan,HAVAL H6,Ben Arous,https://www.tayara.tn/item/voitures/ben-arous/medina-jedida/haval-h6/69c677ba2e8a8ef70441f2c4/,h6
audi,a8 d4,2014.0,gasoline,,automatic,,3000.0,sedan,,standard,,,used,4100000.0,2026-03,,,3000.0,,12.0,,3,audi_sedan,Audi A8 D4,Nabeul,https://www.tayara.tn/item/voitures/nabeul/hammamet-nord/audi-a8-d4/69c6755518988b5c47828dd6/,a8
mercedes,,1994.0,diesel,,automatic,,2500.0,,new,standard,,,used,38000.0,2026-03,,,2500.0,,32.0,,4,mercedes_nan,Très belle mercedes,Nabeul,https://www.tayara.tn/item/voitures/nabeul/hammamet/trs-belle-mercedes/69c673032e8a8ef70441f006/,unknown
kia,rio 1ère main,2021.0,gasoline,,automatic,,1200.0,,new,standard,,,used,50000.0,2026-03,,,1200.0,,5.0,,2,rio,Kia Rio 1ère main,Nabeul,https://www.tayara.tn/item/voitures/nabeul/dar-chabane-el-fehri/kia-rio-1re-main/69c66e1d2e8a8ef70441ecdc/,rio
nissan,,2017.0,gasoline,87000.0,automatic,5cv,1600.0,sedan,new,standard,,2 doors,used,328900.0,2026-03,,2.0,1600.0,87000.0,9.0,9666.666666666666,3,nissan_sedan,nissan,Sfax,https://www.tayara.tn/item/voitures/sfax/route-manzel-chaker/nissan/69c66d432e8a8ef70441ec44/,unknown
kia,picanto boîte auto,2022.0,gasoline,87000.0,automatic,5cv,1000.0,sedan,new,standard,,2 doors,used,328900.0,2026-03,,2.0,1000.0,87000.0,4.0,21750.0,2,picanto,kia picanto boîte auto,Sfax,https://www.tayara.tn/item/voitures/sfax/route-sokra/kia-picanto-bote-auto/69c669d92e8a8ef70441e9db/,picanto
kia,rio,2021.0,gasoline,87000.0,manual,5cv,1200.0,coupe,new,standard,,2 doors,used,328900.0,2026-03,,2.0,1200.0,87000.0,5.0,17400.0,2,rio,kia rio,Sfax,https://www.tayara.tn/item/voitures/sfax/route-sokra/kia-rio/69c669072e8a8ef70441e931/,rio
fiat,fiorino 1ere main,2018.0,gasoline,,manual,7cv,1300.0,utility,new,standard,4 seats,,used,38500.0,2026-03,4.0,,1300.0,,8.0,,2,fiat_utility,Fiat fiorino 1ere main,Sousse,https://www.tayara.tn/item/voitures/sousse/m-saken/fiat-fiorino-1ere-main/69c667ea18988b5c478284db/,fiorino
dacia,dokker,2018.0,diesel,,manual,,1500.0,utility,new,standard,2 seats,,used,26000.0,2026-03,2.0,,1500.0,,8.0,,2,dacia_utility,Dacia Dokker,La Manouba,https://www.tayara.tn/item/voitures/la-manouba/djedeida/dacia-dokker/69c6675618988b5c47828465/,dokker
kia,rio praimier main,2013.0,gasoline,,manual,,2600.0,,new,standard,,,used,1234.0,2026-03,,,2600.0,,13.0,,3,rio,kia rio praimier main toute obession,Sousse,https://www.tayara.tn/item/voitures/sousse/sousse-riadh/kia-rio-praimier-main-toute-obession/69c6664618988b5c47828382/,rio
peugeot,405 diesel,1991.0,diesel,,automatic,,1600.0,compact,new,standard,,,used,19015.0,2026-03,,,1600.0,,35.0,,4,peugeot_compact,Peugeot 405 Diesel,Le Kef,https://www.tayara.tn/item/voitures/le-kef/le-kef/peugeot-405-diesel/69c65eea2e8a8ef70441e174/,405
fiat,tipo annee 2020,2020.0,gasoline,184000.0,manual,5cv,3000.0,sedan,new,standard,5 seats,,used,2032000.0,2026-03,5.0,,3000.0,184000.0,6.0,30666.666666666668,2,fiat_sedan,FIAT TIPO ANNEE 2020,Ariana,https://www.tayara.tn/item/voitures/ariana/ariana/fiat-tipo-annee-2020/69c659582e8a8ef70441dd52/,tipo
opel,corsa,1997.0,gasoline,,automatic,8cv,1200.0,compact,new,standard,,,used,100000.0,2026-03,,,1200.0,,29.0,,4,opel_compact,Opel corsa,Nabeul,https://www.tayara.tn/item/voitures/nabeul/nabeul/opel-corsa/69c658312e8a8ef70441dc51/,corsa
