brand,model,year,fuel,mileage_km,transmission,fiscal_power,engine_cc,body_style,car_condition,trim_level,seats,doors,condition,price,recorded_at,seats_num,doors_num,engine_cc_num,mileage_num,car_age,mileage_per_year,depreciation_zone,model_group,title,location,listing_url
citroën,c3,2022,gasoline,000,manual,,1200,sedan,new,standard,,,used,1111111,2026-03,,,1200,0,4,0,low,citroën c3,Citroën  C3,Tataouine,https://www.tayara.tn/item/voitures/tataouine/tataouine/citron-c3-/69c965ef2c7ecb90f0fc0aee/
volkswagen,polo sedan,2008,gasoline,335000,automatic,8cv,1400,sedan,new,standard,5 seats,,used,45000,2026-03,5,,1400,335000,18,18611,normal,volkswagen polo sedan,Volkswagen Polo Sedan,Gafsa,https://www.tayara.tn/item/voitures/gafsa/gafsa/volkswagen-polo-sedan/69c9a83bb9d5257b5a849267/
seat,altea xl directement,2017,diesel,100,manual,5cv,4500,minivan,new,standard,5 seats,,used,37000,2026-03,5,,4500,100,9,11,low,seat altea xl,SEAT ALTEA XL Directement du propriétaire,Tunis,https://www.tayara.tn/item/voitures/tunis/tunis/seat-altea-xl-directement-du-propritaire/69a6d24715e045cfa26a2015/
mercedes,e200 pack amg,2024,gasoline,6000,automatic,,2000,sedan,new,standard,,,used,78000,2026-03,,,2000,6000,2,3000,low,mercedes e200 pack,Mercedes-Benz E200 Pack AMG  2024,Sousse,https://www.tayara.tn/item/voitures/sousse/sousse-riadh/mercedesbenz-e200-pack-amg-2024/6957d45ccd04d08be754cee0/
dacia,duster,2021,gasoline,,manual,100cv,1000,,new,standard,7 seats,,used,69000,2026-03,7,,1000,,5,,,dacia duster,Dacia duster,Ariana,https://www.tayara.tn/item/voitures/ariana/borj-louzir/dacia-duster/69c450de18988b5c47818ebd/
mitsubishi,l200 double cabine,2008,diesel,107000,manual,,2500,pickup,new,standard,,,used,460000,2026-03,,,2500,107000,18,5944,low,mitsubishi l200 double,Mitsubishi L200 Double Cabine 4-4,Tunis,https://www.tayara.tn/item/voitures/tunis/tunis/mitsubishi-l200-double-cabine-44/69c2f4902e8a8ef7044040ed/
nissan,x-trail tekna toutes,2015,gasoline,80000,automatic,7cv,5200,,new,standard,7 seats,,used,73900,2026-03,7,,5200,80000,11,7273,low,nissan x-trail tekna,Nissan X-Trail TEKNA Toutes Options - 7 Places - Très Bon État - 80000 km seulement.,Monastir,https://www.tayara.tn/item/voitures/monastir/ksibet-el-mdiouni/nissan-xtrail-tekna-toutes-options-7-places-trs-bon-tat-80000-km-seulement/69b7e98efb9c60dff70568da/
peugeot,206,2005,gasoline,,manual,,1400,compact,new,standard,,,used,,2026-03,,,1400,,21,,,peugeot 206,Peugeot 206,Ariana,https://www.tayara.tn/item/voitures/ariana/ghazela/peugeot-206/69cc18c12c7ecb90f0fd0f68/
,,2001,diesel,,automatic,,2000,,new,standard,,,used,28000,2026-03,,,2000,,25,,,,Oppel Frontera,Tataouine,https://www.tayara.tn/item/voitures/tataouine/smr/oppel-frontera/69cc156957616cdb6536f475/
chevrolet,matiz,2010,gasoline,80000,automatic,,1000,utility,new,standard,,5 doors,used,40000,2026-03,,5,1000,80000,16,5000,low,chevrolet matiz,Chevrolet Matiz,Tozeur,https://www.tayara.tn/item/voitures/tozeur/tozeur/chevrolet-matiz/69cc154c2c7ecb90f0fd0dc9/
mg,pack night faible,2021,gasoline,,automatic,,1400,utility,new,standard,,,used,,2026-03,,,1400,,5,,,mg pack night,Cla 250e neuf amg pack night faible kilométrage numero 22 559 557,Ariana,https://www.tayara.tn/item/voitures/ariana/ariana/cla-250e-neuf-amg-pack-night-faible-kilomtrage-numero-22-559-557/69cc1529b9d5257b5a856fef/
,,2009,diesel,,manual,,1900,sedan,new,standard,,2 doors,used,213000,2026-03,,2,1900,,17,,,,Jetta 2,Tunis,https://www.tayara.tn/item/voitures/tunis/tunis/jetta-2/69cc14a957616cdb6536f420/
bmw,x1 phase bvm,2015,gasoline,158000,manual,,2000,suv,new,standard,,,used,,2026-03,,,2000,158000,11,14364,normal,bmw x1 phase,Belle BMW x1 phase 2 bvm pack M full options,Sfax,https://www.tayara.tn/item/voitures/sfax/sakiet-ezzit/belle-bmw-x1-phase-2-bvm-pack-m-full-options/69cc14832c7ecb90f0fd0d62/
mercedes,c180 bva restyle,2014,gasoline,014167000,automatic,6cv,1600,coupe,new,standard,,2 doors,used,328900,2026-03,,2,1600,14167000,12,1180583,high,mercedes c180 bva,Mercedes C180 bva restyle phase 2 kit Amg,Sfax,https://www.tayara.tn/item/voitures/sfax/route-tunis/mercedes-c180-bva-restyle-phase-2-kit-amg/69cc146657616cdb6536f404/
,,2017,gasoline,,manual,6cv,3000,,new,standard,5 seats,,used,35000,2026-03,5,,3000,,9,,,,voiture wallyscar,Mdenine,https://www.tayara.tn/item/voitures/mdenine/djerba-houmt-souk/voiture-wallyscar/69cc142bb9d5257b5a856f6f/
audi,a4,2011,gasoline,150,manual,10cv,2000,sedan,new,standard,,,used,4713000,2026-03,,,2000,150,15,10,low,audi a4,audi a4,Tunis,https://www.tayara.tn/item/voitures/tunis/tunis/audi-a4/69cc13be2c7ecb90f0fd0cfb/
kia,sportage hybride essence,2023,gasoline,,automatic,,1600,compact,new,standard,,,used,95000000,2026-03,,,1600,,3,,,kia sportage hybride,KIA SPORTAGE HYBRIDE ESSENCE MODÈLE 2023,Kasserine,https://www.tayara.tn/item/voitures/kasserine/sbetla/kia-sportage-hybride-essence-modle-2023/69cc13612c7ecb90f0fd0cc2/
peugeot,partner tres propre,2014,gasoline,,manual,18cv,,utility,new,standard,3 seats,4 doors,used,35000,2026-03,3,4,,,12,,,peugeot partner tres,Peugeot partner tres propre a vendre,Mdenine,https://www.tayara.tn/item/voitures/mdenine/zarzis/peugeot-partner-tres-propre-a-vendre/69cc134db9d5257b5a856ef5/
peugeot,expert,2009,diesel,,manual,,1600,utility,new,standard,,,used,437000,2026-03,,,1600,,17,,,peugeot expert,une belle Peugeot expert 4,Tunis,https://www.tayara.tn/item/voitures/tunis/tunis/une-belle-peugeot-expert-4/69cc109d57616cdb6536f269/
,,2017,diesel,81000,manual,,1600,sedan,new,standard,,4 doors,used,25362000,2026-03,,4,1600,81000,9,9000,low,,Av ou échange golf7 All star tdi importée serie253,Ben Arous,https://www.tayara.tn/item/voitures/ben-arous/ben-arous/av-ou-change-golf7-all-star-tdi-importe-serie253/69cc1064b9d5257b5a856db0/
kia,rio sedan,2012,gasoline,,automatic,,1200,sedan,new,standard,,,used,,2026-03,,,1200,,14,,,kia rio sedan,kia rio sedan,Monastir,https://www.tayara.tn/item/voitures/monastir/monastir/kia-rio-sedan/69cc0f542c7ecb90f0fd0b10/
,,2022,diesel,,automatic,,2000,,new,standard,,,used,38000,2026-03,,,2000,,4,,,,A vendre,Nabeul,https://www.tayara.tn/item/voitures/nabeul/menzel-temime/a-vendre/69cc0ebcb9d5257b5a856d08/
,,2000,gasoline,,manual,,1300,,new,standard,,,used,23000,2026-03,,,1300,,26,,,,سيارة,Gafsa,https://www.tayara.tn/item/voitures/gafsa/gafsa-sud/69cc0d25b9d5257b5a856c8a/
toyota,agya,2018,gasoline,40000,automatic,4cv,1000,compact,new,standard,,,used,35000,2026-03,,,1000,40000,8,5000,low,toyota agya,Toyota agya,Tunis,https://www.tayara.tn/item/voitures/tunis/tunis/toyota-agya/69cc0abd2c7ecb90f0fd097d/
"citroën,berlingo mouteur e-hdi,2017,diesel,,manual,,1600,sedan,new,standard,3 seats,,used,29182478,2026-03,3,,1600,,9,,,citroën berlingo mouteur,""CITROËN BERLINGO MOUTEUR E-HDI ANNÉE FIN 2017."
29 182 478
"58 710 279"",Bizerte,https://www.tayara.tn/item/voitures/bizerte/sejenane/citron-berlingo-mouteur-ehdi-anne-fin-201729-182-478-58-710-279/69cc0aafb9d5257b5a856bc9/"
,,2010,gasoline,,automatic,2cv,1200,compact,new,standard,5 seats,,used,04025400,2026-03,5,,1200,,16,,,,Polo 7/ 50205040,Mdenine,https://www.tayara.tn/item/voitures/mdenine/ben-gardane/polo-7-50205040/69cc0a1e2c7ecb90f0fd093c/
kia,sportage 1.6 gdi,2022,gasoline,70000,automatic,08cv,1600,coupe,new,standard,7 seats,,used,78000,2026-03,7,,1600,70000,4,17500,normal,kia sportage 1.6,kia sportage 1.6 gdi,Sousse,https://www.tayara.tn/item/voitures/sousse/sousse-jawhara/kia-sportage-16-gdi/6968e84f2838b4e202449c66/
audi,a5,2020,gasoline,125000,automatic,8cv,1500,sedan,new,standard,,,used,51234,2026-03,,,1500,125000,6,20833,high,audi a5,Audi A5,Sousse,https://www.tayara.tn/item/voitures/sousse/sousse-jawhara/audi-a5/68800b9594cd0376dce613bc/
,,2023,gasoline,65000,automatic,,1200,compact,new,standard,,,used,39500,2026-03,,,1200,65000,3,21667,high,,2023 Panda Crossover 4 cylindres 1ere main,Tunis,https://www.tayara.tn/item/voitures/tunis/la-marsa/2023-panda-crossover-4-cylindres-1ere-main/69cc035a57616cdb6536ed8c/
dacia,sandero,2015,diesel,,manual,,1900,sedan,new,standard,,,used,51000,2026-03,,,1900,,11,,,dacia sandero,Dacia Sandero,Kbili,https://www.tayara.tn/item/voitures/kbili/douz-nord/dacia-sandero/69cc027b57616cdb6536ed2a/
,,2009,gasoline,,manual,5cv,1200,sedan,new,standard,,,used,64000,2026-03,,,1200,,17,,,,Polo 6,Tunis,https://www.tayara.tn/item/voitures/tunis/tunis/polo-6/69cc01c1b9d5257b5a856835/
,,2020,gasoline,000,automatic,6cv,1200,coupe,new,standard,,2 doors,used,328900,2026-03,,2,1200,0,6,0,low,,GOLF 7 Smart-Line -1.2 Essence,Sfax,https://www.tayara.tn/item/voitures/sfax/route-tunis/golf-7-smartline-12-essence-/69cbfe8757616cdb6536eb6d/
seat,ibiza première main,2021,gasoline,000,manual,6cv,1200,coupe,new,standard,,2 doors,used,328900,2026-03,,2,1200,0,5,0,low,seat ibiza première,SEAT IBIZA PREMIÈRE MAIN,Sfax,https://www.tayara.tn/item/voitures/sfax/route-tunis/seat-ibiza-premire-main-/69cbfe7d2c7ecb90f0fd0498/
skoda,fabia premiere main.,2021,gasoline,000,manual,6cv,1000,coupe,new,standard,,2 doors,used,328900,2026-03,,2,1000,0,5,0,low,skoda fabia premiere,SKODA FABIA PREMIERE MAIN. 2021,Sfax,https://www.tayara.tn/item/voitures/sfax/route-tunis/skoda-fabia-premiere-main-2021/69cbfe752c7ecb90f0fd0494/
hyundai,grand i10 bva,2020,gasoline,000,automatic,5cv,1248,compact,new,standard,5 seats,,used,39600,2026-03,5,,1248,0,6,0,low,hyundai grand i10,Hyundai Grand i10 BVA 2020 - Trés bon etat,Tunis,https://www.tayara.tn/item/voitures/tunis/tunis/hyundai-grand-i10-bva-2020-trs-bon-etat/69cbfd242c7ecb90f0fd040d/
mg,one luxury neuve,2018,gasoline,000,automatic,,1500,,new,standard,,,used,34000,2026-03,,,1500,0,8,0,low,mg one luxury,MG One Luxury neuve,Tunis,https://www.tayara.tn/item/voitures/tunis/la-marsa/-mg-one-luxury-neuve-/69cbfceb57616cdb6536eacb/
,,2023,diesel,80,,,,,new,standard,,,used,62000,2026-03,,,,80,3,27,low,,موديل caddy.valkswagen    العام 2026 كرهبة نضيفة برشاا,Ben Arous,https://www.tayara.tn/item/voitures/ben-arous/mohamedia/-caddyvalkswagen-2026-/69cbfbceb9d5257b5a8565c0/
peugeot,206,2001,gasoline,,automatic,,1200,compact,new,standard,,2 doors,used,20614500,2026-03,,2,1200,,25,,,peugeot 206,Peugeot 206,Tunis,https://www.tayara.tn/item/voitures/tunis/sidi-hassine/peugeot-206/69cbfb8057616cdb6536ea39/
,,2017,gasoline,68,manual,5cv,1200,,new,standard,,,used,,2026-03,,,1200,68,9,8,low,,clio 68km,Ariana,https://www.tayara.tn/item/voitures/ariana/ariana/clio-68km/69cbfa9e2c7ecb90f0fd0314/
seat,ibiza xcellence 2025,2025,gasoline,,automatic,6cv,1000,,,standard,,,used,02576000,2026-03,,,1000,,1,,,seat ibiza xcellence,SEAT IBIZA XCELLENCE 2025,Ariana,https://www.tayara.tn/item/voitures/ariana/ariana/seat-ibiza-xcellence-2025/69cbf8b52c7ecb90f0fd0246/
renault,clio campus 150km,2012,gasoline,150,manual,4cv,1400,,new,standard,,,used,64000,2026-03,,,1400,150,14,11,low,renault clio campus,Renault Clio campus 150km première main,Tunis,https://www.tayara.tn/item/voitures/tunis/tunis/renault-clio-campus-150km-premire-main/69cbf66a2c7ecb90f0fd0158/
citroën,nemo,2013,diesel,80,manual,,1400,,new,standard,,,used,5662000,2026-03,,,1400,80,13,6,low,citroën nemo,Citroën nemo,Ben Arous,https://www.tayara.tn/item/voitures/ben-arous/el-mourouj/citron-nemo/69cbf64d2c7ecb90f0fd0147/
hyundai,i10,2016,gasoline,335000,automatic,8cv,1200,,new,standard,,4 doors,used,23000,2026-03,,4,1200,335000,10,33500,high,hyundai i10,A vendre Hyundai i10,Gafsa,https://www.tayara.tn/item/voitures/gafsa/mtlaoui/a-vendre-hyundai-i10/69cbf36eb9d5257b5a856242/
nissan,juke,2022,gasoline,82000,automatic,125cv,3000,,new,standard,,,used,80000,2026-03,,,3000,82000,4,20500,high,nissan juke,Nissan juke,Tunis,https://www.tayara.tn/item/voitures/tunis/la-marsa/nissan-juke/69cbf355b9d5257b5a85623b/
audi,,2019,gasoline,107000,manual,,3000,coupe,new,standard,,,used,359000,2026-03,,,3000,107000,7,15286,normal,audi,Audi a 3,Tunis,https://www.tayara.tn/item/voitures/tunis/la-marsa/audi-a-3/69cbf3502c7ecb90f0fcffed/
kia,rio 80km série,2016,gasoline,80,manual,5cv,1400,,new,standard,,,used,5662000,2026-03,,,1400,80,10,8,low,kia rio 80km,kia rio 80km série 189 تسجيل أول,Ben Arous,https://www.tayara.tn/item/voitures/ben-arous/autres-villes/kia-rio-80km-srie-189-/69cbf2962c7ecb90f0fcff9f/
chery,tiggo 7pro neuf,2023,gasoline,28000,automatic,7cv,1500,compact,new,standard,,,used,82000,2026-03,,,1500,28000,3,9333,low,chery tiggo 7pro,Chery Tiggo 7pro neuf,Mahdia,https://www.tayara.tn/item/voitures/mahdia/ksour-essef/chery-tiggo-7pro-neuf/69cbf1c6b9d5257b5a85618a/
mitsubishi,space star 2022,2022,gasoline,,automatic,,1200,,new,standard,,,used,02238000,2026-03,,,1200,,4,,,mitsubishi space star,Mitsubishi space star 2022,Nabeul,https://www.tayara.tn/item/voitures/nabeul/korba/mitsubishi-space-star-2022/69cbf17f2c7ecb90f0fcff29/
mitsubishi,space star 2022,2022,gasoline,,automatic,,1200,,new,standard,,,used,02238000,2026-03,,,1200,,4,,,mitsubishi space star,Mitsubishi space star 2022,Nabeul,https://www.tayara.tn/item/voitures/nabeul/korba/mitsubishi-space-star-2022/69cbf16e57616cdb6536e5e7/
renault,symbol élégance série,2016,gasoline,150,manual,5cv,1400,,new,standard,,,used,64000,2026-03,,,1400,150,10,15,low,renault symbol élégance,Renault symbol Élégance série 185,Tunis,https://www.tayara.tn/item/voitures/tunis/mdina/renault-symbol-lgance-srie-185/69cbf0c6b9d5257b5a856111/
renault,express,2022,gasoline,103000,manual,5cv,,utility,new,standard,5 seats,,used,48500,2026-03,5,,,103000,4,25750,high,renault express,Renault express,Ariana,https://www.tayara.tn/item/voitures/ariana/ariana/renault-express/69c6a94e2e8a8ef70442140a/
,,1996,diesel,,manual,,1900,estate,new,standard,,,used,3800,2026-03,,,1900,,30,,,,205 diesel,Tunis,https://www.tayara.tn/item/voitures/tunis/centre-ville-lafayette/205-diesel/69cbf06e2c7ecb90f0fcfeb8/
",,2018,gasoline,335000,automatic,5cv,1200,compact,new,standard,5 seats,,used,42000,2026-03,5,,1200,335000,8,41875,high,,""هيونداي i20 gls"
خمسة خيالي بنزين
مصنوعة 03/2018
كرهبة على اصلها مزالت جديدة و عجالي جدد استعمال خفيف كل شي تعمل فيه في الدار اي حاجة بالفاتورة و اخر صيانة جديدة و الدهنة متع الدار كان الباراشوكات مدهونين و مرحبا بالجميع 
موجودة في قفصة رقم الهاتف 94747878
"سومها 42 مليون"",Gafsa,https://www.tayara.tn/item/voitures/gafsa/gafsa/-i20-gls-032018-94747878-42-/69cbf03857616cdb6536e562/"
,,2017,gasoline,,automatic,,1400,sedan,new,standard,,,used,39800,2026-03,,,1400,,9,,,,Octavia,Tunis,https://www.tayara.tn/item/voitures/tunis/ain-zaghouen/octavia/69cbefaf2c7ecb90f0fcfe52/
haval,h6 neuf bva,2021,gasoline,10,automatic,,1500,,new,standard,,,used,5662000,2026-03,,,1500,10,5,2,low,haval h6 neuf,Haval H6 neuf BVA 10km série 221 تسجيل أول,Ben Arous,https://www.tayara.tn/item/voitures/ben-arous/autres-villes/haval-h6-neuf-bva-10km-srie-221-/69cbedba2c7ecb90f0fcfd7b/
kia,picanto 1ere main,2024,gasoline,17000,manual,6cv,1000,coupe,new,standard,,2 doors,used,328900,2026-03,,2,1000,17000,2,8500,low,kia picanto 1ere,kia picanto 1ere main 17000 km,Sfax,https://www.tayara.tn/item/voitures/sfax/route-taniour/kia-picanto-1ere-main-17000-km/69cbeaefb9d5257b5a855e26/
hyundai,i20 high grade,2022,gasoline,,manual,5cv,1200,compact,new,standard,,,used,78000,2026-03,,,1200,,4,,,hyundai i20 high,Hyundai i20 High grade,Sousse,https://www.tayara.tn/item/voitures/sousse/sousse-riadh/hyundai-i20-high-grade/69cbea782c7ecb90f0fcfbbf/
,,2025,gasoline,12000,manual,4cv,1400,sedan,new,standard,5 seats,,used,82000,2026-03,5,,1400,12000,1,12000,normal,,i20 origine 4cv4cyl année 2025tel23414111,Mahdia,https://www.tayara.tn/item/voitures/mahdia/chorbane/i20-origine-4cv4cyl-anne-2025tel23414111/69cbea25b9d5257b5a855dc8/
,,2018,gasoline,103000,manual,5cv,1400,sedan,new,standard,5 seats,,used,42000,2026-03,5,,1400,103000,8,12875,normal,,Alpha romeo giulietta,Ariana,https://www.tayara.tn/item/voitures/ariana/cit-ennasr-2/alpha-romeo-giulietta/69cbe9b3b9d5257b5a855d87/
hyundai,20,2023,gasoline,2022,automatic,,1200,coupe,new,standard,,,used,2048800,2026-03,,,1200,2022,3,674,low,hyundai 20,hyundai i 20,Tunis,https://www.tayara.tn/item/voitures/tunis/tunis/hyundai-i-20/69cbe85bb9d5257b5a855cc3/
hyundai,20,2023,gasoline,2022,automatic,,1200,coupe,new,standard,,,used,2048800,2026-03,,,1200,2022,3,674,low,hyundai 20,hyundai i 20,Tunis,https://www.tayara.tn/item/voitures/tunis/tunis/hyundai-i-20/69cbe84fb9d5257b5a855cbb/
citroën,berlingo k9 2022,2022,diesel,,automatic,5cv,1600,,new,standard,5 seats,,used,02235500,2026-03,5,,1600,,4,,,citroën berlingo k9,Citroën Berlingo K9  2022,Tunis,https://www.tayara.tn/item/voitures/tunis/tunis/citron-berlingo-k9-2022/69cbe675b9d5257b5a855bf9/
mercedes,c180 1.6,2014,gasoline,246000,automatic,9cv,1600,sedan,new,standard,7 seats,,used,60000,2026-03,7,,1600,246000,12,20500,high,mercedes c180 1.6,MERCEDES C180 1.6,Ariana,https://www.tayara.tn/item/voitures/ariana/ariana-essoughra/mercedes-c180-16-/69cbe62fb9d5257b5a855bd7/
,,2017,gasoline,,automatic,,1200,sedan,new,standard,,,used,34800,2026-03,,,1200,,9,,,,HYANDAI GRAND I 10 PREMIÈRE MAIN EN EXCELLENT ÉTAT BOÎTE MANUELLE,Bizerte,https://www.tayara.tn/item/voitures/bizerte/zarzouna/hyandai-grand-i-10-premire-main-en-excellent-tat-bote-manuelle/69cbe5fdb9d5257b5a855bbc/
nissan,micra k13,2017,gasoline,,manual,7cv,1200,,new,standard,,,used,1327000,2026-03,,,1200,,9,,,nissan micra k13,Nissan micra k13,Nabeul,https://www.tayara.tn/item/voitures/nabeul/hammamet/nissan-micra-k13/69cbe4b3b9d5257b5a855b1b/
skoda,kamiq 1.6 2023,2022,gasoline,,automatic,6cv,1600,,new,standard,7 seats,,used,02367000,2026-03,7,,1600,,4,,,skoda kamiq 1.6,skoda kamiq 1.6 2023,Sousse,https://www.tayara.tn/item/voitures/sousse/sahloul/skoda-kamiq-16-2023/69cbe47c57616cdb6536df8f/
,,2014,gasoline,240000,manual,7cv,1400,sedan,new,standard,5 seats,,used,839500,2026-03,5,,1400,240000,12,20000,high,,Passat B8,Ariana,https://www.tayara.tn/item/voitures/ariana/la-soukra/passat-b8/69cbe3be2c7ecb90f0fcf842/
,,2020,gasoline,103000,automatic,5cv,1600,sedan,new,standard,5 seats,5 doors,used,46000,2026-03,5,5,1600,103000,6,17167,normal,,Dame vent,Ariana,https://www.tayara.tn/item/voitures/ariana/ariana-ville/dame-vent/69cbe32b2c7ecb90f0fcf7f6/
,,2018,gasoline,147000,manual,7cv,1400,sedan,new,standard,4 seats,,used,43500,2026-03,4,,1400,147000,8,18375,normal,,POLO SIDAN,Sousse,https://www.tayara.tn/item/voitures/sousse/sousse-mdina/polo-sidan/69cbe31857616cdb6536dec0/
,,2000,gasoline,,automatic,4cv,1200,compact,new,standard,,,used,21000,2026-03,,,1200,,26,,,,Clio bambé,Mahdia,https://www.tayara.tn/item/voitures/mahdia/ksour-essef/clio-bamb/69cbe2d5b9d5257b5a855a0b/
dacia,logan mcv,2017,gasoline,,automatic,18cv,1400,,new,standard,,4 doors,used,35000,2026-03,,4,1400,,9,,,dacia logan mcv,Dacia logan mcv,Mdenine,https://www.tayara.tn/item/voitures/mdenine/boughrara/dacia-logan-mcv/69cbe2cdb9d5257b5a855a05/
volkswagen,caddy places,2011,gasoline,184000,manual,5cv,1600,,new,standard,5 seats,,used,32500,2026-03,5,,1600,184000,15,12267,normal,volkswagen caddy places,Volkswagen caddy 5 places,Ariana,https://www.tayara.tn/item/voitures/ariana/el-menzah-5/volkswagen-caddy-5-places/69cbe1ffb9d5257b5a855997/
suzuki,swift modèle 2017,2017,gasoline,150,manual,10cv,1200,compact,new,standard,,,used,64000,2026-03,,,1200,150,9,17,low,suzuki swift modèle,voiture suzuki Swift modèle 2017,Tunis,https://www.tayara.tn/item/voitures/tunis/tunis/voiture-suzuki-swift-modle-2017/69cbe1f657616cdb6536de33/
,,2020,gasoline,,manual,,1400,compact,new,standard,,,used,10031,2026-03,,,1400,,6,,,,mahindra kuv 100,Ariana,https://www.tayara.tn/item/voitures/ariana/ariana/mahindra-kuv-100/69cbe0f02c7ecb90f0fcf6cd/
hyundai,i10,2016,gasoline,2016,automatic,5cv,1200,sedan,new,standard,5 seats,,used,27000,2026-03,5,,1200,2016,10,202,low,hyundai i10,Hyundai i10,Ariana,https://www.tayara.tn/item/voitures/ariana/ariana-ville/hyundai-i10/69cbe0bf57616cdb6536dd9c/
,,2013,gasoline,,automatic,7cv,1200,sedan,new,standard,5 seats,,used,19205,2026-03,5,,1200,,13,,,,C Elysée,Ben Arous,https://www.tayara.tn/item/voitures/ben-arous/hammam-chott/c-elyse/69cbe08f2c7ecb90f0fcf69b/
kia,rio,2011,gasoline,68,automatic,6cv,1400,sedan,new,standard,5 seats,,used,27000,2026-03,5,,1400,68,15,5,low,kia rio,kia Rio,Ariana,https://www.tayara.tn/item/voitures/ariana/ariana/kia-rio/69cbdfceb9d5257b5a855874/
skoda,fabia,2017,gasoline,158000,manual,7cv,1000,sedan,new,standard,,,used,34000,2026-03,,,1000,158000,9,17556,normal,skoda fabia,Skoda Fabia,Nabeul,https://www.tayara.tn/item/voitures/nabeul/nabeul/skoda-fabia/69cbda462c7ecb90f0fcf381/
fiat,palio,1998,gasoline,,manual,,1200,sedan,new,standard,,,used,11800,2026-03,,,1200,,28,,,fiat palio,Fiat palio,Zaghouan,https://www.tayara.tn/item/voitures/zaghouan/en-nadhour/fiat-palio/69cbd81ab9d5257b5a85549e/
,,1990,diesel,80,manual,,1900,utility,new,standard,,,used,5662000,2026-03,,,1900,80,,,,,405 mazout,Ben Arous,https://www.tayara.tn/item/voitures/ben-arous/el-mourouj-5/405-mazout/69cbd81857616cdb6536d926/
dacia,stepway,2023,gasoline,107000,automatic,,1200,coupe,new,standard,,,used,44800,2026-03,,,1200,107000,3,35667,high,dacia stepway,Dacia Stepway,Tunis,https://www.tayara.tn/item/voitures/tunis/tunis/dacia-stepway/69cbd51757616cdb6536d782/
,,2020,diesel,43500,automatic,,2000,coupe,new,standard,,,used,22000000,2026-03,,,2000,43500,6,7250,low,,B9 à vendre,Tunis,https://www.tayara.tn/item/voitures/tunis/tunis/b9-vendre/69cbd4a62c7ecb90f0fcf056/
,,2013,gasoline,,manual,,1400,compact,new,standard,,,used,,2026-03,,,1400,,13,,,,26024480 alfa mito tt option état neuf 1er main,Bja,https://www.tayara.tn/item/voitures/bja/nefza/26024480-alfa-mito-tt-option-tat-neuf-1er-main/69cbd1a82c7ecb90f0fceee6/
chevrolet,sonic tt option,2022,gasoline,,automatic,,1400,compact,new,standard,,,used,,2026-03,,,1400,,4,,,chevrolet sonic tt,99038195 Chevrolet sonic tt option neuf 1er main,Bja,https://www.tayara.tn/item/voitures/bja/nefza/99038195-chevrolet-sonic-tt-option-neuf-1er-main/69cbd18657616cdb6536d5df/
peugeot,404 en bonne,,diesel,,manual,,2600,pickup,new,standard,,,used,,2026-03,,,2600,,,,,peugeot 404 en,peugeot 404 en bonne ocasion,Bja,https://www.tayara.tn/item/voitures/bja/medjez-el-bab/peugeot-404-en-bonne-ocasion/69cbceaa2c7ecb90f0fced71/
renault,symbol 1.2 essence,2009,gasoline,184000,manual,6cv,1200,sedan,new,standard,,,used,27000,2026-03,,,1200,184000,17,10824,normal,renault symbol 1.2,Renault Symbol 1.2 Essence  Bon état  184 000 km,Ariana,https://www.tayara.tn/item/voitures/ariana/chotrana-1/renault-symbol-12-essence-bon-tat-184-000-km/69cbce7a2c7ecb90f0fced5a/
,,2019,gasoline,000,automatic,5cv,1200,,new,standard,5 seats,,used,834000,2026-03,5,,1200,0,7,0,low,,polo8,Ariana,https://www.tayara.tn/item/voitures/ariana/cit-ennasr-2/polo8/69cbcd9db9d5257b5a854f40/
,,2018,diesel,,automatic,,1500,sedan,new,standard,,,used,,2026-03,,,1500,,8,,,,Clio dynamique eco 2  27 817 217,Monastir,https://www.tayara.tn/item/voitures/monastir/ksar-hellal/clio-dynamique-eco-2-27-817-217-/69cbcd172c7ecb90f0fcecc5/
volkswagen,amarok bva highline,2017,gasoline,145000,automatic,7cv,2000,coupe,new,standard,,2 doors,used,328900,2026-03,,2,2000,145000,9,16111,normal,volkswagen amarok bva,Volkswagen Amarok bva highline plus full options etat neuf,Sfax,https://www.tayara.tn/item/voitures/sfax/route-taniour/volkswagen-amarok-bva-highline-plus-full-options-etat-neuf/69cbcb4757616cdb6536d2e7/
mitsubishi,space star 2022,2022,gasoline,,automatic,,1200,,new,standard,9 seats,,used,02238000,2026-03,9,,1200,,4,,,mitsubishi space star,Mitsubishi space star 2022,Nabeul,https://www.tayara.tn/item/voitures/nabeul/korba/mitsubishi-space-star-2022/69cbc9e32c7ecb90f0fceb48/
kia,rio neuf,2023,gasoline,,manual,,1000,compact,new,standard,,,used,123,2026-03,,,1000,,3,,,kia rio neuf,kia rio neuf,Tunis,https://www.tayara.tn/item/voitures/tunis/tunis/kia-rio-neuf/69cbc9a52c7ecb90f0fceb29/
ford,fiesta,2010,gasoline,184000,automatic,6cv,1200,compact,new,standard,,,used,26000,2026-03,,,1200,184000,16,11500,normal,ford fiesta,ford fiesta,Ariana,https://www.tayara.tn/item/voitures/ariana/ariana/ford-fiesta/69cbc9802c7ecb90f0fceb19/
renault,clio campus fiable,2008,gasoline,149000,manual,4cv,1200,estate,new,standard,,,used,28900,2026-03,,,1200,149000,18,8278,low,renault clio campus,RENAULT CLIO CAMPUS  Fiable Économique,Sousse,https://www.tayara.tn/item/voitures/sousse/kantaoui/-renault-clio-campus-fiable-conomique-/69cbc8f52c7ecb90f0fceadb/
,,2007,gasoline,,manual,,1400,sedan,new,standard,,,used,,2026-03,,,1400,,19,,,,C3,Sfax,https://www.tayara.tn/item/voitures/sfax/sfax-ville/c3/69cbc85bb9d5257b5a854cad/
renault,clio campus fiable,2008,gasoline,149000,manual,,1200,compact,new,standard,,,used,28900,2026-03,,,1200,149000,18,8278,low,renault clio campus,RENAULT CLIO CAMPUS  Fiable Économique,Sfax,https://www.tayara.tn/item/voitures/sfax/route-manzel-chaker/-renault-clio-campus-fiable-conomique-/69cbc80db9d5257b5a854c77/
opel,astra cv,2022,gasoline,184000,manual,5cv,,pickup,new,standard,5 seats,4 doors,used,26500,2026-03,5,4,,184000,4,46000,high,opel astra cv,À vendre Opel Astra - 5 CV Essence - Très propre,Tunis,https://www.tayara.tn/item/voitures/tunis/tunis/-vendre-opel-astra-5-cv-essence-trs-propre/69cbc7e257616cdb6536d109/
seat,leon fr,2022,gasoline,,manual,,1200,suv,new,standard,,,used,43500,2026-03,,,1200,,4,,,seat leon fr,seat leon fr,Sidi Bouzid,https://www.tayara.tn/item/voitures/sidi-bouzid/sidi-bouzid/seat-leon-fr/69cbc7e02c7ecb90f0fcea3f/
peugeot,3008 état neuf,2018,gasoline,,automatic,,,,new,standard,7 seats,,used,63000,2026-03,7,,,,8,,,peugeot 3008 état,Peugeot 3008 état neuf,Ariana,https://www.tayara.tn/item/voitures/ariana/ariana/peugeot-3008-tat-neuf/69cbc7c557616cdb6536d0f4/
,,2022,gasoline,,manual,,1400,sedan,new,standard,,,used,35000,2026-03,,,1400,,4,,,,Polo Sedan High Line en parfait état,Gabs,https://www.tayara.tn/item/voitures/gabs/gabs/polo-sedan-high-line-en-parfait-tat/69cbc6c62c7ecb90f0fce9ab/
,,2022,gasoline,,manual,5cv,1400,sedan,new,standard,,,used,35000,2026-03,,,1400,,4,,,,Polo Sedan essence,Gabs,https://www.tayara.tn/item/voitures/gabs/gabs/polo-sedan-essence/69cbc6b52c7ecb90f0fce9a1/
kia,sportage gt line,2021,gasoline,,automatic,11cv,2000,,new,standard,,,used,35000,2026-03,,,2000,,5,,,kia sportage gt,kia Sportage GT Line 44 essence BVA première main,Gabs,https://www.tayara.tn/item/voitures/gabs/gabs/kia-sportage-gt-line-44-essence-bva-premire-main/69cbc658b9d5257b5a854b9d/
,,2012,gasoline,,automatic,6cv,2000,compact,new,standard,,,used,35000,2026-03,,,2000,,14,,,,Sportage essence boîte auto première main,Gabs,https://www.tayara.tn/item/voitures/gabs/gabs/sportage-essence-bote-auto-premire-main/69cbc63557616cdb6536d026/
opel,grandland annee 2020,2020,gasoline,123000,manual,10cv,1200,compact,new,standard,,,used,64000,2026-03,,,1200,123000,6,20500,high,opel grandland annee,A vendre opel grandland x annee 2020 ttes options,Tunis,https://www.tayara.tn/item/voitures/tunis/tunis/a-vendre-opel-grandland-x-annee-2020-ttes-options/69cbc6312c7ecb90f0fce962/
,,2013,gasoline,98000,automatic,9cv,1600,sedan,new,standard,,,used,65000,2026-03,,,1600,98000,13,7538,low,,Cla en très bon état,Mdenine,https://www.tayara.tn/item/voitures/mdenine/djerba-houmt-souk/cla-en-trs-bon-tat/69cbc608b9d5257b5a854b7b/
,,2017,gasoline,,automatic,,1200,sedan,new,standard,,,used,34800,2026-03,,,1200,,9,,,,HYANDAI GRAND I 10 PREMIÈRE MAIN EN EXCELLENT ÉTAT BOÎTE MANUELLE,Bizerte,https://www.tayara.tn/item/voitures/bizerte/zarzouna/hyandai-grand-i-10-premire-main-en-excellent-tat-bote-manuelle/69cbc55757616cdb6536cfc1/
audi,line,2015,gasoline,150,automatic,15cv,3000,,new,standard,,,used,64000,2026-03,,,3000,150,11,14,low,audi line,A Vendre Audi Q 5 s line 3 litres v6 tdi Quattro modèle 2015 110 mille km ttes options,Tunis,https://www.tayara.tn/item/voitures/tunis/tunis/a-vendre-audi-q-5-s-line-3-litres-v6-tdi-quattro-modle-2015-110-mille-km-ttes-options/69cbc51cb9d5257b5a854b04/
,,2009,gasoline,255235000,automatic,9cv,1800,sedan,new,standard,,,used,35000,2026-03,,,1800,255235000,17,15013824,high,,Vendre Voiture Passat cc,Gabs,https://www.tayara.tn/item/voitures/gabs/gabs-mdina/vendre-voiture-passat-cc/69cbc2af2c7ecb90f0fce79a/
,,2020,gasoline,000,manual,6cv,1000,sedan,new,standard,5 seats,,used,39700,2026-03,5,,1000,0,6,0,low,,clio 5 sce importe d la france,Ben Arous,https://www.tayara.tn/item/voitures/ben-arous/el-mourouj-6/clio-5-sce-importe-d-la-france/69cbc150b9d5257b5a85491e/
,,2012,diesel,,automatic,,2500,compact,new,standard,,,used,777777777,2026-03,,,2500,,14,,,,dmx,Zaghouan,https://www.tayara.tn/item/voitures/zaghouan/zaghouan/dmx/69cbc0f3b9d5257b5a8548f0/
bmw,série gran coupe,2022,gasoline,59000,automatic,8cv,1500,sedan,new,standard,,,used,103000,2026-03,,,1500,59000,4,14750,normal,bmw série gran,BMW SÉRIE 2 Gran Coupe Sport Line,Ben Arous,https://www.tayara.tn/item/voitures/ben-arous/boumhel/bmw-srie-2-gran-coupe-sport-line/69cbc0ba57616cdb6536cd89/
opel,astra,2010,gasoline,,manual,,1400,compact,new,standard,,,used,28500,2026-03,,,1400,,16,,,opel astra,Opel Astra H,Jendouba,https://www.tayara.tn/item/voitures/jendouba/jendouba/opel-astra-h/69cbbd012c7ecb90f0fce53e/
peugeot,208 active pack,2023,gasoline,107000,automatic,,1200,coupe,new,standard,,,used,48000,2026-03,,,1200,107000,3,35667,high,peugeot 208 active,Peugeot 208 Active Pack,Tunis,https://www.tayara.tn/item/voitures/tunis/tunis/peugeot-208-active-pack/69cbbae957616cdb6536cb04/
kia,picanto boîte auto,2014,gasoline,,automatic,,1200,sedan,new,standard,,,used,,2026-03,,,1200,,12,,,kia picanto boîte,kia Picanto boîte auto kelmtrage 57 réel,Mahdia,https://www.tayara.tn/item/voitures/mahdia/el-jem/kia-picanto-bote-auto-kelmtrage-57-rel/69cbbab12c7ecb90f0fce430/
,,2014,diesel,2014,manual,171000cv,1600,sedan,,standard,,,used,,2026-03,,,1600,2014,12,168,low,,Passat b8 tdi fin 2014,Sousse,https://www.tayara.tn/item/voitures/sousse/sidi-bou-ali/passat-b8-tdi-fin-2014/69cbb9f157616cdb6536ca7a/
citroën,c4 ehdi fin,2019,diesel,,manual,,1600,sedan,new,standard,,,used,78000,2026-03,,,1600,,7,,,citroën c4 ehdi,Citroën C4 ehdi fin 2018,Sousse,https://www.tayara.tn/item/voitures/sousse/sidi-bou-ali/citron-c4-ehdi-fin-2018/69cbb9e457616cdb6536ca74/
mg,2021,2021,diesel,,automatic,,2000,sedan,new,standard,,,used,78000,2026-03,,,2000,,5,,,mg 2021,c200d AMG 2021,Sousse,https://www.tayara.tn/item/voitures/sousse/kantaoui/c200d-amg-2021/69cbb9d92c7ecb90f0fce3cb/
fiat,panda city état,2020,gasoline,100,automatic,4cv,1242,hatchback,new,standard,5 seats,,used,27000,2026-03,5,,1242,100,6,17,low,fiat panda city,Fiat panda   city état neuf,Ariana,https://www.tayara.tn/item/voitures/ariana/jardins-el-menzah/fiat-panda-city-tat-neuf/69cbb907b9d5257b5a8545e1/
,,2020,gasoline,100,automatic,4cv,1242,hatchback,new,standard,5 seats,,used,27000,2026-03,5,,1242,100,6,17,low,,Fait panda   4ch 4 cylindrée importe,Ariana,https://www.tayara.tn/item/voitures/ariana/les-jardins-el-menzah-2/fait-panda-4ch-4-cylindre-importe/69cbb901b9d5257b5a8545de/
mercedes,c180,2010,gasoline,103000,automatic,5cv,1600,sedan,new,standard,5 seats,,used,18046000,2026-03,5,,1600,103000,16,6438,low,mercedes c180,mercedes c180,Ariana,https://www.tayara.tn/item/voitures/ariana/ariana/mercedes-c180/69cbb8e52c7ecb90f0fce35d/
bmw,116i pack sport,2013,gasoline,,automatic,,1600,compact,new,standard,,5 doors,used,55000,2026-03,,5,1600,,13,,,bmw 116i pack,bmw 116i pack sport,Sfax,https://www.tayara.tn/item/voitures/sfax/sfax/bmw-116i-pack-sport/69cbb88557616cdb6536c9f4/
,,2017,gasoline,,,,1200,sedan,new,standard,,,used,03569940,2026-03,,,1200,,9,,,,a vendre  voiture symbol elegance  2017...tel 52035699,Jendouba,https://www.tayara.tn/item/voitures/jendouba/tabarka/a-vendre-voiture-symbol-elegance-2017tel-52035699/69cbb86d57616cdb6536c9ea/
mini,cooper john works,2022,gasoline,,manual,,1500,compact,new,standard,,,used,78000,2026-03,,,1500,,4,,,mini cooper john,MINI COOPER JOHN WORKS,Sousse,https://www.tayara.tn/item/voitures/sousse/sahloul/mini-cooper-john-works-/69cbb80d57616cdb6536c9c9/
dacia,sandero stepway,2022,gasoline,,manual,,1000,compact,new,standard,,,used,78000,2026-03,,,1000,,4,,,dacia sandero stepway,DACIA SANDERO STEPWAY,Sousse,https://www.tayara.tn/item/voitures/sousse/sahloul/dacia-sandero-stepway/69cbb8022c7ecb90f0fce302/
dacia,sandero stepway fin,2022,gasoline,,manual,,1000,compact,new,standard,,,used,78000,2026-03,,,1000,,4,,,dacia sandero stepway,DACIA SANDERO STEPWAY FIN SÉRIE,Sousse,https://www.tayara.tn/item/voitures/sousse/sousse/dacia-sandero-stepway-fin-srie/69cbb7feb9d5257b5a854569/
,,2021,gasoline,,automatic,,,,new,standard,,,used,29500,2026-03,,,,,5,,,,vendre voiture,Monastir,https://www.tayara.tn/item/voitures/monastir/jemmal/vendre-voiture/69cbb74cb9d5257b5a854524/
,,2021,gasoline,95000,manual,06cv,1000,sedan,new,standard,7 seats,,used,76800,2026-03,7,,1000,95000,5,19000,normal,,Golf 8 A vendre,Ariana,https://www.tayara.tn/item/voitures/ariana/ghazela/golf-8-a-vendre/69cbb73a2c7ecb90f0fce2ae/
nissan,qashqai,2011,diesel,,manual,6cv,1500,coupe,new,standard,,,used,77034,2026-03,,,1500,,15,,,nissan qashqai,nissan qashqai,Tunis,https://www.tayara.tn/item/voitures/tunis/centre-urbain-nord/nissan-qashqai/69cbb68d2c7ecb90f0fce261/
renault,clio 69km,2021,gasoline,69,manual,5cv,1000,compact,new,standard,,,used,,2026-03,,,1000,69,5,14,low,renault clio 69km,Renault clio 69km,La Manouba,https://www.tayara.tn/item/voitures/la-manouba/la-manouba/renault-clio-69km/69cbb5fa57616cdb6536c906/
citroën,c3 vendre,2017,gasoline,,manual,,3000,,new,standard,,,used,32000,2026-03,,,3000,,9,,,citroën c3 vendre,Voiture Citroën C3 à vendre,Sfax,https://www.tayara.tn/item/voitures/sfax/route-el-afrane/voiture-citron-c3-vendre/69cbb33cb9d5257b5a85434a/
,,2021,gasoline,141000,manual,,1400,compact,new,standard,,,used,,2026-03,,,1400,141000,5,28200,high,,megane 4,Nabeul,https://www.tayara.tn/item/voitures/nabeul/nabeul/megane-4/69cbb1dcb9d5257b5a8542a8/
,,2021,diesel,000,manual,,1500,sedan,new,standard,,,used,78000,2026-03,,,1500,0,5,0,low,,C3 DIESEL FIN 2021 SERIE 260,Sousse,https://www.tayara.tn/item/voitures/sousse/sousse/c3-diesel-fin-2021-serie-260/69cbb09857616cdb6536c674/
citroën,nemo .4,2014,gasoline,,manual,6cv,1400,coupe,new,standard,5 seats,4 doors,used,38625200,2026-03,5,4,1400,,12,,,citroën nemo .4,La  Marsa  à  vendre  Citroën  NEMO  1 .4   1 ére main   neuf   6 CV  diésel    septembre 2014  prix  25200 md  légèrement  négociable   tél   98 318 386,Tunis,https://www.tayara.tn/item/voitures/tunis/la-marsa/la-marsa-vendre-citron-nemo-1-4-1-re-main-neuf-6-cv-disel-septembre-2014-prix-25200-md-lgrement-ngociable-tl-98-318-386/69cbafcab9d5257b5a8541ac/
,,2007,gasoline,,manual,,,,new,standard,,,used,,2026-03,,,,,19,,,,VoitureMegane 2 à vendre,Nabeul,https://www.tayara.tn/item/voitures/nabeul/nabeul/voituremegane-2-vendre/69cbafc6b9d5257b5a8541ab/
audi,a3 tdi sportback,2013,diesel,,manual,5cv,1600,,,standard,,,used,,2026-03,,,1600,,13,,,audi a3 tdi,Audi a3 tdi sportback excellente état,Ariana,https://www.tayara.tn/item/voitures/ariana/cit-ennasr-2/audi-a3-tdi-sportback-excellente-tat/69997f4f34a471841e893b99/
,,2024,gasoline,8500,automatic,04cv,1000,sedan,new,standard,,,used,,2026-03,,,1000,8500,2,4250,low,,première main avec 8500 km,Tunis,https://www.tayara.tn/item/voitures/tunis/centre-urbain-nord/premire-main-avec-8500-km/69cbae802c7ecb90f0fcde8f/
fiat,cinquecento,1996,gasoline,,manual,4cv,1000,,new,standard,,,used,8000,2026-03,,,1000,,30,,,fiat cinquecento,fiat cinquecento,Kairouan,https://www.tayara.tn/item/voitures/kairouan/kairouan/fiat-cinquecento/69cbad58b9d5257b5a85402e/
,,2015,gasoline,,automatic,,3000,estate,new,standard,,,used,3300,2026-03,,,3000,,11,,,,4 roues range rover sport par 20,Tunis,https://www.tayara.tn/item/voitures/tunis/carthage/4-roues-range-rover-sport-par-20/69cbad3db9d5257b5a854022/
,,2015,gasoline,,automatic,,3000,estate,new,standard,,,used,3300,2026-03,,,3000,,11,,,,4 roues range rover sport par 20,Tunis,https://www.tayara.tn/item/voitures/tunis/carthage/4-roues-range-rover-sport-par-20/69cbad24b9d5257b5a854018/
volkswagen,golf 1.4,2012,gasoline,22,automatic,5cv,1400,sedan,new,standard,5 seats,,used,27000,2026-03,5,,1400,22,14,2,low,volkswagen golf 1.4,Volkswagen Golf 6 1.4,Ariana,https://www.tayara.tn/item/voitures/ariana/les-jardins-el-menzah-2/volkswagen-golf-6-14/699421e16cd42e2d7b6ee6fe/
mercedes,230,2009,gasoline,22,automatic,13cv,2500,sedan,new,standard,5 seats,,used,27000,2026-03,5,,2500,22,17,1,low,mercedes 230,Mercedes-Benz C 230,Ariana,https://www.tayara.tn/item/voitures/ariana/les-jardins-el-menzah-2/mercedesbenz-c-230/699421598cc6eb8dfec544a6/
mercedes,e200 coupé,2010,gasoline,22,automatic,12cv,1800,sedan,new,standard,5 seats,,used,27000,2026-03,5,,1800,22,16,1,low,mercedes e200 coupé,Mercedes-benz E200 Coupé,Ariana,https://www.tayara.tn/item/voitures/ariana/les-jardins-el-menzah-2/mercedesbenz-e200-coup-/6994226e8cc6eb8dfec5452d/
mercedes,gla 250e kit,2024,gasoline,22,automatic,8cv,1400,sedan,new,standard,5 seats,,used,27000,2026-03,5,,1400,22,2,11,low,mercedes gla 250e,Mercedes GLA 250e Kit AMG,Ariana,https://www.tayara.tn/item/voitures/ariana/les-jardins-el-menzah-2/mercedes-gla-250e-kit-amg-/6994231d8cc6eb8dfec54570/
audi,a4 line black,2020,gasoline,22,automatic,9cv,2000,sedan,new,standard,5 seats,,used,27000,2026-03,5,,2000,22,6,4,low,audi a4 line,Audi A4 S Line black Edition,Ariana,https://www.tayara.tn/item/voitures/ariana/les-jardins-el-menzah-2/audi-a4-s-line-black-edition-/69873ae01a74f8e7049ef01d/
renault,clio,2017,gasoline,22,automatic,4cv,1200,sedan,new,standard,5 seats,,used,27000,2026-03,5,,1200,22,9,2,low,renault clio,Renault Clio 4,Ariana,https://www.tayara.tn/item/voitures/ariana/les-jardins-el-menzah-2/renault-clio-4-/698739b3dd758628862432fa/
mercedes,eqa 250,2021,gasoline,22,automatic,6cv,1400,sedan,new,standard,5 seats,,used,27000,2026-03,5,,1400,22,5,4,low,mercedes eqa 250,Mercedes EQA 250,Ariana,https://www.tayara.tn/item/voitures/ariana/les-jardins-el-menzah-2/mercedes-eqa-250/6966397e0fe25058526413e8/
bmw,116d pack m///,2016,gasoline,22,automatic,5cv,1500,sedan,new,standard,5 seats,,used,27000,2026-03,5,,1500,22,10,2,low,bmw 116d pack,BMW 116D Pack M///,Ariana,https://www.tayara.tn/item/voitures/ariana/les-jardins-el-menzah-2/bmw-116d-pack-m/69873a45dd75862886243339/
kia,rio gx,2022,gasoline,22,automatic,5cv,1200,sedan,new,standard,5 seats,,used,27000,2026-03,5,,1200,22,4,6,low,kia rio gx,Kia Rio GX,Ariana,https://www.tayara.tn/item/voitures/ariana/les-jardins-el-menzah-2/kia-rio-gx-/693a848bcd04d08be7491157/
hyundai,i30,2021,gasoline,22,automatic,6cv,1000,sedan,new,standard,5 seats,,used,27000,2026-03,5,,1000,22,5,4,low,hyundai i30,HYUNDAI I30,Ariana,https://www.tayara.tn/item/voitures/ariana/les-jardins-el-menzah-2/hyundai-i30/6966362698b63ca72f8e51c4/
chery,tiggo pro,2021,gasoline,22,automatic,8cv,1500,sedan,new,standard,5 seats,,used,27000,2026-03,5,,1500,22,5,4,low,chery tiggo pro,CHERY TIGGO 7 PRO,Ariana,https://www.tayara.tn/item/voitures/ariana/les-jardins-el-menzah-2/chery-tiggo-7-pro/694a5f8e8914daae51a013dd/
mercedes,e200 cdi kit,2013,gasoline,22,automatic,7cv,2200,sedan,new,standard,5 seats,,used,27000,2026-03,5,,2200,22,13,2,low,mercedes e200 cdi,Mercedes-benz E200 CDI Kit AMG,Ariana,https://www.tayara.tn/item/voitures/ariana/les-jardins-el-menzah-2/mercedesbenz-e200-cdi-kit-amg-/694a65d2cd04d08be74fa172/
toyota,fj cruiser4x4,2017,gasoline,22,automatic,18cv,4000,coupe,new,standard,5 seats,,used,27000,2026-03,5,,4000,22,9,2,low,toyota fj cruiser4x4,TOYOTA FJ CRUISER4x4,Ariana,https://www.tayara.tn/item/voitures/ariana/les-jardins-el-menzah-2/toyota-fj-cruiser4x4/694a602f8914daae51a01450/
volkswagen,passat smart-line,2020,gasoline,22,automatic,8cv,1400,sedan,new,standard,5 seats,,used,27000,2026-03,5,,1400,22,6,4,low,volkswagen passat smart-line,Volkswagen Passat smart-line,Ariana,https://www.tayara.tn/item/voitures/ariana/les-jardins-el-menzah-2/volkswagen-passat-smartline/694a62a78914daae51a015be/
mercedes,gla 250e kit,2021,gasoline,22,automatic,8cv,1400,sedan,new,standard,5 seats,,used,27000,2026-03,5,,1400,22,5,4,low,mercedes gla 250e,Mercedes GLA 250e Kit AMG Pack Night,Ariana,https://www.tayara.tn/item/voitures/ariana/les-jardins-el-menzah-2/mercedes-gla-250e-kit-amg-pack-night-/6937f28f8914daae51986a31/
volkswagen,multivan,2022,gasoline,22,automatic,11cv,2000,sedan,new,standard,6 seats,,used,27000,2026-03,6,,2000,22,4,6,low,volkswagen multivan,Volkswagen MULTIVAN,Ariana,https://www.tayara.tn/item/voitures/ariana/les-jardins-el-menzah-2/volkswagen-multivan-/694a6441cd04d08be74fa05a/
chevrolet,captiva,2013,gasoline,22,automatic,9cv,2300,sedan,new,standard,5 seats,,used,27000,2026-03,5,,2300,22,13,2,low,chevrolet captiva,CHEVROLET CAPTIVA,Ariana,https://www.tayara.tn/item/voitures/ariana/les-jardins-el-menzah-2/-chevrolet-captiva/68f7a911a32af86aba10f4c8/
hyundai,palisade htrac 2.2,2021,gasoline,22,automatic,12cv,2200,coupe,new,standard,8 seats,,used,27000,2026-03,8,,2200,22,5,4,low,hyundai palisade htrac,HYUNDAI PALISADE HTRAC 2.2,Ariana,https://www.tayara.tn/item/voitures/ariana/les-jardins-el-menzah-2/hyundai-palisade-htrac-22/68f7ac31b756576ab405979d/
porsche,panamera,2012,gasoline,22,automatic,15cv,3000,sedan,new,standard,5 seats,,used,27000,2026-03,5,,3000,22,14,2,low,porsche panamera,PORSCHE  PANAMERA,Ariana,https://www.tayara.tn/item/voitures/ariana/les-jardins-el-menzah-2/porsche-panamera/68f7b58eb756576ab4059db2/
,,2020,gasoline,22,automatic,8cv,1400,sedan,new,standard,5 seats,,used,27000,2026-03,5,,1400,22,6,4,low,,Golf 8 GTE,Ariana,https://www.tayara.tn/item/voitures/ariana/les-jardins-el-menzah-2/-golf-8-gte-/692ea55b145e1617cbaf2e4c/
audi,q2 35 tfsi,2021,gasoline,22,automatic,8cv,1400,sedan,new,standard,5 seats,,used,27000,2026-03,5,,1400,22,5,4,low,audi q2 35,AUDI Q2 35 TFSI,Ariana,https://www.tayara.tn/item/voitures/ariana/les-jardins-el-menzah-2/audi-q2-35-tfsi/68f7b355b756576ab4059c42/
land rover,evoque,2015,gasoline,22,automatic,8cv,2200,sedan,new,standard,5 seats,,used,27000,2026-03,5,,2200,22,11,2,low,land rover evoque,LAND ROVER EVOQUE,Ariana,https://www.tayara.tn/item/voitures/ariana/les-jardins-el-menzah-2/land-rover-evoque-/68f7ab1ab756576ab40596fb/
,,2022,gasoline,22,automatic,8cv,1400,sedan,new,standard,5 seats,,used,27000,2026-03,5,,1400,22,4,6,low,,TIGUAN kit R line,Ariana,https://www.tayara.tn/item/voitures/ariana/les-jardins-el-menzah-2/-tiguan-kit-r-line/6868ecd1d5464a896ca37e0b/
seat,arona fr bva,2020,gasoline,22,automatic,6cv,1000,sedan,new,standard,5 seats,,used,27000,2026-03,5,,1000,22,6,4,low,seat arona fr,SEAT ARONA FR BVA,Ariana,https://www.tayara.tn/item/voitures/ariana/les-jardins-el-menzah-2/seat-arona-fr-bva/68f7ad69b756576ab4059848/
toyota,prado d4d bva,2005,gasoline,22,automatic,12cv,3000,coupe,new,standard,7 seats,,used,27000,2026-03,7,,3000,22,21,1,low,toyota prado d4d,TOYOTA PRADO D4D BVA,Ariana,https://www.tayara.tn/item/voitures/ariana/les-jardins-el-menzah-2/toyota-prado-d4d-bva/6868ec3dd5464a896ca37d9a/
mercedes,c180 pack night,2023,gasoline,22,automatic,9cv,1500,sedan,new,standard,5 seats,,used,27000,2026-03,5,,1500,22,3,7,low,mercedes c180 pack,Mercedes C180 Pack Night,Ariana,https://www.tayara.tn/item/voitures/ariana/les-jardins-el-menzah-2/mercedes-c180-pack-night-/6868e80794cd0376dcd5d1b4/
mercedes,gla 250e kit,2023,gasoline,22,automatic,8cv,1400,sedan,new,standard,5 seats,,used,27000,2026-03,5,,1400,22,3,7,low,mercedes gla 250e,Mercedes GLA 250e Kit AMG Pack Night,Ariana,https://www.tayara.tn/item/voitures/ariana/les-jardins-el-menzah-2/mercedes-gla-250e-kit-amg-pack-night-/6729ea04981bc29b6445334b/
audi,q3 sp back,2020,gasoline,22,automatic,8cv,1500,sedan,new,standard,5 seats,,used,27000,2026-03,5,,1500,22,6,4,low,audi q3 sp,AUDI Q3 SP BACK S Line,Ariana,https://www.tayara.tn/item/voitures/ariana/les-jardins-el-menzah-2/audi-q3-sp-back-s-line/68074ea6c5beda2b51ccba2c/
mercedes,eqe 300,2024,gasoline,22,automatic,8cv,2000,sedan,new,standard,5 seats,,used,27000,2026-03,5,,2000,22,2,11,low,mercedes eqe 300,Mercedes-Benz EQE 300,Ariana,https://www.tayara.tn/item/voitures/ariana/les-jardins-el-menzah-2/mercedesbenz-eqe-300/689b07aefc8b58622a2cb07f/
bmw,x3 3.0d4x4,2006,gasoline,22,automatic,13cv,3000,coupe,new,standard,5 seats,,used,27000,2026-03,5,,3000,22,20,1,low,bmw x3 3.0d4x4,BMW X3 3.0D4x4,Ariana,https://www.tayara.tn/item/voitures/ariana/les-jardins-el-menzah-2/bmw-x3-30d4x4-/6729e8f8981bc29b64453226/
toyota,land cruiser bva,2007,gasoline,22,automatic,17cv,4000,coupe,new,standard,8 seats,,used,27000,2026-03,8,,4000,22,19,1,low,toyota land cruiser,TOYOTA LAND CRUISER BVA,Ariana,https://www.tayara.tn/item/voitures/ariana/les-jardins-el-menzah-2/toyota-land-cruiser-bva/68074ce5c5beda2b51ccb8ff/
mercedes,200 kit amg,2023,gasoline,22,automatic,11cv,2000,sedan,new,standard,5 seats,,used,27000,2026-03,5,,2000,22,3,7,low,mercedes 200 kit,Mercedes E 200 Kit AMG Pack Night,Ariana,https://www.tayara.tn/item/voitures/ariana/les-jardins-el-menzah-2/mercedes-e-200-kit-amg-pack-night-/6729ea9972ad847c9c37e0fa/
porsche,macan,2017,gasoline,22,automatic,15cv,2000,sedan,new,standard,5 seats,,used,27000,2026-03,5,,2000,22,9,2,low,porsche macan,Porsche Macan,Ariana,https://www.tayara.tn/item/voitures/ariana/les-jardins-el-menzah-2/porsche-macan-/68a58da2ccec382a0d7135af/
hyundai,venue,2022,gasoline,,automatic,,1600,,new,standard,,,used,38000,2026-03,,,1600,,4,,,hyundai venue,hyundai venue,Nabeul,https://www.tayara.tn/item/voitures/nabeul/nabeul/hyundai-venue/69cbac7db9d5257b5a853fd0/
mercedes,glc 300 4matic,2021,gasoline,22,automatic,12cv,2000,coupe,new,standard,5 seats,,used,27000,2026-03,5,,2000,22,5,4,low,mercedes glc 300,MERCEDES-BENZ GLC 300 4MATIC COUPE AMG,Ariana,https://www.tayara.tn/item/voitures/ariana/les-jardins-el-menzah-2/mercedesbenz-glc-300-4matic-coupe-amg-/675d4100f39faeaa98b927f1/
mercedes,glc 300 4matic,2024,gasoline,22,automatic,15cv,3000,coupe,new,standard,5 seats,,used,27000,2026-03,5,,3000,22,2,11,low,mercedes glc 300,MERCEDES-BENZ GLC 300 4MATIC COUPE AMG PACK NIGHT,Ariana,https://www.tayara.tn/item/voitures/ariana/les-jardins-el-menzah-2/mercedesbenz-glc-300-4matic-coupe-amg-pack-night/678fbc7b9bffab23b80d9a5e/
mercedes,250e kit amg,2024,gasoline,22,automatic,9cv,1400,sedan,new,standard,5 seats,,used,27000,2026-03,5,,1400,22,2,11,low,mercedes 250e kit,Mercedes A 250e Kit AMG Premium,Ariana,https://www.tayara.tn/item/voitures/ariana/les-jardins-el-menzah-2/mercedes-a-250e-kit-amg-premium-/68a5900a3398639ecd900413/
,,2019,gasoline,22,automatic,5cv,1000,sedan,new,standard,5 seats,,used,27000,2026-03,5,,1000,22,7,3,low,,SMART FORTWO,Ariana,https://www.tayara.tn/item/voitures/ariana/les-jardins-el-menzah-2/-smart-fortwo-/6872343cd5464a896ca9c625/
kia,rio bva,2023,gasoline,22,automatic,6cv,1400,sedan,new,standard,5 seats,,used,27000,2026-03,5,,1400,22,3,7,low,kia rio bva,Kia Rio BVA,Ariana,https://www.tayara.tn/item/voitures/ariana/les-jardins-el-menzah-2/kia-rio-bva-/69661dfe0600235ebdf41ab9/
peugeot,508 ehdi,2019,gasoline,22,automatic,7cv,1500,sedan,new,standard,5 seats,,used,27000,2026-03,5,,1500,22,7,3,low,peugeot 508 ehdi,PEUGEOT 508 EHDI,Ariana,https://www.tayara.tn/item/voitures/ariana/les-jardins-el-menzah-2/peugeot-508-ehdi-/691307c3265523b710e26553/
,,2005,gasoline,22,automatic,20cv,3500,coupe,new,standard,5 seats,,used,27000,2026-03,5,,3500,22,21,1,low,,HUMMER H3,Ariana,https://www.tayara.tn/item/voitures/ariana/les-jardins-el-menzah-2/hummer-h3/682c45a141532c94f15d73da/
volkswagen,tiguan,2021,gasoline,22,automatic,8cv,1500,sedan,new,standard,5 seats,,used,27000,2026-03,5,,1500,22,5,4,low,volkswagen tiguan,VOLKSWAGEN TIGUAN,Ariana,https://www.tayara.tn/item/voitures/ariana/les-jardins-el-menzah-2/-volkswagen-tiguan-/69661fe6b6ae927ddf7f1d0a/
,,2016,gasoline,22,automatic,5cv,1600,sedan,new,standard,5 seats,,used,27000,2026-03,5,,1600,22,10,2,low,,Golf 7 confortline TDI,Ariana,https://www.tayara.tn/item/voitures/ariana/les-jardins-el-menzah-2/-golf-7-confortline-tdi-/6937efa8cd04d08be747ed4b/
land rover,evoque dynamic,2016,gasoline,22,automatic,8cv,2000,coupe,new,standard,5 seats,,used,27000,2026-03,5,,2000,22,10,2,low,land rover evoque,LAND ROVER EVOQUE DYNAMIC,Ariana,https://www.tayara.tn/item/voitures/ariana/les-jardins-el-menzah-2/land-rover-evoque-dynamic/69661e80a00bf1861739c1bd/
volkswagen,polo bva,2021,gasoline,22,automatic,5cv,1000,sedan,new,standard,5 seats,,used,27000,2026-03,5,,1000,22,5,4,low,volkswagen polo bva,VOLKSWAGEN POLO BVA,Ariana,https://www.tayara.tn/item/voitures/ariana/les-jardins-el-menzah-2/-volkswagen-polo-bva-/697e0980dce8e6dd78b3fdc2/
volkswagen,golf tdi bva,2018,gasoline,22,automatic,6cv,1600,sedan,new,standard,5 seats,,used,27000,2026-03,5,,1600,22,8,3,low,volkswagen golf tdi,Volkswagen Golf 7 TDI BVA,Ariana,https://www.tayara.tn/item/voitures/ariana/les-jardins-el-menzah-2/volkswagen-golf-7-tdi-bva-/697e0a3415471d09ce118086/
,,2021,gasoline,22,automatic,8cv,1400,sedan,new,standard,5 seats,,used,27000,2026-03,5,,1400,22,5,4,low,,Golf 8 GTE,Ariana,https://www.tayara.tn/item/voitures/ariana/les-jardins-el-menzah-2/-golf-8-gte-/69c26bf818988b5c47807fc3/
mercedes,cla 250e kit,2021,gasoline,22,automatic,8cv,1400,sedan,new,standard,5 seats,,used,27000,2026-03,5,,1400,22,5,4,low,mercedes cla 250e,Mercedes CLA 250e Kit AMG Pack Night,Ariana,https://www.tayara.tn/item/voitures/ariana/les-jardins-el-menzah-2/mercedes-cla-250e-kit-amg-pack-night-/69c26cc718988b5c4780805a/
kia,rio smart,2022,gasoline,22,manual,5cv,1000,sedan,new,standard,,,used,,2026-03,,,1000,22,4,6,low,kia rio smart,Kia Rio Smart,Ariana,https://www.tayara.tn/item/voitures/ariana/les-jardins-el-menzah-2/kia-rio-smart-/69c269ee2e8a8ef7043fe235/
mitsubishi,l200 sportero did,2023,gasoline,22,automatic,8cv,2500,coupe,new,standard,5 seats,,used,27000,2026-03,5,,2500,22,3,7,low,mitsubishi l200 sportero,MITSUBISHI L200 SPORTERO DiD,Ariana,https://www.tayara.tn/item/voitures/ariana/les-jardins-el-menzah-2/mitsubishi-l200-sportero-did/69c26a9c18988b5c47807ea7/
volkswagen,polo prestige,2021,gasoline,22,automatic,4cv,1000,sedan,new,standard,5 seats,,used,27000,2026-03,5,,1000,22,5,4,low,volkswagen polo prestige,Volkswagen Polo 8 Prestige,Ariana,https://www.tayara.tn/item/voitures/ariana/les-jardins-el-menzah-2/volkswagen-polo-8-prestige-/69c2693a2e8a8ef7043fe19e/
bmw,x6 3.0d,2011,gasoline,22,automatic,20cv,3000,coupe,new,standard,5 seats,,used,27000,2026-03,5,,3000,22,15,1,low,bmw x6 3.0d,BMW X6 3.0D,Ariana,https://www.tayara.tn/item/voitures/ariana/les-jardins-el-menzah-2/bmw-x6-30d-/69c266a518988b5c47807ba5/
mercedes,cla 250e kit,2023,gasoline,22,automatic,8cv,1400,sedan,new,standard,5 seats,,used,27000,2026-03,5,,1400,22,3,7,low,mercedes cla 250e,Mercedes CLA 250e Kit AMG Pack Night,Ariana,https://www.tayara.tn/item/voitures/ariana/les-jardins-el-menzah-2/mercedes-cla-250e-kit-amg-pack-night-/687b5c7494cd0376dce2b1d1/
opel,crossland ehdi,2021,gasoline,22,automatic,6cv,1500,sedan,new,standard,5 seats,,used,27000,2026-03,5,,1500,22,5,4,low,opel crossland ehdi,OPEL CROSSLAND EHDI,Ariana,https://www.tayara.tn/item/voitures/ariana/les-jardins-el-menzah-2/opel-crossland-ehdi-/691306ef265523b710e2647d/
audi,a3 sportback line,2025,gasoline,22,automatic,8cv,1500,sedan,new,standard,5 seats,,used,27000,2026-03,5,,1500,22,1,22,low,audi a3 sportback,AUDI A3 SPORTBACK S Line,Ariana,https://www.tayara.tn/item/voitures/ariana/les-jardins-el-menzah-2/audi-a3-sportback-s-line/69cbac01b9d5257b5a853f7e/
dacia,dokker,2017,gasoline,,manual,,,utility,new,standard,5 seats,,used,32000,2026-03,5,,,,9,,,dacia dokker,DACIA DOKKER,Bja,https://www.tayara.tn/item/voitures/bja/bja/dacia-dokker/69cb8c692c7ecb90f0fcce58/
,,2021,gasoline,22,automatic,6cv,1000,sedan,new,standard,5 seats,,used,27000,2026-03,5,,1000,22,5,4,low,,T-CROSS ACTIVE  BVA,Ariana,https://www.tayara.tn/item/voitures/ariana/les-jardins-el-menzah-2/-tcross-active-bva/69cbaad62c7ecb90f0fcdca9/
renault,clio dynamique,2019,gasoline,22,automatic,5cv,1000,sedan,new,standard,5 seats,,used,27000,2026-03,5,,1000,22,7,3,low,renault clio dynamique,Renault Clio 4 dynamique,Ariana,https://www.tayara.tn/item/voitures/ariana/les-jardins-el-menzah-2/renault-clio-4-dynamique-/69cbaa322c7ecb90f0fcdc52/
,,2012,gasoline,110000,manual,5cv,1400,compact,new,standard,,,used,20727500,2026-03,,,1400,110000,14,7857,low,,207,Ben Arous,https://www.tayara.tn/item/voitures/ben-arous/medina-jedida/207/69cba7f7b9d5257b5a853d64/
,,2021,gasoline,22,automatic,6cv,1000,sedan,new,standard,5 seats,,used,27000,2026-03,5,,1000,22,5,4,low,,Golf 8 ACTIVE,Ariana,https://www.tayara.tn/item/voitures/ariana/les-jardins-el-menzah-2/-golf-8-active-/69cba6ba2c7ecb90f0fcdaa3/
bmw,série sport 116i,2012,gasoline,104500,manual,,1600,hatchback,new,standard,,5 doors,used,43000,2026-03,,5,1600,104500,14,7464,low,bmw série sport,BMW Série 1 Sport  116i,Sfax,https://www.tayara.tn/item/voitures/sfax/route-taniour/bmw-srie-1-sport-116i/69cb9b1b2c7ecb90f0fcd492/
citroën,c5 ehdi,2011,gasoline,275300,automatic,6cv,1600,sedan,new,standard,5 seats,,used,31000,2026-03,5,,1600,275300,15,18353,normal,citroën c5 ehdi,À vendre  Citroën C5 Ehdi,Ben Arous,https://www.tayara.tn/item/voitures/ben-arous/boumhel/-vendre-citron-c5-ehdi/69cba63b57616cdb6536c0f8/
haval,jolion,2022,gasoline,22,automatic,9cv,1500,sedan,new,standard,5 seats,,used,27000,2026-03,5,,1500,22,4,6,low,haval jolion,HAVAL JOLION,Ariana,https://www.tayara.tn/item/voitures/ariana/les-jardins-el-menzah-2/-haval-jolion/69cba61e2c7ecb90f0fcda5d/
kia,picanto avendre,2013,gasoline,131000,manual,,1000,sedan,new,standard,,,used,29500,2026-03,,,1000,131000,13,10077,normal,kia picanto avendre,Kia Picanto avendre,Monastir,https://www.tayara.tn/item/voitures/monastir/monastir/kia-picanto-avendre/69cba5932c7ecb90f0fcda0d/
,,2023,gasoline,50,automatic,,1200,,new,standard,,,used,41000,2026-03,,,1200,50,3,17,low,,Occasion à ne pas rater,Tunis,https://www.tayara.tn/item/voitures/tunis/la-marsa/occasion-ne-pas-rater/69cba54d2c7ecb90f0fcd9e5/
dacia,logan mcv,2022,gasoline,,manual,,1000,sedan,,standard,,,used,39800,2026-03,,,1000,,4,,,dacia logan mcv,Dacia Logan mcv,Tunis,https://www.tayara.tn/item/voitures/tunis/le-bardo/dacia-logan-mcv/69cba18c57616cdb6536be94/
hyundai,grand 10,2022,gasoline,,manual,5cv,1200,sedan,new,standard,,,used,,2026-03,,,1200,,4,,,hyundai grand 10,HYUNDAI GRAND I 10,Bizerte,https://www.tayara.tn/item/voitures/bizerte/bizerte/hyundai-grand-i-10/69cba0a5b9d5257b5a8539bb/
ford,focus 2018 boite,2018,gasoline,132000,automatic,7cv,1000,sedan,new,standard,5 seats,,used,39500,2026-03,5,,1000,132000,8,16500,normal,ford focus 2018,Ford Focus 2018 Boite Auto importer etat neuf,La Manouba,https://www.tayara.tn/item/voitures/la-manouba/manouba-ville/ford-focus-2018-boite-auto-importer-etat-neuf/69cb9fc92c7ecb90f0fcd72e/
opel,vivaro 2.0,2021,diesel,000,manual,,2000,utility,good,standard,,,used,058000,2026-03,,,2000,0,5,0,low,opel vivaro 2.0,Opel Vivaro 2.0,Sousse,https://www.tayara.tn/item/voitures/sousse/hammam-sousse/opel-vivaro-20/69cb9f5b2c7ecb90f0fcd6fd/
skoda,octavia,2021,gasoline,,automatic,115cv,1000,sedan,,standard,,,used,79900,2026-03,,,1000,,5,,,skoda octavia,Skoda Octavia,Sousse,https://www.tayara.tn/item/voitures/sousse/sousse/skoda-octavia/69cb9f542c7ecb90f0fcd6f6/
hyundai,ioniq,2022,gasoline,470,automatic,,1600,sedan,new,standard,,,used,5109000,2026-03,,,1600,470,4,118,low,hyundai ioniq,Hyundai ioniq 5,Tunis,https://www.tayara.tn/item/voitures/tunis/lac-1/hyundai-ioniq-5/69cb9f4ab9d5257b5a8538f6/
citroen,c-elysée,2018,gasoline,,manual,,1200,sedan,new,standard,,,used,,2026-03,,,1200,,8,,,citroen c-elysée,Citroen C-Elysée,Ben Arous,https://www.tayara.tn/item/voitures/ben-arous/ezzahra/citroen-celyse/69cb9efd57616cdb6536bd39/
kia,sorento 2014 essence,2014,gasoline,,automatic,18cv,3200,,new,standard,,,used,,2026-03,,,3200,,12,,,kia sorento 2014,kia sorento 2014  essence 18cv,Mdenine,https://www.tayara.tn/item/voitures/mdenine/zarzis/kia-sorento-2014-essence-18cv/69cb9df257616cdb6536bca7/
kia,sportage gt-line 2020,2020,diesel,000,automatic,,1600,sedan,new,standard,,,used,,2026-03,,,1600,0,6,0,low,kia sportage gt-line,kia sportage gt-line 2020,Kairouan,https://www.tayara.tn/item/voitures/kairouan/el-ouslatia/kia-sportage-gtline-2020/69cb9da9b9d5257b5a853803/
audi,a3 1.6 tdi,2011,diesel,,manual,05cv,1600,compact,new,standard,,,used,37500,2026-03,,,1600,,15,,,audi a3 1.6,tres jolie audi A3 1.6 tdi,Tunis,https://www.tayara.tn/item/voitures/tunis/el-ouardia/tres-jolie-audi-a3-16-tdi/69cb9d6cb9d5257b5a8537d6/
,,2007,diesel,150000,automatic,,3000,,new,standard,,,used,58000,2026-03,,,3000,150000,19,7895,low,,ML 280 CDI 4 MATIC NEUVE,Tunis,https://www.tayara.tn/item/voitures/tunis/el-menzah-1/ml-280-cdi-4-matic-neuve/69cb9d00b9d5257b5a8537a0/
,,2021,gasoline,,automatic,,1500,utility,new,standard,,,used,,2026-03,,,1500,,5,,,,golf 8 1.5,Sousse,https://www.tayara.tn/item/voitures/sousse/akouda/golf-8-15/69cb9ccf57616cdb6536bc02/
mercedes,w204 classe c180,2011,gasoline,,automatic,,1600,,new,standard,,,used,,2026-03,,,1600,,15,,,mercedes w204 classe,Mercedes-benz w204 classe c180 avantgarde,Sfax,https://www.tayara.tn/item/voitures/sfax/autres-villes/mercedesbenz-w204-classe-c180-avantgarde-/69cb9b3557616cdb6536bb37/
bmw,serie 420i gran-coupé,2016,gasoline,,automatic,10cv,2000,coupe,new,standard,,,used,,2026-03,,,2000,,10,,,bmw serie 420i,Bmw Serie 420i Gran-coupé  ///M PERFORMANCE LIMITED EDITION Nèuf,Sfax,https://www.tayara.tn/item/voitures/sfax/autres-villes/bmw-serie-420i-grancoup-m-performance-limited-edition-nuf-/69cb9b0957616cdb6536bb1c/
kia,picanto,2020,gasoline,,manual,,1000,compact,new,standard,,,used,355000,2026-03,,,1000,,6,,,kia picanto,kia picanto,Gabs,https://www.tayara.tn/item/voitures/gabs/gabs-mdina/kia-picanto/69cb992757616cdb6536ba19/
peugeot,405 rs,1991,diesel,,manual,,1600,compact,new,standard,,,used,19015,2026-03,,,1600,,35,,,peugeot 405 rs,Peugeot 405 D rs,Le Kef,https://www.tayara.tn/item/voitures/le-kef/le-kef/peugeot-405-d-rs/69cb984c2c7ecb90f0fcd32d/
,,2024,gasoline,14000,automatic,04cv,1000,sedan,new,standard,,,used,,2026-03,,,1000,14000,2,7000,low,,première main avec 14 000 km,Tunis,https://www.tayara.tn/item/voitures/tunis/el-menzah-1/premire-main-avec-14-000-km/69cb960f57616cdb6536b881/
renault,clio,2021,gasoline,,manual,,1000,,new,standard,,,used,,2026-03,,,1000,,5,,,renault clio,Renault clio,Bizerte,https://www.tayara.tn/item/voitures/bizerte/bizerte-nord/renault-clio/69cb960d57616cdb6536b880/
dacia,dokker 2020 première,2020,diesel,144000,manual,6cv,3000,,new,standard,,,used,33001,2026-03,,,3000,144000,6,24000,high,dacia dokker 2020,À vendre  Dacia Dokker 2020  Première main,Ariana,https://www.tayara.tn/item/voitures/ariana/ennasr/-vendre-dacia-dokker-2020-premire-main/69cb952757616cdb6536b815/
,,,gasoline,,,,,,new,standard,,,used,,2026-03,,,,,,,,,Symbole 2 en très bonne etat,Zaghouan,https://www.tayara.tn/item/voitures/zaghouan/ez-zeriba/symbole-2-en-trs-bonne-etat/69cb94e3b9d5257b5a85339b/
"citroen,c3 peinture origine,2008,gasoline,17000,manual,5cv,1400,sedan,new,standard,,2 doors,used,328900,2026-03,,2,1400,17000,18,944,low,citroen c3 peinture,""Citroen C3 peinture origine "
"contacter.22.742.516"",Sfax,https://www.tayara.tn/item/voitures/sfax/route-taniour/citroen-c3-peinture-origine-contacter22742516/69cb945b2c7ecb90f0fcd140/"
bmw,x3 2.0 ess,2019,gasoline,,automatic,,2000,,new,standard,,,used,175000,2026-03,,,2000,,7,,,bmw x3 2.0,BMW X3 2.0 L  ESS   S DRIVE,Nabeul,https://www.tayara.tn/item/voitures/nabeul/nabeul/bmw-x3-20-l-ess-s-drive/69cb92cb2c7ecb90f0fcd09f/
haval,jolion,2022,gasoline,11000,automatic,,1500,suv,new,standard,7 seats,,used,92000,2026-03,7,,1500,11000,4,2750,low,haval jolion,À vendre haval jolion,Sousse,https://www.tayara.tn/item/voitures/sousse/sousse/-vendre-haval-jolion/69cb920f2c7ecb90f0fcd062/
,,2013,gasoline,,manual,6cv,1600,,new,standard,,,used,35000,2026-03,,,1600,,13,,,,c 4 ehdi diesel,Gabs,https://www.tayara.tn/item/voitures/gabs/mareth/c-4-ehdi-diesel/69cb8e3a2c7ecb90f0fcceee/
kia,rio sedan,2017,gasoline,17000,automatic,6cv,1200,coupe,new,standard,,2 doors,used,328900,2026-03,,2,1200,17000,9,1889,low,kia rio sedan,kia rio sedan,Sfax,https://www.tayara.tn/item/voitures/sfax/route-sokra/kia-rio-sedan/69cb8df72c7ecb90f0fcced5/
,,2016,gasoline,,automatic,,1200,sedan,new,standard,,,used,32000,2026-03,,,1200,,10,,,,DS3 full options,Tunis,https://www.tayara.tn/item/voitures/tunis/tunis/ds3-full-options/69cb8a69b9d5257b5a852f7a/
toyota,rav4 diesel 44,2016,diesel,,manual,,2200,,new,standard,,,used,28743854,2026-03,,,2200,,10,,,toyota rav4 diesel,Toyota RAV4 Diesel 44,Ben Arous,https://www.tayara.tn/item/voitures/ben-arous/ezzahra/toyota-rav4-diesel-44/69cb8926b9d5257b5a852ef6/
,,2022,gasoline,,manual,,1300,,new,standard,,,used,,2026-03,,,1300,,4,,,,Mahindra kuv100,Sousse,https://www.tayara.tn/item/voitures/sousse/sahloul/mahindra-kuv100/69cb88dfb9d5257b5a852ece/
,,2022,gasoline,51000,automatic,9cv,1500,coupe,new,standard,7 seats,2 doors,used,328900,2026-03,7,2,1500,51000,4,12750,normal,,avendre ou echange,Sfax,https://www.tayara.tn/item/voitures/sfax/sfax/avendre-ou-echange/69cb866b57616cdb6536b245/
,,2018,gasoline,,manual,,1200,compact,new,standard,,,used,20183,2026-03,,,1200,,8,,,,panda 2018,Ariana,https://www.tayara.tn/item/voitures/ariana/ariana-essoughra/panda-2018/69cb861257616cdb6536b217/
,,2011,gasoline,,manual,7cv,1600,compact,new,standard,,,used,,2026-03,,,1600,,15,,,,Passat b7 essence TLF 22101114,Sfax,https://www.tayara.tn/item/voitures/sfax/route-manzel-chaker/passat-b7-essence-tlf-22101114/69cb85922c7ecb90f0fccb9b/
peugeot,206,2012,gasoline,,manual,,,compact,new,standard,,,used,23500,2026-03,,,,,14,,,peugeot 206,A vendre  peugeot 206,Ben Arous,https://www.tayara.tn/item/voitures/ben-arous/el-mourouj/a-vendre-peugeot-206-/69cb857357616cdb6536b1c7/
citroën,c4 2022,2022,gasoline,,manual,,1400,,new,standard,,,used,,2026-03,,,1400,,4,,,citroën c4 2022,Citroën C4 2022,Sousse,https://www.tayara.tn/item/voitures/sousse/sahloul/citron-c4-2022/69cb8514b9d5257b5a852d25/
,,2023,gasoline,65000,automatic,,1200,compact,new,standard,,,used,39500,2026-03,,,1200,65000,3,21667,high,,2023 Panda Crossover 4 cylindres 1ere main,Tunis,https://www.tayara.tn/item/voitures/tunis/la-marsa/2023-panda-crossover-4-cylindres-1ere-main/69cb85042c7ecb90f0fccb50/
mg,,2020,gasoline,170000,automatic,9cv,1600,sedan,new,standard,,,used,,2026-03,,,1600,170000,6,28333,high,mg,charmante MG6,Sousse,https://www.tayara.tn/item/voitures/sousse/sousse/charmante-mg6/69cb83d3b9d5257b5a852ca8/
bmw,x6,2010,gasoline,,automatic,,3500,,new,standard,,,used,669000,2026-03,,,3500,,16,,,bmw x6,BMW X6,Sfax,https://www.tayara.tn/item/voitures/sfax/route-gremda/bmw-x6/69cb83572c7ecb90f0fcca94/
,,2022,gasoline,,automatic,100cv,1200,coupe,new,standard,5 seats,,used,49500,2026-03,5,,1200,,4,,,,Grand I10 Bva,Sousse,https://www.tayara.tn/item/voitures/sousse/sahloul/grand-i10-bva/69cb82fdb9d5257b5a852c25/
,,2004,gasoline,,manual,,1500,compact,new,standard,,,used,217500,2026-03,,,1500,,22,,,,Scénic 2,Tunis,https://www.tayara.tn/item/voitures/tunis/tunis/scnic-2/69cb82602c7ecb90f0fcca07/
,,2016,gasoline,200,manual,,1600,utility,new,standard,3 seats,,used,940,2026-03,3,,1600,200,10,20,low,,Berlingo B9,Sousse,https://www.tayara.tn/item/voitures/sousse/sahloul/berlingo-b9/69cb819f2c7ecb90f0fcc99f/
,,2021,gasoline,000,automatic,5cv,1100,compact,new,standard,5 seats,5 doors,used,45500,2026-03,5,5,1100,0,5,0,low,,Clio importée,Ariana,https://www.tayara.tn/item/voitures/ariana/cit-ennasr-2/clio-importe/69cb8191b9d5257b5a852b60/
chery,qq,2020,gasoline,,automatic,,1200,utility,new,standard,,,used,98652841,2026-03,,,1200,,6,,,chery qq,chery qq,Tunis,https://www.tayara.tn/item/voitures/tunis/tunis/chery-qq/69cb818db9d5257b5a852b5e/
mazda,bt-50 vendre,2008,diesel,141000,manual,125cv,2500,pickup,new,standard,5 seats,5 doors,used,65000,2026-03,5,5,2500,141000,18,7833,low,mazda bt-50 vendre,MAZDA BT-50 À VENDRE,Tunis,https://www.tayara.tn/item/voitures/tunis/ain-zaghouan-sud/mazda-bt50-vendre/69cb815c2c7ecb90f0fcc97d/
,,2011,gasoline,155000,manual,6cv,1400,sedan,new,standard,,2 doors,used,328900,2026-03,,2,1400,155000,15,10333,normal,,Golf 6 1.4 Style,Sfax,https://www.tayara.tn/item/voitures/sfax/sakiet-eddaer/golf-6-14-style/69cb80acb9d5257b5a852ad8/
,,2021,gasoline,,automatic,,1200,compact,new,standard,,,used,38000,2026-03,,,1200,,5,,,,Mahindra k8 kuv 100 1 ere main ndhifaaa barcha,Nabeul,https://www.tayara.tn/item/voitures/nabeul/nabeul/mahindra-k8-kuv-100-1-ere-main-ndhifaaa-barcha/69cb808eb9d5257b5a852ac5/
,,2013,gasoline,163000,automatic,10cv,2000,sedan,new,standard,,,used,1234,2026-03,,,2000,163000,13,12538,normal,,F10 520i kit M,Sousse,https://www.tayara.tn/item/voitures/sousse/sousse-jawhara/f10-520i-kit-m/68970c1ddbb2ce981b9b42cb/
mercedes,w211 e220 cdi,2003,diesel,107000,automatic,,2200,sedan,new,standard,,,used,52000,2026-03,,,2200,107000,23,4652,low,mercedes w211 e220,MERCEDES W211 E220 CDI 107000Km ÉTAT NEUF,Tunis,https://www.tayara.tn/item/voitures/tunis/tunis/mercedes-w211-e220-cdi-107000km-tat-neuf/69cb7f742c7ecb90f0fcc8bc/
citroen,,2014,diesel,,automatic,,1400,sedan,new,standard,,,used,23000,2026-03,,,1400,,12,,,citroen,Citroen,Zaghouan,https://www.tayara.tn/item/voitures/zaghouan/zaghouan/citroen/69cb7d58b9d5257b5a852974/
ford,figo,2013,gasoline,,manual,,1200,compact,new,standard,,,used,23500,2026-03,,,1200,,13,,,ford figo,Ford Figo,Tunis,https://www.tayara.tn/item/voitures/tunis/la-marsa/ford-figo/69cb7d392c7ecb90f0fcc7c0/
,,2021,gasoline,,manual,,1400,sedan,new,standard,,,used,78000,2026-03,,,1400,,5,,,,Polo sedan permiere main,Sousse,https://www.tayara.tn/item/voitures/sousse/sahloul/polo-sedan-permiere-main/69cb7cc92c7ecb90f0fcc78c/
,,2012,gasoline,84000,manual,5cv,4500,,new,standard,,,used,25800,2026-03,,,4500,84000,14,6000,low,,mahindra k100 k8 besoin d'argent,Ben Arous,https://www.tayara.tn/item/voitures/ben-arous/boumhel/mahindra-k100-k8-besoin-dargent/69cb7cb92c7ecb90f0fcc780/
dacia,sandero essencegaz,2022,gasoline,100000,manual,,1200,sedan,new,standard,,,used,,2026-03,,,1200,100000,4,25000,high,dacia sandero essencegaz,Dacia sandero EssenceGaz,Sousse,https://www.tayara.tn/item/voitures/sousse/sousse/dacia-sandero-essencegaz/69cb7c98b9d5257b5a852921/
,,2018,gasoline,104000,manual,4cv,1200,sedan,new,standard,4 seats,,used,535500,2026-03,4,,1200,104000,8,13000,normal,,Renlault clio 5,Sousse,https://www.tayara.tn/item/voitures/sousse/m-saken/renlault-clio-5/69cb7c8c2c7ecb90f0fcc764/
,,2016,gasoline,,manual,6cv,2200,coupe,new,standard,5 seats,4 doors,used,19125000,2026-03,5,4,2200,,10,,,,Tata Pick Up Double Pont 4 portes 5 places Double cabine Tu 191,Tunis,https://www.tayara.tn/item/voitures/tunis/el-menzah-1/tata-pick-up-double-pont-4-portes-5-places-double-cabine-tu-191/69cb7aff2d6f7271076b2b30/
mercedes,benz e220 avant-garde,2010,diesel,107000,automatic,10cv,2200,sedan,new,standard,,,used,55000,2026-03,,,2200,107000,16,6688,low,mercedes benz e220,Mercedes Benz E220 Avant-garde,Tunis,https://www.tayara.tn/item/voitures/tunis/el-menzah-1/mercedes-benz-e220-avantgarde/69cb7a312c7ecb90f0fcc68e/
"ford,ka titanium 24799098,2015,gasoline,000,manual,4cv,1200,sedan,new,standard,,,used,09824500,2026-03,,,1200,0,11,0,low,ford ka titanium,""Ford ka titanium "
"24799098"",Ariana,https://www.tayara.tn/item/voitures/ariana/ariana-ville/ford-ka-titanium-24799098/69cb79ac2d6f7271076b2ac9/"
,,2007,diesel,,manual,,2500,compact,new,standard,,,used,,2026-03,,,2500,,19,,,,tel 97690931 mte3 zawli somha behy,Kairouan,https://www.tayara.tn/item/voitures/kairouan/autres-villes/tel-97690931-mte3-zawli-somha-behy/69cb776f2c7ecb90f0fcc5bf/
renault,mégane,2006,diesel,315000,automatic,,1500,sedan,new,standard,,,used,38000,2026-03,,,1500,315000,20,15750,normal,renault mégane,Renault Mégane,Nabeul,https://www.tayara.tn/item/voitures/nabeul/hammamet/renault-mgane/69cb7737b9d5257b5a852763/
renault,mégane sedan toutes,2021,gasoline,107000,automatic,7cv,1200,sedan,new,standard,,,used,46000,2026-03,,,1200,107000,5,21400,high,renault mégane sedan,Renault Mégane 4 Sedan toutes options,Tunis,https://www.tayara.tn/item/voitures/tunis/centre-urbain-nord/renault-mgane-4-sedan-toutes-options/69cb77292c7ecb90f0fcc5a5/
citroën,berlingo,2022,diesel,,manual,,1500,utility,new,standard,3 seats,,used,49999,2026-03,3,,1500,,4,,,citroën berlingo,Citroën Berlingo,Tunis,https://www.tayara.tn/item/voitures/tunis/tunis/citron-berlingo/69cb756e2c7ecb90f0fcc519/
dacia,dokker van lux,2021,diesel,,manual,,1600,sedan,new,standard,,,used,,2026-03,,,1600,,5,,,dacia dokker van,Dacia Dokker Van Lux 2021 neuf,Nabeul,https://www.tayara.tn/item/voitures/nabeul/dar-chabane-el-fehri/dacia-dokker-van-lux-2021-neuf/69cb72846381a4c1c3e84ede/
peugeot,partner,2015,diesel,,manual,,1600,utility,new,standard,,,used,27800,2026-03,,,1600,,11,,,peugeot partner,Peugeot partner,Monastir,https://www.tayara.tn/item/voitures/monastir/tboulba/peugeot-partner/69cb6fb2b9d5257b5a85259a/
audi,q3 sline bva,2017,gasoline,000,automatic,8cv,1400,,new,standard,,,used,,2026-03,,,1400,0,9,0,low,audi q3 sline,Audi Q3 Sline BVA Toit Pano toute options,Tunis,https://www.tayara.tn/item/voitures/tunis/tunis/audi-q3-sline-bva-toit-pano-toute-options/69cb6c372c7ecb90f0fcc30d/
,,2012,diesel,183000,automatic,8cv,2100,sedan,new,standard,,,used,,2026-03,,,2100,183000,14,13071,normal,,Av/échg E200 CDI 2012 bva Toit,La Manouba,https://www.tayara.tn/item/voitures/la-manouba/la-manouba/avchg-e200-cdi-2012-bva-toit/69cb6c2fb9d5257b5a8524b9/
bmw,f10 520d fin,2015,diesel,000,automatic,10cv,2000,sedan,new,standard,,,used,,2026-03,,,2000,0,11,0,low,bmw f10 520d,Bmw f10 520d fin 2015 bva toit,La Manouba,https://www.tayara.tn/item/voitures/la-manouba/la-manouba/bmw-f10-520d-fin-2015-bva-toit/69cb6ba48ac5bd64193fd7af/
kia,rio gtline toute,2018,gasoline,57000,automatic,5cv,1200,compact,new,standard,,,used,52500,2026-03,,,1200,57000,8,7125,low,kia rio gtline,Kia Rio GTLine toute options,La Manouba,https://www.tayara.tn/item/voitures/la-manouba/la-manouba/kia-rio-gtline-toute-options/69cb6b9a8ac5bd64193fd7ad/
peugeot,208,2016,gasoline,,manual,4cv,1200,sedan,new,standard,5 seats,,used,82000,2026-03,5,,1200,,10,,,peugeot 208,Peugeot 208,Mahdia,https://www.tayara.tn/item/voitures/mahdia/mahdia/peugeot-208/69cb67b8b9d5257b5a8523ef/
toyota,aga,2022,gasoline,,manual,,1200,sedan,new,standard,,,used,,2026-03,,,1200,,4,,,toyota aga,Toyota Aga,Sfax,https://www.tayara.tn/item/voitures/sfax/sakiet-eddaer/toyota-aga/69cb6700b9d5257b5a8523c6/
audi,a3 line,2014,gasoline,,automatic,4cv,1400,sedan,new,standard,5 seats,,used,82000,2026-03,5,,1400,,12,,,audi a3 line,Audi A3 S line,Mahdia,https://www.tayara.tn/item/voitures/mahdia/mahdia/audi-a3-s-line/69cb6685b9d5257b5a8523a7/
mercedes,cla250e amg pack,2023,gasoline,29000,automatic,8cv,1500,sedan,new,standard,,,used,55111111,2026-03,,,1500,29000,3,9667,low,mercedes cla250e amg,Mercedes CLA250e AMG Pack Night,Ariana,https://www.tayara.tn/item/voitures/ariana/ariana/mercedes-cla250e-amg-pack-night/6973a045d921b01419d1d15c/
chevrolet,cruze lt,2017,gasoline,000,manual,07cv,1600,sedan,new,standard,,,used,55111111,2026-03,,,1600,0,9,0,low,chevrolet cruze lt,Chevrolet CRUZE LT,Ariana,https://www.tayara.tn/item/voitures/ariana/ariana/chevrolet-cruze-lt/694039edcd04d08be74b6546/
renault,austral alpline,2023,gasoline,000,automatic,7cv,1200,sedan,new,standard,,,used,55111111,2026-03,,,1200,0,3,0,low,renault austral alpline,Renault Austral Alpline,Ariana,https://www.tayara.tn/item/voitures/ariana/ariana/renault-austral-alpline/686d53c6d5464a896ca69fc6/
volkswagen,golf,2023,gasoline,59000,manual,06cv,1000,sedan,new,standard,,,used,55111111,2026-03,,,1000,59000,3,19667,normal,volkswagen golf,Volkswagen Golf 8,Ariana,https://www.tayara.tn/item/voitures/ariana/ariana/volkswagen-golf-8/69cb4147b9d5257b5a851e72/
fiat,500 dolce vita,2022,gasoline,000,automatic,,1200,compact,new,standard,,,used,55111111,2026-03,,,1200,0,4,0,low,fiat 500 dolce,Fiat 500 Dolce Vita BVA,Ariana,https://www.tayara.tn/item/voitures/ariana/ariana/fiat-500-dolce-vita-bva/69cb40c02c7ecb90f0fcbd1f/
mercedes,benz e300e amg,2022,diesel,000,automatic,11cv,2000,sedan,new,standard,,,used,55111111,2026-03,,,2000,0,4,0,low,mercedes benz e300e,Mercedes Benz E300e AMG Diesel,Ariana,https://www.tayara.tn/item/voitures/ariana/ariana/mercedes-benz-e300e-amg-diesel/69cb40372c7ecb90f0fcbd13/
kia,sportage gtline diesel,2021,diesel,000,automatic,7cv,1600,sedan,new,standard,,,used,55111111,2026-03,,,1600,0,5,0,low,kia sportage gtline,Kia Sportage Gtline Diesel,Ariana,https://www.tayara.tn/item/voitures/ariana/ariana/kia-sportage-gtline-diesel/69cb3fa12c7ecb90f0fcbd01/
opel,k9,2022,gasoline,114000,automatic,5cv,1600,utility,new,standard,5 seats,5 doors,used,943500,2026-03,5,5,1600,114000,4,28500,high,opel k9,opel k9,Ariana,https://www.tayara.tn/item/voitures/ariana/cit-ennasr-2/opel-k9/69cb2d73b9d5257b5a851bb7/
,,2004,gasoline,,manual,,1200,compact,new,standard,,,used,18500,2026-03,,,1200,,22,,,,206 toute option,Tunis,https://www.tayara.tn/item/voitures/tunis/la-marsa/206-toute-option/69cb26e52c7ecb90f0fcb977/
,,2002,gasoline,,manual,,1200,compact,new,standard,,,used,20619500,2026-03,,,1200,,24,,,,206,Tunis,https://www.tayara.tn/item/voitures/tunis/le-bardo/206/69cb261a2c7ecb90f0fcb94f/
peugeot,,2004,gasoline,,manual,,1200,compact,new,standard,,,used,18200,2026-03,,,1200,,22,,,peugeot,206 peugeot,Tunis,https://www.tayara.tn/item/voitures/tunis/ksar-said/206-peugeot/69cb24902c7ecb90f0fcb91c/
,,2011,gasoline,,automatic,21cv,2000,minivan,new,standard,,,used,180110,2026-03,,,2000,,15,,,,MAN FOURGON tge 3.180,Tunis,https://www.tayara.tn/item/voitures/tunis/ain-zaghouan-nord/man-fourgon-tge-3180/69cb11422c7ecb90f0fcb555/
mini,coper,2014,diesel,165000,manual,100cv,1600,coupe,new,standard,5 seats,,used,52000,2026-03,5,,1600,165000,12,13750,normal,mini coper,mini coper,Sousse,https://www.tayara.tn/item/voitures/sousse/sousse/mini-coper/69cb01d79e9889cd0de7ac5b/
kia,sportage 2020,2020,gasoline,,automatic,,1600,,new,standard,,,used,202095,2026-03,,,1600,,6,,,kia sportage 2020,kia sportage 2020,Bja,https://www.tayara.tn/item/voitures/bja/bja/kia-sportage-2020/69caf58a9e9889cd0de7a8b2/
mercedes,classe a180,2019,gasoline,70000,automatic,,2000,coupe,new,standard,,,used,18050000,2026-03,,,2000,70000,7,10000,normal,mercedes classe a180,Mercedes classe A180,Tunis,https://www.tayara.tn/item/voitures/tunis/la-marsa/mercedes-classe-a180/69cae7c7b9d5257b5a8509a2/
,,2016,gasoline,000,manual,4cv,1100,compact,new,standard,5 seats,,used,35000,2026-03,5,,1100,0,10,0,low,,Polo 7 style 1ère main,Ariana,https://www.tayara.tn/item/voitures/ariana/ennasr/polo-7-style-1re-main/69cae77c2c7ecb90f0fca8ad/
citroën,c-elysee,2014,gasoline,,manual,,1200,compact,new,standard,9 seats,4 doors,used,19000,2026-03,9,4,1200,,12,,,citroën c-elysee,Citroën c-elysee,Nabeul,https://www.tayara.tn/item/voitures/nabeul/klibia/citron-celysee/69cae6b39e9889cd0de7a300/
,,,gasoline,,,,2500,,new,standard,,,used,,2026-03,,,2500,,,,,,Golf 8 importée de l'Almagne,Mdenine,https://www.tayara.tn/item/voitures/mdenine/djerba-houmt-souk/golf-8-importe-de-lalmagne/69cae563b9d5257b5a85089f/
,,2009,gasoline,,manual,,1400,compact,new,standard,,,used,32000,2026-03,,,1400,,17,,,,Golf 61.4 a vendre,Tunis,https://www.tayara.tn/item/voitures/tunis/tunis/golf-614-a-vendre/69cae3149e9889cd0de7a19c/
ford,fiesta titanium..,2017,gasoline,,manual,,1000,compact,new,standard,,,used,34000,2026-03,,,1000,,9,,,ford fiesta titanium..,Ford fiesta titanium..,Nabeul,https://www.tayara.tn/item/voitures/nabeul/nabeul/ford-fiesta-titanium/69cae2892c7ecb90f0fca68d/
fiat,palio fire neuf,2010,gasoline,170000,automatic,4cv,1200,compact,new,standard,,,used,,2026-03,,,1200,170000,16,10625,normal,fiat palio fire,Fiat palio 3 fire neuf modele 2010 peinture origine  0 retouche 4 cv 4 cylindre 170000 km reél tt options climatiseur en marche 2 vitres electric fermiture central direction assisté kit chaine et bougies changee baterie jdida avec garentie vidnage encore 3000 km double clef numero  55553563,Sfax,https://www.tayara.tn/item/voitures/sfax/route-el-ain/fiat-palio-3-fire-neuf-modele-2010-peinture-origine-0-retouche-4-cv-4-cylindre-170000-km-rel-tt-options-climatiseur-en-marche-2-vitres-electric-fermiture-central-direction-assist-kit-chaine-et-bougies-changee-baterie-jdida-avec-garentie-vidnage-encore-3000-km-double-clef-numero-55553563/69cadf639e9889cd0de79ffc/
hyundai,elantra en bon,2016,gasoline,,manual,,1600,sedan,new,standard,,,used,37000,2026-03,,,1600,,10,,,hyundai elantra en,A vendre Hyundai Elantra en bon état,La Manouba,https://www.tayara.tn/item/voitures/la-manouba/manouba-ville/a-vendre-hyundai-elantra-en-bon-tat/69cadd4db9d5257b5a85052d/
,,2021,gasoline,98000,manual,5cv,1000,compact,new,standard,,,used,549000,2026-03,,,1000,98000,5,19600,normal,,À vendre Clio 5,Bja,https://www.tayara.tn/item/voitures/bja/medjez-el-bab/-vendre-clio-5/69cadb8d9e9889cd0de79e14/
",,2021,diesel,162000,automatic,5cv,1500,compact,new,standard,,,used,38000,2026-03,,,1500,162000,5,32400,high,,""Megane 4 Restylee"
"Voiture importee dernière serie"",Nabeul,https://www.tayara.tn/item/voitures/nabeul/nabeul/megane-4-restyleevoiture-importee-dernire-serie/69cad8fe9e9889cd0de79c9d/"
mercedes,c180 amg,2023,gasoline,50000,automatic,9cv,1500,sedan,new,standard,,,used,,2026-03,,,1500,50000,3,16667,normal,mercedes c180 amg,Mercedes c180 Amg,Nabeul,https://www.tayara.tn/item/voitures/nabeul/nabeul/mercedes-c180-amg/69cad871b9d5257b5a8502ae/
"toyota,agya voiture 1ere,2023,gasoline,70000,manual,5cv,1200,compact,new,standard,,,used,,2026-03,,,1200,70000,3,23333,high,toyota agya voiture,""toyotaagya"
" Voiture 1ere main"",Nabeul,https://www.tayara.tn/item/voitures/nabeul/nabeul/toyotaagya-voiture-1ere-main/69cad7aa9e9889cd0de79bf8/"
kia,sportage,2021,gasoline,130000,automatic,7cv,5,compact,new,standard,,,used,78000,2026-03,,,5,130000,5,26000,high,kia sportage,Kia Sportage,Nabeul,https://www.tayara.tn/item/voitures/nabeul/nabeul/kia-sportage/69cad6acb9d5257b5a8501cf/
peugeot,208 importee,2020,diesel,140000,manual,5cv,1500,compact,new,standard,,,used,,2026-03,,,1500,140000,6,23333,high,peugeot 208 importee,Peugeot 208 importee,Nabeul,https://www.tayara.tn/item/voitures/nabeul/nabeul/peugeot-208-importee/69cad646b9d5257b5a85019f/
hyundai,i20 2013 en,2013,gasoline,184000,manual,4cv,,,new,standard,5 seats,5 doors,used,28000,2026-03,5,5,,184000,13,14154,normal,hyundai i20 2013,Hyundai i20 2013 en très bon état,Tunis,https://www.tayara.tn/item/voitures/tunis/tunis/hyundai-i20-2013-en-trs-bon-tat/69cad6172c7ecb90f0fca078/
nissan,patrol y61,2009,gasoline,57000,manual,,4000,,new,standard,,,used,6148000,2026-03,,,4000,57000,17,3353,low,nissan patrol y61,Nissan patrol y61,La Manouba,https://www.tayara.tn/item/voitures/la-manouba/manouba-ville/nissan-patrol-y61/69cad5d29e9889cd0de79b1b/
"mg,zs,2024,gasoline,70000,automatic,,1500,,new,standard,,,used,79900,2026-03,,,1500,70000,2,35000,high,mg zs,""voiture"
" mg zs"",Mdenine,https://www.tayara.tn/item/voitures/mdenine/zarzis/voiture-mg-zs/69cad5d0b9d5257b5a850166/"
"peugeot,partner k9 voiture,2021,diesel,115000,automatic,5cv,1500,compact,new,standard,3 seats,,used,38000,2026-03,3,,1500,115000,5,23000,high,peugeot partner k9,""Peugeot Partner k9"
"Voiture importée"",Nabeul,https://www.tayara.tn/item/voitures/nabeul/nabeul/peugeot-partner-k9voiture-importe/69cad558b9d5257b5a850135/"
hyundai,i30,2020,diesel,,manual,,1600,sedan,new,standard,,,used,3077,2026-03,,,1600,,6,,,hyundai i30,Hyundai i30,Tunis,https://www.tayara.tn/item/voitures/tunis/tunis/hyundai-i30/69cad4379e9889cd0de79a5d/
skoda,fabia,2016,gasoline,17000,manual,6cv,3000,coupe,new,standard,,2 doors,used,328900,2026-03,,2,3000,17000,10,1700,low,skoda fabia,Skoda fabia,Sfax,https://www.tayara.tn/item/voitures/sfax/route-gremda/skoda-fabia/69cad3d7b9d5257b5a85006c/
lancia,delta fiat,2013,diesel,,automatic,6cv,1600,sedan,new,standard,,,used,28500,2026-03,,,1600,,13,,,lancia delta fiat,Lancia delta fiat,Ariana,https://www.tayara.tn/item/voitures/ariana/la-soukra/lancia-delta-fiat/69cad341b9d5257b5a850023/
fiat,punto première main,2005,gasoline,000,automatic,5cv,1400,compact,new,standard,5 seats,,used,27000,2026-03,5,,1400,0,21,0,low,fiat punto première,Fiat Punto 3 Première main importé Italie Boite auto,Ariana,https://www.tayara.tn/item/voitures/ariana/la-soukra/fiat-punto-3-premire-main-import-italie-boite-auto/69cad2edb9d5257b5a84fffc/
"peugeot,208 populaire première,2023,gasoline,200000,manual,,1200,compact,new,standard,,,used,,2026-03,,,1200,200000,3,66667,high,peugeot 208 populaire,""Peugeot 208 populaire première main août 2023 encore sous garantie et vous pouvez étendre la garantie à 8 ans et 200 000 km"
Tout entretien Peugeot 
"dernier entretien 19.02.2026."",Ben Arous,https://www.tayara.tn/item/voitures/ben-arous/ben-arous/peugeot-208-populaire-premire-main-aot-2023-encore-sous-garantie-et-vous-pouvez-tendre-la-garantie-8-ans-et-200-000-kmtout-entretien-peugeot-dernier-entretien-19022026/69cacd93b9d5257b5a84fd9f/"
,,2019,gasoline,,automatic,,1200,compact,new,standard,7 seats,,used,01960000,2026-03,7,,1200,,7,,,,Golf7 modèle 2019,Ariana,https://www.tayara.tn/item/voitures/ariana/ghazela/golf7-modle-2019/69cacd382c7ecb90f0fc9c98/
fiat,fiorino neuf er,2023,diesel,90000,automatic,5cv,1400,utility,new,standard,,,used,,2026-03,,,1400,90000,3,30000,high,fiat fiorino neuf,Fiat fiorino neuf 1 er main  modele 12/2023 seulment 90000  km reel peinture origine 0 retouche   matricule  240 usage personel non commercial 5 cv gazoil tt options climatiseur en marche abs fermiture central avec vitres 2 airbag 2 vitres electric double clef numero  55553563,Sfax,https://www.tayara.tn/item/voitures/sfax/route-el-ain/fiat-fiorino-neuf-1-er-main-modele-122023-seulment-90000-km-reel-peinture-origine-0-retouche-matricule-240-usage-personel-non-commercial-5-cv-gazoil-tt-options-climatiseur-en-marche-abs-fermiture-central-avec-vitres-2-airbag-2-vitres-electric-double-clef-numero-55553563/69cacaa2b9d5257b5a84fc1a/
volkswagen,,2001,diesel,,manual,,1600,,new,standard,,,used,1500,2026-03,,,1600,,25,,,volkswagen,Caddy volkswagen,Monastir,https://www.tayara.tn/item/voitures/monastir/bembla/caddy-volkswagen/69cac799b9d5257b5a84fab4/
audi,q3,2019,gasoline,,automatic,8cv,1400,sedan,new,standard,,,used,3143000,2026-03,,,1400,,7,,,audi q3,Audi Q3,Nabeul,https://www.tayara.tn/item/voitures/nabeul/hammamet/audi-q3/69cac6eeb9d5257b5a84fa67/
,,2021,gasoline,107000,manual,6cv,1000,sedan,new,standard,5 seats,,used,37000,2026-03,5,,1000,107000,5,21400,high,,grand i10 populaire a vendre,Ben Arous,https://www.tayara.tn/item/voitures/ben-arous/boumhel/grand-i10-populaire-a-vendre/69cac44d2c7ecb90f0fc98a6/
,,2017,gasoline,74000,manual,4cv,1200,compact,new,standard,,,used,31500,2026-03,,,1200,74000,9,8222,low,,Grande Punto 74.000km,Ariana,https://www.tayara.tn/item/voitures/ariana/la-soukra/grande-punto-74000km/69cac17a9e9889cd0de791ca/
,,2016,gasoline,,automatic,,1200,,new,standard,,,used,29500,2026-03,,,1200,,10,,,,chevroulet aveo a vendre,Monastir,https://www.tayara.tn/item/voitures/monastir/jemmal/chevroulet-aveo-a-vendre/69cac0a32c7ecb90f0fc96f0/
fiat,cinquecento,1996,gasoline,,manual,4cv,1000,,new,standard,,,used,8000,2026-03,,,1000,,30,,,fiat cinquecento,fiat cinquecento,Kairouan,https://www.tayara.tn/item/voitures/kairouan/kairouan/fiat-cinquecento/69cac0769e9889cd0de79166/
,,2010,gasoline,,manual,,1600,coupe,,standard,,,used,24000,2026-03,,,1600,,16,,,,Mégane 3 coupé,Tunis,https://www.tayara.tn/item/voitures/tunis/khaznadar/mgane-3-coup/69cac0662c7ecb90f0fc96d7/
bmw,e36 cylindre essence,1997,gasoline,,manual,,2500,sedan,new,standard,,,used,,2026-03,,,2500,,29,,,bmw e36 cylindre,BMW E36  6 CYLINDRE ESSENCE,Tunis,https://www.tayara.tn/item/voitures/tunis/tunis/bmw-e36-6-cylindre-essence-/69cac0022c7ecb90f0fc96af/
fiat,grande punto,2015,gasoline,,manual,,1200,compact,new,standard,,,used,,2026-03,,,1200,,11,,,fiat grande punto,Fiat Grande Punto,Kasserine,https://www.tayara.tn/item/voitures/kasserine/kasserine/fiat-grande-punto/69cabe7b2c7ecb90f0fc960b/
,,2020,diesel,100,manual,,3800,utility,new,standard,3 seats,,used,,2026-03,3,,3800,100,6,17,low,,k9 1.6 bluehdi 3 places,Ariana,https://www.tayara.tn/item/voitures/ariana/ariana/k9-16-bluehdi-3-places/69cabbc5b9d5257b5a84f5af/
"peugeot,308 allure 2021,2021,diesel,125000,automatic,,1500,sedan,new,standard,,,used,66801234,2026-03,,,1500,125000,5,25000,high,peugeot 308 allure,""Peugeot 308 Allure 2021 Diesel  130CH "
Fin série 
"22406680"",Sousse,https://www.tayara.tn/item/voitures/sousse/sousse/peugeot-308-allure-2021-diesel-130ch-fin-srie-22406680/69cabba69e9889cd0de78f48/"
peugeot,3008,2021,gasoline,,automatic,,1500,,new,standard,,,used,300885,2026-03,,,1500,,5,,,peugeot 3008,peugeot 3008,Sousse,https://www.tayara.tn/item/voitures/sousse/sousse/peugeot-3008/69cabb919e9889cd0de78f3e/
,,2011,gasoline,,manual,,4000,,new,standard,,,used,78000,2026-03,,,4000,,15,,,,للبيع,Sousse,https://www.tayara.tn/item/voitures/sousse/enfidha/69cab75eb9d5257b5a84f3e3/
,,2012,gasoline,168000,manual,5cv,1100,compact,new,standard,,,used,25000,2026-03,,,1100,168000,14,12000,normal,,A vendre C3 très propre 2012 première main,Tunis,https://www.tayara.tn/item/voitures/tunis/la-goulette/a-vendre-c3-trs-propre-2012-premire-main/69cab7089e9889cd0de78d67/
haval,jolion 2023 1ère,2023,gasoline,61000,automatic,,1500,,new,standard,,,used,81999,2026-03,,,1500,61000,3,20333,high,haval jolion 2023,Haval Jolion 2023 - 1ère Main - Entretien Maison Atlas Auto - sous garantie constructeur -,Tunis,https://www.tayara.tn/item/voitures/tunis/ain-zaghouen/haval-jolion-2023-1re-main-entretien-maison-atlas-auto-sous-garantie-constructeur-/69cab5079e9889cd0de78cb2/
hyundai,i20,2020,gasoline,72000,manual,,,,new,standard,,,used,2049499,2026-03,,,,72000,6,12000,normal,hyundai i20,Hyundai i20,Bizerte,https://www.tayara.tn/item/voitures/bizerte/ras-jebel/hyundai-i20/69cab34b2c7ecb90f0fc91b2/
chery,tiggo2,2008,gasoline,335000,automatic,8cv,1200,compact,new,standard,5 seats,,used,242000,2026-03,5,,1200,335000,18,18611,normal,chery tiggo2,A vendre chery tiggo2,Gafsa,https://www.tayara.tn/item/voitures/gafsa/gafsa-sud/a-vendre-chery-tiggo2/69cab3259e9889cd0de78bf6/
,,2020,gasoline,,manual,6cv,1200,coupe,new,standard,5 seats,4 doors,used,26000,2026-03,5,4,1200,,6,,,,Mahindra Kuv 100 Bonne Occasion a Vendre,Tunis,https://www.tayara.tn/item/voitures/tunis/tunis/mahindra-kuv-100-bonne-occasion-a-vendre/69cab2beb9d5257b5a84f227/
,,2015,gasoline,,automatic,,2000,compact,new,standard,,,used,69500,2026-03,,,2000,,11,,,,c 180 w 205 essence,Sfax,https://www.tayara.tn/item/voitures/sfax/sfax/c-180-w-205-essence/69cab238b9d5257b5a84f1e6/
suzuki,vitara 4x4,2017,gasoline,155,automatic,6cv,1600,,new,standard,,,used,450000,2026-03,,,1600,155,9,17,low,suzuki vitara 4x4,Suzuki vitara 4x4,Ariana,https://www.tayara.tn/item/voitures/ariana/la-soukra/suzuki-vitara-4x4/69cab1842c7ecb90f0fc90f0/
volkswagen,tiguan phase r-line,2023,gasoline,,automatic,,1400,,new,standard,,,used,,2026-03,,,1400,,3,,,volkswagen tiguan phase,Volkswagen Tiguan phase 2 R-line néuf,Sfax,https://www.tayara.tn/item/voitures/sfax/autres-villes/volkswagen-tiguan-phase-2-rline-nuf-/69cab0722c7ecb90f0fc907c/
audi,a4 diesel 2.0,2011,gasoline,70000,automatic,,2000,sedan,new,standard,,,used,45000,2026-03,,,2000,70000,15,4667,low,audi a4 diesel,Belle AUDI A4 Diesel 2.0 L TDI,Tunis,https://www.tayara.tn/item/voitures/tunis/lac-1/belle-audi-a4-diesel-20-l-tdi/69caaf5fb9d5257b5a84f0b7/
mercedes,c180 w204 kompresseur,2010,gasoline,50000,manual,5cv,1600,sedan,new,standard,,,used,28000,2026-03,,,1600,50000,16,3125,low,mercedes c180 w204,Mercedes c180 W204 kompresseur,Tataouine,https://www.tayara.tn/item/voitures/tataouine/tataouine/mercedes-c180-w204-kompresseur/69caaef52c7ecb90f0fc8fd4/
haval,h6,2020,gasoline,83000,automatic,,1500,sedan,new,standard,7 seats,,used,668000,2026-03,7,,1500,83000,6,13833,normal,haval h6,Haval H6,Monastir,https://www.tayara.tn/item/voitures/monastir/tboulba/haval-h6/69caaef0b9d5257b5a84f074/
hyundai,10,2018,gasoline,,automatic,,1200,sedan,new,standard,,,used,,2026-03,,,1200,,8,,,hyundai 10,Hyundai i 10,Ariana,https://www.tayara.tn/item/voitures/ariana/ariana/hyundai-i-10/69caaed19e9889cd0de78a11/
fiat,grande punto 2010,2010,gasoline,290000,manual,5cv,1400,,new,standard,,,used,201022,2026-03,,,1400,290000,16,18125,normal,fiat grande punto,fiat grande punto 2010,Tunis,https://www.tayara.tn/item/voitures/tunis/tunis/fiat-grande-punto-2010/69caab73b9d5257b5a84eef9/
bmw,série 116i phase,2009,gasoline,224000,manual,,2000,compact,new,standard,,,used,31000,2026-03,,,2000,224000,17,13176,normal,bmw série 116i,BMW Série 1 116i phase 2 Importée  Série 252,Tunis,https://www.tayara.tn/item/voitures/tunis/l-aouina/bmw-srie-1-116i-phase-2-importe-srie-252/69caaad62c7ecb90f0fc8e2e/
,,2019,gasoline,,manual,,,,new,standard,,,used,8242,2026-03,,,,,7,,,,Bon affaire,Tunis,https://www.tayara.tn/item/voitures/tunis/autres-villes/bon-affaire/69caaa119e9889cd0de78840/
peugeot,207,2008,gasoline,,,7cv,,,new,standard,9 seats,,used,20716800,2026-03,9,,,,18,,,peugeot 207,Peugeot 207,Ben Arous,https://www.tayara.tn/item/voitures/ben-arous/rads/peugeot-207/69caa9549e9889cd0de787f6/
,,2006,gasoline,,manual,,1600,sedan,new,standard,,,used,30000,2026-03,,,1600,,20,,,,Passat b7 essence,Le Kef,https://www.tayara.tn/item/voitures/le-kef/tajerouine/passat-b7-essence/69caa8759e9889cd0de7877c/
bmw,f30,,gasoline,,automatic,,1500,sedan,new,standard,,,used,3062999,2026-03,,,1500,,,,,bmw f30,BMW F30,Ariana,https://www.tayara.tn/item/voitures/ariana/borj-louzir/bmw-f30/69caa5aeb9d5257b5a84ec30/
mitsubishi,attrage premiere main.,2024,gasoline,2024,manual,,1200,sedan,,standard,,,used,,2026-03,,,1200,2024,2,1012,low,mitsubishi attrage premiere,MITSUBISHI ATTRAGE PREMIERE MAIN. 2024 km 1800 Presque cachete,Sfax,https://www.tayara.tn/item/voitures/sfax/route-tunis/mitsubishi-attrage-premiere-main-2024-km-1800-presque-cachete/69caa4c99e9889cd0de785c5/
hyundai,grand i10 première,2023,gasoline,90000,manual,,1200,compact,new,standard,,,used,,2026-03,,,1200,90000,3,30000,high,hyundai grand i10,Hyundai Grand i10 Première main.,Sfax,https://www.tayara.tn/item/voitures/sfax/route-tunis/hyundai-grand-i10-premire-main/69caa4bc9e9889cd0de785c1/
,,2011,gasoline,,manual,,1400,sedan,new,standard,,,used,28500,2026-03,,,1400,,15,,,,belle symbole,Le Kef,https://www.tayara.tn/item/voitures/le-kef/kef-est/belle-symbole/69caa19ab9d5257b5a84ea5f/
,,2014,gasoline,70000,automatic,,1400,compact,new,standard,,,used,642000,2026-03,,,1400,70000,12,5833,low,,Golf 6,Tunis,https://www.tayara.tn/item/voitures/tunis/tunis/golf-6/69caa1819e9889cd0de7843d/
,,2024,diesel,64120,automatic,9cv,1900,,new,standard,,,used,174998,2026-03,,,1900,64120,2,32060,high,,D-MAX,Ariana,https://www.tayara.tn/item/voitures/ariana/ariana/dmax/69caa08eb9d5257b5a84e9c3/
,,2006,gasoline,,automatic,,1400,sedan,new,standard,,,used,19000,2026-03,,,1400,,20,,,,Megane bizerte,Bizerte,https://www.tayara.tn/item/voitures/bizerte/bizerte/megane-bizerte/69caa0792c7ecb90f0fc8916/
mercedes,e200 cgi kit,2011,gasoline,,automatic,,2000,sedan,new,standard,,,used,,2026-03,,,2000,,15,,,mercedes e200 cgi,Mercedes-Benz E200 CGI kit AMG,Ben Arous,https://www.tayara.tn/item/voitures/ben-arous/medina-jedida/mercedesbenz-e200-cgi-kit-amg/69ca9fec2c7ecb90f0fc88d8/
kia,picanto 1ère mains,2016,gasoline,191104000,manual,4cv,,,new,standard,,5 doors,used,77034,2026-03,,5,,191104000,10,19110400,high,kia picanto 1ère,Kia picanto 1ère mains blanc en bonne état,Tunis,https://www.tayara.tn/item/voitures/tunis/sidi-hassine/kia-picanto-1re-mains-blanc-en-bonne-tat/69ca9eb09e9889cd0de782f5/
peugeot,4008 moteur mitsubischi,2014,gasoline,165000,manual,9cv,2000,,new,standard,,,used,80239900,2026-03,,,2000,165000,12,13750,normal,peugeot 4008 moteur,PEUGEOT 4008 MOTEUR MITSUBISCHI 4X4 TOIT PANO EXCELLENT ETAT TEL 22801802,Ariana,https://www.tayara.tn/item/voitures/ariana/ennasr/peugeot-4008-moteur-mitsubischi-4x4-toit-pano-excellent-etat-tel-22801802/69ca9d3ab9d5257b5a84e858/
bmw,série,2025,gasoline,,automatic,,1000,suv,new,standard,,,used,485000,2026-03,,,1000,,1,,,bmw série,BMW série 4,Tunis,https://www.tayara.tn/item/voitures/tunis/tunis/bmw-srie-4/69ca9d102c7ecb90f0fc8795/
,,2015,gasoline,,automatic,,1000,compact,new,standard,,,used,,2026-03,,,1000,,11,,,,voiture,Sfax,https://www.tayara.tn/item/voitures/sfax/mahrs/voiture/69ca9c0b9e9889cd0de781ad/
,,2024,gasoline,,automatic,,1500,,new,standard,,,used,70000,2026-03,,,1500,,2,,,,Voiture importe,Gabs,https://www.tayara.tn/item/voitures/gabs/mtouia/voiture-importe/69ca995bb9d5257b5a84e672/
,,2021,gasoline,,manual,125cv,1000,sedan,new,standard,,3 doors,used,69000,2026-03,,3,1000,,5,,,,Golf 8 1.0 L,Tunis,https://www.tayara.tn/item/voitures/tunis/l-aouina/golf-8-10-l/69ca9576b9d5257b5a84e491/
,,2012,gasoline,70000,,10cv,,,new,standard,,,used,46699,2026-03,,,,70000,14,5000,low,,taxi à vendre,Tunis,https://www.tayara.tn/item/voitures/tunis/agba/taxi-vendre/69ca93bf2c7ecb90f0fc8340/
,,2012,diesel,,automatic,,1600,sedan,new,standard,,,used,,2026-03,,,1600,,14,,,,voiture a vendre,Kasserine,https://www.tayara.tn/item/voitures/kasserine/sbetla/voiture-a-vendre/69ca925bb9d5257b5a84e2c6/
fiat,doblo vendre,2020,diesel,,manual,,1300,utility,new,standard,,,used,32000,2026-03,,,1300,,6,,,fiat doblo vendre,FIAT DOBLO A VENDRE,Sfax,https://www.tayara.tn/item/voitures/sfax/tunis/fiat-doblo-a-vendre/69ca924f2c7ecb90f0fc8266/
,,2021,gasoline,70000,manual,,2000,coupe,new,standard,,,used,57000,2026-03,,,2000,70000,5,14000,normal,,voiture,Tunis,https://www.tayara.tn/item/voitures/tunis/le-bardo/voiture/69ca91512c7ecb90f0fc81ca/
kia,picanto boite auto,2014,gasoline,,automatic,5cv,1200,compact,new,standard,,4 doors,used,21932800,2026-03,,4,1200,,12,,,kia picanto boite,kia Picanto boite auto 22599219,Tunis,https://www.tayara.tn/item/voitures/tunis/sidi-bou-said/kia-picanto-boite-auto-22599219/69ca8f022c7ecb90f0fc80a0/
kia,sportage gtline 1.7,2018,diesel,,automatic,,1400,compact,new,standard,,,used,21984800,2026-03,,,1400,,8,,,kia sportage gtline,kia Sportage Gtline 1.7 diesel 22599219,Tunis,https://www.tayara.tn/item/voitures/tunis/sidi-bou-said/kia-sportage-gtline-17-diesel-22599219/69ca8ee5b9d5257b5a84e0fa/
peugeot,108,2016,gasoline,184000,,,1200,,new,standard,5 seats,,used,10830000,2026-03,5,,1200,184000,10,18400,normal,peugeot 108,Peugeot 108,Ariana,https://www.tayara.tn/item/voitures/ariana/sidi-thabet/peugeot-108/69ca8df6b9d5257b5a84e072/
,,2022,gasoline,,manual,6cv,1000,compact,new,standard,,3 doors,used,78000,2026-03,,3,1000,,4,,,,golf 8 tsi,Tunis,https://www.tayara.tn/item/voitures/tunis/lac-1/golf-8-tsi/69ca8de8b9d5257b5a84e068/
kia,rio 2017,2017,gasoline,166000,manual,5cv,1200,,new,standard,,,used,01741000,2026-03,,,1200,166000,9,18444,normal,kia rio 2017,Kia rio 2017,Ariana,https://www.tayara.tn/item/voitures/ariana/jardins-el-menzah/kia-rio-2017/69ca8cb72c7ecb90f0fc7f17/
hyundai,grand 10,2018,gasoline,,manual,7cv,1200,sedan,new,standard,,,used,1033500,2026-03,,,1200,,8,,,hyundai grand 10,Hyundai Grand i 10,Nabeul,https://www.tayara.tn/item/voitures/nabeul/klibia/hyundai-grand-i-10/69ca898eb9d5257b5a84ddd8/
,,2015,gasoline,,manual,,1000,compact,new,standard,5 seats,,used,34000,2026-03,5,,1000,,11,,,,clio,Sfax,https://www.tayara.tn/item/voitures/sfax/route-el-afrane/clio/69ca894f2c7ecb90f0fc7d50/
bmw,530i g30,2017,gasoline,175000,automatic,,2000,sedan,new,standard,,,used,30135000,2026-03,,,2000,175000,9,19444,normal,bmw 530i g30,BMW 530i  G30,Sousse,https://www.tayara.tn/item/voitures/sousse/hammam-sousse/bmw-530i-g30/69ca88dcb9d5257b5a84dd79/
fiat,punto,2007,gasoline,70000,manual,10cv,1400,compact,new,standard,,,used,46699,2026-03,,,1400,70000,19,3684,low,fiat punto,Fiat Punto 3,Tunis,https://www.tayara.tn/item/voitures/tunis/tunis/fiat-punto-3/69ca88ba9e9889cd0de77790/
mazda,bt50,,diesel,,automatic,,2500,,new,standard,,,used,,2026-03,,,2500,,,,,mazda bt50,Mazda bt50,Bizerte,https://www.tayara.tn/item/voitures/bizerte/bizerte/mazda-bt50/69ca87bf2c7ecb90f0fc7c80/
,,2022,gasoline,84000,automatic,6cv,1000,sedan,new,standard,,,used,1234,2026-03,,,1000,84000,4,21000,high,,vw taigo kit rline,Sousse,https://www.tayara.tn/item/voitures/sousse/sousse-jawhara/vw-taigo-kit-rline/693afd0e8914daae5199cd99/
mg,,2022,gasoline,91000,automatic,08cv,1300,sedan,new,standard,,,used,125000,2026-03,,,1300,91000,4,22750,high,mg,gla250e kit AMG,Sousse,https://www.tayara.tn/item/voitures/sousse/sousse-jawhara/gla250e-kit-amg/69a2fab115e045cfa268f036/
peugeot,partener k9,2017,gasoline,290000,manual,6cv,1600,utility,new,standard,,,used,941000,2026-03,,,1600,290000,9,32222,high,peugeot partener k9,Peugeot partener K9,Mdenine,https://www.tayara.tn/item/voitures/mdenine/djerba-midoun/peugeot-partener-k9/69ca8728b9d5257b5a84dc8f/
mercedes,benz,2009,gasoline,,automatic,,1600,sedan,new,standard,,,used,,2026-03,,,1600,,17,,,mercedes benz,Mercedes benz,Sfax,https://www.tayara.tn/item/voitures/sfax/sakiet-eddaer/mercedes-benz/69ca86992c7ecb90f0fc7be1/
,,2017,gasoline,017116000,manual,,1200,sedan,new,standard,7 seats,,used,66000,2026-03,7,,1200,17116000,9,1901778,high,,Golf 7 smart line,Ariana,https://www.tayara.tn/item/voitures/ariana/ariana/golf-7-smart-line/69ca85feb9d5257b5a84dbbf/
bmw,e34 535i v8,1991,gasoline,,automatic,9cv,4000,sedan,new,standard,,,used,34800,2026-03,,,4000,,35,,,bmw e34 535i,BMW E34 535i  V8 Phase 2,Bizerte,https://www.tayara.tn/item/voitures/bizerte/bizerte/bmw-e34-535i-v8-phase-2-/69ca84cf9e9889cd0de7753f/
byd,tang ev 1ere,2024,electric,520,automatic,9cv,,,new,standard,7 seats,,used,02209500,2026-03,7,,,520,2,260,low,byd tang ev,BYD TANG EV 1ERE MAIN ELECTIQUE COMME NEUVE SOUS GARANTIE TEL 22801802,Ariana,https://www.tayara.tn/item/voitures/ariana/ennasr/byd-tang-ev-1ere-main-electique-comme-neuve-sous-garantie-tel-22801802/69ca8436b9d5257b5a84da94/
,,2009,diesel,,manual,,1900,sedan,new,standard,,,used,631000,2026-03,,,1900,,17,,,,Passat b6,Sfax,https://www.tayara.tn/item/voitures/sfax/route-taniour/passat-b6/69ca7f439e9889cd0de7726c/
,,2017,gasoline,260000,manual,,1200,compact,new,standard,,4 doors,used,29500,2026-03,,4,1200,260000,9,28889,high,,Clio4 dynamique  économique  idéale travail  moteur fiable  prix négociable,Tunis,https://www.tayara.tn/item/voitures/tunis/tunis/clio4-dynamique-conomique-idale-travail-moteur-fiable-prix-ngociable/69ca7de2b9d5257b5a84d6fb/
,,2020,diesel,112000,automatic,,2000,compact,new,standard,,,used,112000,2026-03,,,2000,112000,6,18667,normal,,Voiture a vendre,Mdenine,https://www.tayara.tn/item/voitures/mdenine/djerba-houmt-souk/voiture-a-vendre/69ca7c75b9d5257b5a84d63a/
,,2019,gasoline,,manual,,1200,,new,standard,,,used,836000,2026-03,,,1200,,7,,,,polo8,Ariana,https://www.tayara.tn/item/voitures/ariana/cit-ennasr-2/polo8/69ca7c0eb9d5257b5a84d603/
,,2017,gasoline,,manual,,1400,compact,new,standard,,,used,964,2026-03,,,1400,,9,,,,Passat b9,Tunis,https://www.tayara.tn/item/voitures/tunis/tunis/passat-b9/69ca7beeb9d5257b5a84d5f5/
peugeot,3008 gt line,2022,diesel,,automatic,,1500,sedan,new,standard,,,used,98500,2026-03,,,1500,,4,,,peugeot 3008 gt,Peugeot 3008 GT line premium Dissel boite automatique tt option importé fin sir état neuf,Bja,https://www.tayara.tn/item/voitures/bja/medjez-el-bab/peugeot-3008-gt-line-premium-dissel-boite-automatique-tt-option-import-fin-sir-tat-neuf/69ca79de9e9889cd0de76f53/
mercedes,cls 250 voiture,2011,diesel,,automatic,,2200,sedan,new,standard,,,used,,2026-03,,,2200,,15,,,mercedes cls 250,A vendre Mercedes cls 250  voiture comme neuve,Tunis,https://www.tayara.tn/item/voitures/tunis/el-menzah-1/a-vendre-mercedes-cls-250-voiture-comme-neuve/69ca79409e9889cd0de76f07/
kia,stonic bakou,2024,gasoline,70000,manual,10cv,4000,compact,new,standard,,,used,46699,2026-03,,,4000,70000,2,35000,high,kia stonic bakou,Avendre Kia stonic bakou,Tunis,https://www.tayara.tn/item/voitures/tunis/tunis/avendre-kia-stonic-bakou/69ca79189e9889cd0de76eef/
hyundai,tucson premium dissel,2022,diesel,,automatic,,1600,sedan,new,standard,,,used,117000,2026-03,,,1600,,4,,,hyundai tucson premium,Hyundai Tucson premium Dissel boite automatique tt option importé fin sir,Bja,https://www.tayara.tn/item/voitures/bja/medjez-el-bab/hyundai-tucson-premium-dissel-boite-automatique-tt-option-import-fin-sir/69ca78c6b9d5257b5a84d436/
mg,tres propre,2014,gasoline,107000,automatic,6cv,1600,sedan,new,standard,,,used,62000,2026-03,,,1600,107000,12,8917,low,mg tres propre,MEecedes classe A AMG tres propre,Tunis,https://www.tayara.tn/item/voitures/tunis/montplaisir/meecedes-classe-a-amg-tres-propre/69ca771f9e9889cd0de76dd9/
,,2022,gasoline,,automatic,,1500,compact,new,standard,,,used,,2026-03,,,1500,,4,,,,Tivoli 1.5 turbo bva,Sfax,https://www.tayara.tn/item/voitures/sfax/route-el-afrane/tivoli-15-turbo-bva/69ca76d4b9d5257b5a84d331/
opel,corsa,2009,gasoline,,,,1200,utility,new,standard,,2 doors,used,16500,2026-03,,2,1200,,17,,,opel corsa,A vendre Opel corsa c,Tunis,https://www.tayara.tn/item/voitures/tunis/el-omrane-suprieur/a-vendre-opel-corsa-c/69ca74ca9e9889cd0de76c84/
citroën,c5,2011,diesel,,manual,,1500,,new,standard,,,used,,2026-03,,,1500,,15,,,citroën c5,Citroën C5,Sousse,https://www.tayara.tn/item/voitures/sousse/sousse/citron-c5/69ca73db2c7ecb90f0fc7184/
peugeot,205,1998,gasoline,,manual,4cv,1400,compact,new,standard,,,used,2052500,2026-03,,,1400,,28,,,peugeot 205,peugeot 205,Ariana,https://www.tayara.tn/item/voitures/ariana/la-soukra/peugeot-205/69ca726ab9d5257b5a84d10f/
,,2013,gasoline,,automatic,,1600,coupe,new,standard,,,used,32000,2026-03,,,1600,,13,,,,cady,Bja,https://www.tayara.tn/item/voitures/bja/bja/cady/69ca70a59e9889cd0de76aa7/
opel,vivaro commerciale 55249889,2006,diesel,,automatic,,1900,utility,new,standard,9 seats,,used,88943500,2026-03,9,,1900,,20,,,opel vivaro commerciale,opel vivaro Commerciale   55249889,Nabeul,https://www.tayara.tn/item/voitures/nabeul/nabeul/opel-vivaro-commerciale-55249889/69ca70552c7ecb90f0fc6f96/
kia,xceed sx 51,2021,gasoline,,automatic,6cv,1000,compact,new,standard,,,used,69000,2026-03,,,1000,,5,,,kia xceed sx,KIA XCEED SX   51 080 080 26410 477 Possibilité de vente ou d'échange,Tunis,https://www.tayara.tn/item/voitures/tunis/l-aouina/-kia-xceed-sx-51-080-080-26410-477-possibilit-de-vente-ou-dchange/69ca6fff9e9889cd0de76a51/
,,2013,diesel,,manual,,1600,compact,new,standard,,,used,1234,2026-03,,,1600,,13,,,,c4 ehdi,Kasserine,https://www.tayara.tn/item/voitures/kasserine/kasserine-nord/c4-ehdi/69ca6fc99e9889cd0de76a2a/
,,2022,gasoline,000,automatic,,1600,compact,new,standard,,,used,108000,2026-03,,,1600,0,4,0,low,,HUYNDAI TUCISON   51 080 080 26 410 477 Possibilité de vente ou échange Caractéristiques  Immatriculation 237TU,Tunis,https://www.tayara.tn/item/voitures/tunis/l-aouina/-huyndai-tucison-51-080-080-26-410-477-possibilit-de-vente-ou-change-caractristiques-immatriculation-237tu/69ca6f319e9889cd0de769d5/
audi,q5 tdi v6,2014,diesel,112000,automatic,,3000,,new,standard,,,used,97000,2026-03,,,3000,112000,12,9333,low,audi q5 tdi,AUDI Q5 TDI V6 QUATTRO  51 080 080 26 410 477  Possibilité de vente ou d'échange,Tunis,https://www.tayara.tn/item/voitures/tunis/l-aouina/audi-q5-tdi-v6-quattro-51-080-080-26-410-477-possibilit-de-vente-ou-dchange/69ca6e389e9889cd0de76968/
mercedes,benz c300e amg,2021,gasoline,000,automatic,12cv,3000,suv,new,standard,,,used,126000,2026-03,,,3000,0,5,0,low,mercedes benz c300e,MERCEDES BENZ C300e AMG 4MATIC   51 080 080 26 410 477 Possibilité de vente ou échange,Tunis,https://www.tayara.tn/item/voitures/tunis/l-aouina/-mercedes-benz-c300e-amg-4matic-51-080-080-26-410-477-possibilit-de-vente-ou-change/69ca6d499e9889cd0de768eb/
ford,ranger,2014,diesel,80000,manual,136cv,2200,,new,standard,,,used,18065,2026-03,,,2200,80000,12,6667,low,ford ranger,FORD RANGER,Sousse,https://www.tayara.tn/item/voitures/sousse/m-saken/ford-ranger/69ca6ce89e9889cd0de768b9/
opel,grandland 51 080,2019,gasoline,000,automatic,7cv,1200,coupe,new,standard,,,used,58000,2026-03,,,1200,0,7,0,low,opel grandland 51,OPEL GRANDLAND X  51 080 080 26 410 477 Possibilité de vente ou d'échange,Tunis,https://www.tayara.tn/item/voitures/tunis/l-aouina/opel-grandland-x-51-080-080-26-410-477-possibilit-de-vente-ou-dchange/69ca6c4ab9d5257b5a84ce19/
peugeot,5008 allure 51,2022,gasoline,000,automatic,130cv,1200,compact,new,standard,7 seats,3 doors,used,84000,2026-03,7,3,1200,0,4,0,low,peugeot 5008 allure,PEUGEOT 5008 ALLURE  51 080 080 26 410 477 Possibilité de vente ou échange,Tunis,https://www.tayara.tn/item/voitures/tunis/l-aouina/peugeot-5008-allure-51-080-080-26-410-477-possibilit-de-vente-ou-change/69ca6b51b9d5257b5a84cd8e/
fiat,500 bonne occasion,2024,gasoline,107000,automatic,125cv,1000,coupe,new,standard,,,used,62000,2026-03,,,1000,107000,2,53500,high,fiat 500 bonne,Fiat 500 Bonne Occasion a Vendre,Tunis,https://www.tayara.tn/item/voitures/tunis/tunis/fiat-500-bonne-occasion-a-vendre/69c151f32e8a8ef7043f5a9a/
ford,kuga bonne occasion,2019,gasoline,107000,automatic,125cv,1500,coupe,new,standard,,,used,64000,2026-03,,,1500,107000,7,15286,normal,ford kuga bonne,Ford Kuga Bonne Occasion a Vendre,Tunis,https://www.tayara.tn/item/voitures/tunis/tunis/ford-kuga-bonne-occasion-a-vendre/69b5489a8802795eea1bd0a0/
mercedes,classe bonne occasion,2019,gasoline,79000,automatic,,,,new,standard,,,used,105000,2026-03,,,,79000,7,11286,normal,mercedes classe bonne,Mercedes Classe A Bonne Occasion a Vendre,Tunis,https://www.tayara.tn/item/voitures/tunis/tunis/mercedes-classe-a-bonne-occasion-a-vendre/6978ff94d921b01419d46102/
mercedes,200 coupe bonne,2014,gasoline,70000,automatic,,2000,coupe,new,standard,,3 doors,used,87000,2026-03,,3,2000,70000,12,5833,low,mercedes 200 coupe,Mercedes E 200 Coupe Bonne Occasion a Vendre,Tunis,https://www.tayara.tn/item/voitures/tunis/tunis/mercedes-e-200-coupe-bonne-occasion-a-vendre/6978f6e3d921b01419d45b7b/
,,2012,gasoline,,manual,,1200,compact,new,standard,,,used,,2026-03,,,1200,,14,,,,grandi Punto 1ère main,Sfax,https://www.tayara.tn/item/voitures/sfax/route-el-ain/grandi-punto-1re-main/69ca68dd2c7ecb90f0fc6bc8/
,,2024,gasoline,,automatic,,3000,compact,new,standard,,,used,,2026-03,,,3000,,2,,,,voiture presq neuf,Kasserine,https://www.tayara.tn/item/voitures/kasserine/kasserine/voiture-presq-neuf/69ca68af9e9889cd0de76688/
mercedes,classe,2016,gasoline,140000,manual,6cv,1600,compact,new,standard,,5 doors,used,58000,2026-03,,5,1600,140000,10,14000,normal,mercedes classe,Mercedes-Benz Classe A,Sfax,https://www.tayara.tn/item/voitures/sfax/route-tunis/mercedesbenz-classe-a/69ca68739e9889cd0de76670/
,,2009,diesel,,manual,,2500,pickup,new,standard,,,used,09123123,2026-03,,,2500,,17,,,,Isuzu Dmax Ls 2009,Kairouan,https://www.tayara.tn/item/voitures/kairouan/hajeb-el-ayoun/isuzu-dmax-ls-2009/69ca682f9e9889cd0de76657/
,,2021,gasoline,17000,manual,6cv,1100,coupe,new,standard,,2 doors,used,328900,2026-03,,2,1100,17000,5,3400,low,,Saxo à vendre,Sfax,https://www.tayara.tn/item/voitures/sfax/route-mehdia/saxo-vendre/69ca65db9e9889cd0de76564/
,,2022,gasoline,60000,manual,,1000,,new,standard,,,used,,2026-03,,,1000,60000,4,15000,normal,,EXCEPTIONNELLE Golf 8 Allemande  État Neuf  60 000 km Certifiés,Tunis,https://www.tayara.tn/item/voitures/tunis/tunis/exceptionnelle-golf-8-allemande-tat-neuf-60-000-km-certifis/69ca65bd2c7ecb90f0fc6a69/
,,2022,gasoline,,automatic,,1400,,new,standard,,,used,2022119,2026-03,,,1400,,4,,,,Tiguan R Line 2022,Nabeul,https://www.tayara.tn/item/voitures/nabeul/mrezga/tiguan-r-line-2022/69ca64d79e9889cd0de764e7/
geely,gx3,2023,gasoline,70000,automatic,,1500,coupe,new,standard,,,used,348000,2026-03,,,1500,70000,3,23333,high,geely gx3,Geely GX3,Tunis,https://www.tayara.tn/item/voitures/tunis/l-aouina/geely-gx3/69ca64c02c7ecb90f0fc69ff/
audi,q5,2010,diesel,,manual,,2000,,new,standard,,,used,,2026-03,,,2000,,16,,,audi q5,Audi Q5,Nabeul,https://www.tayara.tn/item/voitures/nabeul/mrezga/audi-q5/69ca64ab2c7ecb90f0fc69f3/
,,2019,diesel,,manual,,1600,compact,new,standard,,,used,63000,2026-03,,,1600,,7,,,,Golf 7 1.6 tdi,Gafsa,https://www.tayara.tn/item/voitures/gafsa/redeyef/golf-7-16-tdi/69ca63f0b9d5257b5a84ca2b/
,,2005,diesel,,manual,,2500,,new,standard,,,used,200552,2026-03,,,2500,,21,,,,Dimax 2005,Mahdia,https://www.tayara.tn/item/voitures/mahdia/el-jem/dimax-2005/69ca63b9b9d5257b5a84ca09/
,,2010,diesel,230,automatic,,1500,sedan,new,standard,,,used,38000,2026-03,,,1500,230,16,14,low,,A vendre Megane 3 1.5 DCI 50,Nabeul,https://www.tayara.tn/item/voitures/nabeul/hammamet/a-vendre-megane-3-15-dci-50/69ca633c2c7ecb90f0fc6938/
,,2021,gasoline,218,automatic,130cv,5,estate,new,standard,,,used,68000,2026-03,,,5,218,5,44,low,,dmax ndhifa,Nabeul,https://www.tayara.tn/item/voitures/nabeul/bou-argoub/dmax-ndhifa/69ca60d4b9d5257b5a84c885/
,,2018,gasoline,208000,automatic,7cv,1197,,new,standard,,5 doors,used,56000,2026-03,,5,1197,208000,8,26000,high,,KADJAR à ne pas rater Etat origine Neuf,Sfax,https://www.tayara.tn/item/voitures/sfax/sakiet-eddaer/kadjar-ne-pas-rater-etat-origine-neuf/69ca60199e9889cd0de76248/
seat,ibiza style,2020,gasoline,,manual,,1000,compact,new,standard,,,used,43000,2026-03,,,1000,,6,,,seat ibiza style,seat Ibiza style,Ariana,https://www.tayara.tn/item/voitures/ariana/ariana/seat-ibiza-style/69ca5f799e9889cd0de76202/
volkswagen,golf bva,2019,gasoline,130000,automatic,6cv,1200,sedan,new,standard,,,used,59500,2026-03,,,1200,130000,7,18571,normal,volkswagen golf bva,2019 VOLKSWAGEN GOLF 7 BVA,Tunis,https://www.tayara.tn/item/voitures/tunis/la-marsa/2019-volkswagen-golf-7-bva/69ca5f3fb9d5257b5a84c7bc/
hyundai,grand i10 sedan,2023,gasoline,103000,manual,5cv,1200,sedan,new,standard,5 seats,,used,48000,2026-03,5,,1200,103000,3,34333,high,hyundai grand i10,Hyundai Grand i10 Sedan,Ariana,https://www.tayara.tn/item/voitures/ariana/ariana/hyundai-grand-i10-sedan/69ca5e482c7ecb90f0fc66c4/
seat,ibiza état trés,2019,gasoline,68,automatic,4cv,1000,,new,standard,5 seats,,used,27000,2026-03,5,,1000,68,7,10,low,seat ibiza état,voiture seat ibiza état trés propre,Ariana,https://www.tayara.tn/item/voitures/ariana/ariana-essoughra/voiture-seat-ibiza-tat-trs-propre/69ca5d849e9889cd0de760f0/
,,2023,gasoline,000,manual,6cv,1000,coupe,new,standard,,2 doors,used,328900,2026-03,,2,1000,0,3,0,low,,kwid,Sfax,https://www.tayara.tn/item/voitures/sfax/route-mehdia/kwid/69ca5d082c7ecb90f0fc662d/
kia,sportage diesel,2019,diesel,,manual,6cv,1600,,new,standard,,,used,68000,2026-03,,,1600,,7,,,kia sportage diesel,Kia sportage diesel,Sfax,https://www.tayara.tn/item/voitures/sfax/route-mehdia/kia-sportage-diesel/69ca5cec9e9889cd0de760aa/
kia,rio 1.2,2013,gasoline,,manual,6cv,1200,sedan,new,standard,5 seats,4 doors,used,231000,2026-03,5,4,1200,,13,,,kia rio 1.2,Kia Rio 1.2,Tunis,https://www.tayara.tn/item/voitures/tunis/bellevue/kia-rio-12/69ca5ce3b9d5257b5a84c6af/
audi,q3,2015,gasoline,17000,automatic,08cv,1800,coupe,new,standard,,2 doors,used,328900,2026-03,,2,1800,17000,11,1545,low,audi q3,AUDI Q3,Sfax,https://www.tayara.tn/item/voitures/sfax/route-tunis/audi-q3/69ca5c642c7ecb90f0fc65e1/
suzuki,swift premier main,2023,gasoline,28200,automatic,5cv,1200,coupe,new,standard,,,used,47000,2026-03,,,1200,28200,3,9400,low,suzuki swift premier,Suzuki Swift premier main,Tunis,https://www.tayara.tn/item/voitures/tunis/khaznadar/suzuki-swift-premier-main/69ca5bcb2c7ecb90f0fc6597/
kia,rio,2020,gasoline,,manual,,1400,sedan,new,standard,,,used,,2026-03,,,1400,,6,,,kia rio,KIA RIO,Sousse,https://www.tayara.tn/item/voitures/sousse/hammam-sousse/kia-rio/69ca5a55b9d5257b5a84c549/
,,2020,gasoline,,manual,6cv,1200,coupe,new,standard,5 seats,4 doors,used,29000,2026-03,5,4,1200,,6,,,,vendre voiture mahindra tres bon état presque neuf,Tunis,https://www.tayara.tn/item/voitures/tunis/tunis/vendre-voiture-mahindra-tres-bon-tat-presque-neuf/69ca590ab9d5257b5a84c47c/
,,2015,gasoline,70000,automatic,5cv,1200,coupe,new,standard,,,used,49500,2026-03,,,1200,70000,11,6364,low,,golf7 lounge,Tunis,https://www.tayara.tn/item/voitures/tunis/tunis/golf7-lounge/69ca58a19e9889cd0de75e53/
peugeot,308 phase,2009,gasoline,000,manual,6cv,1400,coupe,new,standard,5 seats,4 doors,used,25000,2026-03,5,4,1400,0,17,0,low,peugeot 308 phase,A vendre  Peugeot 308 - Phase I - Essence,Tunis,https://www.tayara.tn/item/voitures/tunis/tunis/a-vendre-peugeot-308-phase-i-essence/69ca5857b9d5257b5a84c41b/
kia,rio 5p 1ère,2016,gasoline,000,manual,5cv,1200,compact,new,standard,5 seats,,used,36000,2026-03,5,,1200,0,10,0,low,kia rio 5p,Kia Rio 5p - 1ère Main - Avril 2016 5 CV,Ariana,https://www.tayara.tn/item/voitures/ariana/ghazela/kia-rio-5p-1re-main-avril-2016-5-cv/69ca57749e9889cd0de75d9f/
,,1998,diesel,,manual,,1900,,new,standard,,,used,95009500,2026-03,,,1900,,28,,,,parthner peugot diezel 9500,Bizerte,https://www.tayara.tn/item/voitures/bizerte/menzel-bourguiba/parthner-peugot-diezel-9500/69ca55979e9889cd0de75cbc/
,,2000,gasoline,,manual,5cv,1000,compact,new,standard,,2 doors,used,413500,2026-03,,2,1000,,26,,,,Polo 4,Tunis,https://www.tayara.tn/item/voitures/tunis/le-bardo/polo-4/69ca55402c7ecb90f0fc6209/
opel,corsa,1998,gasoline,17000,automatic,6cv,1200,coupe,new,standard,,2 doors,used,328900,2026-03,,2,1200,17000,28,607,low,opel corsa,Opel Corsa,Sfax,https://www.tayara.tn/item/voitures/sfax/autres-villes/opel-corsa/69ca54c92c7ecb90f0fc61d6/
,,2011,gasoline,68,automatic,4cv,1400,utility,new,standard,5 seats,,used,27000,2026-03,5,,1400,68,15,5,low,,polo tout option première main d'origine quatre cylindre zéro dépense,Ariana,https://www.tayara.tn/item/voitures/ariana/cit-ennasr-2/polo-tout-option-premire-main-dorigine-quatre-cylindre-zro-dpense/69ca549a2c7ecb90f0fc61c1/
,,,gasoline,,automatic,,,,new,standard,,2 doors,used,12000,2026-03,,2,,,,,,,A ne pas rater une belle voiture Sport 106 modifié 2portes,Tunis,https://www.tayara.tn/item/voitures/tunis/ettahrir/a-ne-pas-rater-une-belle-voiture-sport-106-modifi-2portes/69ca54712c7ecb90f0fc61b1/
hyundai,grand i10 populaire,2021,gasoline,,automatic,,1000,compact,new,standard,,,used,38000,2026-03,,,1000,,5,,,hyundai grand i10,hyundai grand i10 populaire,Nabeul,https://www.tayara.tn/item/voitures/nabeul/soliman/hyundai-grand-i10-populaire/69ca53519e9889cd0de75b6b/
toyota,,2019,diesel,,manual,,2900,,new,standard,,,used,,2026-03,,,2900,,7,,,toyota,Toyota,Jendouba,https://www.tayara.tn/item/voitures/jendouba/jendouba/toyota/69ca52eb9e9889cd0de75b33/
seat,ibiza 02/2019,2019,gasoline,78000,automatic,4cv,1000,compact,new,standard,5 seats,5 doors,used,01947000,2026-03,5,5,1000,78000,7,11143,normal,seat ibiza 02/2019,Seat Ibiza 02/2019,Ariana,https://www.tayara.tn/item/voitures/ariana/chotrana-1/seat-ibiza-022019/69ca51e7b9d5257b5a84c0a2/
,,2020,gasoline,,automatic,6cv,1000,compact,new,standard,,,used,29500,2026-03,,,1000,,6,,,,Golf 7.5 IQ Drive,Monastir,https://www.tayara.tn/item/voitures/monastir/monastir/golf-75-iq-drive/69ca51962c7ecb90f0fc5ff4/
peugeot,308 phase,2018,gasoline,000,manual,5cv,1200,sedan,new,standard,5 seats,,used,238500,2026-03,5,,1200,0,8,0,low,peugeot 308 phase,Peugeot 308 phase 2,Ariana,https://www.tayara.tn/item/voitures/ariana/la-soukra/peugeot-308-phase-2/69ca511b9e9889cd0de75a20/
dacia,logan,2025,gasoline,,manual,,1200,sedan,new,standard,,,used,18500,2026-03,,,1200,,1,,,dacia logan,A vendre DACIA Logan,Sfax,https://www.tayara.tn/item/voitures/sfax/route-el-ain/a-vendre-dacia-logan/69ca4fce2c7ecb90f0fc5eef/
citroën,saxo,2001,gasoline,68,automatic,4cv,1100,,new,standard,5 seats,,used,27000,2026-03,5,,1100,68,25,3,low,citroën saxo,a vendre ou échanger Citroën saxo,Ariana,https://www.tayara.tn/item/voitures/ariana/ariana-ville/a-vendre-ou-changer-citron-saxo/69ca4ef52c7ecb90f0fc5e76/
kia,picanto,2022,gasoline,,manual,4cv,1000,compact,new,standard,,,used,,2026-03,,,1000,,4,,,kia picanto,Kia Picanto,Nabeul,https://www.tayara.tn/item/voitures/nabeul/klibia/kia-picanto/69ca4e399e9889cd0de7589a/
"hyundai,grand i10 cv,2024,gasoline,70000,manual,4cv,1000,compact,new,standard,,,used,46699,2026-03,,,1000,70000,2,35000,high,hyundai grand i10,""Hyundai Grand i10 "
"4 cv 1ere main"",Tunis,https://www.tayara.tn/item/voitures/tunis/tunis/hyundai-grand-i10-4-cv-1ere-main/69ca4cd39e9889cd0de757e3/"
fiat,siena,2007,gasoline,,manual,4cv,1400,sedan,new,standard,9 seats,,used,18500,2026-03,9,,1400,,19,,,fiat siena,fiat siena,Sousse,https://www.tayara.tn/item/voitures/sousse/sahloul/fiat-siena/69ca4c369e9889cd0de75796/
bmw,serie 118i,2019,gasoline,,automatic,,1500,sedan,new,standard,,,used,68500,2026-03,,,1500,,7,,,bmw serie 118i,bmw serie 1 118i,Sfax,https://www.tayara.tn/item/voitures/sfax/autres-villes/bmw-serie-1-118i/69c97072b9d5257b5a8471ff/
kia,picanto 2023 1ère,2023,gasoline,,manual,,1000,,new,standard,,,used,,2026-03,,,1000,,3,,,kia picanto 2023,Voiture Kia Picanto 2023 1ère main,Ariana,https://www.tayara.tn/item/voitures/ariana/sidi-thabet/voiture-kia-picanto-2023-1re-main/69ca49702c7ecb90f0fc5b9b/
fiat,500 27 817,2012,gasoline,178,manual,,1400,sedan,new,standard,,,used,28000,2026-03,,,1400,178,14,13,low,fiat 500 27,Fiat 500 27 817 217,Monastir,https://www.tayara.tn/item/voitures/monastir/ksar-hellal/fiat-500-27-817-217-/69ca4934b9d5257b5a84bc2e/
"hyundai,grande i10 essence,2006,gasoline,,manual,,1200,compact,new,standard,,,used,59437000,2026-03,,,1200,,20,,,hyundai grande i10,""HYUNDAI GRANDE i10 ESSENCE "
"Tel 24 313 594"",Gabs,https://www.tayara.tn/item/voitures/gabs/gabs-mdina/hyundai-grande-i10-essence-tel-24-313-594/69ca48fa2c7ecb90f0fc5b5d/"
"hyundai,grande i10 essence,2006,gasoline,,manual,,1200,compact,new,standard,,,used,25135500,2026-03,,,1200,,20,,,hyundai grande i10,""HYUNDAI GRANDE i10 ESSENCE"
" Tel 40884251"",Gabs,https://www.tayara.tn/item/voitures/gabs/gabs-ouest/hyundai-grande-i10-essence-tel-40884251/69ca48e6b9d5257b5a84bc05/"
peugeot,landtrek,2021,diesel,,manual,,1900,,new,standard,,,used,88000,2026-03,,,1900,,5,,,peugeot landtrek,Peugeot Landtrek,Bizerte,https://www.tayara.tn/item/voitures/bizerte/bizerte/peugeot-landtrek/69ca4821b9d5257b5a84bb9a/
,,2023,gasoline,,manual,,1200,hatchback,new,standard,,5 doors,used,4041500,2026-03,,5,1200,,3,,,,i10 1ère main klm 40,Sfax,https://www.tayara.tn/item/voitures/sfax/route-tunis/i10-1re-main-klm-40/69ca47b7b9d5257b5a84bb5b/
opel,combo 1.7 turbo,,diesel,,manual,,1700,,new,standard,5 seats,,used,12500,2026-03,5,,1700,,,,,opel combo 1.7,Opel combo 1.7 Turbo,Ben Arous,https://www.tayara.tn/item/voitures/ben-arous/mohamedia/opel-combo-17-turbo/69ca47b2b9d5257b5a84bb57/
,,2023,gasoline,17000,automatic,6cv,1200,sedan,new,standard,,2 doors,used,328900,2026-03,,2,1200,17000,3,5667,low,,I10 1ère main boîte automatique,Sfax,https://www.tayara.tn/item/voitures/sfax/route-tunis/i10-1re-main-bote-automatique/69ca47ae9e9889cd0de75567/
kia,picanto 1ère main,2023,gasoline,17000,manual,6cv,1200,sedan,new,standard,,2 doors,used,328900,2026-03,,2,1200,17000,3,5667,low,kia picanto 1ère,kia picanto 1ère main klm 20,Sfax,https://www.tayara.tn/item/voitures/sfax/route-gremda/kia-picanto-1re-main-klm-20/69ca47779e9889cd0de7554e/
,,2023,gasoline,17000,manual,6cv,1200,sedan,new,standard,,2 doors,used,328900,2026-03,,2,1200,17000,3,5667,low,,I10 1ère main,Sfax,https://www.tayara.tn/item/voitures/sfax/route-gremda/i10-1re-main/69ca47529e9889cd0de7553e/
mg,ehs essence hybride,2021,gasoline,,automatic,,1500,sedan,new,standard,,,used,75000,2026-03,,,1500,,5,,,mg ehs essence,MG EHS essence hybride électrique,Mdenine,https://www.tayara.tn/item/voitures/mdenine/zarzis/mg-ehs-essence-hybride-lectrique/69ca473f2c7ecb90f0fc5a9b/
kia,picanto 1ère klm,2023,gasoline,17000,manual,6cv,1200,sedan,new,standard,,2 doors,used,328900,2026-03,,2,1200,17000,3,5667,low,kia picanto 1ère,kia picanto 1ère klm 13000,Sfax,https://www.tayara.tn/item/voitures/sfax/route-tunis/kia-picanto-1re-klm-13000/69ca4722b9d5257b5a84bb10/
toyota,,2014,gasoline,,automatic,,3000,,new,standard,5 seats,,used,22000,2026-03,5,,3000,,12,,,toyota,Toyota,Sfax,https://www.tayara.tn/item/voitures/sfax/route-taniour/toyota/69ca471bb9d5257b5a84bb0e/
,,2018,gasoline,17000,automatic,7cv,2000,coupe,new,standard,,2 doors,used,328900,2026-03,,2,2000,17000,8,2125,low,,amarok highline  4x4,Sfax,https://www.tayara.tn/item/voitures/sfax/route-el-ain/-amarok-highline-4x4/69ca46889e9889cd0de754e7/
,,2003,gasoline,,manual,,1200,compact,new,standard,,,used,420500,2026-03,,,1200,,23,,,,307 essence 1.4,La Manouba,https://www.tayara.tn/item/voitures/la-manouba/la-manouba/307-essence-14/69ca465b2c7ecb90f0fc5a35/
,,2006,gasoline,110000,manual,6cv,2000,sedan,new,standard,5 seats,,used,432000,2026-03,5,,2000,110000,20,5500,low,,Rav4,Ben Arous,https://www.tayara.tn/item/voitures/ben-arous/mornag/rav4/69ca460c9e9889cd0de7549c/
ford,ecosport titanium1.0 scti,2023,gasoline,100,manual,125cv,998,minivan,new,standard,,,used,68000,2026-03,,,998,100,3,33,low,ford ecosport titanium1.0,Ford Ecosport Titanium1.0 SCTi EcoBoost 12V SS 125 cv,Tunis,https://www.tayara.tn/item/voitures/tunis/lac-2/ford-ecosport-titanium10-scti-ecoboost-12v-ss-125-cv/69ca42adb9d5257b5a84b90c/
,,2025,gasoline,12000,manual,4cv,1400,sedan,new,standard,5 seats,,used,82000,2026-03,5,,1400,12000,1,12000,normal,,i20 origine 4cv4cyl année 2025tel23414111,Mahdia,https://www.tayara.tn/item/voitures/mahdia/chorbane/i20-origine-4cv4cyl-anne-2025tel23414111/69ca4112b9d5257b5a84b832/
mercedes,benz glc 250,2018,gasoline,17000,automatic,6cv,2500,coupe,new,standard,,2 doors,used,328900,2026-03,,2,2500,17000,8,2125,low,mercedes benz glc,MERCEDES BENZ GLC 250 d. 4 Matic Importer derniere matricule,Sfax,https://www.tayara.tn/item/voitures/sfax/route-tunis/mercedes-benz-glc-250-d-4-matic-importer-derniere-matricule/69ca3f8d9e9889cd0de75177/
mercedes,c180 restylee type,2014,gasoline,000,automatic,6cv,1600,sedan,new,standard,,2 doors,used,328900,2026-03,,2,1600,0,12,0,low,mercedes c180 restylee,Mercedes-Benz C180 Restylee type 204 premiere main. 2013/08,Sfax,https://www.tayara.tn/item/voitures/sfax/sakiet-ezzit/mercedesbenz-c180-restylee-type-204-premiere-main-201308/69ca3f73b9d5257b5a84b760/
,,2021,gasoline,000,automatic,6cv,1400,sedan,new,standard,,2 doors,used,328900,2026-03,,2,1400,0,5,0,low,,PASSAT R-LINE PREMIERE MAIN. 2021 Essence  1.4 BVA,Sfax,https://www.tayara.tn/item/voitures/sfax/route-tunis/passat-rline-premiere-main-2021-essence-14-bva/69ca3f61b9d5257b5a84b757/
kia,picanto neuf vendre,2021,gasoline,70000,automatic,,1200,coupe,new,standard,,,used,47000,2026-03,,,1200,70000,5,14000,normal,kia picanto neuf,Kia picanto neuf  à vendre,Tunis,https://www.tayara.tn/item/voitures/tunis/l-aouina/kia-picanto-neuf-vendre/69ca3f349e9889cd0de75157/
kia,sportage gt line,2020,gasoline,000,automatic,11cv,2000,coupe,new,standard,,2 doors,used,328900,2026-03,,2,2000,0,6,0,low,kia sportage gt,KIA SPORTAGE GT LINE 44 2L Premiere main.,Sfax,https://www.tayara.tn/item/voitures/sfax/route-tunis/kia-sportage-gt-line-44-2l-premiere-main/69ca3ea12c7ecb90f0fc5699/
kia,picanto gt line,2021,gasoline,130000,automatic,4cv,1200,coupe,new,standard,,2 doors,used,328900,2026-03,,2,1200,130000,5,26000,high,kia picanto gt,KIA PICANTO GT LINE PREMIERE MAIN 2021 BVA,Sfax,https://www.tayara.tn/item/voitures/sfax/route-tunis/kia-picanto-gt-line-premiere-main-2021-bva/69ca3e97b9d5257b5a84b70c/
,,2006,diesel,,automatic,8cv,2000,sedan,,standard,,,used,728500,2026-03,,,2000,,20,,,,passat b7,Gafsa,https://www.tayara.tn/item/voitures/gafsa/el-ksar/passat-b7/69ca3e822c7ecb90f0fc568e/
opel,combo,2021,electric,,manual,,1500,,new,standard,,,used,,2026-03,,,1500,,5,,,opel combo,A vendre voiture opel combo,Jendouba,https://www.tayara.tn/item/voitures/jendouba/jendouba/a-vendre-voiture-opel-combo/69ca3e1ab9d5257b5a84b6ce/
mg,180 importee de,2020,gasoline,79000,manual,8cv,1600,compact,new,standard,,,used,108000,2026-03,,,1600,79000,6,13167,normal,mg 180 importee,CLA AMG 180 importee de France,Tunis,https://www.tayara.tn/item/voitures/tunis/tunis/cla-amg-180-importee-de-france/69ca3dcab9d5257b5a84b6aa/
,,2019,gasoline,,manual,,1200,utility,new,standard,5 seats,,used,26000,2026-03,5,,1200,,7,,,,Mahindra kuv 100 k8,Mahdia,https://www.tayara.tn/item/voitures/mahdia/ksour-essef/mahindra-kuv-100-k8/69ca3cfb9e9889cd0de7505c/
nissan,,2003,diesel,,manual,,2500,,new,standard,,,used,380000,2026-03,,,2500,,23,,,nissan,nissan,Sousse,https://www.tayara.tn/item/voitures/sousse/kala-kebira/nissan/69ca3c18b9d5257b5a84b5e8/
",,2025,gasoline,70000,automatic,10cv,1400,compact,new,standard,,,used,730,2026-03,,,1400,70000,1,70000,high,,""LOCATION DE VOITURE  "
"   lac2"",Tunis,https://www.tayara.tn/item/voitures/tunis/lac-2/location-de-voiture-lac2/68693c55d5464a896ca3c8fa/"
,,2013,diesel,,automatic,,1600,,new,standard,,,used,121,2026-03,,,1600,,13,,,,Passat très propre,Ben Arous,https://www.tayara.tn/item/voitures/ben-arous/rads/passat-trs-propre/69ca3b912c7ecb90f0fc553e/
renault,19,1994,gasoline,,manual,,1400,sedan,new,standard,,,used,1910500,2026-03,,,1400,,32,,,renault 19,vente Renault 19,Gabs,https://www.tayara.tn/item/voitures/gabs/gabs-mdina/vente-renault-19/69ca3a6d2c7ecb90f0fc54a3/
jeep,renegade bvm,2020,gasoline,,manual,8cv,1400,compact,new,standard,,,used,65000,2026-03,,,1400,,6,,,jeep renegade bvm,A vendre   JEEP RENEGADE BVM,Tunis,https://www.tayara.tn/item/voitures/tunis/le-bardo/a-vendre-jeep-renegade-bvm-/67f79ef0fd1c6385be4a1b55/
,,2003,diesel,285000,automatic,7cv,2200,sedan,new,standard,,,used,67818000,2026-03,,,2200,285000,23,12391,normal,,velsatis  58853678,Sfax,https://www.tayara.tn/item/voitures/sfax/sakiet-ezzit/velsatis-58853678/69ca39e9b9d5257b5a84b4ca/
,,2022,gasoline,,automatic,,1000,sedan,new,standard,,,used,38000,2026-03,,,1000,,4,,,,Virtus Confort-Line,Nabeul,https://www.tayara.tn/item/voitures/nabeul/grombalia/virtus-confortline/69ca3907b9d5257b5a84b458/
,,2007,diesel,,manual,4cv,1900,sedan,new,standard,9 seats,,used,18500,2026-03,9,,1900,,19,,,,بارتنار 2007 للبيع أو التبديل,Sousse,https://www.tayara.tn/item/voitures/sousse/sousse/-2007-/69ca38872c7ecb90f0fc53a7/
ford,fista,2014,gasoline,104000,automatic,6cv,1500,sedan,new,standard,5 seats,,used,32500,2026-03,5,,1500,104000,12,8667,low,ford fista,voiture ford fista,Ben Arous,https://www.tayara.tn/item/voitures/ben-arous/boumhel/voiture-ford-fista/69ca37ecb9d5257b5a84b3ce/
opel,astra,2009,gasoline,68,automatic,4cv,,sedan,new,standard,5 seats,,used,27000,2026-03,5,,,68,17,4,low,opel astra,Opel Astra,Ariana,https://www.tayara.tn/item/voitures/ariana/ariana/opel-astra/69ca369b2c7ecb90f0fc52bf/
fiat,,2011,diesel,,manual,,1300,,new,standard,9 seats,,used,420,2026-03,9,,1300,,15,,,fiat,voiture Fiat,Sousse,https://www.tayara.tn/item/voitures/sousse/sousse-riadh/voiture-fiat/69ca3671b9d5257b5a84b31c/
fiat,,2011,diesel,,manual,,1300,,new,standard,9 seats,,used,420,2026-03,9,,1300,,15,,,fiat,voiture Fiat,Sousse,https://www.tayara.tn/item/voitures/sousse/sousse-riadh/voiture-fiat/69ca364a2c7ecb90f0fc5287/
kia,rio prestige 1ère,2018,gasoline,,manual,,1200,compact,new,standard,,,used,123456,2026-03,,,1200,,8,,,kia rio prestige,Kia Rio prestige 1ère Main,Le Kef,https://www.tayara.tn/item/voitures/le-kef/le-kef/kia-rio-prestige-1re-main-/69ca3501b9d5257b5a84b235/
chery,tigo toutes options,2021,gasoline,63000,automatic,8cv,1500,,new,standard,7 seats,,used,80269900,2026-03,7,,1500,63000,5,12600,normal,chery tigo toutes,CHERY TIGO 8 TOUTES OPTIONS 7 PLACES 1ERE MAIN EXCELLENT ETAT TEL 22801802,Ariana,https://www.tayara.tn/item/voitures/ariana/ennasr/chery-tigo-8-toutes-options-7-places-1ere-main-excellent-etat-tel-22801802/69ca34b4b9d5257b5a84b1f4/
,,2022,gasoline,000,automatic,6cv,1400,sedan,new,standard,,,used,123,2026-03,,,1400,0,4,0,low,,accent,Nabeul,https://www.tayara.tn/item/voitures/nabeul/klibia/accent/69ca33ac2c7ecb90f0fc509e/
hyundai,accente 1er main,2023,gasoline,,automatic,,1500,compact,new,standard,,,used,78000,2026-03,,,1500,,3,,,hyundai accente 1er,HYUNDAI ACCENTE 1er main,Sousse,https://www.tayara.tn/item/voitures/sousse/sahloul/hyundai-accente-1er-main/69ca30f6b9d5257b5a84afe8/
skoda,karoq fin serie,2022,gasoline,,manual,6cv,1000,compact,new,standard,7 seats,,used,69000,2026-03,7,,1000,,4,,,skoda karoq fin,SKODA KAROQ FIN SERIE IMPORTE,Sousse,https://www.tayara.tn/item/voitures/sousse/sahloul/skoda-karoq-fin-serie-importe/69ca30f22c7ecb90f0fc4f3b/
fiat,500 dolcevita,2022,gasoline,,manual,,1000,compact,new,standard,,,used,78000,2026-03,,,1000,,4,,,fiat 500 dolcevita,FIAT 500 dolcevita,Sousse,https://www.tayara.tn/item/voitures/sousse/sahloul/fiat-500-dolcevita-/69ca30eeb9d5257b5a84afe5/
,,2022,gasoline,70000,manual,,1500,compact,new,standard,,,used,43550,2026-03,,,1500,70000,4,17500,normal,,Vehicule Great Wall,Tunis,https://www.tayara.tn/item/voitures/tunis/tunis/vehicule-great-wall/69ca2cf82c7ecb90f0fc4d2e/
kia,picanto boite manuelle,2023,gasoline,110000,manual,5cv,1200,compact,new,standard,5 seats,,used,80244900,2026-03,5,,1200,110000,3,36667,high,kia picanto boite,KIA PICANTO BOITE MANUELLE 4 CYLINDRES TEL22801802,Ariana,https://www.tayara.tn/item/voitures/ariana/ennasr/kia-picanto-boite-manuelle-4-cylindres-tel22801802/69ca2c89b9d5257b5a84ad81/
ford,fiesta,2010,gasoline,,manual,,1400,compact,new,standard,,,used,,2026-03,,,1400,,16,,,ford fiesta,ford fiesta,Ben Arous,https://www.tayara.tn/item/voitures/ben-arous/mornag/ford-fiesta/69ca29d9b9d5257b5a84ac45/
mercedes,,2016,diesel,,automatic,,1000,compact,new,standard,,,used,8035286,2026-03,,,1000,,10,,,mercedes,Mercedes,Monastir,https://www.tayara.tn/item/voitures/monastir/monastir/mercedes/69ca1fbd2c7ecb90f0fc4874/
mercedes,,2016,diesel,,automatic,,1000,compact,new,standard,,,used,8035286,2026-03,,,1000,,10,,,mercedes,Mercedes,Monastir,https://www.tayara.tn/item/voitures/monastir/monastir/mercedes/69ca1f88b9d5257b5a84a8fa/
,,2013,gasoline,000,automatic,,2000,,new,standard,5 seats,,used,39500,2026-03,5,,2000,0,13,0,low,,range rover,La Manouba,https://www.tayara.tn/item/voitures/la-manouba/manouba-ville/range-rover/69ca1f6b2c7ecb90f0fc4859/
,,2013,diesel,000,automatic,,2000,,new,standard,,,used,,2026-03,,,2000,0,13,0,low,,évoque,Kbili,https://www.tayara.tn/item/voitures/kbili/kbili/voque/69ca1f42b9d5257b5a84a8e1/
,,2013,diesel,000,automatic,,2000,,new,standard,,,used,,2026-03,,,2000,0,13,0,low,,range rover,Ben Arous,https://www.tayara.tn/item/voitures/ben-arous/ben-arous/range-rover/69ca1f06b9d5257b5a84a8c7/
,,2013,diesel,000,automatic,,2000,,new,standard,,,used,,2026-03,,,2000,0,13,0,low,,range rover,Sfax,https://www.tayara.tn/item/voitures/sfax/sfax/range-rover/69ca1ee92c7ecb90f0fc481f/
,,2013,diesel,000,automatic,,2100,,new,standard,,,used,,2026-03,,,2100,0,13,0,low,,évoque,Sousse,https://www.tayara.tn/item/voitures/sousse/sousse/voque/69ca1ec22c7ecb90f0fc4811/
dacia,duster,2020,gasoline,,manual,,1400,,new,standard,,,used,201955,2026-03,,,1400,,6,,,dacia duster,dacia duster,Sfax,https://www.tayara.tn/item/voitures/sfax/sfax/dacia-duster/69ca1eb92c7ecb90f0fc480a/
,,2020,gasoline,80000,manual,136cv,1400,,new,standard,,,used,18065,2026-03,,,1400,80000,6,13333,normal,,karehba ndhifa,Sousse,https://www.tayara.tn/item/voitures/sousse/sousse/karehba-ndhifa/69ca1e862c7ecb90f0fc47f3/
,,2013,diesel,000,automatic,,2000,,new,standard,,,used,,2026-03,,,2000,0,13,0,low,,range rover,Tunis,https://www.tayara.tn/item/voitures/tunis/tunis/range-rover/69ca1e7fb9d5257b5a84a899/
dacia,,2020,gasoline,,manual,,1000,sedan,new,standard,,,used,957,2026-03,,,1000,,6,,,dacia,dacia,Tunis,https://www.tayara.tn/item/voitures/tunis/tunis/dacia/69ca1e63b9d5257b5a84a88f/
mercedes,,2015,diesel,,automatic,,4000,compact,new,standard,,,used,,2026-03,,,4000,,11,,,mercedes,Mercedes,La Manouba,https://www.tayara.tn/item/voitures/la-manouba/la-manouba/mercedes/69ca1e51b9d5257b5a84a887/
mercedes,,2015,diesel,,automatic,,1100,compact,new,standard,,,used,,2026-03,,,1100,,11,,,mercedes,Mercedes,Nabeul,https://www.tayara.tn/item/voitures/nabeul/nabeul/mercedes/69ca1dd22c7ecb90f0fc47b9/
mercedes,,2016,diesel,,automatic,,1100,compact,new,standard,,,used,,2026-03,,,1100,,10,,,mercedes,Mercedes,Sfax,https://www.tayara.tn/item/voitures/sfax/sfax/mercedes/69ca1da4b9d5257b5a84a859/
mercedes,,2016,diesel,,automatic,,1100,compact,new,standard,,,used,876,2026-03,,,1100,,10,,,mercedes,Mercedes,Sfax,https://www.tayara.tn/item/voitures/sfax/sfax/mercedes/69ca1d9bb9d5257b5a84a858/
mercedes,205 amg,2015,diesel,,automatic,,4000,compact,new,standard,,,used,,2026-03,,,4000,,11,,,mercedes 205 amg,Mercedes c 205 amg,Sfax,https://www.tayara.tn/item/voitures/sfax/sfax/mercedes-c-205-amg/69ca1d7bb9d5257b5a84a84a/
,,2016,gasoline,1600,automatic,,1000,coupe,new,standard,,,used,20085,2026-03,,,1000,1600,10,160,low,,c 200,Ariana,https://www.tayara.tn/item/voitures/ariana/ariana/c-200/69ca1d552c7ecb90f0fc479d/
,,2016,gasoline,1600,automatic,,1000,coupe,new,standard,,,used,20085,2026-03,,,1000,1600,10,160,low,,c 200,Ariana,https://www.tayara.tn/item/voitures/ariana/ariana/c-200/69ca1d432c7ecb90f0fc4796/
mercedes,kit amg,2015,gasoline,,automatic,,1100,compact,new,standard,,,used,3008100,2026-03,,,1100,,11,,,mercedes kit amg,Mercedes kit AMG,Sousse,https://www.tayara.tn/item/voitures/sousse/sousse/mercedes-kit-amg/69ca1d24b9d5257b5a84a834/
peugeot,expert 2021 mois,2021,diesel,,manual,,2000,sedan,new,standard,,,used,111234,2026-03,,,2000,,5,,,peugeot expert 2021,Peugeot Expert 2021 mois 11,Monastir,https://www.tayara.tn/item/voitures/monastir/moknine/peugeot-expert-2021-mois-11/69ca17bfb9d5257b5a84a738/
kia,rio gt line,2021,gasoline,70000,manual,10cv,1400,compact,new,standard,,,used,46699,2026-03,,,1400,70000,5,14000,normal,kia rio gt,kia Rio GT Line numéro 20232654,Tunis,https://www.tayara.tn/item/voitures/tunis/el-manar-1/kia-rio-gt-line-numro-20232654/69ca0d882c7ecb90f0fc4517/
,,2020,gasoline,70000,manual,10cv,1400,compact,new,standard,,,used,46699,2026-03,,,1400,70000,6,11667,normal,,passat b 9 essence  1.4 belle voiture,Tunis,https://www.tayara.tn/item/voitures/tunis/el-manar-1/passat-b-9-essence-14-belle-voiture-/69ca0d7d2c7ecb90f0fc4513/
ford,focus titaniu,2017,gasoline,000,automatic,7cv,1000,convertible,new,standard,,,used,41500,2026-03,,,1000,0,9,0,low,ford focus titaniu,FORD FOCUS TITANIU,Ben Arous,https://www.tayara.tn/item/voitures/ben-arous/boumhel/ford-focus-titaniu/69c9bc452c7ecb90f0fc398d/
haval,h6 bva,2022,gasoline,000,automatic,08cv,1500,,new,standard,,,used,55111111,2026-03,,,1500,0,4,0,low,haval h6 bva,Haval H6 BVA,Ariana,https://www.tayara.tn/item/voitures/ariana/ariana/haval-h6-bva/69b369fafb9c60dff703b26e/
toyota,chr bva,2021,gasoline,000,automatic,6cv,1200,sedan,new,standard,,,used,55111111,2026-03,,,1200,0,5,0,low,toyota chr bva,Toyota chr BVA,Ariana,https://www.tayara.tn/item/voitures/ariana/ariana/toyota-chr-bva/69b5e21b8802795eea1c1418/
peugeot,3008 gtline hybride,2021,gasoline,67000,automatic,10cv,1600,sedan,new,standard,,,used,55111111,2026-03,,,1600,67000,5,13400,normal,peugeot 3008 gtline,Peugeot 3008 Gtline hybride,Ariana,https://www.tayara.tn/item/voitures/ariana/ariana/peugeot-3008-gtline-hybride/69c7b03c8d3052a491324a65/
,,2021,gasoline,140000,automatic,8cv,1400,,new,standard,,,used,55111111,2026-03,,,1400,140000,5,28000,high,,Volswagen Tiguan hybride,Ariana,https://www.tayara.tn/item/voitures/ariana/ariana/volswagen-tiguan-hybride/69c9a945b9d5257b5a8492ee/
audi,q3 sline sportback,,gasoline,0,automatic,8cv,1400,,new,standard,,,used,55111111,2026-03,,,1400,0,,,,audi q3 sline,Audi Q3 Sline Sportback 2026,Ariana,https://www.tayara.tn/item/voitures/ariana/ariana/audi-q3-sline-sportback-2026/69c9a8ac2c7ecb90f0fc31cf/
bmw,ix3 pack électrique,2023,diesel,000,automatic,7cv,2000,,new,standard,,,used,55111111,2026-03,,,2000,0,3,0,low,bmw ix3 pack,BMW IX3 Pack M électrique,Ariana,https://www.tayara.tn/item/voitures/ariana/ariana/bmw-ix3-pack-m-lectrique/69c9a82bb9d5257b5a84925f/
,,2018,diesel,250000,automatic,10cv,2000,,new,standard,,,used,55111111,2026-03,,,2000,250000,8,31250,high,,Range Rover Évoque Diesel,Ariana,https://www.tayara.tn/item/voitures/ariana/ariana/range-rover-voque-diesel/69c9a7a5b9d5257b5a849215/
kia,sportage hybride diesel,2022,diesel,000,automatic,7cv,1600,sedan,new,standard,,,used,55111111,2026-03,,,1600,0,4,0,low,kia sportage hybride,Kia Sportage Hybride Diesel,Ariana,https://www.tayara.tn/item/voitures/ariana/ariana/kia-sportage-hybride-diesel/69c9a71bb9d5257b5a8491db/
mercedes,benz glc220 diesel,2018,diesel,000,automatic,11cv,2200,,new,standard,,,used,55111111,2026-03,,,2200,0,8,0,low,mercedes benz glc220,Mercedes Benz GLC220 Diesel,Ariana,https://www.tayara.tn/item/voitures/ariana/ariana/mercedes-benz-glc220-diesel/69c9a695b9d5257b5a84919b/
kia,rio,2015,gasoline,,manual,,1300,compact,new,standard,,,used,320000,2026-03,,,1300,,11,,,kia rio,Kia Rio,Monastir,https://www.tayara.tn/item/voitures/monastir/monastir/kia-rio/69c9a617b9d5257b5a849153/
peugeot,208 4cv 1.2,2020,gasoline,80000,manual,4cv,1200,sedan,new,standard,,,used,230500,2026-03,,,1200,80000,6,13333,normal,peugeot 208 4cv,A vendre Peugeot 208 - 4CV 1.2,Sousse,https://www.tayara.tn/item/voitures/sousse/sousse/a-vendre-peugeot-208-4cv-12/69c9a5abb9d5257b5a849110/
bmw,316i pack,2014,gasoline,000,manual,07cv,1600,sedan,new,standard,,,used,55111111,2026-03,,,1600,0,12,0,low,bmw 316i pack,BMW 316I Pack M,Ariana,https://www.tayara.tn/item/voitures/ariana/ariana/bmw-316i-pack-m/693aecfd8914daae5199c581/
kia,xceed gtline,2024,gasoline,53000,automatic,9cv,1500,sedan,new,standard,,,used,55111111,2026-03,,,1500,53000,2,26500,high,kia xceed gtline,Kia XCeed GTLINE,Ariana,https://www.tayara.tn/item/voitures/ariana/ariana/kia-xceed-gtline/69122eac145e1617cba2d94d/
peugeot,3008 diesel tu254,2021,diesel,,automatic,6cv,1500,sedan,new,standard,,,used,55111111,2026-03,,,1500,,5,,,peugeot 3008 diesel,Peugeot 3008 diesel TU254,Ariana,https://www.tayara.tn/item/voitures/ariana/ariana/peugeot-3008-diesel-tu254/68a71e643398639ecd912eeb/
bmw,x5 diesel 3.0,2009,diesel,000,automatic,15cv,3000,,new,standard,5 seats,,used,55111111,2026-03,5,,3000,0,17,0,low,bmw x5 diesel,BMW X5 Diesel 3.0,Ariana,https://www.tayara.tn/item/voitures/ariana/ariana/bmw-x5-diesel-30/691b5016265523b710e6a68c/
mercedes,benz e180 kit,2022,gasoline,000,automatic,09cv,1800,sedan,new,standard,,,used,55111111,2026-03,,,1800,0,4,0,low,mercedes benz e180,Mercedes Benz E180 kit AMG,Ariana,https://www.tayara.tn/item/voitures/ariana/ariana/mercedes-benz-e180-kit-amg/68a72256ccec382a0d72675b/
mercedes,benz c180 diesel,2018,diesel,200000,automatic,6cv,1600,sedan,new,standard,,,used,55111111,2026-03,,,1600,200000,8,25000,high,mercedes benz c180,Mercedes Benz C180 Diesel,Ariana,https://www.tayara.tn/item/voitures/ariana/ariana/mercedes-benz-c180-diesel/6904f3ae8e4e0e4acb5a60a6/
fiat,500 promax orange,2023,gasoline,6500,manual,04cv,1000,compact,new,standard,,,used,55111111,2026-03,,,1000,6500,3,2167,low,fiat 500 promax,Fiat 500 ProMax Orange,Ariana,https://www.tayara.tn/item/voitures/ariana/ariana/fiat-500-promax-orange/6972732ad921b01419d15a54/
,,2012,gasoline,103000,automatic,43cv,4000,,new,standard,,,used,55111111,2026-03,,,4000,103000,14,7357,low,,Range Rover Sport Supercharged,Ariana,https://www.tayara.tn/item/voitures/ariana/ariana/range-rover-sport-supercharged/6997750a6cd42e2d7b70208a/
peugeot,expert litres tdi,2021,diesel,,manual,6cv,2000,minivan,new,standard,,,used,55111111,2026-03,,,2000,,5,,,peugeot expert litres,Peugeot expert 2 litres TDI,Ariana,https://www.tayara.tn/item/voitures/ariana/ariana/peugeot-expert-2-litres-tdi/699c8a6b79a32901b8e4033d/
peugeot,404 familiale diesel,2021,diesel,,manual,,1800,sedan,new,standard,,,used,78000,2026-03,,,1800,,5,,,peugeot 404 familiale,Peugeot 404 familiale diesel 1971,Sousse,https://www.tayara.tn/item/voitures/sousse/chatt-mariem/peugeot-404-familiale-diesel-1971/69c9a28f2c7ecb90f0fc2ecd/
skoda,fabia première main.,2021,gasoline,000,manual,6cv,1000,coupe,new,standard,,2 doors,used,328900,2026-03,,2,1000,0,5,0,low,skoda fabia première,SKODA FABIA PREMIÈRE MAIN. faible kilométrage,Sfax,https://www.tayara.tn/item/voitures/sfax/route-tunis/skoda-fabia-premire-main-faible-kilomtrage/69c9a1deb9d5257b5a848edf/
suzuki,celerio première main.,2022,gasoline,000,automatic,6cv,1200,coupe,new,standard,,2 doors,used,328900,2026-03,,2,1200,0,4,0,low,suzuki celerio première,SUZUKI CELERIO PREMIÈRE MAIN. B.V.A,Sfax,https://www.tayara.tn/item/voitures/sfax/route-tunis/suzuki-celerio-premire-main-bva/69c9a1d32c7ecb90f0fc2e49/
citroën,berlingot k9 premiere,2022,gasoline,000,manual,6cv,1600,coupe,new,standard,,2 doors,used,328900,2026-03,,2,1600,0,4,0,low,citroën berlingot k9,CITROËN BERLINGOT K9 Premiere main. 2022/11,Sfax,https://www.tayara.tn/item/voitures/sfax/route-tunis/citron-berlingot-k9-premiere-main-202211/69c9a1c9b9d5257b5a848ec9/
peugeot,22.510.770,2021,gasoline,,automatic,,1200,compact,,standard,,,used,77036,2026-03,,,1200,,5,,,peugeot 22.510.770,A vendre belle voiture  peugeot 22.510.770,Tunis,https://www.tayara.tn/item/voitures/tunis/tunis/a-vendre-belle-voiture-peugeot-22510770/69c9a0ca28bf00f606f671b4/
"peugeot,308 diesel 2022,2022,diesel,120000,automatic,,1500,sedan,new,standard,,,used,7751234,2026-03,,,1500,120000,4,30000,high,peugeot 308 diesel,""Peugeot 308  Diesel  2022  "
"Fin série   52 477 775"",Sousse,https://www.tayara.tn/item/voitures/sousse/sousse/peugeot-308-diesel-2022-fin-srie-52-477-775/69c9a098b9d5257b5a848e49/"
,,2024,gasoline,70000,manual,10cv,1000,sedan,new,standard,,,used,46699,2026-03,,,1000,70000,2,35000,high,,Polo 8 R line,Tunis,https://www.tayara.tn/item/voitures/tunis/tunis/polo-8-r-line-/69c99e3c2c7ecb90f0fc2ca1/
kia,rio,2015,gasoline,165000,manual,,1300,compact,new,standard,,,used,32000,2026-03,,,1300,165000,11,15000,normal,kia rio,Kia Rio,Monastir,https://www.tayara.tn/item/voitures/monastir/monastir/kia-rio/69c99b252c7ecb90f0fc2ac0/
,,2017,gasoline,,automatic,,2200,pickup,new,standard,,4 doors,used,426,2026-03,,4,2200,,9,,,,tata 4 porte 44,Mdenine,https://www.tayara.tn/item/voitures/mdenine/djerba-midoun/tata-4-porte-44/69c99b102c7ecb90f0fc2ab3/
peugeot,308 essence ch,2016,gasoline,69,manual,,,,new,standard,5 seats,,used,39500,2026-03,5,,,69,10,7,low,peugeot 308 essence,Peugeot 308 Essence 5 ch 5 vtses 4cyl 16spp  ttes options toit vitre à vendre,La Manouba,https://www.tayara.tn/item/voitures/la-manouba/la-manouba/peugeot-308-essence-5-ch-5-vtses-4cyl-16spp-ttes-options-toit-vitre-vendre/69c9966db9d5257b5a848855/
mercedes,cla 180 importer,2024,diesel,80,automatic,,1000,compact,new,standard,,,used,5662000,2026-03,,,1000,80,2,40,low,mercedes cla 180,Mercedes CLA 180 importer de l'Allemagne,Ben Arous,https://www.tayara.tn/item/voitures/ben-arous/el-mourouj-1/mercedes-cla-180-importer-de-lallemagne/69c99643b9d5257b5a84882f/
fiat,500 essence 1.2,2013,gasoline,000,manual,6cv,1200,coupe,new,standard,,2 doors,used,328900,2026-03,,2,1200,0,13,0,low,fiat 500 essence,FIAT 500 Essence  1.2 Full Options,Sfax,https://www.tayara.tn/item/voitures/sfax/route-tunis/fiat-500-essence-12-full-options/69c9948486c2105abf49e2a5/
toyota,yaris premiere main.,2009,gasoline,000,manual,6cv,1200,coupe,new,standard,,2 doors,used,328900,2026-03,,2,1200,0,17,0,low,toyota yaris premiere,TOYOTA Yaris Premiere main. 2009 état origine,Sfax,https://www.tayara.tn/item/voitures/sfax/route-tunis/toyota-yaris-premiere-main-2009-tat-origine/69c9947ab9d5257b5a848741/
seat,ateca version xperience,2022,gasoline,,automatic,,1400,compact,new,standard,,,used,20221234,2026-03,,,1400,,4,,,seat ateca version,seat ateca version Xperience  novembre 2022,Ariana,https://www.tayara.tn/item/voitures/ariana/el-menzah-6/seat-ateca-version-xperience-novembre-2022/69c991c72c7ecb90f0fc2536/
peugeot,3008 bva diesel,2020,diesel,122000,automatic,6cv,1500,sedan,new,standard,,,used,55111111,2026-03,,,1500,122000,6,20333,high,peugeot 3008 bva,Peugeot 3008 BVA Diesel,Ariana,https://www.tayara.tn/item/voitures/ariana/ariana/peugeot-3008-bva-diesel/68c9a697516f1ddb82dbbc71/
,,2021,gasoline,85000,manual,06cv,1000,sedan,new,standard,,,used,55111111,2026-03,,,1000,85000,5,17000,normal,,Golf 8 United,Ariana,https://www.tayara.tn/item/voitures/ariana/ariana/golf-8-united/697bc585d921b01419d5a1af/
volkswagen,golf,2022,gasoline,51000,manual,06cv,1000,sedan,new,standard,,,used,55111111,2026-03,,,1000,51000,4,12750,normal,volkswagen golf,Volkswagen Golf 8,Ariana,https://www.tayara.tn/item/voitures/ariana/ariana/volkswagen-golf-8/69305cd6145e1617cbb0005a/
kia,rio gtline,2021,gasoline,000,manual,05cv,1200,sedan,new,standard,,,used,55111111,2026-03,,,1200,0,5,0,low,kia rio gtline,Kia Rio Gtline,Ariana,https://www.tayara.tn/item/voitures/ariana/ariana/kia-rio-gtline/69974f916cd42e2d7b7013ad/
volkswagen,virtus tsi,2023,gasoline,74000,manual,06cv,1000,sedan,new,standard,,,used,55111111,2026-03,,,1000,74000,3,24667,high,volkswagen virtus tsi,VOLKSWAGEN VIRTUS TSI,Ariana,https://www.tayara.tn/item/voitures/ariana/ariana/volkswagen-virtus-tsi/69977a9c8cc6eb8dfec6810f/
citroën,c4,2025,gasoline,9000,automatic,7cv,1200,sedan,new,standard,,,used,55111111,2026-03,,,1200,9000,1,9000,low,citroën c4,Citroën C4 X,Ariana,https://www.tayara.tn/item/voitures/ariana/ariana/citron-c4-x/693855ce8914daae5198b0d6/
dacia,logan,2024,gasoline,48000,manual,5cv,1000,sedan,new,standard,,,used,55111111,2026-03,,,1000,48000,2,24000,high,dacia logan,Dacia Logan,Ariana,https://www.tayara.tn/item/voitures/ariana/ariana/dacia-logan/694c18f68914daae51a0dcab/
citroën,berlingo places,2018,diesel,000,manual,5cv,1600,utility,new,standard,5 seats,,used,55111111,2026-03,5,,1600,0,8,0,low,citroën berlingo places,Citroën Berlingo 5 Places,Ariana,https://www.tayara.tn/item/voitures/ariana/ariana/citron-berlingo-5-places/6953cef8cd04d08be753639d/
,,2020,diesel,000,automatic,16cv,2000,,new,standard,,,used,55111111,2026-03,,,2000,0,6,0,low,,LAND ROVET DEFENDER FIRST ÉDITION,Ariana,https://www.tayara.tn/item/voitures/ariana/ariana/land-rovet-defender-first-dition/69148618265523b710e34792/
mercedes,benz e200 coupé,2012,gasoline,,automatic,11cv,1800,coupe,new,standard,,,used,55111111,2026-03,,,1800,,14,,,mercedes benz e200,Mercedes Benz E200 Coupé,Ariana,https://www.tayara.tn/item/voitures/ariana/ariana/mercedes-benz-e200-coup/69b05b1044d281995957a0ca/
,,2022,gasoline,000,manual,05cv,1400,sedan,new,standard,,,used,55111111,2026-03,,,1400,0,4,0,low,,Polo 7 sedan,Ariana,https://www.tayara.tn/item/voitures/ariana/ariana/polo-7-sedan/68c5a7e1e33e2deec930f02c/
hyundai,tucson hybride,2022,diesel,000,automatic,7cv,1600,,new,standard,,,used,55111111,2026-03,,,1600,0,4,0,low,hyundai tucson hybride,Hyundai Tucson Hybride,Ariana,https://www.tayara.tn/item/voitures/ariana/ariana/hyundai-tucson-hybride/69b36978fb9c60dff703b24c/
suzuki,celerio,2024,gasoline,000,manual,,1000,sedan,new,standard,,,used,,2026-03,,,1000,0,2,0,low,suzuki celerio,suzuki celerio,Ben Arous,https://www.tayara.tn/item/voitures/ben-arous/rads/suzuki-celerio/69c98b60b9d5257b5a8482fd/
volkswagen,tiguan ii 1.4,2022,gasoline,59000,automatic,8cv,1400,,new,standard,,,used,,2026-03,,,1400,59000,4,14750,normal,volkswagen tiguan ii,Volkswagen Tiguan II 1.4 TSI e 245 Hybrid DSG6 Elegance bleu foncé importée et 1 ère main,Tunis,https://www.tayara.tn/item/voitures/tunis/tunis/volkswagen-tiguan-ii-14-tsi-e-245-hybrid-dsg6-elegance-bleu-fonc-importe-et-1-re-main/69c987052c7ecb90f0fc1fd6/
bmw,série avendre,2009,gasoline,355000,manual,6cv,1300,sedan,new,standard,5 seats,4 doors,used,31000,2026-03,5,4,1300,355000,17,20882,high,bmw série avendre,BMW série 1 avendre,Tunis,https://www.tayara.tn/item/voitures/tunis/el-manar-1/bmw-srie-1-avendre/69c986f52c7ecb90f0fc1fce/
,,2022,gasoline,000,automatic,,1200,compact,new,standard,,,used,47500,2026-03,,,1200,0,4,0,low,,𝙆𝙄𝘼 𝙍𝙄𝙊,Ben Arous,https://www.tayara.tn/item/voitures/ben-arous/medina-jedida/-/69c9842886c2105abf49da96/
,,2020,diesel,,manual,,2800,utility,new,standard,,,used,30000000,2026-03,,,2800,,6,,,,voiture king long,Nabeul,https://www.tayara.tn/item/voitures/nabeul/menzel-temime/voiture-king-long/69c98298b9d5257b5a847e95/
seat,ibiza,2018,gasoline,,manual,,1000,sedan,new,standard,,,used,123,2026-03,,,1000,,8,,,seat ibiza,Seat ibiza,Tunis,https://www.tayara.tn/item/voitures/tunis/tunis/seat-ibiza/69c9816bb9d5257b5a847db4/
haval,h6,2019,gasoline,000,automatic,9cv,1500,,new,standard,,,used,658000,2026-03,,,1500,0,7,0,low,haval h6,Haval H6,Mdenine,https://www.tayara.tn/item/voitures/mdenine/djerba-midoun/haval-h6/69c97a072c7ecb90f0fc1720/
,,2013,diesel,,automatic,,1600,sedan,new,standard,,,used,37700,2026-03,,,1600,,13,,,,C5 mazout EHDI 1.6 modèles 2013 boite manuelle full options voiture neuf,Monastir,https://www.tayara.tn/item/voitures/monastir/autres-villes/c5-mazout-ehdi-16-modles-2013-boite-manuelle-full-options-voiture-neuf/69c9778d2c7ecb90f0fc1522/
,,2012,gasoline,,automatic,,1800,sedan,new,standard,,,used,54000,2026-03,,,1800,,14,,,,C180 Kompressor,Ariana,https://www.tayara.tn/item/voitures/ariana/cit-ennasr-2/c180-kompressor/69c9776d2c7ecb90f0fc1510/
,,2016,gasoline,230000,manual,5cv,1400,sedan,new,standard,,,used,,2026-03,,,1400,230000,10,23000,high,,Polo  sedan a vendre,Ben Arous,https://www.tayara.tn/item/voitures/ben-arous/mgrine/polo-sedan-a-vendre/69c97664b9d5257b5a847589/
peugeot,106,1999,gasoline,,automatic,,1200,compact,new,standard,,,used,10613600,2026-03,,,1200,,27,,,peugeot 106,Peugeot 106,Bizerte,https://www.tayara.tn/item/voitures/bizerte/menzel-bourguiba/peugeot-106/69c97601b9d5257b5a84754f/
nissan,qashqai,2021,gasoline,80000,automatic,,1200,,new,standard,7 seats,,used,68000,2026-03,7,,1200,80000,5,16000,normal,nissan qashqai,Nissan Qashqai,Monastir,https://www.tayara.tn/item/voitures/monastir/monastir/nissan-qashqai/69c97396b9d5257b5a847400/
,,2009,gasoline,,manual,,1500,sedan,new,standard,,,used,00200199,2026-03,,,1500,,17,,,,Remorquage Sos 92900200,Tunis,https://www.tayara.tn/item/voitures/tunis/le-bardo/remorquage-sos-92900200/69c973482c7ecb90f0fc1262/
ford,focus sedan,2011,gasoline,184000,manual,4cv,1400,sedan,new,standard,5 seats,,used,28500,2026-03,5,,1400,184000,15,12267,normal,ford focus sedan,FORD FOCUS SEDAN,Ariana,https://www.tayara.tn/item/voitures/ariana/ariana/ford-focus-sedan/69c9713cb9d5257b5a847294/
toyota,yaris sedan,2017,gasoline,80000,automatic,,1200,sedan,new,standard,,,used,44000,2026-03,,,1200,80000,9,8889,low,toyota yaris sedan,Toyota yaris sedan,Ben Arous,https://www.tayara.tn/item/voitures/ben-arous/boumhel/toyota-yaris-sedan/69c97075b9d5257b5a847201/
bmw,x3 m. xdrive30e,2021,gasoline,,automatic,36cv,2000,compact,new,standard,,,used,168000,2026-03,,,2000,,5,,,bmw x3 m.,BMW X3 M.  Xdrive30e,Ariana,https://www.tayara.tn/item/voitures/ariana/cit-ennasr-2/bmw-x3-m-xdrive30e/69c96dab2c7ecb90f0fc0f10/
,,2002,diesel,,manual,,2000,compact,new,standard,,,used,31411111,2026-03,,,2000,,24,,,,22138314,Siliana,https://www.tayara.tn/item/voitures/siliana/siliana/22138314/69c96a33b9d5257b5a846ed7/
peugeot,308 ehdi 131,2010,diesel,,automatic,131cv,1500,compact,new,standard,5 seats,4 doors,used,8000,2026-03,5,4,1500,,16,,,peugeot 308 ehdi,peugeot 308 EHDi 131 cv seri 260,Kairouan,https://www.tayara.tn/item/voitures/kairouan/autres-villes/peugeot-308-ehdi-131-cv-seri-260/69c969bcf3172691daaaeffb/
audi,q5 3.0 v6,2010,diesel,,automatic,,3000,,new,standard,,,used,868,2026-03,,,3000,,16,,,audi q5 3.0,Audi Q5 3.0 V6 tdi  quattro,Sfax,https://www.tayara.tn/item/voitures/sfax/sfax/audi-q5-30-v6-tdi-quattro/69c966282c7ecb90f0fc0b14/
,,2018,gasoline,,manual,,2000,compact,new,standard,,,used,60300,2026-03,,,2000,,8,,,,Mezel feha 3am w nos  Montant 1100dt par Moin,Le Kef,https://www.tayara.tn/item/voitures/le-kef/kef-ouest/mezel-feha-3am-w-nos-montant-1100dt-par-moin/69c9658bb9d5257b5a846c5b/
,,2021,diesel,,automatic,6cv,1500,sedan,new,standard,,,used,,2026-03,,,1500,,5,,,,megane 4 diesel 6cv importé fin seri tu 260,Kairouan,https://www.tayara.tn/item/voitures/kairouan/kairouan/megane-4-diesel-6cv-import-fin-seri-tu-260/69c9634109982351ab4bbce4/
toyota,hilux d4d 2.4,2019,diesel,87000,automatic,,2400,,new,standard,,,used,38000,2026-03,,,2400,87000,7,12429,normal,toyota hilux d4d,Toyota Hilux D4D 2.4 diesel 44 tu259 Gsm 50 353 790,Nabeul,https://www.tayara.tn/item/voitures/nabeul/mrezga/toyota-hilux-d4d-24-diesel-44-tu259-gsm-50-353-790/69c9611db9d5257b5a846a0a/
,,2021,diesel,,automatic,,1500,,new,standard,,,used,38000,2026-03,,,1500,,5,,,,Megane4 dci 6ch boite6 2021 tu257 Gsm 22 335 222,Nabeul,https://www.tayara.tn/item/voitures/nabeul/nabeul/megane4-dci-6ch-boite6-2021-tu257-gsm-22-335-222/69c960f42c7ecb90f0fc082f/
,,2021,diesel,,automatic,115cv,1500,estate,new,standard,,,used,79052500,2026-03,,,1500,,5,,,,Megane4 dci phase2 full boite6 2021 tu258 Gsm 50 353 790,Nabeul,https://www.tayara.tn/item/voitures/nabeul/nabeul/megane4-dci-phase2-full-boite6-2021-tu258-gsm-50-353-790/69c960a7b9d5257b5a8469ca/
citroën,c4x bluehdi 2022,2022,diesel,,manual,,1500,,,standard,,,used,79059800,2026-03,,,1500,,4,,,citroën c4x bluehdi,Citroën C4x bluehdi 2022 tu259 Gsm 50 353 790,Nabeul,https://www.tayara.tn/item/voitures/nabeul/mrezga/citron-c4x-bluehdi-2022-tu259-gsm-50-353-790/69c9604b09982351ab4bbb91/
,,2020,diesel,,automatic,,1600,,new,standard,,,used,38000,2026-03,,,1600,,6,,,,Golf7.5 tdi confortline bleumotion 6ch 2020 tu241 Gsm 25 108 555,Nabeul,https://www.tayara.tn/item/voitures/nabeul/mrezga/golf75-tdi-confortline-bleumotion-6ch-2020-tu241-gsm-25-108-555/69c9602309982351ab4bbb7f/
mercedes,classe,2003,gasoline,,automatic,6cv,2000,coupe,new,standard,5 seats,4 doors,used,28000,2026-03,5,4,2000,,23,,,mercedes classe,Mercedes classe C,Tunis,https://www.tayara.tn/item/voitures/tunis/jardins-de-carthage/mercedes-classe-c/69c960162c7ecb90f0fc07ce/
renault,express avec un,2018,gasoline,8250,manual,,1500,sedan,new,standard,,,used,49500,2026-03,,,1500,8250,8,1031,low,renault express avec,Renault express avec un seule vidange,Tunis,https://www.tayara.tn/item/voitures/tunis/tunis/renault-express-avec-un-seule-vidange/69c95fd309982351ab4bbb59/
,,2021,diesel,,automatic,,1500,,new,standard,,,used,38000,2026-03,,,1500,,5,,,,Megane4 dci phase2 restyle 2021 tu258 Gsm 50 353 790,Nabeul,https://www.tayara.tn/item/voitures/nabeul/mrezga/megane4-dci-phase2-restyle-2021-tu258-gsm-50-353-790/69c95f7909982351ab4bbb2e/
,,2018,gasoline,,manual,,2000,compact,new,standard,,,used,60300,2026-03,,,2000,,8,,,,voiture,Le Kef,https://www.tayara.tn/item/voitures/le-kef/kef-ouest/voiture/69c95f472c7ecb90f0fc0757/
,,2021,gasoline,,automatic,130cv,5,,new,standard,,,used,79072000,2026-03,,,5,,5,,,,3008 diesel 7ch boite auto 2021 fin série Gsm 50 353 790,Nabeul,https://www.tayara.tn/item/voitures/nabeul/mrezga/3008-diesel-7ch-boite-auto-2021-fin-srie-gsm-50-353-790/69c95efdb9d5257b5a8468ec/
mg,hs 1.5 cm³,2021,gasoline,,automatic,130cv,5,,new,standard,,,used,79069500,2026-03,,,5,,5,,,mg hs 1.5,MG Hs 1.5 cm³ essence boite auto 2021 Gsm 50 353 790,Nabeul,https://www.tayara.tn/item/voitures/nabeul/mrezga/mg-hs-15-cm-essence-boite-auto-2021-gsm-50-353-790/69c95ef6b9d5257b5a8468e9/
renault,symbole,2010,gasoline,,manual,,1400,sedan,new,standard,5 seats,,used,26500,2026-03,5,,1400,,16,,,renault symbole,Renault symbole,Mahdia,https://www.tayara.tn/item/voitures/mahdia/ksour-essef/renault-symbole/69c95e8eb9d5257b5a8468b1/
suzuki,celerio,2018,gasoline,68,automatic,4cv,1000,compact,new,standard,5 seats,,used,27000,2026-03,5,,1000,68,8,8,low,suzuki celerio,Suzuki celerio,Ariana,https://www.tayara.tn/item/voitures/ariana/el-menzah-6/suzuki-celerio/69c95e002c7ecb90f0fc06a9/
,,2013,gasoline,,automatic,9cv,2200,,new,standard,,,used,85000,2026-03,,,2200,,13,,,,range rover evoque auto 2.2L diesel,Sfax,https://www.tayara.tn/item/voitures/sfax/sakiet-ezzit/range-rover-evoque-auto-22l-diesel/69c95d8c2c7ecb90f0fc0661/
,,2022,gasoline,,automatic,130cv,1400,,new,standard,,,used,79096000,2026-03,,,1400,,4,,,,Qashqai tekna tt option 2022 tu260 Gsm 50 353 790,Nabeul,https://www.tayara.tn/item/voitures/nabeul/mrezga/qashqai-tekna-tt-option-2022-tu260-gsm-50-353-790/69c95b612c7ecb90f0fc051b/
,,2024,gasoline,,automatic,,1000,,new,standard,,,used,79047500,2026-03,,,1000,,2,,,,CHERRY TIGGO3x 2024 Gsm 50 353 790,Nabeul,https://www.tayara.tn/item/voitures/nabeul/mrezga/cherry-tiggo3x-2024-gsm-50-353-790/69c95b352c7ecb90f0fc04fe/
,,2022,gasoline,,automatic,,1500,,new,standard,,,used,79082500,2026-03,,,1500,,4,,,,Passat b9 restyle 1.5 essence 2022 fin série Gsm 50 353 790,Nabeul,https://www.tayara.tn/item/voitures/nabeul/mrezga/passat-b9-restyle-15-essence-2022-fin-srie-gsm-50-353-790/69c95b2cb9d5257b5a8466bf/
,,2022,diesel,,automatic,,1500,,new,standard,,,used,38000,2026-03,,,1500,,4,,,,3008 ehdi phase2 diesel 7ch 2022 tu260 Gsm 50 353 790,Nabeul,https://www.tayara.tn/item/voitures/nabeul/mrezga/3008-ehdi-phase2-diesel-7ch-2022-tu260-gsm-50-353-790/69c95abfb9d5257b5a846666/
,,2019,diesel,150000,automatic,,1500,,new,standard,,,used,55544500,2026-03,,,1500,150000,7,21429,high,,Megane4 dci 1.5 boite6 Gsm 25 108 555,Nabeul,https://www.tayara.tn/item/voitures/nabeul/mrezga/megane4-dci-15-boite6-gsm-25-108-555/69c95aa12c7ecb90f0fc0496/
,,2022,gasoline,,automatic,,1400,,new,standard,,,used,38000,2026-03,,,1400,,4,,,,Tiguan Rline restyle 1.4 essence 245ch 2022 Gsm 25 108 555,Nabeul,https://www.tayara.tn/item/voitures/nabeul/mrezga/tiguan-rline-restyle-14-essence-245ch-2022-gsm-25-108-555/69c95a7e2c7ecb90f0fc047a/
,,2020,gasoline,69000,automatic,130cv,1600,,new,standard,,,used,79090500,2026-03,,,1600,69000,6,11500,normal,,Gla180 essence 1.6 full 2020 Gsm 50 353 790,Nabeul,https://www.tayara.tn/item/voitures/nabeul/mrezga/gla180-essence-16-full-2020-gsm-50-353-790/69c95a60b9d5257b5a846617/
,,2021,diesel,130,automatic,,1500,,new,standard,,,used,38000,2026-03,,,1500,130,5,26,low,,c3 diesel 5ch tt option 2021 tu259 Gsm 50 353 790,Nabeul,https://www.tayara.tn/item/voitures/nabeul/mrezga/c3-diesel-5ch-tt-option-2021-tu259-gsm-50-353-790/69c95a3bb9d5257b5a8465fa/
seat,arona fr ess,2021,gasoline,50000,automatic,,1000,,new,standard,,,used,38000,2026-03,,,1000,50000,5,10000,normal,seat arona fr,Seat ARONA FR ess tt option 2021 Gsm 50 353 790,Nabeul,https://www.tayara.tn/item/voitures/nabeul/mrezga/seat-arona-fr-ess-tt-option-2021-gsm-50-353-790/69c95a342c7ecb90f0fc043c/
seat,arona essence 1èr,2024,gasoline,60000,automatic,,1000,,new,standard,,,used,38000,2026-03,,,1000,60000,2,30000,high,seat arona essence,Seat Arona essence 1èr main 2024 Gsm 50 353 790,Nabeul,https://www.tayara.tn/item/voitures/nabeul/nabeul/seat-arona-essence-1r-main-2024-gsm-50-353-790/69c95a2cb9d5257b5a8465ee/
nissan,micra vendre,2018,gasoline,160000,manual,5cv,,,new,standard,5 seats,,used,29800,2026-03,5,,,160000,8,20000,high,nissan micra vendre,Nissan Micra à vendre,Tunis,https://www.tayara.tn/item/voitures/tunis/tunis/nissan-micra-vendre/69c9590eb9d5257b5a84650a/
,,2025,electric,,automatic,,1100,,new,standard,,,used,14000,2026-03,,,1100,,1,,,,Leasing à reprendre,Ben Arous,https://www.tayara.tn/item/voitures/ben-arous/ben-arous/leasing-reprendre/69c9592f2c7ecb90f0fc036e/
,,2017,diesel,136000,manual,10cv,2000,,new,standard,,,used,123456,2026-03,,,2000,136000,9,15111,normal,,Jaguar F-Pace 20d Pack Prestige Diesel,Tunis,https://www.tayara.tn/item/voitures/tunis/tunis/jaguar-fpace-20d-pack-prestige-diesel/69c958a5b9d5257b5a8464bf/
chery,jdida,2022,gasoline,,automatic,,1200,,new,standard,,,used,43500,2026-03,,,1200,,4,,,chery jdida,Chery jdida,Sidi Bouzid,https://www.tayara.tn/item/voitures/sidi-bouzid/regueb/chery-jdida/69c958912c7ecb90f0fc02e5/
nissan,micra,2017,gasoline,,manual,,1000,,new,standard,,,used,29500,2026-03,,,1000,,9,,,nissan micra,Nissan micra,Sfax,https://www.tayara.tn/item/voitures/sfax/sfax/nissan-micra/69c95865b9d5257b5a84648b/
,,2022,gasoline,70000,automatic,,1000,coupe,new,standard,,,used,52000,2026-03,,,1000,70000,4,17500,normal,,Tiggo 3x sous garantie,Tunis,https://www.tayara.tn/item/voitures/tunis/le-kram/tiggo-3x-sous-garantie/69c958172c7ecb90f0fc0280/
audi,a4 tfsi 1.4,2017,gasoline,100,automatic,,5500,sedan,new,standard,,,used,4201768,2026-03,,,5500,100,9,11,low,audi a4 tfsi,Audi A4 tfsi 1.4 2017,Nabeul,https://www.tayara.tn/item/voitures/nabeul/hammamet/audi-a4-tfsi-14-2017/69c950632c7ecb90f0fbfd5b/
mercedes,amg line,2024,diesel,,automatic,06cv,1500,sedan,new,standard,,,used,106,2026-03,,,1500,,2,,,mercedes amg line,Mercedes AMG LINE,Sousse,https://www.tayara.tn/item/voitures/sousse/khzema/mercedes-amg-line/69c94e452c7ecb90f0fbfbe6/
,,2007,gasoline,,automatic,,2000,sedan,new,standard,,,used,,2026-03,,,2000,,19,,,,C5 2007 a vendre,Sfax,https://www.tayara.tn/item/voitures/sfax/sfax-ville/c5-2007-a-vendre/69c94df82c7ecb90f0fbfbbb/
hyundai,i-10,2022,gasoline,,automatic,115cv,1200,sedan,new,standard,,,used,1051500,2026-03,,,1200,,4,,,hyundai i-10,Hyundai I-10,Nabeul,https://www.tayara.tn/item/voitures/nabeul/nabeul/hyundai-i10/69c94c572c7ecb90f0fbfa8f/
,,2004,diesel,,automatic,,1500,compact,new,standard,,,used,217900,2026-03,,,1500,,22,,,,Scénic 2,Tunis,https://www.tayara.tn/item/voitures/tunis/tunis/scnic-2/69c948f82c7ecb90f0fbf848/
bmw,série coupe f32,2014,gasoline,140000,automatic,10cv,2000,sedan,new,standard,,3 doors,used,3278000,2026-03,,3,2000,140000,12,11667,normal,bmw série coupe,bmw série 4 coupe F32,Tunis,https://www.tayara.tn/item/voitures/tunis/lac-1/bmw-srie-4-coupe-f32/69c947ba2c7ecb90f0fbf77a/
citroen,c5,2009,diesel,,manual,,2000,sedan,new,standard,,,used,532500,2026-03,,,2000,,17,,,citroen c5,citroen c5,Monastir,https://www.tayara.tn/item/voitures/monastir/ksar-hellal/citroen-c5/69c9473e2c7ecb90f0fbf73b/
seat,arona xpirience,2022,gasoline,000,automatic,6cv,1000,,new,standard,5 seats,4 doors,used,23000,2026-03,5,4,1000,0,4,0,low,seat arona xpirience,Seat Arona xpirience,Gafsa,https://www.tayara.tn/item/voitures/gafsa/gafsa/seat-arona-xpirience/69c94451843ec09b15c65708/
,,2020,gasoline,93000,automatic,6cv,1200,,new,standard,,,used,60000,2026-03,,,1200,93000,6,15500,normal,,Tivoli,Sfax,https://www.tayara.tn/item/voitures/sfax/route-el-afrane/tivoli/69c9441ab9d5257b5a84577c/
,,2021,diesel,,manual,,,,new,standard,,,used,78000,2026-03,,,,,5,,,,Voiture,Sousse,https://www.tayara.tn/item/voitures/sousse/autres-villes/voiture/69c943ec843ec09b15c656e5/
,,2019,gasoline,,manual,,1200,utility,new,standard,,,used,24000,2026-03,,,1200,,7,,,,للبيع,Bizerte,https://www.tayara.tn/item/voitures/bizerte/menzel-bourguiba/69c943e0843ec09b15c656e2/
fiat,panda,,gasoline,,manual,,1200,,new,standard,,,used,,2026-03,,,1200,,,,,fiat panda,Fiat panda,Tunis,https://www.tayara.tn/item/voitures/tunis/tunis/fiat-panda/69c942052c7ecb90f0fbf449/
hyundai,i20 phase restylée,2008,gasoline,100,automatic,8cv,1000,compact,new,standard,,5 doors,used,49800,2026-03,,5,1000,100,18,6,low,hyundai i20 phase,Hyundai i20 Phase 2 Restylée,Gafsa,https://www.tayara.tn/item/voitures/gafsa/gafsa/hyundai-i20-phase-2-restyle/69c941232c7ecb90f0fbf378/
,,2010,gasoline,,manual,,4000,,new,standard,,,used,,2026-03,,,4000,,16,,,,207 essence Année 2010 Tout option  Montage l5araj 97684538,Tunis,https://www.tayara.tn/item/voitures/tunis/tunis/207-essence-anne-2010-tout-option-montage-l5araj-97684538/69c93c3ab9d5257b5a84530e/
,,2014,diesel,,automatic,,2000,,new,standard,,,used,170,2026-03,,,2000,,12,,,,PIECES POUR TIGUAN 5N,La Manouba,https://www.tayara.tn/item/voitures/la-manouba/la-manouba/pieces-pour-tiguan-5n/69c93b30b9d5257b5a845227/
,,2019,gasoline,,automatic,,1500,sedan,new,standard,,,used,5031500,2026-03,,,1500,,7,,,,dongfeng s 50,Monastir,https://www.tayara.tn/item/voitures/monastir/sahline/dongfeng-s-50/69c93960b9d5257b5a8450b9/
",,2021,gasoline,2021,manual,,1000,compact,new,standard,,,used,5662000,2026-03,,,1000,2021,5,404,low,,""polo 8 "
"1 ere main"",Ben Arous,https://www.tayara.tn/item/voitures/ben-arous/ben-arous/polo-8-1-ere-main/69c93930b9d5257b5a8450a1/"
kia,sportage,2014,gasoline,,automatic,8cv,1600,,new,standard,,,used,69000,2026-03,,,1600,,12,,,kia sportage,KIA Sportage,Sfax,https://www.tayara.tn/item/voitures/sfax/sfax-ville/kia-sportage/69c937e42c7ecb90f0fbed4d/
bmw,f30 pack,2017,gasoline,,automatic,,1500,compact,new,standard,,,used,123,2026-03,,,1500,,9,,,bmw f30 pack,BMW F30 pack M,Tunis,https://www.tayara.tn/item/voitures/tunis/el-omrane/bmw-f30-pack-m/69c937d9b9d5257b5a844fc6/
bmw,f30 pack spécial,2017,gasoline,,automatic,,1500,sedan,new,standard,,,used,,2026-03,,,1500,,9,,,bmw f30 pack,BMW F30 pack M spécial,Tunis,https://www.tayara.tn/item/voitures/tunis/el-omrane/bmw-f30-pack-m-spcial/69c937aab9d5257b5a844fa8/
mg,gt 09/2024,2024,gasoline,34000,automatic,7cv,1500,sedan,new,standard,5 seats,,used,02440000,2026-03,5,,1500,34000,2,17000,normal,mg gt 09/2024,MG Gt 09/2024,Ben Arous,https://www.tayara.tn/item/voitures/ben-arous/el-mourouj-6/mg-gt-092024/69c9374a2c7ecb90f0fbece4/
volkswagen,roc,2020,gasoline,,manual,6cv,1000,,new,standard,,,used,,2026-03,,,1000,,6,,,volkswagen roc,Volkswagen t roc,Monastir,https://www.tayara.tn/item/voitures/monastir/ksar-hellal/volkswagen-t-roc/69c935c3b9d5257b5a844e72/
mercedes,c220 cdi w203,2003,diesel,,automatic,,2500,compact,new,standard,,,used,20322,2026-03,,,2500,,23,,,mercedes c220 cdi,Mercedes C220 CDI - W203,Ben Arous,https://www.tayara.tn/item/voitures/ben-arous/el-mourouj-6/mercedes-c220-cdi-w203/69c935b92c7ecb90f0fbebec/
mercedes,e200 coupé,2012,gasoline,,automatic,11cv,1800,sedan,new,standard,,,used,55111111,2026-03,,,1800,,14,,,mercedes e200 coupé,Mercedes E200 Coupé,Ariana,https://www.tayara.tn/item/voitures/ariana/ariana/mercedes-e200-coup/69b01843a7464602a7707052/
bmw,430i grand coupé,2022,gasoline,000,automatic,,2000,sedan,new,standard,,,used,55111111,2026-03,,,2000,0,4,0,low,bmw 430i grand,BMW430I Grand coupé Pack M,Ariana,https://www.tayara.tn/item/voitures/ariana/ariana/bmw430i-grand-coup-pack-m/694053728914daae519be8da/
kia,picanto gt vendre,2019,gasoline,70000,automatic,,1200,compact,new,standard,5 seats,,used,40000,2026-03,5,,1200,70000,7,10000,normal,kia picanto gt,Belle Kia Picanto GT à vendre urgent,Tunis,https://www.tayara.tn/item/voitures/tunis/tunis/belle-kia-picanto-gt-vendre-urgent/69c934c0b9d5257b5a844dcc/
seat,ibiza ere main,2021,gasoline,80,manual,,1000,compact,new,standard,,,used,5662000,2026-03,,,1000,80,5,16,low,seat ibiza ere,Seat ibiza 1 ere main,Ben Arous,https://www.tayara.tn/item/voitures/ben-arous/ben-arous/seat-ibiza-1-ere-main/69c9335ab9d5257b5a844c66/
,,2010,gasoline,,manual,,1800,sedan,new,standard,,,used,,2026-03,,,1800,,16,,,,Bon etat,Sousse,https://www.tayara.tn/item/voitures/sousse/kala-sghira/bon-etat/69c9327cb9d5257b5a844baa/
seat,ibiza xcellence,2021,gasoline,,manual,4cv,1000,,new,standard,,,used,,2026-03,,,1000,,5,,,seat ibiza xcellence,SEAT IBIZA XCELLENCE,Ben Arous,https://www.tayara.tn/item/voitures/ben-arous/boumhel/seat-ibiza-xcellence/69c932642c7ecb90f0fbe91a/
,,2022,electric,,automatic,,1400,,new,standard,,,used,38000,2026-03,,,1400,,4,,,,Voiture à vendre,Nabeul,https://www.tayara.tn/item/voitures/nabeul/bni-khiar/voiture-vendre/69c931f82c7ecb90f0fbe8d8/
bmw,318i f30 pck,2017,gasoline,,automatic,,1500,sedan,new,standard,,,used,123,2026-03,,,1500,,9,,,bmw 318i f30,BMW 318i f30 Pck M,Tunis,https://www.tayara.tn/item/voitures/tunis/el-omrane/-bmw-318i-f30-pck-m/69c931712c7ecb90f0fbe885/
,,2020,gasoline,,manual,,1400,compact,new,standard,,,used,,2026-03,,,1400,,6,,,,passat b 9 belle voiture,Tunis,https://www.tayara.tn/item/voitures/tunis/el-manar-1/passat-b-9-belle-voiture/69c930a32c7ecb90f0fbe818/
,,2010,gasoline,,manual,,1400,sedan,new,standard,,,used,439000,2026-03,,,1400,,16,,,,A vendre golf 6 essence 1.4,Le Kef,https://www.tayara.tn/item/voitures/le-kef/dahmani/a-vendre-golf-6-essence-14/69c92e7eb9d5257b5a844993/
,,2012,gasoline,,manual,5cv,1600,coupe,new,standard,4 seats,,used,01243000,2026-03,4,,1600,,14,,,,Golf 6 style  2012,Sousse,https://www.tayara.tn/item/voitures/sousse/kala-kebira/golf-6-style-2012/69c92c13b9d5257b5a8447f3/
,,2012,gasoline,,manual,,1600,sedan,new,standard,,,used,28000,2026-03,,,1600,,14,,,,C3 toit panoramique,Monastir,https://www.tayara.tn/item/voitures/monastir/monastir/c3-toit-panoramique/69c9288779b16c6728653dac/
peugeot,106,1998,gasoline,,manual,,1200,compact,new,standard,,,used,10611000,2026-03,,,1200,,28,,,peugeot 106,Peugeot 106,La Manouba,https://www.tayara.tn/item/voitures/la-manouba/manouba-ville/peugeot-106/69c9270d2c7ecb90f0fbe2ae/
,,2014,gasoline,108000,manual,,1800,sedan,new,standard,,,used,51000,2026-03,,,1800,108000,12,9000,low,,Golf 7 à vendre,Kbili,https://www.tayara.tn/item/voitures/kbili/kbili/golf-7-vendre/69c926eab9d5257b5a84451a/
hyundai,grand i10,2014,gasoline,000,automatic,,1200,compact,new,standard,5 seats,,used,1029500,2026-03,5,,1200,0,12,0,low,hyundai grand i10,Hyundai Grand i10,Mahdia,https://www.tayara.tn/item/voitures/mahdia/mahdia/hyundai-grand-i10/69b67c28fb9c60dff704d483/
"ford,fiesta 2011 50,2011,gasoline,2011,manual,5cv,1200,compact,new,standard,,,used,,2026-03,,,1200,2011,15,134,low,ford fiesta 2011,""Ford fiesta 2011"
"50 679 838"",Jendouba,https://www.tayara.tn/item/voitures/jendouba/tabarka/ford-fiesta-201150-679-838/69c9260fb9d5257b5a8444ac/"
fiat,panda cross 2023,2023,gasoline,60000,automatic,4cv,1200,compact,new,standard,,,used,39500,2026-03,,,1200,60000,3,20000,high,fiat panda cross,FIAT PANDA CROSS 2023 1ere main 65mkm,Tunis,https://www.tayara.tn/item/voitures/tunis/tunis/fiat-panda-cross-2023-1ere-main-65mkm/69c925722c7ecb90f0fbe17e/
renault,clio,2006,diesel,,manual,2cv,1500,compact,new,standard,5 seats,,used,17000,2026-03,5,,1500,,20,,,renault clio,Renault clio,Mdenine,https://www.tayara.tn/item/voitures/mdenine/zarzis/renault-clio/69c9255ab9d5257b5a84442b/
peugeot,106,1998,gasoline,,automatic,,1200,compact,new,standard,,,used,10611,2026-03,,,1200,,28,,,peugeot 106,Peugeot 106,La Manouba,https://www.tayara.tn/item/voitures/la-manouba/manouba-ville/peugeot-106/69c9242a2c7ecb90f0fbe08e/
"kia,sportage sx pour,2022,gasoline,000,automatic,10cv,1600,sedan,new,standard,7 seats,4 doors,used,92800,2026-03,7,4,1600,0,4,0,low,kia sportage sx,""A VENDRE KIA SPORTAGE Sx"

  Pour plus dinfos ou une visite contactez-moi  92 829 999


"Prix  spécial négociable 92.800"",Ariana,https://www.tayara.tn/item/voitures/ariana/ariana/a-vendre-kia-sportage-sx-pour-plus-dinfos-ou-une-visite-contactezmoi-92-829-999prix-spcial-ngociable-92800/69c922f453bfccb8cf99d11a/"
peugeot,308 trés bon,2016,gasoline,161294,manual,,2000,sedan,new,standard,,,used,40000,2026-03,,,2000,161294,10,16129,normal,peugeot 308 trés,Peugeot 308 Trés bon état,Tunis,https://www.tayara.tn/item/voitures/tunis/ain-zaghouan-nord/peugeot-308-trs-bon-tat/69c91fc42c7ecb90f0fbde13/
,,2018,gasoline,,automatic,120cv,1200,,new,standard,,,used,68000,2026-03,,,1200,,8,,,,C-HR,Bizerte,https://www.tayara.tn/item/voitures/bizerte/bizerte/chr/69c91e4f55eb216a001c0bb6/
seat,leon vendre,2018,gasoline,74000,automatic,,1200,sedan,new,standard,,,used,68000,2026-03,,,1200,74000,8,9250,low,seat leon vendre,Seat Leon à Vendre,Tunis,https://www.tayara.tn/item/voitures/tunis/tunis/seat-leon-vendre/69c91dc32c7ecb90f0fbdd0a/
chery,x3 lesing,2025,gasoline,,automatic,,1500,compact,new,standard,,,used,16500,2026-03,,,1500,,1,,,chery x3 lesing,chery x3 lesing,Sfax,https://www.tayara.tn/item/voitures/sfax/route-mehdia/chery-x3-lesing/69c91d1a2c7ecb90f0fbdca9/
seat,ibiza,2012,gasoline,,manual,,1200,compact,new,standard,,,used,,2026-03,,,1200,,14,,,seat ibiza,seat ibiza,Ariana,https://www.tayara.tn/item/voitures/ariana/ariana/seat-ibiza/69c91ceeb9d5257b5a843fbb/
,,2014,gasoline,17000,manual,6cv,1200,coupe,new,standard,,2 doors,used,328900,2026-03,,2,1200,17000,12,1417,low,,A vendre ou échange,Sfax,https://www.tayara.tn/item/voitures/sfax/route-el-afrane/a-vendre-ou-change/69c919972c7ecb90f0fbdaa5/
hyundai,grand i10 2022,2022,gasoline,,manual,5cv,1200,sedan,new,standard,5 seats,,used,02234000,2026-03,5,,1200,,4,,,hyundai grand i10,Hyundai Grand i10 2022,Tunis,https://www.tayara.tn/item/voitures/tunis/tunis/hyundai-grand-i10-2022/69c918db2c7ecb90f0fbda3e/
volkswagen,t-cross 2023,2023,gasoline,87900,manual,5cv,1000,sedan,new,standard,5 seats,5 doors,used,202377,2026-03,5,5,1000,87900,3,29300,high,volkswagen t-cross 2023,Volkswagen T-Cross 2023,Zaghouan,https://www.tayara.tn/item/voitures/zaghouan/zaghouen/volkswagen-tcross-2023/69c917efb9d5257b5a843d03/
toyota,rav4,2007,diesel,81000,manual,,2200,,new,standard,,4 doors,used,458000,2026-03,,4,2200,81000,19,4263,low,toyota rav4,Toyota rav4,Ben Arous,https://www.tayara.tn/item/voitures/ben-arous/el-mourouj/toyota-rav4/69c9127d2c7ecb90f0fbd708/
,,2010,gasoline,,manual,7cv,1600,,new,standard,4 seats,,used,39800,2026-03,4,,1600,,16,,,,Voiture à vendre,Sousse,https://www.tayara.tn/item/voitures/sousse/m-saken/voiture-vendre/69c90ebcb9d5257b5a843812/
ford,ecosport titanium,2018,gasoline,,automatic,,1000,,new,standard,,,used,,2026-03,,,1000,,8,,,ford ecosport titanium,Ford ecosport titanium,Tunis,https://www.tayara.tn/item/voitures/tunis/jardins-de-carthage/ford-ecosport-titanium/69c90ea8b9d5257b5a843809/
bmw,serie limousine 730i,2011,gasoline,68,automatic,4cv,3000,sedan,new,standard,5 seats,,used,27000,2026-03,5,,3000,68,15,5,low,bmw serie limousine,BMW SERIE 7 limousine 730i présidentielle importé dallemand,Ariana,https://www.tayara.tn/item/voitures/ariana/la-soukra/bmw-serie-7-limousine-730i-prsidentielle-import-dallemand-/69c90e25b9d5257b5a8437d2/
hyundai,grand i10 1ère,2015,gasoline,,manual,5cv,1200,compact,new,standard,,,used,31000,2026-03,,,1200,,11,,,hyundai grand i10,Hyundai Grand i10  1ère main  Très bon état,La Manouba,https://www.tayara.tn/item/voitures/la-manouba/la-manouba/hyundai-grand-i10-1re-main-trs-bon-tat/69c90b252c7ecb90f0fbd2e8/
opel,grandland,2017,diesel,,automatic,,,,new,standard,,,used,100000,2026-03,,,,,9,,,opel grandland,Opel grandland,Jendouba,https://www.tayara.tn/item/voitures/jendouba/ghardimaou/opel-grandland/69c909a32c7ecb90f0fbd212/
fiat,palio vendre,2004,gasoline,,manual,5cv,1600,compact,new,standard,,,used,9000,2026-03,,,1600,,22,,,fiat palio vendre,Fiat Palio 2 a vendre ou échange b commerciale,Sidi Bouzid,https://www.tayara.tn/item/voitures/sidi-bouzid/autres-villes/fiat-palio-2-a-vendre-ou-change-b-commerciale/69c905422c7ecb90f0fbcf39/
mercedes,,2011,gasoline,17000,automatic,6cv,2100,sedan,new,standard,,2 doors,used,328900,2026-03,,2,2100,17000,15,1133,low,mercedes,Mercedes,Sfax,https://www.tayara.tn/item/voitures/sfax/route-el-ain/mercedes/69c9051bb9d5257b5a843258/
mercedes,cla 180 amg,2020,gasoline,69,automatic,7cv,1332,,new,standard,,,used,200547,2026-03,,,1332,69,6,12,low,mercedes cla 180,MERCEDES CLA 180 AMG,Tunis,https://www.tayara.tn/item/voitures/tunis/tunis/mercedes-cla-180-amg/69c904e7b9d5257b5a843236/
,,2012,gasoline,,manual,,1600,utility,new,standard,,,used,322000,2026-03,,,1600,,14,,,,expert 3,Nabeul,https://www.tayara.tn/item/voitures/nabeul/nabeul/expert-3/69c8ff772c7ecb90f0fbcbb2/
mercedes,c200,2009,diesel,81000,manual,,1500,sedan,new,standard,,4 doors,used,20055000,2026-03,,4,1500,81000,17,4765,low,mercedes c200,mercedes C200,Ben Arous,https://www.tayara.tn/item/voitures/ben-arous/el-mourouj/mercedes-c200/69c8fb7d2c7ecb90f0fbc9bc/
nissan,2017 للبيع حالة,2017,gasoline,50000,automatic,5cv,1500,,new,standard,,,used,55000,2026-03,,,1500,50000,9,5556,low,nissan 2017 للبيع,Nissan 2017 للبيع  حالة ممتازة,Tataouine,https://www.tayara.tn/item/voitures/tataouine/ghomrassen/-nissan-2017-/69c8f8412c7ecb90f0fbc821/
,,2018,diesel,,automatic,,1900,,new,standard,,4 doors,used,33000,2026-03,,4,1900,,8,,,,Dmax 44,Bizerte,https://www.tayara.tn/item/voitures/bizerte/bizerte/dmax-44/69c8f7f8b9d5257b5a842aa9/
,,2020,gasoline,70000,automatic,10cv,1500,,new,standard,,,used,46699,2026-03,,,1500,70000,6,11667,normal,,Passat b9 R-line à vendre,Tunis,https://www.tayara.tn/item/voitures/tunis/lac-2/passat-b9-rline-vendre/69c8f7a4b9d5257b5a842a75/
peugeot,205 diesel,1996,diesel,,manual,,1400,utility,new,standard,,,used,6500,2026-03,,,1400,,30,,,peugeot 205 diesel,Peugeot 205 diesel,Gabs,https://www.tayara.tn/item/voitures/gabs/gabs/peugeot-205-diesel/69c8f5f0b9d5257b5a84298d/
renault,19 europa essence,1999,gasoline,,manual,,1400,utility,new,standard,,,used,10800,2026-03,,,1400,,27,,,renault 19 europa,Renault 19 Europa essence,Gabs,https://www.tayara.tn/item/voitures/gabs/gabs/renault-19-europa-essence/69c8f542b9d5257b5a84294a/
,,2010,gasoline,,manual,,1400,sedan,new,standard,,,used,,2026-03,,,1400,,16,,,,206 sedan,Sfax,https://www.tayara.tn/item/voitures/sfax/route-gremda/206-sedan/69c8f5382c7ecb90f0fbc6af/
citroën,b9 ehdi toutes,2015,diesel,,manual,,1600,minivan,new,standard,,,used,,2026-03,,,1600,,11,,,citroën b9 ehdi,Citroën B9 EHDI toutes options,Gabs,https://www.tayara.tn/item/voitures/gabs/gabs/citron-b9-ehdi-toutes-options/69c8f4732c7ecb90f0fbc644/
kia,sportage black edition,2021,gasoline,70000,automatic,10cv,,,new,standard,,,used,46699,2026-03,,,,70000,5,14000,normal,kia sportage black,Kia Sportage Black Edition,Tunis,https://www.tayara.tn/item/voitures/tunis/la-marsa/kia-sportage-black-edition/69c8f44a2c7ecb90f0fbc635/
,,2023,gasoline,17000,manual,6cv,1200,sedan,new,standard,,2 doors,used,328900,2026-03,,2,1200,17000,3,5667,low,,I10 1ère main klm 30,Sfax,https://www.tayara.tn/item/voitures/sfax/route-tunis/i10-1re-main-klm-30/69c8f4422c7ecb90f0fbc632/
,,2021,gasoline,,manual,,1200,,new,standard,,,used,78000,2026-03,,,1200,,5,,,,avendre voituer,Sousse,https://www.tayara.tn/item/voitures/sousse/kala-kebira/avendre-voituer/69c8f2c32c7ecb90f0fbc590/
peugeot,,2017,diesel,80,manual,,1600,,new,standard,,,used,5662000,2026-03,,,1600,80,9,9,low,peugeot,Peugeot,Ben Arous,https://www.tayara.tn/item/voitures/ben-arous/ben-arous/peugeot/69c8efd32c7ecb90f0fbc44a/
,,2018,diesel,,manual,,2000,utility,new,standard,,,used,01834999,2026-03,,,2000,,8,,,,Une société met en vente caddy diesel 2L année 2018,Tunis,https://www.tayara.tn/item/voitures/tunis/la-marsa/une-socit-met-en-vente-caddy-diesel-2l-anne-2018/69c8eea62c7ecb90f0fbc3d6/
citroen,c1,2016,gasoline,110000,manual,4cv,1000,utility,new,standard,,,used,127000,2026-03,,,1000,110000,10,11000,normal,citroen c1,Citroen c1,Ben Arous,https://www.tayara.tn/item/voitures/ben-arous/ben-arous/citroen-c1/69c8ecf62c7ecb90f0fbc31a/
,,2007,diesel,,,,2300,,new,standard,,,used,,2026-03,,,2300,,19,,,,A vendre Astra H,La Manouba,https://www.tayara.tn/item/voitures/la-manouba/la-manouba/a-vendre-astra-h/69c8eb912c7ecb90f0fbc271/
opel,astra edition plus,2021,gasoline,000,automatic,110cv,1199,sedan,new,standard,,,used,,2026-03,,,1199,0,5,0,low,opel astra edition,Opel Astra Edition Plus 1.2 i 12V Turbo SS 110 cv,Tunis,https://www.tayara.tn/item/voitures/tunis/carthage/opel-astra-edition-plus-12-i-12v-turbo-ss-110-cv/69c8eb14b9d5257b5a842485/
renault,express,2023,gasoline,109000,manual,,1500,utility,new,standard,,,used,49000,2026-03,,,1500,109000,3,36333,high,renault express,RENAULT EXPRESS,La Manouba,https://www.tayara.tn/item/voitures/la-manouba/manouba-ville/renault-express/69c8e94f2c7ecb90f0fbc18b/
seat,ibiza,2011,gasoline,184000,manual,6cv,1200,,new,standard,,,used,27000,2026-03,,,1200,184000,15,12267,normal,seat ibiza,A vendre Seat ibiza,Ariana,https://www.tayara.tn/item/voitures/ariana/ariana/a-vendre-seat-ibiza/69c8e7ceb9d5257b5a84234c/
,,2008,diesel,000,manual,6cv,1461,coupe,new,standard,5 seats,3 doors,used,20500,2026-03,5,3,1461,0,18,0,low,,clio campus diesel,Tunis,https://www.tayara.tn/item/voitures/tunis/agba/clio-campus-diesel/69c8e7bb2c7ecb90f0fbc0f8/
citroen,c4,2010,gasoline,2010,manual,7cv,1600,,new,standard,,,used,421500,2026-03,,,1600,2010,16,126,low,citroen c4,Citroen C4,Ariana,https://www.tayara.tn/item/voitures/ariana/la-soukra/citroen-c4/69c8e5ecb9d5257b5a8422a0/
renault,clio,2016,gasoline,70000,automatic,,2000,,new,standard,,,used,43000,2026-03,,,2000,70000,10,7000,low,renault clio,Vente Renault Clio,Tunis,https://www.tayara.tn/item/voitures/tunis/tunis/vente-renault-clio/69c8e3542c7ecb90f0fbbf64/
bmw,520d,2022,diesel,,automatic,,2000,sedan,new,standard,,,used,199000,2026-03,,,2000,,4,,,bmw 520d,bmw 520d,Sousse,https://www.tayara.tn/item/voitures/sousse/sousse/bmw-520d/69c8e2ad2c7ecb90f0fbbf28/
,,2015,gasoline,,manual,,1200,minivan,new,standard,,,used,33000,2026-03,,,1200,,11,,,,c4 cactus,Sfax,https://www.tayara.tn/item/voitures/sfax/sfax/c4-cactus/69c8e1472c7ecb90f0fbbeaa/
seat,ibiza premier main,2022,gasoline,,automatic,6cv,1000,sedan,new,standard,,,used,,2026-03,,,1000,,4,,,seat ibiza premier,Seat Ibiza premier main,Nabeul,https://www.tayara.tn/item/voitures/nabeul/klibia/seat-ibiza-premier-main/69c8df162c7ecb90f0fbbdff/
citroën,berlingo phase,2007,diesel,,manual,,1900,pickup,new,standard,,,used,214000,2026-03,,,1900,,19,,,citroën berlingo phase,Citroën berlingo phase 2,Kairouan,https://www.tayara.tn/item/voitures/kairouan/kairouan-nord/citron-berlingo-phase-2/69c8de162c7ecb90f0fbbd97/
mercedes,220d,2021,diesel,,automatic,,2000,sedan,new,standard,,,used,190000,2026-03,,,2000,,5,,,mercedes 220d,Mercedes C 220D,Sousse,https://www.tayara.tn/item/voitures/sousse/sousse/mercedes-c-220d/69c8dca72c7ecb90f0fbbd2d/
,,2013,gasoline,,manual,4cv,1200,sedan,new,standard,,,used,26700,2026-03,,,1200,,13,,,,symbol,Sousse,https://www.tayara.tn/item/voitures/sousse/sousse/symbol/69c8db652c7ecb90f0fbbcdb/
peugeot,3008,2017,diesel,,manual,6cv,1600,,new,standard,5 seats,,used,300862,2026-03,5,,1600,,9,,,peugeot 3008,PEUGEOT 3008,Ben Arous,https://www.tayara.tn/item/voitures/ben-arous/el-mourouj/peugeot-3008/69c8db49b9d5257b5a841f53/
,,2022,gasoline,2022,manual,6cv,2500,coupe,new,standard,,2 doors,used,328900,2026-03,,2,2500,2022,4,506,low,,Isuzu dmax,Sfax,https://www.tayara.tn/item/voitures/sfax/route-saltania/isuzu-dmax/69c8d63e2c7ecb90f0fbbb5f/
,,2007,gasoline,,manual,,1400,coupe,new,standard,,,used,95000000,2026-03,,,1400,,19,,,,Classique 3,Kasserine,https://www.tayara.tn/item/voitures/kasserine/sbetla/classique-3/69c8d3302c7ecb90f0fbba64/
peugeot,partner première,2000,gasoline,,manual,5cv,1400,,new,standard,5 seats,,used,26547275,2026-03,5,,1400,,26,,,peugeot partner première,Peugeot partner première,Kasserine,https://www.tayara.tn/item/voitures/kasserine/sbetla/peugeot-partner-premire-/69c8d31b2c7ecb90f0fbba5c/
,,2006,gasoline,,manual,,1400,coupe,new,standard,,,used,95000000,2026-03,,,1400,,20,,,,Clio classique,Kasserine,https://www.tayara.tn/item/voitures/kasserine/sbetla/clio-classique/69c8d309b9d5257b5a841cf1/
kia,rio 2011,2011,gasoline,312000,manual,,1400,sedan,new,standard,,,used,2011123,2026-03,,,1400,312000,15,20800,high,kia rio 2011,kia rio 2011,Sidi Bouzid,https://www.tayara.tn/item/voitures/sidi-bouzid/jilma/kia-rio-2011/69c8d2e22c7ecb90f0fbba4b/
mg,marvel luxury,2022,gasoline,202418000,automatic,9cv,1500,suv,new,standard,7 seats,,used,99000,2026-03,7,,1500,202418000,4,50604500,high,mg marvel luxury,MG Marvel R Luxury,Sousse,https://www.tayara.tn/item/voitures/sousse/sousse/mg-marvel-r-luxury/69c8ca71b9d5257b5a841aec/
mercedes,e220 cdi coupée,2011,diesel,165000,automatic,9cv,2200,sedan,new,standard,5 seats,,used,49000,2026-03,5,,2200,165000,15,11000,normal,mercedes e220 cdi,Mercedes E220 cdi coupée,Sousse,https://www.tayara.tn/item/voitures/sousse/sousse/mercedes-e220-cdi-coupe/69c8ca3db9d5257b5a841ade/
mercedes,glc 220d amg,2018,diesel,,automatic,,2000,sedan,new,standard,,,used,119000,2026-03,,,2000,,8,,,mercedes glc 220d,Mercedes GLC 220d AMG pack night,Sousse,https://www.tayara.tn/item/voitures/sousse/sousse/mercedes-glc-220d-amg-pack-night/69c8ca28b9d5257b5a841ad1/
,,2021,gasoline,,automatic,,1400,compact,new,standard,,,used,,2026-03,,,1400,,5,,,,golf 8 GTE essence hybride ful options,Ariana,https://www.tayara.tn/item/voitures/ariana/cit-ennasr-2/golf-8-gte-essence-hybride-ful-options/69749defd921b01419d22d3a/
,,2017,gasoline,,manual,7cv,2100,pickup,new,standard,5 seats,,used,29000,2026-03,5,,2100,,9,,,,TATA xénon,Nabeul,https://www.tayara.tn/item/voitures/nabeul/nabeul/tata-xnon/69c8ba812c7ecb90f0fbb56f/
citroën,c5 e-hdi,2011,diesel,000,automatic,6cv,1600,sedan,new,standard,,,used,,2026-03,,,1600,0,15,0,low,citroën c5 e-hdi,Citroën C5 e-hdi,Kasserine,https://www.tayara.tn/item/voitures/kasserine/kasserine-nord/citron-c5-ehdi/69c8ae3eb9d5257b5a841561/
,,2009,diesel,,manual,,1400,,new,standard,,,used,,2026-03,,,1400,,17,,,,vendre voiture,Tunis,https://www.tayara.tn/item/voitures/tunis/tunis/vendre-voiture/69c875538d3052a49132d015/
chery,qq,2019,gasoline,124500,manual,,1000,,new,standard,,,used,78000,2026-03,,,1000,124500,7,17786,normal,chery qq,CHERY QQ,Sousse,https://www.tayara.tn/item/voitures/sousse/sahloul/chery-qq/69c8712d8d3052a49132cebe/
peugeot,308,2023,gasoline,,manual,,1200,hatchback,new,standard,,5 doors,used,30845000,2026-03,,5,1200,,3,,,peugeot 308,Voiture Peugeot 308,Sfax,https://www.tayara.tn/item/voitures/sfax/sfax/voiture-peugeot-308/69c8710e8d3052a49132ceb0/
,,2012,gasoline,,manual,6cv,,coupe,new,standard,5 seats,4 doors,used,24500,2026-03,5,4,,,14,,,,Voiture,Tunis,https://www.tayara.tn/item/voitures/tunis/la-marsa/voiture/69c86b40494c2a92ede97806/
seat,ibiza style,2021,gasoline,,automatic,,1000,compact,new,standard,,2 doors,used,12345,2026-03,,2,1000,,5,,,seat ibiza style,Seat ibiza style,Tunis,https://www.tayara.tn/item/voitures/tunis/la-marsa/seat-ibiza-style/69c868be8d3052a49132cad2/
chery,,2019,gasoline,23000,automatic,,1000,,new,standard,,,used,201955,2026-03,,,1000,23000,7,3286,low,chery,voiture Chery,Sfax,https://www.tayara.tn/item/voitures/sfax/sakiet-ezzit/voiture-chery/69c86101494c2a92ede97303/
ford,fiesta 2013,2013,gasoline,344720,manual,6cv,1400,coupe,new,standard,5 seats,4 doors,used,01324000,2026-03,5,4,1400,344720,13,26517,high,ford fiesta 2013,Ford fiesta 2013,Tunis,https://www.tayara.tn/item/voitures/tunis/tunis/ford-fiesta-2013/69c85d25494c2a92ede970af/
bmw,e90 316i phase,2005,gasoline,110000,manual,7cv,1600,sedan,new,standard,5 seats,,used,32000,2026-03,5,,1600,110000,21,5238,low,bmw e90 316i,BMW E90 316i Phase 1  a vendre,Ben Arous,https://www.tayara.tn/item/voitures/ben-arous/medina-jedida/bmw-e90-316i-phase-1-a-vendre/69c85a338d3052a49132c2fe/
mercedes,class 250d immat,2018,gasoline,79000,automatic,8cv,2500,pickup,new,standard,,4 doors,used,110000,2026-03,,4,2500,79000,8,9875,low,mercedes class 250d,Mercedes class X 250D immat tunisie prix a deb,Tunis,https://www.tayara.tn/item/voitures/tunis/le-bardo/mercedes-class-x-250d-immat-tunisie-prix-a-deb/69c85910494c2a92ede96e1c/
,,2010,gasoline,70000,manual,10cv,1900,pickup,new,standard,,,used,46699,2026-03,,,1900,70000,16,4375,low,,ISUZU DMAX SOLAR,Tunis,https://www.tayara.tn/item/voitures/tunis/le-bardo/isuzu-dmax-solar/69c859008d3052a49132c236/
,,2019,gasoline,70000,manual,6cv,1000,coupe,new,standard,,,used,657500,2026-03,,,1000,70000,7,10000,normal,,Golf 7.6,Tunis,https://www.tayara.tn/item/voitures/tunis/cit-el-khadra/golf-76/69c85657494c2a92ede96c40/
nissan,pixo,2010,gasoline,000,manual,4cv,1200,coupe,new,standard,,,used,20500,2026-03,,,1200,0,16,0,low,nissan pixo,Nissan Pixo,Tunis,https://www.tayara.tn/item/voitures/tunis/tunis/nissan-pixo/69c84ebc494c2a92ede96754/
toyota,rav,2011,gasoline,107000,automatic,125cv,2400,coupe,new,standard,,,used,464000,2026-03,,,2400,107000,15,7133,low,toyota rav,À vendre Toyota Rav 4,Tunis,https://www.tayara.tn/item/voitures/tunis/le-bardo/-vendre-toyota-rav-4/69c84dec8d3052a49132bb0b/
peugeot,vendre,2013,gasoline,,,,,utility,new,standard,,,used,17000,2026-03,,,,,13,,,peugeot vendre,Peugeot à vendre,Ariana,https://www.tayara.tn/item/voitures/ariana/raoued/peugeot-vendre/69c84a11494c2a92ede9643e/
mg,,2022,gasoline,4000,automatic,,1400,sedan,new,standard,,,used,137,2026-03,,,1400,4000,4,1000,low,mg,À vendre CLA 180 pack AMG,Tunis,https://www.tayara.tn/item/voitures/tunis/tunis/-vendre-cla-180-pack-amg/69c849ca494c2a92ede9641a/
,,2010,gasoline,252000,manual,,1200,sedan,new,standard,9 seats,,used,24000,2026-03,9,,1200,252000,16,15750,normal,,Symbol en très bon état,Sousse,https://www.tayara.tn/item/voitures/sousse/sousse/symbol-en-trs-bon-tat/69c8496d8d3052a49132b825/
fiat,500,2016,gasoline,000,automatic,6cv,1200,sedan,new,standard,5 seats,,used,50036000,2026-03,5,,1200,0,10,0,low,fiat 500,Fiat 500,Ben Arous,https://www.tayara.tn/item/voitures/ben-arous/ezzahra/fiat-500/69c848b08d3052a49132b7a2/
mg,,2014,gasoline,254000,manual,,1600,sedan,new,standard,,,used,680000,2026-03,,,1600,254000,12,21167,high,mg,c180 pack amg,Tunis,https://www.tayara.tn/item/voitures/tunis/lac-1/c180-pack-amg/69c8469b8d3052a49132b61b/
mercedes,ml 280 cdi,2007,diesel,340,automatic,13cv,3000,,new,standard,,,used,,2026-03,,,3000,340,19,18,low,mercedes ml 280,Mercedes ml 280 cdi,Monastir,https://www.tayara.tn/item/voitures/monastir/monastir/mercedes-ml-280-cdi/69c84604494c2a92ede9613e/
mercedes,ml 280 cdi,2007,diesel,007330000,automatic,13cv,3000,,new,standard,,,used,49000,2026-03,,,3000,7330000,19,385789,high,mercedes ml 280,Mercedes ml 280 cdi,Monastir,https://www.tayara.tn/item/voitures/monastir/monastir/mercedes-ml-280-cdi/69c8452e8d3052a49132b515/
,,2003,gasoline,184000,manual,6cv,2500,suv,new,standard,,,used,26500,2026-03,,,2500,184000,23,8000,low,,Touareg R5 a vendre ou echange,Ariana,https://www.tayara.tn/item/voitures/ariana/ariana-essoughra/touareg-r5-a-vendre-ou-echange/69c8423e494c2a92ede95e40/
kia,picanto,2018,gasoline,184000,manual,5cv,1000,,new,standard,5 seats,,used,32500,2026-03,5,,1000,184000,8,23000,high,kia picanto,KIA Picanto,Ariana,https://www.tayara.tn/item/voitures/ariana/ariana/kia-picanto/69c8405a8d3052a49132b101/
peugeot,208 première main,2016,gasoline,,manual,5cv,1200,compact,new,standard,,,used,,2026-03,,,1200,,10,,,peugeot 208 première,Voiture peugeot 208 première main 5cv toute option,Tunis,https://www.tayara.tn/item/voitures/tunis/la-marsa/voiture-peugeot-208-premire-main-5cv-toute-option/69c84019494c2a92ede95c86/
citroën,jumpy vendre,2019,diesel,,manual,,1600,suv,new,standard,,,used,43500,2026-03,,,1600,,7,,,citroën jumpy vendre,Citroën jumpy a vendre,Sidi Bouzid,https://www.tayara.tn/item/voitures/sidi-bouzid/regueb/citron-jumpy-a-vendre/69c83f4e494c2a92ede95bf7/
opel,combo k9,2023,diesel,202385000,manual,,1600,sedan,new,standard,,,used,954000,2026-03,,,1600,202385000,3,67461667,high,opel combo k9,Opel combo k9,Tunis,https://www.tayara.tn/item/voitures/tunis/l-aouina/opel-combo-k9/69c83e68494c2a92ede95b13/
fiat,panda cross 2023,2023,gasoline,60000,automatic,4cv,1200,compact,new,standard,,,used,39500,2026-03,,,1200,60000,3,20000,high,fiat panda cross,FIAT PANDA CROSS 2023 1ere main 65mkm,Tunis,https://www.tayara.tn/item/voitures/tunis/la-marsa/fiat-panda-cross-2023-1ere-main-65mkm/69c83ca18d3052a49132ae02/
seat,ibiza,2013,diesel,,manual,,4000,,new,standard,,,used,721,2026-03,,,4000,,13,,,seat ibiza,seat ibiza,Ariana,https://www.tayara.tn/item/voitures/ariana/raoued/seat-ibiza/69c83ba68d3052a49132ad16/
,,2016,gasoline,100000,manual,6cv,1200,,new,standard,,,used,56000,2026-03,,,1200,100000,10,10000,normal,,Golf 7 TSI 1.2 ALL STAR,Tunis,https://www.tayara.tn/item/voitures/tunis/tunis/golf-7-tsi-12-all-star/69c8372c8d3052a49132a943/
peugeot,3008,2021,gasoline,70000,automatic,10cv,1500,,new,standard,,,used,46699,2026-03,,,1500,70000,5,14000,normal,peugeot 3008,Peugeot 3008,Tunis,https://www.tayara.tn/item/voitures/tunis/cit-olympique/peugeot-3008/69c83724494c2a92ede95525/
peugeot,3008,2021,gasoline,70000,automatic,10cv,1500,,new,standard,,,used,46699,2026-03,,,1500,70000,5,14000,normal,peugeot 3008,Peugeot 3008,Tunis,https://www.tayara.tn/item/voitures/tunis/cit-el-khadra/peugeot-3008/69c8362b494c2a92ede95449/
,,2016,diesel,,manual,,1600,coupe,new,standard,3 seats,,used,49000,2026-03,3,,1600,,10,,,,2008 ehdi,Kasserine,https://www.tayara.tn/item/voitures/kasserine/kasserine-nord/2008-ehdi/69c8359c494c2a92ede953d4/
kia,cerato,2022,gasoline,80000,automatic,7cv,1500,sedan,new,standard,5 seats,4 doors,used,27000,2026-03,5,4,1500,80000,4,20000,high,kia cerato,Kia Cerato,Tunis,https://www.tayara.tn/item/voitures/tunis/tunis/kia-cerato/69c829898d3052a491329eb6/
mg,zs bva luxury,2020,gasoline,43000,automatic,125cv,1500,coupe,new,standard,,,used,60000,2026-03,,,1500,43000,6,7167,low,mg zs bva,MG ZS BVA Luxury à vendre,Tunis,https://www.tayara.tn/item/voitures/tunis/ettahrir/mg-zs-bva-luxury-vendre/69c8292c8d3052a491329e6b/
"toyota,prado txl 3.0l,2010,gasoline,68,automatic,11cv,3000,,new,standard,7 seats,,used,27000,2026-03,7,,3000,68,16,4,low,toyota prado txl,""Toyota prado TXL 3.0L 7 places"
" 𝗖𝗼𝗻𝘁𝗮𝗰𝘁  20 873 862"",Ariana,https://www.tayara.tn/item/voitures/ariana/riadh-andalous/-toyota-prado-txl-30l-7-places-20-873-862/69c8291e8d3052a491329e66/"
dacia,logun,2010,gasoline,8000,manual,,1600,,new,standard,,2 doors,used,12000,2026-03,,2,1600,8000,16,500,low,dacia logun,dacia logun,Tunis,https://www.tayara.tn/item/voitures/tunis/tunis/dacia-logun/69c828488d3052a491329dae/
,,2014,gasoline,223000,manual,,1200,,new,standard,,,used,2123,2026-03,,,1200,223000,12,18583,normal,,symbole 2,Gafsa,https://www.tayara.tn/item/voitures/gafsa/gafsa-sud/symbole-2/69c821c58d3052a4913298cf/
,,2010,gasoline,103000,manual,5cv,2100,sedan,new,standard,5 seats,,used,43000,2026-03,5,,2100,103000,16,6438,low,,A vendre,Ariana,https://www.tayara.tn/item/voitures/ariana/ariana/a-vendre/69c8213d8d3052a49132985e/
mazda,2013,2013,gasoline,,automatic,,1600,sedan,new,standard,,,used,3201328,2026-03,,,1600,,13,,,mazda 2013,Mazda 3 2013,Ben Arous,https://www.tayara.tn/item/voitures/ben-arous/el-mourouj/mazda-3-2013/69c81ec9494c2a92ede941b7/
,,2000,diesel,,manual,,1900,,new,standard,,,used,10000,2026-03,,,1900,,26,,,,A vendre,Sfax,https://www.tayara.tn/item/voitures/sfax/sakiet-eddaer/a-vendre/69c81d588d3052a491329572/
toyota,agya,2022,gasoline,,automatic,7cv,1000,,new,standard,,,used,35500,2026-03,,,1000,,4,,,toyota agya,toyota agya,Nabeul,https://www.tayara.tn/item/voitures/nabeul/nabeul/toyota-agya/69c81b47494c2a92ede93f42/
,,2021,gasoline,,manual,,1000,sedan,new,standard,,,used,48500,2026-03,,,1000,,5,,,,Veuculee,Gafsa,https://www.tayara.tn/item/voitures/gafsa/gafsa/veuculee/69c81747494c2a92ede93c69/
peugeot,104 vendre,,gasoline,,manual,,1400,compact,new,standard,,,used,4000,2026-03,,,1400,,,,,peugeot 104 vendre,Peugeot 104 à vendre,Sfax,https://www.tayara.tn/item/voitures/sfax/route-el-afrane/peugeot-104-vendre/69c816d08d3052a4913290a6/
,,2021,gasoline,,manual,,1000,compact,new,standard,,,used,436,2026-03,,,1000,,5,,,,Belle clio 4,Tunis,https://www.tayara.tn/item/voitures/tunis/la-marsa/belle-clio-4/69c81280494c2a92ede9391c/
ford,figo vendre,2014,gasoline,,manual,5cv,4000,,,standard,,,used,23000,2026-03,,,4000,,12,,,ford figo vendre,Ford figo a vendre,Ariana,https://www.tayara.tn/item/voitures/ariana/raoued/ford-figo-a-vendre/69c811e88d3052a491328d30/
,,2012,diesel,000,manual,,1500,utility,new,standard,,,used,945,2026-03,,,1500,0,14,0,low,,partner k9,Ariana,https://www.tayara.tn/item/voitures/ariana/ariana/partner-k9/69c80ffc494c2a92ede9371f/
,,2020,gasoline,,manual,,1200,,new,standard,,,used,,2026-03,,,1200,,6,,,,tivoli,Tunis,https://www.tayara.tn/item/voitures/tunis/ain-zaghouan-nord/tivoli/69c80fb88d3052a491328b9f/
kia,rio,2011,gasoline,184000,manual,6cv,1600,,new,standard,,,used,27000,2026-03,,,1600,184000,15,12267,normal,kia rio,Voiture kia Rio,Tunis,https://www.tayara.tn/item/voitures/tunis/tunis/voiture-kia-rio/69c80afe494c2a92ede93336/
citroën,saxo,2000,gasoline,,manual,,1200,,new,standard,,,used,12000,2026-03,,,1200,,26,,,citroën saxo,Citroën saxo,Mahdia,https://www.tayara.tn/item/voitures/mahdia/essouassi/citron-saxo/69c80a9a8d3052a49132872e/
kia,rio,2017,gasoline,,manual,,1100,sedan,new,standard,,4 doors,used,44000,2026-03,,4,1100,,9,,,kia rio,kia rio,Zaghouan,https://www.tayara.tn/item/voitures/zaghouan/zaghouen/kia-rio/69c808c7494c2a92ede9315c/
kia,rio 2017,2017,gasoline,,manual,,1200,,new,standard,,,used,201743,2026-03,,,1200,,9,,,kia rio 2017,kia Rio 2017,Monastir,https://www.tayara.tn/item/voitures/monastir/tboulba/kia-rio-2017/69c808498d3052a49132855d/
,,2017,diesel,,automatic,,1500,compact,new,standard,,,used,43900,2026-03,,,1500,,9,,,,مستوردة k9 للبيع,Monastir,https://www.tayara.tn/item/voitures/monastir/tunis/-k9-/69c802bf8d3052a491328106/
geely,gx3,,gasoline,,automatic,,,compact,new,standard,,,used,357,2026-03,,,,,,,,geely gx3,A vendre une voiture Geely GX3,Ben Arous,https://www.tayara.tn/item/voitures/ben-arous/medina-jedida/a-vendre-une-voiture-geely-gx3/69c80034494c2a92ede92add/
mercedes,benz e200 année,2015,gasoline,52000,automatic,10cv,,,new,standard,5 seats,,used,27000,2026-03,5,,,52000,11,4727,low,mercedes benz e200,Mercedes Benz E200 Année 2015,Ariana,https://www.tayara.tn/item/voitures/ariana/ennasr/mercedes-benz-e200-anne-2015/69c7fde08d3052a491327d04/
audi,80,,gasoline,,,,,,new,standard,,,used,806000,2026-03,,,,,,,,audi 80,audi 80,Mdenine,https://www.tayara.tn/item/voitures/mdenine/autres-villes/audi-80/69c7fd02494c2a92ede92849/
mercedes,250,1997,gasoline,17000,automatic,6cv,2500,coupe,new,standard,,2 doors,used,328900,2026-03,,2,2500,17000,29,586,low,mercedes 250,Mercedes c 250,Sfax,https://www.tayara.tn/item/voitures/sfax/route-sokra/mercedes-c-250/69c7fc67494c2a92ede927b3/
renault,trafic 1994,1994,diesel,,manual,,1000,,new,standard,,,used,19947000,2026-03,,,1000,,32,,,renault trafic 1994,Renault trafic 1994,Kairouan,https://www.tayara.tn/item/voitures/kairouan/kairouan-nord/renault-trafic-1994/69c7fc468d3052a491327ba4/
,,2017,diesel,91000,automatic,8cv,2000,suv,new,standard,,5 doors,used,2017135,2026-03,,5,2000,91000,9,10111,normal,,RANGE ROVER ÉVOQUE TD4 06/2017,Tunis,https://www.tayara.tn/item/voitures/tunis/tunis/range-rover-voque-td4-062017/69c7f97c8d3052a49132796c/
hyundai,i20,2012,gasoline,,manual,4cv,1400,compact,new,standard,,,used,,2026-03,,,1400,,14,,,hyundai i20,Hyundai i20,Ariana,https://www.tayara.tn/item/voitures/ariana/nouvelle-ariana/hyundai-i20/69c7f77f8d3052a4913277b1/
,,2015,gasoline,,manual,,1500,compact,new,standard,,4 doors,used,35655,2026-03,,4,1500,,11,,,,23.745.356,Kasserine,https://www.tayara.tn/item/voitures/kasserine/thala/23745356/69c7f4f88d3052a4913275e3/
,,2020,gasoline,103000,automatic,5cv,1300,sedan,new,standard,5 seats,,used,41000,2026-03,5,,1300,103000,6,17167,normal,,Susuki swift 1 er main,Ariana,https://www.tayara.tn/item/voitures/ariana/cit-ennasr-2/susuki-swift-1-er-main/69c7f42b8d3052a491327564/
mercedes,classe,2019,diesel,,manual,,1600,sedan,new,standard,,,used,,2026-03,,,1600,,7,,,mercedes classe,mercedes classe c,Ben Arous,https://www.tayara.tn/item/voitures/ben-arous/ben-arous/mercedes-classe-c/69c7f27b8d3052a49132744b/
toyota,yaris,2019,gasoline,,manual,,1400,sedan,new,standard,,,used,440000,2026-03,,,1400,,7,,,toyota yaris,Toyota yaris E,Bja,https://www.tayara.tn/item/voitures/bja/bja/toyota-yaris-e/69c7f0b9494c2a92ede91eec/
hyundai,elantra,2017,gasoline,,automatic,,1600,sedan,new,standard,,,used,12345,2026-03,,,1600,,9,,,hyundai elantra,Vente quelques pièces hyundai elantra,Siliana,https://www.tayara.tn/item/voitures/siliana/siliana/vente-quelques-pices-hyundai-elantra/69c7ee8c494c2a92ede91d60/
ford,fiesta titanium,2012,gasoline,184000,manual,4cv,1200,compact,new,standard,5 seats,,used,28500,2026-03,5,,1200,184000,14,13143,normal,ford fiesta titanium,Ford fiesta Titanium,Ariana,https://www.tayara.tn/item/voitures/ariana/ariana/ford-fiesta-titanium/69c7ed868d3052a491327068/
peugeot,207,2009,gasoline,,manual,,1400,,new,standard,5 seats,,used,20723000,2026-03,5,,1400,,17,,,peugeot 207,Peugeot 207,Sfax,https://www.tayara.tn/item/voitures/sfax/sfax-ville/peugeot-207/69c7ec81494c2a92ede91bfd/
,,2018,gasoline,60000,manual,4cv,1200,compact,new,standard,,,used,31800,2026-03,,,1200,60000,8,7500,low,,208 like,Tunis,https://www.tayara.tn/item/voitures/tunis/la-marsa/208-like/69c7ec168d3052a491326f69/
chevrolet,cruze to vendre,2018,gasoline,110000,manual,7cv,1600,sedan,new,standard,,,used,34000,2026-03,,,1600,110000,8,13750,normal,chevrolet cruze to,Chevrolet Cruze TO à vendre,Tunis,https://www.tayara.tn/item/voitures/tunis/tunis/chevrolet-cruze-to-vendre/69c7e9d48d3052a491326dca/
citroen,jumpy vendre,2019,diesel,,manual,,1600,suv,new,standard,,,used,43500,2026-03,,,1600,,7,,,citroen jumpy vendre,Citroen jumpy à vendre,Sidi Bouzid,https://www.tayara.tn/item/voitures/sidi-bouzid/regueb/citroen-jumpy-vendre/69c7e8e88d3052a491326d0d/
opel,corsa,1998,gasoline,17000,automatic,6cv,1200,coupe,new,standard,,2 doors,used,328900,2026-03,,2,1200,17000,28,607,low,opel corsa,Opel Corsa,Sfax,https://www.tayara.tn/item/voitures/sfax/route-gremda/opel-corsa/69c7e79c494c2a92ede9189a/
,,2016,gasoline,,manual,,1200,sedan,new,standard,,,used,1000,2026-03,,,1200,,10,,,,Clio,Tunis,https://www.tayara.tn/item/voitures/tunis/la-marsa/clio/69c7e7498d3052a491326c0a/
nissan,navara le //,2014,gasoline,68,automatic,10cv,2500,,new,standard,5 seats,,used,27000,2026-03,5,,2500,68,12,6,low,nissan navara le,Nissan Navara LE // 44,Ariana,https://www.tayara.tn/item/voitures/ariana/riadh-andalous/-nissan-navara-le-44/69c7e4ed8d3052a491326a8a/
suzuki,celerio bva tel,2023,gasoline,000,automatic,4cv,2000,compact,new,standard,,,used,3639500,2026-03,,,2000,0,3,0,low,suzuki celerio bva,SUZUKI CELERIO BVA  Tel  21 36 36 36,Tunis,https://www.tayara.tn/item/voitures/tunis/tunis/-suzuki-celerio-bva-tel-21-36-36-36/69c7e3968d3052a4913269a6/
bmw,318 modèle 2014,2014,diesel,100,automatic,,2000,sedan,new,standard,,,used,201482,2026-03,,,2000,100,12,8,low,bmw 318 modèle,bmw 318 modèle 2014,Sidi Bouzid,https://www.tayara.tn/item/voitures/sidi-bouzid/cebbala-ouled-asker/bmw-318-modle-2014/69c7e34d8d3052a49132696e/
,,2023,gasoline,51000,manual,5cv,1300,coupe,new,standard,3 seats,,used,42000,2026-03,3,,1300,51000,3,17000,normal,,Voiture à vendre,La Manouba,https://www.tayara.tn/item/voitures/la-manouba/la-manouba/voiture-vendre/69c7e2d3494c2a92ede91524/
,,2022,gasoline,000,manual,04cv,,coupe,new,standard,,,used,3656500,2026-03,,,,0,4,0,low,,Polo 8 Prestige Toit panoramique    Tel  21 36 36 36,Tunis,https://www.tayara.tn/item/voitures/tunis/tunis/-polo-8-prestige-toit-panoramique-tel-21-36-36-36/69c7e2418d3052a4913268b3/
,,,gasoline,,automatic,,1400,sedan,new,standard,,,used,,2026-03,,,1400,,,,,,FEUX GOLF 7 NEUF ORIGINE VW 52259213,Sousse,https://www.tayara.tn/item/voitures/sousse/sousse/feux-golf-7-neuf-origine-vw-52259213/69c7e18a494c2a92ede9144a/
,,2004,diesel,,automatic,,1500,compact,new,standard,,,used,221,2026-03,,,1500,,22,,,,Megan 2,Nabeul,https://www.tayara.tn/item/voitures/nabeul/menzel-temime/megan-2/69c7e067494c2a92ede9137c/
land rover,lr3 hse tel,2007,gasoline,000,automatic,23cv,,coupe,new,standard,,,used,3657000,2026-03,,,,0,19,0,low,land rover lr3,LAND ROVER LR3 HSE   Tel  21 36 36 36,Tunis,https://www.tayara.tn/item/voitures/tunis/tunis/-land-rover-lr3-hse-tel-21-36-36-36/69c7e000494c2a92ede91334/
kia,sportage sx bva,2023,gasoline,000,automatic,10cv,1900,suv,new,standard,,,used,36125000,2026-03,,,1900,0,3,0,low,kia sportage sx,Kia Sportage SX BVA  Tel  21 36 36 36,Tunis,https://www.tayara.tn/item/voitures/tunis/tunis/-kia-sportage-sx-bva-tel-21-36-36-36/69c7df258d3052a49132666a/
ford,ranger portes tel,2010,gasoline,000,manual,10cv,2000,pickup,new,standard,,4 doors,used,3639000,2026-03,,4,2000,0,16,0,low,ford ranger portes,FORD RANGER 4 portes   Tel  21 36 36 36,Tunis,https://www.tayara.tn/item/voitures/tunis/tunis/-ford-ranger-4-portes-tel-21-36-36-36/69c7dbe6494c2a92ede91096/
hyundai,i20,2013,gasoline,168000,manual,4cv,1000,coupe,new,standard,5 seats,4 doors,used,2027000,2026-03,5,4,1000,168000,13,12923,normal,hyundai i20,Hyundai i20,Tunis,https://www.tayara.tn/item/voitures/tunis/ain-zaghouen/hyundai-i20/69c7da798d3052a49132636c/
fiat,grundi,2012,gasoline,,manual,,1200,compact,new,standard,,,used,18500,2026-03,,,1200,,14,,,fiat grundi,fiatGrundi,Gafsa,https://www.tayara.tn/item/voitures/gafsa/gafsa-sud/fiatgrundi/69c7da548d3052a491326359/
fiat,linea tel 21,2011,gasoline,000,manual,06cv,,sedan,new,standard,5 seats,4 doors,used,3628500,2026-03,5,4,,0,15,0,low,fiat linea tel,Fiat Linea    Tel  21 36 36 36,Tunis,https://www.tayara.tn/item/voitures/tunis/tunis/-fiat-linea-tel-21-36-36-36/69c7da3f494c2a92ede90f94/
honda,jazz ehev,2024,gasoline,100,automatic,,1498,,new,standard,7 seats,,used,69500,2026-03,7,,1498,100,2,50,low,honda jazz ehev,Honda Jazz eHEV,Ariana,https://www.tayara.tn/item/voitures/ariana/la-soukra/honda-jazz-ehev/69c7d9608d3052a4913262c2/
,,2021,diesel,000,automatic,7cv,,,new,standard,,,used,36135000,2026-03,,,,0,5,0,low,,AMAROK HighLine 4 Motions BVA   Tel  21 36 36 36,Tunis,https://www.tayara.tn/item/voitures/tunis/tunis/-amarok-highline-4-motions-bva-tel-21-36-36-36/69c7d8f0494c2a92ede90ed2/
citroën,c15,2003,diesel,370000,manual,7cv,3000,utility,new,standard,2 seats,,used,158500,2026-03,2,,3000,370000,23,16087,normal,citroën c15,Citroën C15,La Manouba,https://www.tayara.tn/item/voitures/la-manouba/mornaguia/citron-c15/69c7d7538d3052a491326159/
,,2025,gasoline,,automatic,,1200,,new,standard,,,used,22000,2026-03,,,1200,,1,,,,Picanto gt line,Nabeul,https://www.tayara.tn/item/voitures/nabeul/bni-khiar/picanto-gt-line/69c7d6b18d3052a4913260e7/
,,2022,gasoline,98000,,,,,new,standard,,,used,63000,2026-03,,,,98000,4,24500,high,,Tivoli,Gabs,https://www.tayara.tn/item/voitures/gabs/gabs-sud/tivoli/69c7d691494c2a92ede90d29/
,,2018,gasoline,,manual,4cv,1100,compact,new,standard,4 seats,,used,02234500,2026-03,4,,1100,,8,,,,clio 5 issence  model 2022,Sousse,https://www.tayara.tn/item/voitures/sousse/sousse-mdina/clio-5-issence-model-2022/69c7d61f8d3052a491326082/
nissan,qashqai,2014,gasoline,207000,manual,6cv,1500,,new,standard,7 seats,,used,250000,2026-03,7,,1500,207000,12,17250,normal,nissan qashqai,nissan qashqai 2,Monastir,https://www.tayara.tn/item/voitures/monastir/sahline/nissan-qashqai-2/69c7d272494c2a92ede90ae9/
citroën,berlingot 1.6 2022,2022,gasoline,68,automatic,5cv,1600,compact,new,standard,5 seats,,used,27000,2026-03,5,,1600,68,4,17,low,citroën berlingot 1.6,Citroën Berlingot 1.6 - 2022 - Tel 98479647,Ariana,https://www.tayara.tn/item/voitures/ariana/ariana/citron-berlingot-16-2022-tel-98479647/69c7d00a8d3052a491325d5f/
seat,ibiza 2020 tel,2020,gasoline,68,automatic,04cv,1000,compact,new,standard,5 seats,,used,27000,2026-03,5,,1000,68,6,11,low,seat ibiza 2020,Seat Ibiza 2020 - Tel 98479647,Ariana,https://www.tayara.tn/item/voitures/ariana/ariana/seat-ibiza-2020-tel-98479647/69c7ce13494c2a92ede9086f/
citroën,ds5 sport chic,2015,diesel,213000,automatic,7cv,2000,sedan,new,standard,,,used,,2026-03,,,2000,213000,11,19364,normal,citroën ds5 sport,À vendre  Citroën DS5 - Sport Chic  Année 2015  2.0L Diesel  7 CV,Tunis,https://www.tayara.tn/item/voitures/tunis/tunis/-vendre-citron-ds5-sport-chic-anne-2015-20l-diesel-7-cv/69c7cbaa8d3052a491325ad5/
bmw,f30/ 50205040,2016,gasoline,98000,automatic,,1500,sedan,new,standard,,,used,04075000,2026-03,,,1500,98000,10,9800,low,bmw f30/ 50205040,BMW F30/ 50205040,Mdenine,https://www.tayara.tn/item/voitures/mdenine/ben-gardane/bmw-f30-50205040/69c7cb9a8d3052a491325acc/
,,2023,gasoline,80,manual,,1200,sedan,new,standard,,,used,5662000,2026-03,,,1200,80,3,27,low,,I10 1ère main,Ben Arous,https://www.tayara.tn/item/voitures/ben-arous/el-mourouj-1/i10-1re-main/69c7c09a8d3052a49132548a/
peugeot,301,2012,gasoline,,manual,,1200,sedan,new,standard,9 seats,,used,30122700,2026-03,9,,1200,,14,,,peugeot 301,Vendre voiture Peugeot 301,Ben Arous,https://www.tayara.tn/item/voitures/ben-arous/mohamedia/vendre-voiture-peugeot-301/69c7c05b494c2a92ede9007d/
audi,a4 s-line,2014,gasoline,2013,automatic,7cv,1800,sedan,new,standard,5 seats,,used,34000,2026-03,5,,1800,2013,12,168,low,audi a4 s-line,AUDI A4 S-LINE,Ariana,https://www.tayara.tn/item/voitures/ariana/la-soukra/audi-a4-sline/69c7bf938d3052a4913253e4/
mercedes,c200d,2017,gasoline,68,automatic,7cv,2000,sedan,new,standard,5 seats,,used,27000,2026-03,5,,2000,68,9,8,low,mercedes c200d,Mercedes C200d,Ariana,https://www.tayara.tn/item/voitures/ariana/el-menzah-7/mercedes-c200d/69c7be78494c2a92ede8ff37/
,,2019,gasoline,000,manual,,1200,,new,standard,9 seats,,used,825000,2026-03,9,,1200,0,7,0,low,,Mahindra KUV100 K8,Ben Arous,https://www.tayara.tn/item/voitures/ben-arous/el-mourouj-6/mahindra-kuv100-k8/69c7bd258d3052a491325279/
,,2023,gasoline,41000,manual,,1200,compact,new,standard,5 seats,,used,02342000,2026-03,5,,1200,41000,3,13667,normal,,Vente Picanto 2023,Tunis,https://www.tayara.tn/item/voitures/tunis/tunis/vente-picanto-2023/69c7bbce8d3052a4913251ae/
geely,gc6 1ére main,2020,gasoline,,automatic,,1200,compact,new,standard,,,used,,2026-03,,,1200,,6,,,geely gc6 1ére,Geely Gc6 1ére main,Le Kef,https://www.tayara.tn/item/voitures/le-kef/kef-est/geely-gc6-1re-main/69c7bb63494c2a92ede8fda2/
seat,ibiza,2018,gasoline,,manual,4cv,1000,compact,new,standard,,,used,35000,2026-03,,,1000,,8,,,seat ibiza,للبيع كرهبة نظيفة Seat Ibiza,Nabeul,https://www.tayara.tn/item/voitures/nabeul/menzel-temime/-seat-ibiza/69c7b9d08d3052a491325099/
nissan,micra k13,2018,gasoline,,manual,,1200,compact,new,standard,,,used,,2026-03,,,1200,,8,,,nissan micra k13,Nissan Micra K13,Ben Arous,https://www.tayara.tn/item/voitures/ben-arous/el-mourouj/nissan-micra-k13/69c7b77d494c2a92ede8fb47/
kia,picanto noire bon,2020,gasoline,000,manual,4cv,1200,sedan,new,standard,5 seats,5 doors,used,35000,2026-03,5,5,1200,0,6,0,low,kia picanto noire,Kia Picanto Noire Bon État,Ben Arous,https://www.tayara.tn/item/voitures/ben-arous/rads/kia-picanto-noire-bon-tat/69c7b6df8d3052a491324ea7/
peugeot,208 en très,2014,gasoline,98000,manual,5cv,1200,estate,new,standard,,,used,26000,2026-03,,,1200,98000,12,8167,low,peugeot 208 en,peugeot 208 en très bon état,Sousse,https://www.tayara.tn/item/voitures/sousse/khzema/peugeot-208-en-trs-bon-tat/69c7b5358d3052a491324dad/
,,2022,gasoline,51000,automatic,9cv,1500,coupe,new,standard,7 seats,2 doors,used,328900,2026-03,7,2,1500,51000,4,12750,normal,,avendre ou echange tiggo 8,Sfax,https://www.tayara.tn/item/voitures/sfax/sfax/avendre-ou-echange-tiggo-8/69c7b513494c2a92ede8f9c7/
,,2011,gasoline,,manual,,1200,,new,standard,,,used,18500,2026-03,,,1200,,15,,,,Voiture ndhifa barsha,Tunis,https://www.tayara.tn/item/voitures/tunis/ettahrir/voiture-ndhifa-barsha/69c7b3998d3052a491324cbb/
toyota,yaris bonne opportunité,2017,gasoline,87000,manual,,1000,compact,new,standard,,,used,34000,2026-03,,,1000,87000,9,9667,low,toyota yaris bonne,Toyota yaris bonne opportunité,Tunis,https://www.tayara.tn/item/voitures/tunis/tunis/toyota-yaris-bonne-opportunit/69c7b35c8d3052a491324c92/
,,2001,gasoline,68,automatic,4cv,1100,pickup,new,standard,5 seats,,used,27000,2026-03,5,,1100,68,25,3,low,,A vendre ou échange,Ariana,https://www.tayara.tn/item/voitures/ariana/ariana-ville/a-vendre-ou-change/69c7b3398d3052a491324c81/
toyota,agya 1.2 première,2023,gasoline,68,automatic,5cv,1200,compact,new,standard,5 seats,,used,27000,2026-03,5,,1200,68,3,23,low,toyota agya 1.2,Toyota Agya 1.2 première main -Tel 98479647,Ariana,https://www.tayara.tn/item/voitures/ariana/ariana/toyota-agya-12-premire-main-tel-98479647/69c7b295494c2a92ede8f828/
geely,gc6 très propre,2021,gasoline,140,manual,6cv,1500,compact,new,standard,,,used,,2026-03,,,1500,140,5,28,low,geely gc6 très,geely gc6 très propre,Sousse,https://www.tayara.tn/item/voitures/sousse/hammam-sousse/geely-gc6-trs-propre/69c7b2598d3052a491324bf4/
mercedes,180 amg,2022,gasoline,68,automatic,9cv,1500,compact,new,standard,5 seats,,used,27000,2026-03,5,,1500,68,4,17,low,mercedes 180 amg,Mercedes-Benz C 180 - AMG - Tel 98479647,Ariana,https://www.tayara.tn/item/voitures/ariana/ariana/mercedesbenz-c-180-amg-tel-98479647/69c7b132494c2a92ede8f740/
seat,arona style 2022,2022,gasoline,57000,automatic,125cv,1000,,new,standard,,,used,67500,2026-03,,,1000,57000,4,14250,normal,seat arona style,Seat arona style 2022 58MKm,Tunis,https://www.tayara.tn/item/voitures/tunis/el-menzah-9/seat-arona-style-2022-58mkm/69c7b0a5494c2a92ede8f6c8/
mazda,bt50,2018,diesel,,automatic,,2500,,new,standard,,,used,33000,2026-03,,,2500,,8,,,mazda bt50,Mazda BT50,Bizerte,https://www.tayara.tn/item/voitures/bizerte/ras-jebel/mazda-bt50/69c7b0728d3052a491324a8b/
mazda,bt50,2005,diesel,,automatic,,2500,,new,standard,,,used,33000,2026-03,,,2500,,21,,,mazda bt50,Mazda bt50,Bizerte,https://www.tayara.tn/item/voitures/bizerte/ras-jebel/mazda-bt50/69c7af198d3052a491324994/
mercedes,classe 180,2015,gasoline,68,automatic,06cv,1600,compact,new,standard,5 seats,,used,27000,2026-03,5,,1600,68,11,6,low,mercedes classe 180,Mercedes-Benz Classe A 180 - Tel 98479647,Ariana,https://www.tayara.tn/item/voitures/ariana/ariana/mercedesbenz-classe-a-180-tel-98479647/69c7af16494c2a92ede8f59e/
,,2021,gasoline,140000,automatic,8cv,1400,sedan,new,standard,,,used,55111111,2026-03,,,1400,140000,5,28000,high,,Volswagen Tiguan Hybride,Ariana,https://www.tayara.tn/item/voitures/ariana/ariana/volswagen-tiguan-hybride/69c7aec48d3052a491324969/
fiat,doblo maxi 2020,2020,gasoline,68,automatic,10cv,0,utility,new,standard,5 seats,,used,27000,2026-03,5,,0,68,6,11,low,fiat doblo maxi,Fiat Doblo Maxi 2020 - tel 98479647,Ariana,https://www.tayara.tn/item/voitures/ariana/ariana/fiat-doblo-maxi-2020-tel-98479647/69c7ad3e8d3052a491324855/
,,2017,gasoline,000,automatic,15cv,2000,,new,standard,,,used,55111111,2026-03,,,2000,0,9,0,low,,Porshe MACAN canadienne,Ariana,https://www.tayara.tn/item/voitures/ariana/ariana/porshe-macan-canadienne/69c7ad34494c2a92ede8f475/
,,2007,gasoline,,manual,,1400,sedan,new,standard,,,used,6300,2026-03,,,1400,,19,,,,clio classic taxi - installation gas,Tunis,https://www.tayara.tn/item/voitures/tunis/tunis/clio-classic-taxi-installation-gas/69c7ace98d3052a491324816/
,,,gasoline,20260,automatic,7cv,1500,sedan,new,standard,,,used,55111111,2026-03,,,1500,20260,,,,,GOLF 8.5 300TSI Rline,Ariana,https://www.tayara.tn/item/voitures/ariana/ariana/golf-85-300tsi-rline/69c7ac4d494c2a92ede8f3e8/
kia,rio prestige,2018,gasoline,,automatic,,1200,,new,standard,,,used,33000,2026-03,,,1200,,8,,,kia rio prestige,Kia rio prestige,Bizerte,https://www.tayara.tn/item/voitures/bizerte/el-alia/kia-rio-prestige/69c7ac348d3052a491324798/
kia,rio prestige,2018,gasoline,,automatic,,1200,,new,standard,,,used,33000,2026-03,,,1200,,8,,,kia rio prestige,Kia rio prestige,Bizerte,https://www.tayara.tn/item/voitures/bizerte/el-alia/kia-rio-prestige/69c7abfb494c2a92ede8f3b8/
audi,q3 sline 2026,,gasoline,0,automatic,8cv,1400,sedan,new,standard,,,used,55111111,2026-03,,,1400,0,,,,audi q3 sline,Audi Q3 Sline 2026,Ariana,https://www.tayara.tn/item/voitures/ariana/ariana/audi-q3-sline-2026/69c7ab73494c2a92ede8f36f/
kia,sportage première main,2023,gasoline,23591000,automatic,10cv,1600,sedan,new,standard,,,used,109000,2026-03,,,1600,23591000,3,7863667,high,kia sportage première,2023 KIA SPORTAGE PREMIÈRE MAIN,Tunis,https://www.tayara.tn/item/voitures/tunis/la-marsa/2023-kia-sportage-premire-main-/69c7ab228d3052a4913246fa/
,,2018,gasoline,64000,automatic,6cv,1400,coupe,new,standard,,2 doors,used,328900,2026-03,,2,1400,64000,8,8000,low,,Tiguan 64000 Km,Sfax,https://www.tayara.tn/item/voitures/sfax/route-taniour/tiguan-64000-km/69c7aac1494c2a92ede8f313/
mini,cooper 2026,,gasoline,000,automatic,7cv,1500,compact,new,standard,,,used,55111111,2026-03,,,1500,000,,,,mini cooper 2026,Mini Cooper 2026,Ariana,https://www.tayara.tn/item/voitures/ariana/ariana/mini-cooper-2026/69c7aab48d3052a4913246c0/
mercedes,classe 350 limousine,2008,gasoline,68,automatic,19cv,3500,sedan,new,standard,5 seats,,used,27000,2026-03,5,,3500,68,18,4,low,mercedes classe 350,Mercedes-Benz Classe S 350 Limousine - Tel 98479647,Ariana,https://www.tayara.tn/item/voitures/ariana/ariana/mercedesbenz-classe-s-350-limousine-tel-98479647/69c7aa318d3052a49132466d/
porsche,cayenne v6,2008,gasoline,69183000,automatic,21cv,3600,coupe,new,standard,,,used,660000,2026-03,,,3600,69183000,18,3843500,high,porsche cayenne v6,2008 PORSCHE CAYENNE V6,Tunis,https://www.tayara.tn/item/voitures/tunis/la-marsa/2008-porsche-cayenne-v6/69c7a9fe494c2a92ede8f28d/
,,2020,gasoline,,manual,,1200,,new,standard,,,used,29800,2026-03,,,1200,,6,,,,Dame vend Mahindra KUV 100 K8 toutes options TBE 1ère main,Ariana,https://www.tayara.tn/item/voitures/ariana/ariana-ville/dame-vend-mahindra-kuv-100-k8-toutes-options-tbe-1re-main/69c7a9408d3052a4913245d3/
,,2017,diesel,99159000,automatic,8cv,2000,,new,standard,,,used,88000,2026-03,,,2000,99159000,9,11017667,high,,2017 RANGE ROVER EVOQUE AWD,Tunis,https://www.tayara.tn/item/voitures/tunis/la-marsa/2017-range-rover-evoque-awd/69c7a939494c2a92ede8f21b/
opel,astra,1999,diesel,,automatic,,1000,,new,standard,,,used,33000,2026-03,,,1000,,27,,,opel astra,opel astra f,Bizerte,https://www.tayara.tn/item/voitures/bizerte/bizerte/opel-astra-f/69c7a92a494c2a92ede8f211/
mercedes,benz a250e édition,2022,gasoline,000,automatic,8cv,2500,sedan,new,standard,,,used,55111111,2026-03,,,2500,0,4,0,low,mercedes benz a250e,Mercedes Benz A250e Édition,Ariana,https://www.tayara.tn/item/voitures/ariana/ariana/mercedes-benz-a250e-dition/69c7a73e8d3052a4913244b7/
citroën,c-elysée,2016,gasoline,,manual,,1600,,new,standard,,,used,25000,2026-03,,,1600,,10,,,citroën c-elysée,vente flash voiture Citroën C-Elysée,Tunis,https://www.tayara.tn/item/voitures/tunis/la-marsa/vente-flash-voiture-citron-celyse/69c7a6c18d3052a491324470/
mercedes,benz,2009,gasoline,,automatic,,1600,sedan,new,standard,,,used,,2026-03,,,1600,,17,,,mercedes benz,Mercedes benz,Sfax,https://www.tayara.tn/item/voitures/sfax/route-mehdia/mercedes-benz/69c7a59f494c2a92ede8f051/
citroën,c4,2008,diesel,,manual,,1600,,new,standard,,,used,,2026-03,,,1600,,18,,,citroën c4,Citroën C4,Sousse,https://www.tayara.tn/item/voitures/sousse/m-saken/citron-c4/69c7a554494c2a92ede8f022/
ford,ranger x4,2010,diesel,,manual,,2500,,new,standard,,,used,446,2026-03,,,2500,,16,,,ford ranger x4,Ford ranger 4 x4,Ariana,https://www.tayara.tn/item/voitures/ariana/riadh-andalous/ford-ranger-4-x4/69c7a4798d3052a491324327/
seat,leon bva,2015,gasoline,22,automatic,6cv,1200,sedan,new,standard,5 seats,,used,27000,2026-03,5,,1200,22,11,2,low,seat leon bva,SEAT LEON BVA,Ariana,https://www.tayara.tn/item/voitures/ariana/les-jardins-el-menzah-2/seat-leon-bva/69c2680b2e8a8ef7043fe0c4/
,,2003,diesel,,,131cv,,,new,standard,5 seats,4 doors,used,8000,2026-03,5,4,,,23,,,,سيارة نوع reno cango,Kairouan,https://www.tayara.tn/item/voitures/kairouan/sbikha/-reno-cango/69c7a18f494c2a92ede8ee06/
mg,5. 2022,2018,gasoline,,automatic,7cv,1600,sedan,new,standard,4 seats,,used,02245000,2026-03,4,,1600,,8,,,mg 5. 2022,MG 5.  2022,Sousse,https://www.tayara.tn/item/voitures/sousse/sousse/mg-5-2022/69c79deb494c2a92ede8ec01/
mercedes,benz c200,2010,diesel,,manual,,4000,compact,new,standard,,4 doors,used,11111,2026-03,,4,4000,,16,,,mercedes benz c200,mercedes benz c200,Siliana,https://www.tayara.tn/item/voitures/siliana/makthar/mercedes-benz-c200/69c79b6d494c2a92ede8eac1/
mercedes,benz c200,2010,gasoline,,manual,,4000,compact,new,standard,,4 doors,used,11111,2026-03,,4,4000,,16,,,mercedes benz c200,mercedes benz c200,Siliana,https://www.tayara.tn/item/voitures/siliana/makthar/mercedes-benz-c200/69c79b688d3052a491323e2d/
mercedes,benz c200,2010,diesel,,manual,,4000,compact,new,standard,,4 doors,used,11111,2026-03,,4,4000,,16,,,mercedes benz c200,mercedes benz c200,Siliana,https://www.tayara.tn/item/voitures/siliana/makthar/mercedes-benz-c200/69c79b648d3052a491323e28/
"seat,léon 2porte essence,2017,gasoline,68,automatic,4cv,1200,compact,new,standard,5 seats,2 doors,used,27000,2026-03,5,2,1200,68,9,8,low,seat léon 2porte,""SEAT LÉON 2PORTE"
"Essence 1.2 TSI 20201896"",Ariana,https://www.tayara.tn/item/voitures/ariana/borj-louzir/seat-lon-2porteessence-12-tsi-20201896/69c7903d494c2a92ede8e66c/"
kia,picanto gt line,2021,gasoline,2021,automatic,04cv,0,compact,new,standard,5 seats,,used,27000,2026-03,5,,0,2021,5,404,low,kia picanto gt,Kia Picanto GT line 65 mille km - Tel 98479647,Ariana,https://www.tayara.tn/item/voitures/ariana/ariana/kia-picanto-gt-line-65-mille-km-tel-98479647/69c78f10494c2a92ede8e5db/
,,2017,gasoline,128000,automatic,,1200,sedan,new,standard,,,used,,2026-03,,,1200,128000,9,14222,normal,,Golf 7 Allstar,Sfax,https://www.tayara.tn/item/voitures/sfax/sakiet-eddaer/golf-7-allstar/69c78edb8d3052a4913238f9/
fiat,ducato l2h2,2023,gasoline,,manual,,2200,utility,new,standard,,,used,262000,2026-03,,,2200,,3,,,fiat ducato l2h2,Fiat Ducato l2h2,Sfax,https://www.tayara.tn/item/voitures/sfax/route-el-ain/fiat-ducato-l2h2/69c78a5d8d3052a49132371f/
bmw,serie éta neuf,2013,gasoline,,manual,,1400,compact,new,standard,,,used,,2026-03,,,1400,,13,,,bmw serie éta,av bmw serie 1 éta neuf 83 mlk,Ariana,https://www.tayara.tn/item/voitures/ariana/cit-ennasr-2/av-bmw-serie-1-ta-neuf-83-mlk/6971cc2ad921b01419d10ca4/
peugeot,406 hdi diesel,2000,gasoline,150000,manual,6cv,2000,sedan,new,standard,,,used,25000,2026-03,,,2000,150000,26,5769,low,peugeot 406 hdi,A Vendre Peugeot 406 HDI Diesel,Sfax,https://www.tayara.tn/item/voitures/sfax/sakiet-ezzit/a-vendre-peugeot-406-hdi-diesel/69c786d08d3052a4913235b4/
,,2004,gasoline,342000,manual,,1400,,new,standard,5 seats,,used,29500,2026-03,5,,1400,342000,22,15545,normal,,partnr,Sfax,https://www.tayara.tn/item/voitures/sfax/bir-ali-ben-khalifa/partnr/69c7827a8d3052a49132341f/
hyundai,grand i10,2015,gasoline,000,manual,5cv,1200,sedan,new,standard,5 seats,,used,1037000,2026-03,5,,1200,0,11,0,low,hyundai grand i10,Hyundai grand i10,Ben Arous,https://www.tayara.tn/item/voitures/ben-arous/fouchana/hyundai-grand-i10/69c77dda494c2a92ede8dfbf/
,,2021,gasoline,119000,automatic,7cv,1600,sedan,new,standard,,2 doors,used,328900,2026-03,,2,1600,119000,5,23800,high,,DONGFENG S50 CVT LUXURY  Suréquipée 1ère main Entretien 100 Maison,Sfax,https://www.tayara.tn/item/voitures/sfax/route-taniour/dongfeng-s50-cvt-luxury-surquipe-1re-main-entretien-100-maison/69c778c88d3052a491323121/
,,,electric,,manual,,1100,compact,new,standard,,,used,,2026-03,,,1100,,,,,,gaz belkocha,Ariana,https://www.tayara.tn/item/voitures/ariana/ariana/gaz-belkocha/69c7658a494c2a92ede8da70/
peugeot,106,1997,gasoline,,manual,,1600,,new,standard,,,used,10611500,2026-03,,,1600,,29,,,peugeot 106,peugeot106,Mahdia,https://www.tayara.tn/item/voitures/mahdia/autres-villes/peugeot106/69c72c172e8a8ef704425917/
byd,qin plus phev,2021,gasoline,82000,automatic,125cv,1500,sedan,new,standard,,,used,82000,2026-03,,,1500,82000,5,16400,normal,byd qin plus,BYD QIN PLUS PHEV,Tunis,https://www.tayara.tn/item/voitures/tunis/tunis/byd-qin-plus-phev/69c7177e2e8a8ef70442538f/
haval,h2,2019,gasoline,120000,automatic,,1200,compact,new,standard,,,used,22,2026-03,,,1200,120000,7,17143,normal,haval h2,Haval H2,Sousse,https://www.tayara.tn/item/voitures/sousse/khzema/haval-h2/69c70e122e8a8ef704425016/
skoda,kamiq 1.0 bva,2021,gasoline,86000,automatic,6cv,5,sedan,new,standard,,,used,64000,2026-03,,,5,86000,5,17200,normal,skoda kamiq 1.0,SKODA KAMIQ 1.0 L BVA,Nabeul,https://www.tayara.tn/item/voitures/nabeul/nabeul/skoda-kamiq-10-l-bva/69c709783d5ca166a5950f05/
cupra,formentor 2.0,2021,gasoline,46000,automatic,11cv,2000,sedan,new,standard,,,used,113000,2026-03,,,2000,46000,5,9200,low,cupra formentor 2.0,CUPRA FORMENTOR 2.0 L,Nabeul,https://www.tayara.tn/item/voitures/nabeul/nabeul/cupra-formentor-20-l/69c708a218988b5c4782e9ef/
,,2024,gasoline,36000,manual,75cv,1199,compact,new,standard,,,used,55000,2026-03,,,1199,36000,2,18000,normal,,Vender,Tunis,https://www.tayara.tn/item/voitures/tunis/bab-souika/vender/69c707362e8a8ef704424d0e/
,,2011,gasoline,,automatic,7cv,1600,compact,new,standard,,,used,628500,2026-03,,,1600,,15,,,,Mégane3 7CV essence 1.6,Nabeul,https://www.tayara.tn/item/voitures/nabeul/nabeul/mgane3-7cv-essence-16/69c6fd6c297292420c542b1b/
mercedes,c180,2013,gasoline,103000,automatic,09cv,1600,sedan,new,standard,5 seats,,used,18051000,2026-03,5,,1600,103000,13,7923,low,mercedes c180,mercedes c180,Ariana,https://www.tayara.tn/item/voitures/ariana/les-jardins-el-menzah-2/mercedes-c180/69c6f88b297292420c54293e/
bmw,série f20 diesel,2013,diesel,,manual,4cv,1600,compact,new,standard,5 seats,,used,44000,2026-03,5,,1600,,13,,,bmw série f20,Bmw série 1 f20 diesel,Mahdia,https://www.tayara.tn/item/voitures/mahdia/chebba/bmw-srie-1-f20-diesel/69c6f51f18988b5c4782e158/
citroen,berlingo france,2022,gasoline,165450,manual,5cv,1500,utility,new,standard,3 seats,,used,41000,2026-03,3,,1500,165450,4,41362,high,citroen berlingo france,Citroen berlingo France,Tataouine,https://www.tayara.tn/item/voitures/tataouine/tataouine-nord/citroen-berlingo-france/69c6f29f18988b5c4782e014/
ford,96380135,2018,diesel,,automatic,,1800,sedan,new,standard,,,used,33000,2026-03,,,1800,,8,,,ford 96380135,Ford 96380135,Bizerte,https://www.tayara.tn/item/voitures/bizerte/menzel-jemil/ford-96380135/69c6e382a9d4f62ad67eb009/
mercedes,benz c180,2009,gasoline,17000,automatic,6cv,1600,sedan,new,standard,,2 doors,used,328900,2026-03,,2,1600,17000,17,1000,low,mercedes benz c180,Mercedes benz c180,Sfax,https://www.tayara.tn/item/voitures/sfax/route-mehdia/mercedes-benz-c180/69c6e36b2e8a8ef704423c4a/
,,2014,gasoline,,manual,6cv,2000,coupe,new,standard,5 seats,4 doors,used,25000,2026-03,5,4,2000,,12,,,,Deux hiaces,Tunis,https://www.tayara.tn/item/voitures/tunis/tunis/deux-hiaces/69c6e339a9d4f62ad67eafe3/
audi,a5 vendre,2020,gasoline,,automatic,,,,new,standard,,,used,,2026-03,,,,,6,,,audi a5 vendre,Audi A5 à vendre,Tunis,https://www.tayara.tn/item/voitures/tunis/jardins-de-carthage/audi-a5-vendre/69c6e19aa9d4f62ad67eaf44/
fiat,fiorino 1.3 multijet,2015,gasoline,107000,automatic,,1300,utility,new,standard,,,used,33000,2026-03,,,1300,107000,11,9727,low,fiat fiorino 1.3,Fiat Fiorino 1.3 Multijet,Bizerte,https://www.tayara.tn/item/voitures/bizerte/menzel-bourguiba/fiat-fiorino-13-multijet/69c6dece2e8a8ef7044239cb/
citroën,berlingo,2022,diesel,,manual,,1600,,new,standard,5 seats,,used,,2026-03,5,,1600,,4,,,citroën berlingo,Citroën berlingo,Sfax,https://www.tayara.tn/item/voitures/sfax/autres-villes/citron-berlingo/69c6d5932e8a8ef7044232f2/
,,2018,gasoline,57000,automatic,4cv,1200,coupe,new,standard,,,used,44000,2026-03,,,1200,57000,8,7125,low,,clio 4 primaire,La Manouba,https://www.tayara.tn/item/voitures/la-manouba/mornaguia/clio-4-primaire/69c6d1f12e8a8ef704423009/
peugeot,partner k9,2021,electric,,automatic,,,,new,standard,,,used,29500,2026-03,,,,,5,,,peugeot partner k9,peugeot partner K9,Monastir,https://www.tayara.tn/item/voitures/monastir/ksar-hellal/peugeot-partner-k9/69c6cdd118988b5c4782c9ac/
kia,sportage 1.6 t-gdi,2025,gasoline,,automatic,8cv,1600,suv,new,standard,5 seats,5 doors,used,160,2026-03,5,5,1600,,1,,,kia sportage 1.6,Kia Sportage 5   1.6 T-GDI 215 HEV   26000kilomètre Bakou 3morha 6 mois,Tunis,https://www.tayara.tn/item/voitures/tunis/tunis/kia-sportage-5-16-tgdi-215-hev-26000kilomtre-bakou-3morha-6-mois/69c6cbed2e8a8ef704422bba/
,,1994,gasoline,,manual,,1200,sedan,new,standard,,2 doors,used,111500,2026-03,,2,1200,,32,,,,Twingo 1,Tunis,https://www.tayara.tn/item/voitures/tunis/tunis/twingo-1/69c6cb0218988b5c4782c7b2/
mercedes,e180,2015,gasoline,,automatic,,2000,,new,standard,,5 doors,used,18054000,2026-03,,5,2000,,11,,,mercedes e180,Mercedes E180,Sfax,https://www.tayara.tn/item/voitures/sfax/autres-villes/mercedes-e180/69c6caec18988b5c4782c7a9/
,,2025,gasoline,12000,manual,4cv,1400,sedan,new,standard,5 seats,,used,82000,2026-03,5,,1400,12000,1,12000,normal,,i20 origine 4cv4cyl année 2025tel23414111,Mahdia,https://www.tayara.tn/item/voitures/mahdia/chorbane/i20-origine-4cv4cyl-anne-2025tel23414111/69c6ca5e18988b5c4782c77b/
seat,leon kit fr,2021,gasoline,497000,automatic,8cv,1400,compact,new,standard,,,used,74000,2026-03,,,1400,497000,5,99400,high,seat leon kit,seat Leon kit FR,Ben Arous,https://www.tayara.tn/item/voitures/ben-arous/ben-arous/seat-leon-kit-fr/69c6c9a718988b5c4782c740/
cupra,hybride,2022,gasoline,000,automatic,8cv,1400,compact,new,standard,,,used,79000,2026-03,,,1400,0,4,0,low,cupra hybride,Leon cupra hybride,Ben Arous,https://www.tayara.tn/item/voitures/ben-arous/ben-arous/leon-cupra-hybride/69c6c6e818988b5c4782c598/
,,2015,gasoline,000,automatic,,1200,compact,new,standard,,,used,744500,2026-03,,,1200,0,11,0,low,,golf 7,Monastir,https://www.tayara.tn/item/voitures/monastir/bekalta/golf-7/69c6c67818988b5c4782c54e/
bmw,série pack,2016,gasoline,,manual,5cv,1500,,new,standard,7 seats,,used,62000,2026-03,7,,1500,,10,,,bmw série pack,BMW Série 1 Pack M 116D,Ariana,https://www.tayara.tn/item/voitures/ariana/riadh-andalous/-bmw-srie-1-pack-m-116d/69c6c62f18988b5c4782c518/
,,2015,gasoline,,automatic,9cv,1400,,new,standard,7 seats,,used,65000,2026-03,7,,1400,,11,,,,𝙏𝙄𝙂𝙐𝘼𝙉 𝙍-𝙇𝙄𝙉𝙀,Ariana,https://www.tayara.tn/item/voitures/ariana/riadh-andalous/-/69c6c4e42e8a8ef7044227d6/
citroen,c4,2013,gasoline,184000,manual,6cv,1400,,new,standard,5 seats,,used,429500,2026-03,5,,1400,184000,13,14154,normal,citroen c4,citroen-c4,Ariana,https://www.tayara.tn/item/voitures/ariana/riadh-andalous/-citroenc4/69c6c3912e8a8ef7044226f5/
",,2010,gasoline,103000,automatic,11cv,2000,,new,standard,5 seats,5 doors,used,20053000,2026-03,5,5,2000,103000,16,6438,low,,""𝙈𝙀𝙍𝘾𝙀𝘿𝙀𝙎-𝘽𝙀𝙉𝙕 𝘾𝙇𝘼𝙎𝙎𝙀 "
"     𝙀 200"",Ariana,https://www.tayara.tn/item/voitures/ariana/riadh-andalous/-200/69c6c2bc18988b5c4782c2f8/"
bmw,série e90,2011,gasoline,68,automatic,8cv,2000,,new,standard,5 seats,,used,27000,2026-03,5,,2000,68,15,5,low,bmw série e90,BMW Série 3 E90,Ariana,https://www.tayara.tn/item/voitures/ariana/riadh-andalous/-bmw-srie-3-e90/69c6c15f18988b5c4782c1f2/
volkswagen,passat b8 1.6,2011,gasoline,68,automatic,5cv,1600,,new,standard,5 seats,,used,27000,2026-03,5,,1600,68,15,5,low,volkswagen passat b8,Volkswagen Passat B8 1.6 TDI BlueMotion,Ariana,https://www.tayara.tn/item/voitures/ariana/riadh-andalous/volkswagen-passat-b8-16-tdi-bluemotion/69c6c0a718988b5c4782c187/
dacia,,2019,diesel,,automatic,,1500,utility,new,standard,,,used,28000,2026-03,,,1500,,7,,,dacia,dacia,Sfax,https://www.tayara.tn/item/voitures/sfax/route-el-ain/dacia/69c6bfe318988b5c4782c11b/
",,2010,gasoline,68,automatic,12cv,1800,,new,standard,5 seats,,used,27000,2026-03,5,,1800,68,16,4,low,,""𝙈𝙀𝙍𝘾𝙀𝘿𝙀𝙎-𝘽𝙀𝙉𝙕 𝘾𝙇𝘼𝙎𝙎𝙀 "
"      𝙀 250 COUPE"",Ariana,https://www.tayara.tn/item/voitures/ariana/riadh-andalous/-250-coupe/69c6bf0718988b5c4782c07b/"
,,2014,gasoline,68,automatic,8cv,1600,,new,standard,5 seats,,used,27000,2026-03,5,,1600,68,12,6,low,,𝙈𝙀𝙍𝘾𝙀𝘿𝙀𝙎-𝘽𝙀𝙉𝙕 CLA 200,Ariana,https://www.tayara.tn/item/voitures/ariana/riadh-andalous/-cla-200/69c6be5165cc569015ff738a/
,,2011,gasoline,,automatic,,1600,sedan,new,standard,,,used,,2026-03,,,1600,,15,,,,jetta 1 ère main,Sfax,https://www.tayara.tn/item/voitures/sfax/sfax/jetta-1-re-main/69c6bb6274a4b5012e29df9e/
kia,picanto,2019,gasoline,79000,manual,4cv,1200,sedan,new,standard,5 seats,,used,38500,2026-03,5,,1200,79000,7,11286,normal,kia picanto,kia picanto,Ben Arous,https://www.tayara.tn/item/voitures/ben-arous/hammam-chott/kia-picanto/69c6ba332e8a8ef7044220c9/
,,2015,gasoline,128000,automatic,,2000,sedan,new,standard,,,used,18067000,2026-03,,,2000,128000,11,11636,normal,,A vendre CLA 180,Tunis,https://www.tayara.tn/item/voitures/tunis/tunis/a-vendre-cla-180/69c6b9bf18988b5c4782bd2d/
peugeot,bipper places,2013,gasoline,,manual,,1400,compact,new,standard,5 seats,,used,29500,2026-03,5,,1400,,13,,,peugeot bipper places,à vendre voiture Peugeot bipper 5 places,Mahdia,https://www.tayara.tn/item/voitures/mahdia/mahdia/-vendre-voiture-peugeot-bipper-5-places/69c6b78718988b5c4782bbb4/
peugeot,rouge 106,,gasoline,,manual,,4000,,new,standard,,,used,10610999,2026-03,,,4000,,,,,peugeot rouge 106,peugeot rouge 106,La Manouba,https://www.tayara.tn/item/voitures/la-manouba/denden/peugeot-rouge-106/69c6b7482e8a8ef704421ee3/
,,2014,diesel,,automatic,,1600,sedan,new,standard,9 seats,,used,41500,2026-03,9,,1600,,12,,,,Golf7 tdi bleu motion,Nabeul,https://www.tayara.tn/item/voitures/nabeul/nabeul/golf7-tdi-bleu-motion/69c6b2a22e8a8ef704421b58/
kia,sportage gtline toutes,2018,gasoline,82000,manual,125cv,1600,,new,standard,,,used,73900,2026-03,,,1600,82000,8,10250,normal,kia sportage gtline,kia Sportage GTLine toutes options,Tunis,https://www.tayara.tn/item/voitures/tunis/carthage/kia-sportage-gtline-toutes-options/69c6ae2e2e8a8ef7044217c4/
seat,ibiza 2018 menzel,2018,gasoline,,manual,4cv,1000,compact,new,standard,,,used,35000,2026-03,,,1000,,8,,,seat ibiza 2018,Seat Ibiza 2018 Menzel Temime,Nabeul,https://www.tayara.tn/item/voitures/nabeul/menzel-temime/seat-ibiza-2018-menzel-temime/69c6adbc2e8a8ef70442177e/
,,2022,gasoline,,automatic,,1000,compact,new,standard,,,used,83000,2026-03,,,1000,,4,,,,Golf 8 active,Ben Arous,https://www.tayara.tn/item/voitures/ben-arous/el-mourouj-6/golf-8-active/69c6acca18988b5c4782b30f/
fiat,tipo,2018,gasoline,70000,manual,6cv,1400,sedan,new,standard,,,used,49000,2026-03,,,1400,70000,8,8750,low,fiat tipo,Fiat Tipo,Tunis,https://www.tayara.tn/item/voitures/tunis/tunis/fiat-tipo/69c6ac302e8a8ef704421638/
bmw,320i g20,2022,gasoline,700,automatic,9cv,1600,sedan,new,standard,,,used,117,2026-03,,,1600,700,4,175,low,bmw 320i g20,BMW 320i G20,Tunis,https://www.tayara.tn/item/voitures/tunis/jardins-de-carthage/bmw-320i-g20/69c6a9c518988b5c4782b078/
toyota,corolla 2021,2021,gasoline,,automatic,,1200,compact,new,standard,,,used,02159499,2026-03,,,1200,,5,,,toyota corolla 2021,Toyota Corolla 2021,Ariana,https://www.tayara.tn/item/voitures/ariana/les-jardins-el-menzah-2/toyota-corolla-2021/69c6a9312e8a8ef7044213f9/
,,2001,gasoline,,manual,,1200,compact,new,standard,,,used,1111111,2026-03,,,1200,,25,,,,سيارة نظيفة,Mahdia,https://www.tayara.tn/item/voitures/mahdia/mahdia/-/69c6a84a18988b5c4782af7d/
,,2021,gasoline,,automatic,9cv,1500,suv,new,standard,,,used,457000,2026-03,,,1500,,5,,,,Vends tiggo 4,Mdenine,https://www.tayara.tn/item/voitures/mdenine/djerba-midoun/vends-tiggo-4/69c6a79018988b5c4782aef0/
opel,astra,2006,diesel,,manual,,1700,compact,new,standard,,,used,13000,2026-03,,,1700,,20,,,opel astra,opel astra g,Ben Arous,https://www.tayara.tn/item/voitures/ben-arous/mornag/opel-astra-g/69c6a78e18988b5c4782aeee/
citroen,jumpy vendre,2010,diesel,,manual,,2000,pickup,new,standard,3 seats,,used,28000,2026-03,3,,2000,,16,,,citroen jumpy vendre,Citroen Jumpy à vendre,Sfax,https://www.tayara.tn/item/voitures/sfax/sfax-mdina/citroen-jumpy-vendre/69c6a4582e8a8ef70442107f/
chery,,2019,gasoline,,automatic,,1000,,new,standard,,,used,201955,2026-03,,,1000,,7,,,chery,voiture Chery,Sfax,https://www.tayara.tn/item/voitures/sfax/sakiet-ezzit/voiture-chery/69c69dc32e8a8ef704420d08/
mercedes,c180,2016,gasoline,2016,automatic,125cv,1800,sedan,new,standard,,,used,18084000,2026-03,,,1800,2016,10,202,low,mercedes c180,Mercedes C180,Tunis,https://www.tayara.tn/item/voitures/tunis/jardins-de-carthage/mercedes-c180/69c69c4a4a94dd8021df45ea/
peugeot,308,2020,diesel,145,automatic,,1500,utility,new,standard,,,used,,2026-03,,,1500,145,6,24,low,peugeot 308,voiture Peugeot 308,Ben Arous,https://www.tayara.tn/item/voitures/ben-arous/mohamedia/voiture-peugeot-308/69c69abc4a94dd8021df4544/
bmw,e90 vendre,2005,gasoline,184000,automatic,5cv,,,new,standard,5 seats,,used,32000,2026-03,5,,,184000,21,8762,low,bmw e90 vendre,Une bmw e90 à vendre,Ariana,https://www.tayara.tn/item/voitures/ariana/la-soukra/une-bmw-e90-vendre/69c698312e8a8ef704420a10/
mercedes,,2006,gasoline,70000,automatic,10cv,1800,sedan,new,standard,,,used,46699,2026-03,,,1800,70000,20,3500,low,mercedes,Mercedes,Tunis,https://www.tayara.tn/item/voitures/tunis/tunis/mercedes/69c698222e8a8ef704420a09/
,,,diesel,,manual,,,,new,standard,,,used,212000,2026-03,,,,,,,,,Golf 2,La Manouba,https://www.tayara.tn/item/voitures/la-manouba/douar-hicher/golf-2/69c696614a94dd8021df42f0/
volkswagen,golf vendre,2000,gasoline,000,manual,5cv,1400,compact,new,standard,,,used,25000,2026-03,,,1400,0,26,0,low,volkswagen golf vendre,Volkswagen Golf 4 à vendre  Bon état général,Sfax,https://www.tayara.tn/item/voitures/sfax/route-soukra/-volkswagen-golf-4-vendre-bon-tat-gnral/69c695a04a94dd8021df4296/
,,2023,gasoline,,manual,,1200,compact,new,standard,,,used,838,2026-03,,,1200,,3,,,,mahindra k8,Sfax,https://www.tayara.tn/item/voitures/sfax/sfax/mahindra-k8/69c6959d4a94dd8021df4292/
opel,astra,2009,gasoline,68,automatic,4cv,,sedan,new,standard,5 seats,,used,27000,2026-03,5,,,68,17,4,low,opel astra,Opel Astra,Ariana,https://www.tayara.tn/item/voitures/ariana/ariana/opel-astra/69c6952518988b5c4782a507/
,,2023,gasoline,000,automatic,10cv,1500,,new,standard,,,used,46699,2026-03,,,1500,0,3,0,low,,Vente,Tunis,https://www.tayara.tn/item/voitures/tunis/tunis/vente/69c691d918988b5c4782a2e9/
,,2004,gasoline,,,,,,new,standard,,,used,419000,2026-03,,,,,22,,,,Golf 4,Kasserine,https://www.tayara.tn/item/voitures/kasserine/kasserine/golf-4/69c68fae2e8a8ef7044204c7/
mercedes,benz c180,2016,diesel,43000,automatic,,3000,sedan,new,standard,,4 doors,used,80120000,2026-03,,4,3000,43000,10,4300,low,mercedes benz c180,Vente Mercedes BENZ C180,Ariana,https://www.tayara.tn/item/voitures/ariana/mnihla/vente-mercedes-benz-c180/69c68d732e8a8ef7044202c8/
kia,rio,2020,gasoline,,manual,,,,new,standard,,,used,,2026-03,,,,,6,,,kia rio,kia rio,Tunis,https://www.tayara.tn/item/voitures/tunis/autres-villes/kia-rio/69c68b592e8a8ef70442015a/
ford,fusion,2016,gasoline,70000,automatic,,1500,sedan,new,standard,,,used,51000,2026-03,,,1500,70000,10,7000,low,ford fusion,A vendre Ford Fusion,Tunis,https://www.tayara.tn/item/voitures/tunis/tunis/a-vendre-ford-fusion/69c68b2e18988b5c47829d5e/
,,2009,gasoline,157000,manual,,1400,,new,standard,,,used,19800,2026-03,,,1400,157000,17,9235,low,,C3 A VENDRE,Gabs,https://www.tayara.tn/item/voitures/gabs/gabs/c3-a-vendre/69c6899918988b5c47829bde/
peugeot,208,2022,gasoline,70000,manual,10cv,1200,sedan,new,standard,,,used,46699,2026-03,,,1200,70000,4,17500,normal,peugeot 208,Peugeot 208,Tunis,https://www.tayara.tn/item/voitures/tunis/carthage/peugeot-208/69c686de18988b5c478299ac/
,,2007,gasoline,,manual,,4000,,new,standard,,,used,19800,2026-03,,,4000,,19,,,,C3  ESSENCE TTE OPTION,Gabs,https://www.tayara.tn/item/voitures/gabs/gabs/c3-essence-tte-option/69c685282e8a8ef70441fc9b/
peugeot,208,2015,gasoline,,manual,,,hatchback,new,standard,,,used,20819999,2026-03,,,,,11,,,peugeot 208,A VENDRE PEUGEOT 208,Tunis,https://www.tayara.tn/item/voitures/tunis/lac-2/a-vendre-peugeot-208/69c67d3518988b5c478292e8/
nissan,micra,2018,gasoline,,manual,5cv,1200,compact,new,standard,5 seats,,used,34000,2026-03,5,,1200,,8,,,nissan micra,Nissan Micra,Sfax,https://www.tayara.tn/item/voitures/sfax/sfax/nissan-micra/69c67b382e8a8ef70441f517/
,,2023,gasoline,24000,automatic,,1200,coupe,new,standard,,,used,46000,2026-03,,,1200,24000,3,8000,low,,A ne pas rater,Tunis,https://www.tayara.tn/item/voitures/tunis/la-marsa/a-ne-pas-rater/69c677da2e8a8ef70441f2d9/
mercedes,c180,2016,gasoline,1700000,automatic,,1600,sedan,new,standard,,,used,18084000,2026-03,,,1600,1700000,10,170000,high,mercedes c180,Mercedes C180,Sfax,https://www.tayara.tn/item/voitures/sfax/sfax/mercedes-c180/69c677d82e8a8ef70441f2d5/
haval,h6,2020,gasoline,97000,automatic,9cv,1500,,new,standard,,4 doors,used,669000,2026-03,,4,1500,97000,6,16167,normal,haval h6,HAVAL H6,Ben Arous,https://www.tayara.tn/item/voitures/ben-arous/medina-jedida/haval-h6/69c677ba2e8a8ef70441f2c4/
audi,a8 d4,2014,gasoline,,automatic,,3000,sedan,,standard,,,used,4100000,2026-03,,,3000,,12,,,audi a8 d4,Audi A8 D4,Nabeul,https://www.tayara.tn/item/voitures/nabeul/hammamet-nord/audi-a8-d4/69c6755518988b5c47828dd6/
mercedes,,1994,diesel,,automatic,,2500,,new,standard,,,used,38000,2026-03,,,2500,,32,,,mercedes,Très belle mercedes,Nabeul,https://www.tayara.tn/item/voitures/nabeul/hammamet/trs-belle-mercedes/69c673032e8a8ef70441f006/
kia,rio 1ère main,2021,gasoline,,automatic,,1200,,new,standard,,,used,50000,2026-03,,,1200,,5,,,kia rio 1ère,Kia Rio 1ère main,Nabeul,https://www.tayara.tn/item/voitures/nabeul/dar-chabane-el-fehri/kia-rio-1re-main/69c66e1d2e8a8ef70441ecdc/
,,2020,gasoline,87000,manual,5cv,3000,coupe,new,standard,,2 doors,used,328900,2026-03,,2,3000,87000,6,14500,normal,,voiture à vendre,Sfax,https://www.tayara.tn/item/voitures/sfax/sfax/voiture-vendre/69c66d4b2e8a8ef70441ec4f/
nissan,,2017,gasoline,87000,automatic,5cv,1600,sedan,new,standard,,2 doors,used,328900,2026-03,,2,1600,87000,9,9667,low,nissan,nissan,Sfax,https://www.tayara.tn/item/voitures/sfax/route-manzel-chaker/nissan/69c66d432e8a8ef70441ec44/
,,2021,gasoline,87000,manual,5cv,1000,coupe,new,standard,,2 doors,used,328900,2026-03,,2,1000,87000,5,17400,normal,,t-cross r-line,Sfax,https://www.tayara.tn/item/voitures/sfax/route-sokra/tcross-rline/69c66ab318988b5c47828705/
kia,picanto boîte auto,2022,gasoline,87000,automatic,5cv,1000,sedan,new,standard,,2 doors,used,328900,2026-03,,2,1000,87000,4,21750,high,kia picanto boîte,kia picanto boîte auto,Sfax,https://www.tayara.tn/item/voitures/sfax/route-sokra/kia-picanto-bote-auto/69c669d92e8a8ef70441e9db/
,,2021,gasoline,87000,manual,5cv,1000,coupe,new,standard,,2 doors,used,328900,2026-03,,2,1000,87000,5,17400,normal,,golf 8 29773463,Sfax,https://www.tayara.tn/item/voitures/sfax/route-sokra/golf-8-29773463/69c669912e8a8ef70441e99c/
kia,rio,2021,gasoline,87000,manual,5cv,1200,coupe,new,standard,,2 doors,used,328900,2026-03,,2,1200,87000,5,17400,normal,kia rio,kia rio,Sfax,https://www.tayara.tn/item/voitures/sfax/route-sokra/kia-rio/69c669072e8a8ef70441e931/
,,2013,gasoline,87000,automatic,5cv,1800,sedan,new,standard,,2 doors,used,328900,2026-03,,2,1800,87000,13,6692,low,,E200,Sfax,https://www.tayara.tn/item/voitures/sfax/route-sokra/e200/69c668ed2e8a8ef70441e91c/
fiat,fiorino 1ere main,2018,gasoline,,manual,7cv,1300,utility,new,standard,4 seats,,used,38500,2026-03,4,,1300,,8,,,fiat fiorino 1ere,Fiat fiorino 1ere main,Sousse,https://www.tayara.tn/item/voitures/sousse/m-saken/fiat-fiorino-1ere-main/69c667ea18988b5c478284db/
dacia,dokker,2018,diesel,,manual,,1500,utility,new,standard,2 seats,,used,26000,2026-03,2,,1500,,8,,,dacia dokker,Dacia Dokker,La Manouba,https://www.tayara.tn/item/voitures/la-manouba/djedeida/dacia-dokker/69c6675618988b5c47828465/
kia,rio praimier main,2013,gasoline,,manual,,2600,,new,standard,,,used,1234,2026-03,,,2600,,13,,,kia rio praimier,kia rio praimier main toute obession,Sousse,https://www.tayara.tn/item/voitures/sousse/sousse-riadh/kia-rio-praimier-main-toute-obession/69c6664618988b5c47828382/
,,2020,gasoline,123000,manual,5cv,,,new,standard,2 seats,,used,941000,2026-03,2,,,123000,6,20500,high,,AVENDRE PARTNER K9,Tunis,https://www.tayara.tn/item/voitures/tunis/tunis/avendre-partner-k9/69c6655518988b5c478282ce/
,,2017,gasoline,60000,manual,7cv,1500,hatchback,new,standard,,,used,338000,2026-03,,,1500,60000,9,6667,low,,Baic kenbo s3,Sfax,https://www.tayara.tn/item/voitures/sfax/route-tunis/baic-kenbo-s3/69c6607d18988b5c47827f18/
peugeot,405 diesel,1991,diesel,,automatic,,1600,compact,new,standard,,,used,19015,2026-03,,,1600,,35,,,peugeot 405 diesel,Peugeot 405 Diesel,Le Kef,https://www.tayara.tn/item/voitures/le-kef/le-kef/peugeot-405-diesel/69c65eea2e8a8ef70441e174/
,,2019,gasoline,,manual,,2500,,new,standard,,,used,70000,2026-03,,,2500,,7,,,,isuzu,Sfax,https://www.tayara.tn/item/voitures/sfax/kerkennah/isuzu/69c65c9c18988b5c47827c09/
,,2011,diesel,,automatic,6cv,1600,sedan,new,standard,,,used,1111111,2026-03,,,1600,,15,,,,a vendre c5 ehdi,Sousse,https://www.tayara.tn/item/voitures/sousse/sahloul/a-vendre-c5-ehdi/69c65c302e8a8ef70441df70/
fiat,tipo annee 2020,2020,gasoline,184000,manual,5cv,3000,sedan,new,standard,5 seats,,used,02032000,2026-03,5,,3000,184000,6,30667,high,fiat tipo annee,FIAT TIPO ANNEE 2020,Ariana,https://www.tayara.tn/item/voitures/ariana/ariana/fiat-tipo-annee-2020/69c659582e8a8ef70441dd52/
,,2008,diesel,,automatic,,1200,,new,standard,,,used,29500,2026-03,,,1200,,18,,,,Jetta 3,Monastir,https://www.tayara.tn/item/voitures/monastir/moknine/jetta-3/69c6589918988b5c478278b6/
opel,corsa,1997,gasoline,,automatic,8cv,1200,compact,new,standard,,,used,100000,2026-03,,,1200,,29,,,opel corsa,Opel corsa,Nabeul,https://www.tayara.tn/item/voitures/nabeul/nabeul/opel-corsa/69c658312e8a8ef70441dc51/
,,2021,gasoline,,automatic,,2000,,new,standard,,,used,38000,2026-03,,,2000,,5,,,,tiggo2,Nabeul,https://www.tayara.tn/item/voitures/nabeul/bni-khalled/tiggo2/69c6542b18988b5c4782755d/
,,2010,diesel,,manual,,,,new,standard,,,used,22000,2026-03,,,,,16,,,,Clio3 Deux pot,Sousse,https://www.tayara.tn/item/voitures/sousse/sousse/clio3-deux-pot/69c6538b2e8a8ef70441d912/
,,2012,gasoline,000,automatic,9cv,1800,coupe,new,standard,,,used,49000,2026-03,,,1800,0,14,0,low,,A vendre ou Échange C coupé,Tunis,https://www.tayara.tn/item/voitures/tunis/l-aouina/a-vendre-ou-change-c-coup/69c64f1a2e8a8ef70441d5b0/
,,2002,gasoline,100000,manual,4cv,3000,utility,new,standard,,,used,201020,2026-03,,,3000,100000,24,4167,low,,Clio,Tunis,https://www.tayara.tn/item/voitures/tunis/ettahrir/clio/69c64f1018988b5c47827181/
