brand;model;year;fuel;mileage_km;transmission;fiscal_power;engine_cc ;body_style;car_condition;trim_level;seats;doors;condition;price;recorded_at
renault;clio 2;2000;gasoline;unknown;manual;4CV;1200;hatchback;good;standard;5 seats;4 doors;used;18000;2026-03
renault;clio 2;1999;gasoline;unknown;manual;4CV;1200;hatchback;good;standard;5 seats;4 doors;used;16000;2026-03
renault;clio 2;2006;gasoline;unknown;manual;4CV;1200;sedan;good;standard;5 seats;4 doors;used;22000;2026-03
renault;clio 3;2010;gasoline;unknown;manual;5CV;1200;hatchback;good;standard;5 seats;4 doors;used;22000;2026-03
renault;clio 1;1996;gasoline;unknown;manual;4CV;1200;hatchback;good;standard;5 seats;4 doors;used;11000;2026-03
renault;clio 2;2003;gasoline;unknown;manual;5CV;1200;sedan;good;standard;5 seats;4 doors;used;20000;2026-03
renault;clio 2;2000;gasoline;unknown;manual;4CV;1200;hatchback;good;standard;5 seats;4 doors;used;19000;2026-03
renault;clio 3;2012;gasoline;unknown;manual;5CV;1200;hatchback;good;standard;5 seats;4 doors;used;29000;2026-03
renault;clio 4;2014;gasoline;unknown;manual;5CV;1200;hatchback;good;standard;5 seats;4 doors;used;35000;2026-03
renault;clio 2;2002;diesel;unknown;manual;5CV;1500;hatchback;good;standard;5 seats;4 doors;used;16000;2026-03
renault;clio 3;2009;diesel;unknown;manual;5CV;1500;hatchback;good;standard;5 seats;4 doors;used;18000;2026-03
renault;clio 4;2019;diesel;150000;manual;5CV;1500;hatchback;good;standard;5 seats;4 doors;used;40000;2026-03
renault;clio 3;2009;diesel;unknown;manual;5CV;1500;wagon;good;standard;5 seats;4 doors;used;18000;2026-03
renault;clio 2;2004;diesel;unknown;manual;5CV;1500;hatchback;good;standard;5 seats;4 doors;used;15000;2026-03
renault;clio 4;2018;gasoline;117000;manual;5CV;1200;hatchback;good;standard;5 seats;4 doors;used;35000;2026-03
renault;clio 5;2022;gasoline;110000;manual;5CV;1000;hatchback;good;standard;5 seats;4 doors;used;34000;2026-03
renault;clio compus;2008;gasoline;150000;manual;5CV;1200;hatchback;good;standard;5 seats;4 doors;used;27000;2026-03
renault;clio compus;2009;gasoline;378000;manual;5CV;1200;hatchback;good;standard;5 seats;4 doors;used;23000;2026-03
renault;clio 4;2021;gasoline;43000;manual;4CV;1000;hatchback;good;standard;5 seats;4 doors;used;43000;2026-03
renault;clio 4;2021;gasoline;117000;manual;5CV;1200;hatchback;good;standard;5 seats;4 doors;used;44000;2026-03
renault;clio 2;2008;gasoline;182000;manual;5CV;1200;sedan;good;standard;5 seats;4 doors;used;24000;2026-03
renault;clio 4;2016;gasoline;189000;manual;5CV;1000;hatchback;good;standard;5 seats;4 doors;used;34000;2026-03
renault;clio 4;2022;gasoline;200000;manual;5CV;1000;hatchback;good;standard;5 seats;4 doors;used;35000;2026-03
renault;clio 2;2004;gasoline;225000;manual;5CV;1200;sedan;good;standard;5 seats;4 doors;used;21000;2026-03
renault;clio 4;2019;gasoline;120000;manual;5CV;1200;hatchback;good;standard;5 seats;4 doors;used;35000;2026-03
renault;clio 4;2020;gasoline;155000;manual;5CV;1200;hatchback;good;standard;5 seats;4 doors;used;38000;2026-03
renault;clio 2;2004;gasoline;240000;manual;5CV;1200;sedan;good;standard;5 seats;4 doors;used;20000;2026-03
renault;clio 5;2022;gasoline;39000;manual;5CV;1000;hatchback;good;standard;5 seats;4 doors;used;51000;2026-03
renault;clio 4;2019;gasoline;160000;manual;5CV;1000;hatchback;good;standard;5 seats;4 doors;used;39000;2026-03
renault;clio 2;1998;gasoline;unknown;manual;4CV;1200;hatchback;good;standard;5 seats;4 doors;used;14000;2026-03
renault;clio 4;2021;gasoline;160000;manual;5CV;1200;hatchback;good;standard;5 seats;4 doors;used;35000;2026-03
renault;clio 5;2023;gasoline;130000;manual;5CV;1000;hatchback;good;standard;5 seats;4 doors;used;39000;2026-03
renault;clio 5;2022;gasoline;145000;manual;5CV;1000;hatchback;good;standard;5 seats;4 doors;used;41000;2026-03
renault;clio 2;2007;gasoline;220000;manual;5CV;1200;sedan;good;standard;5 seats;4 doors;used;20000;2026-03
renault;clio 4;2016;gasoline;190000;manual;5CV;1000;hatchback;good;standard;5 seats;4 doors;used;34000;2026-03
renault;clio 4;2017;gasoline;150000;manual;5CV;1200;hatchback;good;standard;5 seats;4 doors;used;37000;2026-03
renault;clio 1 ;1994;gasoline;unknown;manual;4CV;1200;hatchback;good;standard;5 seats;4 doors;used;10000;2026-03
renault;clio 4;2016;diesel;180000;manual;5CV;1500;hatchback;good;standard;5 seats;4 doors;used;40000;2026-03
renault;clio 5;2022;gasoline;95000;manual;5CV;1000;hatchback;good;standard;5 seats;4 doors;used;46000;2026-03
renault;clio 4;2014;gasoline;200000;manual;5CV;1000;hatchback;good;standard;5 seats;4 doors;used;30000;2026-03
renault;clio 2;1999;gasoline;350000;manual;4CV;1200;hatchback;good;standard;5 seats;4 doors;used;16000;2026-03
renault;clio 4;2013;gasoline;220000;manual;5CV;1200;hatchback;good;standard;5 seats;4 doors;used;31000;2026-03
renault;clio 3;2011;gasoline;135000;manual;5CV;1200;hatchback;good;standard;5 seats;4 doors;used;32000;2026-03
renault;clio compus;2009;gasoline;255000;manual;5CV;1200;hatchback;good;standard;5 seats;4 doors;used;22000;2026-03
renault;clio 1;1997;gasoline;380000;manual;4CV;1200;hatchback;good;standard;5 seats;4 doors;used;7500;2026-03
renault;clio 2;2000;gasoline;250000;manual;4CV;1200;hatchback;good;standard;5 seats;4 doors;used;18000;2026-03
renault;clio 4;2013;gasoline;160000;manual;5CV;1200;hatchback;good;standard;5 seats;4 doors;used;35000;2026-03
renault;clio 5;2020;gasoline;100000;manual;5CV;1000;hatchback;good;standard;5 seats;4 doors;used;47000;2026-03
renault;clio 5;2022;gasoline;115000;manual;5CV;1000;hatchback;good;standard;5 seats;4 doors;used;38000;2026-03
renault;symbol 1;2010;gasoline;220000;manual;5CV;1200;sedan;good;standard;5 seats;4 doors;used;23000;2026-03
renault;symbol 1;2009;gasoline;140000;manual;5CV;1200;sedan;good;standard;5 seats;4 doors;used;28000;2026-03
renault;symbol 1;2012;gasoline;300000;manual;5CV;1200;sedan;good;standard;5 seats;4 doors;used;27000;2026-03
renault;symbol 2;2013;gasoline;125000;manual;5CV;1200;sedan;good;standard;5 seats;4 doors;used;27000;2026-03
renault;symbol 1;2010;gasoline;255000;manual;5CV;1200;sedan;good;standard;5 seats;4 doors;used;25000;2026-03
renault;symbol 1;2010;gasoline;unknown;manual;5CV;1200;sedan;good;standard;5 seats;4 doors;used;19000;2026-03
renault;symbol 1;2010;gasoline;400000;manual;5CV;1200;sedan;good;standard;5 seats;4 doors;used;20000;2026-03
renault;symbol 1;2009;gasoline;336000;manual;5CV;1200;sedan;good;standard;5 seats;4 doors;used;27000;2026-03
renault;symbol 2;2017;gasoline;120000;manual;5CV;1200;sedan;good;standard;5 seats;4 doors;used;35000;2026-03
renault;symbol 1;2009;gasoline;275000;manual;5CV;1200;sedan;good;standard;5 seats;4 doors;used;22000;2026-03
renault;symbol 2;2021;gasoline;130000;manual;5CV;1000;sedan;good;standard;5 seats;4 doors;used;41000;2026-03
renault;symbol 2;2022;gasoline;unknown;manual;5CV;1000;sedan;good;standard;5 seats;4 doors;used;37000;2026-03
renault;symbol 2;2014;gasoline;370000;manual;5CV;1200;sedan;good;standard;5 seats;4 doors;used;28000;2026-03
renault;symbol 1;2012;gasoline;340000;manual;5CV;1200;sedan;good;standard;5 seats;4 doors;used;23000;2026-03
renault;symbol 2;2016;gasoline;250000;manual;5CV;1200;sedan;good;standard;5 seats;4 doors;used;25000;2026-03
renault;symbol 2;2016;gasoline;115000;manual;5CV;1200;sedan;good;standard;5 seats;4 doors;used;33000;2026-03
renault;symbol 1;2010;gasoline;210000;manual;5CV;1200;sedan;good;standard;5 seats;4 doors;used;24000;2026-03
renault;kwid;2023;gasoline;unknown;manual;4CV;1000;crossover;good;standard;5 seats;4 doors;used;25000;2026-03
renault;modus;2008;gasoline;unknown;manual;5CV;1200;hatchback;good;standard;5 seats;4 doors;used;15000;2026-03
renault;clio 3;2009;gasoline;unknown;manual;5CV;1200;wagon;good;standard;5 seats;4 doors;used;18000;2026-03
renault;captur;2014;gasoline;unknown;manual;5CV;1200;crossover;good;standard;5 seats;4 doors;used;32000;2026-03
renault;megane 2;2004;diesel;unknown;manual;5CV;1500;hatchback;good;standard;5 seats;4 doors;used;16000;2026-03
renault;megane 3;2015;diesel;289000;manual;5CV;1600;hatchback;good;standard;5 seats;4 doors;used;30000;2026-03
renault;megane 2;2008;gasoline;300000;manual;7CV;1600;sedan;good;standard;5 seats;4 doors;used;15000;2026-03
renault;megane 2;2004;diesel;400000;manual;5CV;1500;hatchback;good;standard;5 seats;4 doors;used;16000;2026-03
renault;megane 2;2006;gasoline;230000;manual;6CV;1400;hatchback;good;standard;5 seats;4 doors;used;24000;2026-03
renault;megane 3;2009;diesel;250000;manual;5CV;1500;hatchback;good;standard;5 seats;4 doors;used;27000;2026-03
renault;megane 3;2012;gasoline;200000;manual;6CV;1400;hatchback;good;standard;5 seats;4 doors;used;33000;2026-03
renault;megane 4;2020;gasoline;105000;manual;7CV;1200;hatchback;good;standard;5 seats;4 doors;used;45000;2026-03
renault;megane 4;2019;gasoline;125000;manual;7CV;1200;sedan;good;standard;5 seats;4 doors;used;49000;2026-03
renault;megane 3;2012;diesel;unknown;manual;5CV;1500;hatchback;good;standard;5 seats;4 doors;used;34000;2026-03
renault;megane 2;2003;gasoline;370000;manual;7CV;1600;hatchback;good;standard;5 seats;4 doors;used;15000;2026-03
renault;megane 2;2006;diesel;400000;manual;5CV;1500;hatchback;good;standard;5 seats;4 doors;used;16000;2026-03
renault;megane 3;2010;diesel;200000;manual;5CV;1500;hatchback;good;standard;5 seats;4 doors;used;28000;2026-03
renault;megane 2;2009;diesel;200000;manual;5CV;1500;sedan;good;standard;5 seats;4 doors;used;20000;2026-03
renault;megane 4;2021;gasoline;145000;manual;7CV;1200;sedan;good;standard;5 seats;4 doors;used;46000;2026-03
renault;megane 4;2017;diesel;250000;manual;5CV;1500;hatchback;good;standard;5 seats;4 doors;used;41000;2026-03
renault;megane 3;2012;diesel;240000;manual;5CV;1500;hatchback;good;standard;5 seats;4 doors;used;33000;2026-03
renault;megane 4;2019;gasoline;58000;manual;7CV;1200;sedan;good;standard;5 seats;4 doors;used;50000;2026-03
renault;megane 1;1999;gasoline;unknown;manual;4CV;unknown;hatchback;good;standard;5 seats;4 doors;used;14000;2026-03
renault;scenic;2006;diesel;unknown;automatic;5CV;unknown;mpv;good;standard;5 seats;4 doors;used;17000;2026-03
renault;megane 2;2004;gasoline;unknown;manual;7CV;1600;hatchback;good;standard;5 seats;4 doors;used;18000;2026-03
renault;megane 4;2021;gasoline;56000;automatic;7CV;1200;hatchback;good;standard;5 seats;4 doors;used;53000;2026-03
renault;megane 3;2010;diesel;unknown;manual;6CV;1500;hatchback;good;standard;5 seats;4 doors;used;28000;2026-03
renault;megane 3 ;2005;diesel;unknown;manual;7CV;1900;wagon;good;standard;5 seats;4 doors;used;18000;2026-03
renault;megane 1;1997;diesel;unknown;manual;7CV;1900;hatchback;good;standard;5 seats;4 doors;used;12000;2026-03
renault;megane 2;2006;diesel;unknown;manual;5CV;1500;hatchback;good;standard;5 seats;4 doors;used;20000;2026-03
renault;kwid;2026;gasoline;0;manual;4CV;1000;crossover;good;standard;5 seats;4 doors;new;30000;2026-03
renault;clio 5;2026;gasoline;0;manual;5CV;1000;hatchback;good;standard;5 seats;4 doors;new;67000;2026-03
renault;clio 5;2026;gasoline;0;automatic;6CV;1000;hatchback;good;standard;5 seats;4 doors;new;82400;2026-03
renault;megane 4;2026;gasoline;0;manual;7CV;1300;hatchback;good;standard;5 seats;4 doors;new;95000;2026-03
renault;megane 4;2026;gasoline;0;manual;7CV;1300;sedan;good;standard;5 seats;4 doors;new;100000;2026-03
renault;austral;2026;gasoline;0;automatic;8CV;1300;suv 4x2;good;standard;5 seats;4 doors;new;135000;2026-03
renault;express;2026;diesel;0;manual;5CV;1500;light commercial;good;standard;5 seats;4 doors;new;60000;2026-03
renault;express combi;2026;diesel;0;manual;5CV;1500;mpv;good;standard;5 seats;4 doors;new;88000;2026-03
renault;master;2026;diesel;0;manual;8CV;2300;heavy commercial;good;standard;5 seats;4 doors;new;84000;2026-03
renault;clio 5;2022;hybrid;35000;automatic;5CV;1500;hatchback;good;standard;5 seats;4 doors;used;57000;2026-03
renault;captur;2017;diesel;230000;manual;5CV;1500;crossover;good;standard;5 seats;4 doors;used;42000;2026-03
renault;captur;2018;diesel;177000;manual;5CV;1500;crossover;good;standard;5 seats;4 doors;used;37000;2026-03
renault;kwid;2022;gasoline;29000;manual;4CV;1000;crossover;good;standard;5 seats;4 doors;used;34000;2026-03
renault;kwid;2022;gasoline;64000;manual;4CV;1000;crossover;good;standard;5 seats;4 doors;used;33000;2026-03
renault;fluence;2011;diesel;335000;manual;5CV;1500;sedan;good;standard;5 seats;4 doors;used;25000;2026-03
renault;kadjar;2019;gasoline;280000;manual;7CV;1400;crossover;good;standard;5 seats;4 doors;used;37000;2026-03
renault;kwid;2023;gasoline;31000;manual;4CV;1000;crossover;good;standard;5 seats;4 doors;used;33000;2026-03
renault;express;2024;diesel;60000;manual;5CV;1500;light commercial;good;standard;5 seats;4 doors;used;40000;2026-03
renault;megane 4;2019;diesel;150000;manual;5CV;1500;hatchback;good;standard;5 seats;4 doors;used;43000;2026-03
renault;fluence;2012;gasoline;215000;automatic;7CV;1400;sedan;good;standard;5 seats;4 doors;used;22000;2026-03
renault;megane 3;2009;diesel;320000;manual;5CV;1500;hatchback;good;standard;5 seats;4 doors;used;26000;2026-03
renault;master ;2015;diesel;260000;manual;8CV;unknown;heavy commercial;good;standard;5 seats;4 doors;used;33000;2026-03
renault;r19;1992;diesel;unknown;manual;6CV;unknown;sedan;good;standard;5 seats;4 doors;used;9000;2026-03
renault;fluence;2014;gasoline;105000;manual;7CV;1500;sedan;good;standard;5 seats;4 doors;used;36000;2026-03
renault;captur;2016;gasoline;212000;automatic;5CV;1200;crossover;good;standard;5 seats;4 doors;used;37000;2026-03
renault;kadjar;2015;diesel;150000;manual;5CV;1500;suv 4x2;good;standard;5 seats;4 doors;used;53000;2026-03
renault;captur;2017;gasoline;87000;automatic;6CV;1200;crossover;good;standard;5 seats;4 doors;used;45000;2026-03
renault;laguna 2;2006;diesel;400000;manual;7CV;1900;sedan;good;standard;5 seats;4 doors;used;12000;2026-03
renault;master;2014;diesel;260000;manual;8CV;2300;heavy commercial;good;standard;5 seats;4 doors;used;40000;2026-03
renault;express;2025;diesel;20000;manual;5CV;1500;light commercial;good;standard;5 seats;4 doors;used;48000;2026-03
renault;clio 3;2012;diesel;201000;manual;5CV;1500;wagon;good;standard;5 seats;4 doors;used;27000;2026-03
renault;captur;2020;hybrid;12000;automatic;6CV;1600;crossover;good;standard;5 seats;4 doors;used;70000;2026-03
renault;kadjar;2018;gasoline;130000;automatic;7CV;1300;suv 4x2;good;standard;5 seats;4 doors;used;53000;2026-03
renault;megane 4;2021;diesel;202000;manual;5CV;1500;hatchback;good;standard;5 seats;4 doors;used;50000;2026-03
renault;trafic;1997;diesel;unknown;manual;unknown;unknown;heavy commercial;good;standard;5 seats;4 doors;used;5000;2026-03
renault;express;2024;diesel;11000;manual;5CV;1500;light commercial;good;standard;5 seats;4 doors;used;53000;2026-03
renault;express;1995;diesel;unknown;manual;7CV;1900;light commercial;good;standard;5 seats;4 doors;used;4500;2026-03
renault;kadjar;2018;gasoline;145000;manual;7CV;1400;suv 4x2;good;standard;5 seats;4 doors;used;50000;2026-03
renault;kangoo;2001;diesel;unknown;manual;7CV;1900;light commercial;good;standard;5 seats;4 doors;used;10000;2026-03
renault;kangoo;2020;diesel;unknown;manual;6CV;1500;mpv;good;standard;5 seats;4 doors;used;63000;2026-03
renault;r19;1999;gasoline;unknown;manual;6CV;1400;sedan;good;standard;5 seats;4 doors;used;10000;2026-03
renault;r19;1990;gasoline;unknown;manual;5CV;1400;sedan;good;standard;5 seats;4 doors;used;8000;2026-03
renault;trafic;2021;diesel;170000;manual;8CV;2000;heavy commercial;good;standard;5 seats;4 doors;used;50000;2026-03
renault;super 5;1996;gasoline;unknown;manual;4CV;1100;hatchback;good;standard;5 seats;4 doors;used;5000;2026-03
renault;megane 4;2021;diesel;140000;manual;6CV;1600;hatchback;good;standard;5 seats;4 doors;used;58000;2026-03
renault;captur;2020;gasoline;25000;manual;5CV;1000;hatchback;good;standard;5 seats;4 doors;used;57000;2026-03
renault;megane 2;2006;diesel;328000;manual;5CV;1500;hatchback;good;standard;5 seats;4 doors;used;24000;2026-03
renault;kadjar;2020;gasoline;190000;manual;6CV;1600;suv 4x2;good;standard;5 seats;4 doors;used;60000;2026-03
renault;r9;1985;gasoline;unknown;manual;7CV;1600;sedan;good;standard;5 seats;4 doors;used;8000;2026-03
renault;captur;2015;gasoline;187000;manual;6CV;1000;crossover;good;standard;5 seats;4 doors;used;35000;2026-03
renault;trafic;2001;diesel;unknown;manual;7CV;1400;heavy commercial;good;standard;5 seats;4 doors;used;10000;2026-03
renault;trafic;2004;diesel;350000;manual;8CV;2000;heavy commercial;good;standard;5 seats;4 doors;used;13000;2026-03
renault;super 5;1990;gasoline;unknown;manual;4CV;1000;hatchback;good;standard;5 seats;4 doors;used;7000;2026-03
renault;fluence;2012;gasoline;180000;automatic;7CV;1600;sedan;good;standard;5 seats;4 doors;used;22000;2026-03
renault;megane 4;2019;diesel;265000;automatic;5CV;1600;hatchback;good;standard;5 seats;4 doors;used;47000;2026-03
renault;express;1988;gasoline;unknown;manual;6CV;1600;light commercial;good;standard;5 seats;4 doors;used;6000;2026-03
renault;scenic;2005;diesel;unknown;manual;6CV;1500;mpv;good;standard;5 seats;4 doors;used;20000;2026-03
renault;r21;1988;diesel;unknown;manual;6CV;1500;wagon;good;standard;5 seats;4 doors;used;9000;2026-03
renault;laguna 3;2010;gasoline;130000;manual;7CV;1600;sedan;good;standard;5 seats;4 doors;used;30000;2026-03
renault;clio 5;2021;diesel;95000;manual;4CV;1500;hatchback;good;standard;5 seats;4 doors;used;50000;2026-03
renault;captur;2017;diesel;200000;manual;5CV;1500;crossover;good;standard;5 seats;4 doors;used;43000;2026-03
renault;230;1990;diesel;unknown;automatic;unknown;unknown;heavy commercial;good;standard;5 seats;4 doors;used;45000;2026-03
renault;kangoo;2019;gasoline;230000;manual;7CV;1200;light commercial;good;standard;5 seats;4 doors;used;28000;2026-03
renault;trafic;2019;diesel;116000;manual;7CV;1900;heavy commercial;good;standard;5 seats;4 doors;used;65000;2026-03
renault;trafic;2017;diesel;360000;automatic;7CV;2000;heavy commercial;good;standard;5 seats;4 doors;used;33000;2026-03
renault;r4;1972;gasoline;unknown;manual;5CV;1000;hatchback;good;standard;5 seats;4 doors;used;6000;2026-03
renault;express;1999;diesel;unknown;manual;7CV;1900;light commercial;good;standard;5 seats;4 doors;used;7000;2026-03
renault;fluence;2012;gasoline;287000;manual;7CV;1600;sedan;good;standard;5 seats;4 doors;used;24000;2026-03
renault;r4;1970;gasoline;unknown;manual;5CV;1000;hatchback;good;standard;5 seats;4 doors;used;6000;2026-03
renault;express;1993;gasoline;unknown;manual;7CV;1600;light commercial;good;standard;5 seats;4 doors;used;8000;2026-03
renault;r21;1995;gasoline;unknown;manual;7CV;1600;sedan;good;standard;5 seats;4 doors;used;6000;2026-03
renault;express;1994;gasoline;unknown;manual;7CV;1900;light commercial;good;standard;5 seats;4 doors;used;5500;2026-03
renault;express;1998;gasoline;unknown;manual;7CV;1900;light commercial;good;standard;5 seats;4 doors;used;7000;2026-03
renault;r4;1988;gasoline;unknown;manual;5CV;1000;light commercial;good;standard;5 seats;4 doors;used;5000;2026-03
renault;kangoo;2001;diesel;unknown;manual;7CV;1900;light commercial;good;standard;5 seats;4 doors;used;12000;2026-03
renault;kangoo;2006;gasoline;unknown;manual;6CV;1600;light commercial;good;standard;5 seats;4 doors;used;16000;2026-03
renault;kangoo;2010;diesel;unknown;manual;5CV;1500;light commercial;good;standard;5 seats;4 doors;used;20000;2026-03
renault;kangoo;2008;diesel;unknown;manual;7CV;1900;mpv;good;standard;5 seats;4 doors;used;16000;2026-03
renault;scenic;2008;diesel;unknown;manual;unknown;unknown;mpv;good;standard;5 seats;4 doors;used;24000;2026-03
renault;clio 1;1993;gasoline;unknown;manual;4CV;1000;hatchback;good;standard;5 seats;4 doors;used;8000;2026-03
renault;super 5;1990;gasoline;unknown;manual;4CV;1000;hatchback;good;standard;5 seats;4 doors;used;4000;2026-03
renault;master;2005;diesel;unknown;manual;unknown;unknown;heavy commercial;good;standard;5 seats;4 doors;used;30000;2026-03
renault;laguna;2000;gasoline;unknown;manual;unknown;unknown;wagon;good;standard;5 seats;4 doors;used;15000;2026-03
renault;trafic;2006;diesel;unknown;manual;8CV;2000;heavy commercial;good;standard;5 seats;4 doors;used;17000;2026-03
renault;trafic;2010;diesel;unknown;manual;8CV;2000;heavy commercial;good;standard;5 seats;4 doors;used;20000;2026-03
renault;express;2000;diesel;unknown;manual;unknown;unknown;light commercial;good;standard;5 seats;4 doors;used;9000;2026-03
renault;r9;1994;gasoline;unknown;manual;unknown;unknown;sedan;good;standard;5 seats;4 doors;used;5000;2026-03
renault;kangoo;1998;gasoline;220000;manual;7CV;1600;mpv;good;standard;5 seats;4 doors;used;20000;2026-03
renault;twingo;2001;gasoline;unknown;manual;5CV;1200;hatchback;good;standard;5 seats;4 doors;used;10000;2026-03
renault;kangoo;2004;gasoline;210000;manual;5CV;1200;mpv;good;standard;5 seats;4 doors;used;25000;2026-03
renault;express;2022;diesel;60000;manual;6CV;1500;light commercial;good;standard;5 seats;4 doors;used;48000;2026-03
renault;laguna;2000;gasoline;unknown;manual;unknown;unknown;sedan;good;standard;5 seats;4 doors;used;20000;2026-03
renault;r5;1986;gasoline;unknown;manual;4CV;1000;hatchback;good;standard;5 seats;4 doors;used;5000;2026-03
renault;trafic;2022;diesel;60000;manual;8CV;2000;heavy commercial;good;standard;5 seats;4 doors;used;67000;2026-03
renault;super 5;1994;gasoline;unknown;manual;4CV;1000;hatchback;good;standard;5 seats;4 doors;used;3500;2026-03
renault;r4;1988;gasoline;unknown;manual;4CV;1000;hatchback;good;standard;5 seats;4 doors;used;3000;2026-03
renault;kangoo;2004;diesel;unknown;manual;5CV;1500;light commercial;good;standard;5 seats;4 doors;used;12000;2026-03
renault;scenic;2004;gasoline;unknown;manual;7CV;1600;mpv;good;standard;5 seats;4 doors;used;18000;2026-03
renault;kangoo;2022;diesel;94000;manual;5CV;1500;light commercial;good;standard;5 seats;4 doors;used;56000;2026-03
renault;kangoo;2000;diesel;unknown;manual;unknown;unknown;light commercial;good;standard;5 seats;4 doors;used;13000;2026-03
renault;kangoo;2006;diesel;unknown;manual;7CV;1900;light commercial;good;standard;5 seats;4 doors;used;15000;2026-03
renault;kangoo;2004;diesel;unknown;manual;7CV;1900;light commercial;good;standard;5 seats;4 doors;used;16000;2026-03
renault;scenic 3;2015;diesel;unknown;manual;5CV;1500;mpv;good;standard;5 seats;4 doors;used;23000;2026-03
renault;scenic 2;2008;diesel;270000;manual;7CV;2000;mpv;good;standard;5 seats;4 doors;used;24000;2026-03
renault;scenic 3;2015;diesel;235000;manual;5CV;1500;mpv;good;standard;5 seats;4 doors;used;36000;2026-03
renault;scenic 3;2009;diesel;200000;manual;6CV;1500;mpv;good;standard;5 seats;4 doors;used;32000;2026-03
renault;megane 4;2021;diesel;126000;manual;6CV;1500;hatchback;good;standard;5 seats;4 doors;used;55000;2026-03
renault;megane 4;2020;diesel;unknown;manual;5CV;1500;hatchback;good;standard;5 seats;4 doors;used;53000;2026-03
renault;espace;2009;diesel;unknown;manual;7CV;2000;mpv;good;standard;5 seats;4 doors;used;27000;2026-03
renault;trafic;2018;diesel;270000;manual;7CV;2000;mpv;good;standard;5 seats;4 doors;used;45000;2026-03
volkswagen;polo 8;2026;gasoline;0;manual;5CV;1000;hatchback;good;standard;5 seats;4 doors;new;86000;2026-03
volkswagen;polo 8;2022;gasoline;140000;manual;5CV;1000;hatchback;good;standard;5 seats;4 doors;used;45000;2026-03
volkswagen;polo 7;2010;gasoline;270000;manual;4CV;1000;hatchback;good;standard;5 seats;4 doors;used;25000;2026-03
volkswagen;polo 6;2008;gasoline;344000;manual;5CV;1200;hatchback;good;standard;5 seats;4 doors;used;21000;2026-03
volkswagen;polo 7;2010;gasoline;210000;manual;5CV;1200;hatchback;good;standard;5 seats;4 doors;used;25000;2026-03
volkswagen;polo;2022;gasoline;127000;manual;5CV;1400;sedan;good;standard;5 seats;4 doors;used;39000;2026-03
volkswagen;polo 8;2021;gasoline;124000;manual;4CV;1000;hatchback;good;standard;5 seats;4 doors;used;39000;2026-03
volkswagen;polo;2018;gasoline;217000;manual;5CV;1400;sedan;good;standard;5 seats;4 doors;used;36000;2026-03
volkswagen;polo 8;2020;gasoline;92000;manual;4CV;1000;hatchback;good;standard;5 seats;4 doors;used;48000;2026-03
volkswagen;polo 7;2010;gasoline;215000;manual;5CV;1200;hatchback;good;standard;5 seats;4 doors;used;29000;2026-03
volkswagen;polo 8;2022;gasoline;130000;manual;4CV;1000;hatchback;good;r line;5 seats;4 doors;used;53000;2026-03
volkswagen;polo 6;2008;gasoline;200000;manual;4CV ;1000;hatchback;good;standard;5 seats;4 doors;used;23000;2026-03
volkswagen;polo;2022;gasoline;80000;manual;5CV;1400;sedan;good;standard;5 seats;4 doors;used;50000;2026-03
volkswagen;polo 8 ;2020;gasoline;95000;manual;4CV;1000;hatchback;good;standard;5 seats;4 doors;used;51000;2026-03
volkswagen;polo 6;2007;gasoline;170000;manual;4CV;1200;hatchback;good;standard;5 seats;4 doors;used;24000;2026-03
volkswagen;polo 7;2013;gasoline;195000;automatic;5CV;1400;hatchback;good;standard;5 seats;4 doors;used;28000;2026-03
volkswagen;polo;2019;gasoline;226000;manual;5CV;1400;sedan;good;standard;5 seats;4 doors;used;38000;2026-03
volkswagen;polo 7;2013;gasoline;198000;automatic;5CV;1400;hatchback;good;standard;5 seats;4 doors;used;30000;2026-03
volkswagen;polo;2002;diesel;unknown;manual;5CV;1400;sedan;good;standard;5 seats;4 doors;used;10000;2026-03
volkswagen;polo 7;2010;gasoline;270000;manual;5CV;1200;hatchback;good;standard;5 seats;4 doors;used;25000;2026-03
volkswagen;polo 4;2000;gasoline;unknown;manual;4CV;1000;hatchback;good;standard;5 seats;4 doors;used;14000;2026-03
volkswagen;polo;2023;gasoline;140000;manual;5CV;1200;sedan;good;standard;5 seats;4 doors;used;41000;2026-03
volkswagen;polo 6;2007;diesel;unknown;manual;5CV;1400;hatchback;good;standard;5 seats;4 doors;used;16000;2026-03
volkswagen;polo 6;2009;diesel;unknown;manual;5CV;1400;hatchback;good;standard;5 seats;4 doors;used;17000;2026-03
volkswagen;polo 3;1997;gasoline;unknown;manual;4CV;1000;hatchback;good;standard;5 seats;4 doors;used;11000;2026-03
volkswagen;polo 3;1999;gasoline;unknown;manual;4CV;1000;hatchback;good;standard;5 seats;4 doors;used;12000;2026-03
volkswagen;polo 4;2000;gasoline;unknown;manual;4CV;1000;hatchback;good;standard;5 seats;4 doors;used;12000;2026-03
volkswagen;polo;2016;gasoline;223000;manual;5CV;1400;sedan;good;standard;5 seats;4 doors;used;34000;2026-03
volkswagen;polo 8;2022;gasoline;130000;manual;4CV;1000;hatchback;good;r line;5 seats;4 doors;used;56000;2026-03
volkswagen;polo 5;2003;gasoline;unknown;manual;4CV;1200;hatchback;good;standard;5 seats;4 doors;used;13500;2026-03
volkswagen;polo 4;2000;gasoline;unknown;manual;4CV;1000;hatchback;good;standard;5 seats;4 doors;used;12000;2026-03
volkswagen;polo 7;2011;diesel;unknown;manual;5CV;1400;hatchback;good;standard;5 seats;4 doors;used;19000;2026-03
volkswagen;polo ;2016;gasoline;170000;manual;5CV;1400;sedan;good;standard;5 seats;4 doors;used;35000;2026-03
volkswagen;polo ;2022;gasoline;110000;manual;5CV;1400;sedan;good;standard;5 seats;4 doors;used;45500;2026-03
volkswagen;polo;2021;gasoline;225000;manual;5CV;1400;sedan;good;standard;5 seats;4 doors;used;42000;2026-03
volkswagen;polo 7;2012;gasoline;213000;manual;5CV;1200;hatchback;good;standard;5 seats;4 doors;used;28000;2026-03
volkswagen;polo 7;2011;gasoline;158000;manual;4CV;1000;hatchback;good;standard;5 seats;4 doors;used;30000;2026-03
volkswagen;polo 7;2014;gasoline;250000;manual;5CV;1200;hatchback;good;standard;5 seats;4 doors;used;25000;2026-03
volkswagen;polo;2017;gasoline;270000;manual;5CV;1400;sedan;good;standard;5 seats;4 doors;used;31000;2026-03
volkswagen;polo ;2023;gasoline;95000;manual;5CV;1400;sedan;good;standard;5 seats;4 doors;used;47000;2026-03
volkswagen;polo 7;2016;gasoline;215000;manual;4CV;1000;hatchback;good;standard;5 seats;4 doors;used;33000;2026-03
volkswagen;polo 8;2021;gasoline;70000;manual;4CV;1000;hatchback;good;standard;5 seats;4 doors;used;50000;2026-03
volkswagen;polo 6;2006;gasoline;280000;manual;4CV;1000;hatchback;good;standard;5 seats;4 doors;used;22000;2026-03
volkswagen;polo 8;2020;gasoline;180000;manual;4CV;1000;hatchback;good;standard;5 seats;4 doors;used;35000;2026-03
volkswagen;polo 7;2015;gasoline;160000;manual;5CV;1400;hatchback;good;standard;5 seats;4 doors;used;35000;2026-03
volkswagen;polo 5;2005;gasoline;228000;manual;5CV;1200;hatchback;good;standard;5 seats;4 doors;used;19000;2026-03
volkswagen;polo 8;2018;gasoline;142000;manual;4CV;1000;hatchback;good;standard;5 seats;4 doors;used;41000;2026-03
volkswagen;polo 6;2010;diesel;unknown;manual;5CV;1400;hatchback;good;standard;5 seats;4 doors;used;17000;2026-03
volkswagen;polo 8;2020;gasoline;160000;manual;4CV;1000;hatchback;good;standard;5 seats;4 doors;used;44000;2026-03
volkswagen;polo;2013;gasoline;110000;manual;5CV;1400;sedan;good;standard;5 seats;4 doors;used;32000;2026-03
volkswagen;polo 8;2021;gasoline;109000;manual;4CV;1000;hatchback;good;standard;5 seats;4 doors;used;44000;2026-03
volkswagen;polo;2013;gasoline;200000;manual;5CV;1400;sedan;good;standard;5 seats;4 doors;used;29000;2026-03
volkswagen;polo 4;2000;gasoline;280000;manual;5CV;1400;sedan;good;standard;5 seats;4 doors;used;14000;2026-03
volkswagen;polo 8;2018;gasoline;250000;manual;4CV;1000;hatchback;good;standard;5 seats;4 doors;used;34000;2026-03
volkswagen;polo 5;2003;gasoline;unknown;manual;5CV;1200;hatchback;good;standard;5 seats;4 doors;used;17000;2026-03
volkswagen;polo 6;2007;diesel;unknown;manual;5CV;1400;hatchback;good;standard;5 seats;4 doors;used;15000;2026-03
volkswagen;polo 6;2008;gasoline;150000;manual;4CV;1000;hatchback;good;standard;5 seats;4 doors;used;23000;2026-03
volkswagen;polo 5;2007;gasoline;unknown;manual;5CV;1200;hatchback;good;standard;5 seats;4 doors;used;17000;2026-03
volkswagen;polo ;2000;diesel;unknown;manual;5CV;1400;sedan;good;standard;5 seats;4 doors;used;10000;2026-03
volkswagen;polo fox ;1992;gasoline;unknown;manual;6CV;1300;hatchback;good;standard;5 seats;4 doors;used;5000;2026-03
volkswagen;polo 8;2021;gasoline;40000;manual;4CV;1000;hatchback;good;r line;5 seats;4 doors;used;65000;2026-03
volkswagen;polo 8;2019;gasoline;120000;manual;4CV;1000;hatchback;good;standard;5 seats;4 doors;used;44000;2026-03
volkswagen;polo 8;2023;gasoline;134000;manual;4CV;1000;hatchback;good;standard;5 seats;4 doors;used;60000;2026-03
volkswagen;polo 8;2020;gasoline;156000;manual;4CV;1000;hatchback;good;standard;5 seats;4 doors;used;41000;2026-03
volkswagen;polo fox ;1995;gasoline;unknown;manual;5CV;1000;hatchback;good;standard;5 seats;4 doors;used;7000;2026-03
volkswagen;polo 4;2000;gasoline;320000;manual;5CV;1400;hatchback;good;standard;5 seats;4 doors;used;14000;2026-03
volkswagen;polo 8;2020;gasoline;95000;manual;4CV;1000;hatchback;good;standard;5 seats;4 doors;used;52000;2026-03
volkswagen;polo 3;1997;gasoline;unknown;manual;4CV;1000;hatchback;good;standard;5 seats;4 doors;used;11000;2026-03
volkswagen;virtus;2026;gasoline;0;manual;6CV;1000;sedan;good;standard;5 seats;4 doors;new;68000;2026-03
volkswagen;virtus;2026;gasoline;0;manual;7CV;1000;sedan;good;standard;5 seats;4 doors;new;78000;2026-03
volkswagen;virtus;2023;gasoline;94000;manual;6CV;1000;sedan;good;standard;5 seats;4 doors;used;52000;2026-03
volkswagen;t-cross;2026;gasoline;0;manual;6CV;1000;crossover;good;standard;5 seats;4 doors;new;75000;2026-03
volkswagen;t-cross;2026;gasoline;0;automatic;7CV;1000;crossover;good;standard;5 seats;4 doors;new;89000;2026-03
volkswagen;t-cross;2022;gasoline;unknown;manual;6CV;1000;crossover;good;standard;5 seats;4 doors;used;70000;2026-03
volkswagen;t-cross;2021;gasoline;82000;automatic;5CV;1000;crossover;good;standard;5 seats;4 doors;used;80000;2026-03
volkswagen;t-cross;2023;gasoline;55000;manual;6CV;1000;crossover;good;standard;5 seats;4 doors;used;62000;2026-03
volkswagen;t-cross;2024;gasoline;79000;manual;6CV;1000;crossover;good;standard;5 seats;4 doors;used;72000;2026-03
volkswagen;t-cross;2022;gasoline;39000;manual;6CV;1000;crossover;good;standard;5 seats;4 doors;used;70000;2026-03
volkswagen;t-cross;2021;gasoline;62000;manual;6CV;1000;crossover;good;standard;5 seats;4 doors;used;75000;2026-03
volkswagen;t-cross;2024;gasoline;50000;automatic;7CV;1000;crossover;good;standard;5 seats;4 doors;used;72000;2026-03
volkswagen;t-cross;2024;gasoline;16000;manual;6CV;1000;crossover;good;standard;5 seats;4 doors;used;73000;2026-03
volkswagen;t-cross;2020;gasoline;100000;manual;6CV;1000;crossover;good;standard;5 seats;4 doors;used;58000;2026-03
volkswagen;t-roc;2021;gasoline;111000;manual;6CV;1000;crossover;good;standard;5 seats;4 doors;used;70500;2026-03
volkswagen;t-roc;2023;gasoline;95000;manual;6CV;1000;crossover;good;standard;5 seats;4 doors;used;80000;2026-03
volkswagen;t-roc;2021;gasoline;40000;manual;6CV;1000;crossover;good;standard;5 seats;4 doors;used;78000;2026-03
volkswagen;t-roc;2020;gasoline;120000;manual;6CV;1000;crossover;good;standard;5 seats;4 doors;used;71000;2026-03
volkswagen;t-roc;2020;diesel;unknown;manual;5CV;1600;crossover;good;standard;5 seats;4 doors;used;80000;2026-03
volkswagen;t-roc;2020;gasoline;115000;manual;6CV;1000;crossover;good;standard;5 seats;4 doors;used;71000;2026-03
volkswagen;t-roc;2019;gasoline;100000;manual;7CV;1000;crossover;good;standard;5 seats;4 doors;used;80000;2026-02
volkswagen;t-roc;2021;gasoline;22500;manual;6CV;1000;crossover;good;standard;5 seats;4 doors;used;81000;2026-01
volkswagen;t-roc;2023;gasoline;48000;manual;6CV;1000;crossover;good;standard;5 seats;4 doors;used;90000;2026-01
volkswagen;tiguan;2026;gasoline;0;automatic;8CV;1400;suv 4x2;good;standard;5 seats;4 doors;new;155000;2026-03
volkswagen;tiguan;2026;gasoline;0;automatic;8CV;1400;suv 4x2;good;r line;5 seats;4 doors;new;197000;2026-03
volkswagen;tiguan;2021;hybrid;98000;automatic;8CV;1400;suv 4x2;good;r line;5 seats;4 doors;used;115000;2026-03
volkswagen;tiguan;2010;diesel;317000;automatic;9CV;2000;suv 4x4;good;standard;5 seats;4 doors;used;54000;2026-03
volkswagen;tiguan;2018;gasoline;194000;automatic;8CV;1500;suv 4x2;good;r line;5 seats;4 doors;used;90000;2026-03
volkswagen;tiguan;2019;gasoline;78000;automatic;8CV;1400;suv 4x2;good;r line;5 seats;4 doors;used;97000;2026-03
volkswagen;tiguan;2011;gasoline;198000;manual;11CV;2000;suv 4x4;good;standard;5 seats;4 doors;used;35000;2026-03
volkswagen;tiguan;2014;gasoline;220000;automatic;9CV;1400;suv 4x2;good;standard;5 seats;4 doors;used;55000;2026-03
volkswagen;tiguan;2018;gasoline;104000;automatic;6CV;1400;suv 4x2;good;standard;5 seats;4 doors;used;93000;2026-03
volkswagen;tiguan;2018;gasoline;130000;automatic;6CV;1400;suv 4x2;good;standard;5 seats;4 doors;used;100000;2026-03
volkswagen;tiguan;2020;diesel;134000;manual;8CV;2000;suv 4x4;good;standard;5 seats;4 doors;used;81000;2026-03
volkswagen;tiguan;2010;diesel;280000;manual;8CV;2000;suv 4x2;good;r line;5 seats;4 doors;used;39000;2026-02
volkswagen;tiguan;2012;diesel;195000;manual;8CV;2000;suv 4x2;good;standard;5 seats;4 doors;used;63000;2026-02
volkswagen;tiguan;2018;diesel;132000;automatic;8CV;2000;suv 4x2;good;standard;5 seats;4 doors;used;94000;2026-02
volkswagen;tiguan;2016;diesel;310000;automatic;8CV;2000;suv 4x4;good;standard;5 seats;4 doors;used;70000;2026-02
volkswagen;tiguan;2021;hybrid;51000;automatic;8CV;1400;suv 4x2;good;standard;5 seats;4 doors;used;108000;2026-02
volkswagen;tiguan;2009;gasoline;260000;manual;9CV;1600;suv 4x2;good;standard;5 seats;4 doors;used;40000;2026-01
volkswagen;tiguan;2010;gasoline;291000;automatic;13CV;2000;suv 4x4;good;standard;5 seats;4 doors;used;42000;2026-01
volkswagen;tiguan;2018;gasoline;220000;automatic;8CV;1400;suv 4x4;good;standard;5 seats;4 doors;used;65000;2026-01
volkswagen;tiguan;2011;diesel;258000;manual;8CV;2000;suv 4x4;good;standard;5 seats;4 doors;used;44000;2026-01
volkswagen;tiguan;2010;gasoline;184000;manual;12CV;2000;suv 4x2;good;standard;5 seats;4 doors;used;38000;2026-01
volkswagen;tiguan;2010;gasoline;158000;manual;11CV;2000;suv 4x2;good;standard;5 seats;4 doors;used;41000;2026-01
volkswagen;tiguan;2020;gasoline;138000;automatic;8CV;1400;suv 4x2;good;r line;5 seats;4 doors;used;94000;2026-01
volkswagen;tiguan;2014;diesel;14400;manual;8CV;2000;suv 4x2;good;standard;5 seats;4 doors;used;74000;2026-01
volkswagen;tiguan;2018;gasoline;235000;automatic;8CV;1400;suv 4x2;good;standard;5 seats;4 doors;used;73000;2026-01
volkswagen;tiguan;2018;diesel;190000;automatic;8CV;2000;suv 4x4;good;standard;5 seats;4 doors;used;79000;2026-01
volkswagen;tiguan;2021;gasoline;80000;automatic;8CV;1500;suv 4x2;good;standard;5 seats;4 doors;used;119000;2026-01
volkswagen;tiguan;2013;gasoline;176000;manual;11CV;2000;suv 4x2;good;standard;5 seats;4 doors;used;51000;2026-01
volkswagen;tiguan;2010;gasoline;200000;manual;11CV;2000;suv 4x2;good;standard;5 seats;4 doors;used;40000;2026-01
volkswagen;tiguan;2023;gasoline;unknown;automatic;8CV;1400;suv 4x2;good;r line;5 seats;4 doors;used;135000;2026-03
volkswagen;tiguan;2009;diesel;328000;automatic;10CV;2000;suv 4x4;good;standard;5 seats;4 doors;used;44000;2026-02
volkswagen;tiguan;2016;gasoline;182000;automatic;8CV;1400;suv 4x2;good;standard;5 seats;4 doors;used;64000;2026-03
volkswagen;tiguan;2015;diesel;147000;automatic;10CV;2000;suv 4x4;good;standard;5 seats;4 doors;used;56000;2026-03
volkswagen;tiguan;2016;diesel;174000;manual;6CV;2000;suv 4x2;good;standard;5 seats;4 doors;used;72000;2026-03
volkswagen;tiguan;2020;gasoline;110000;automatic;8CV;1500;suv 4x2;good;standard;5 seats;4 doors;used;84000;2026-03
volkswagen;tiguan;2023;hybrid;130000;automatic;8CV;1400;suv 4x2;good;standard;5 seats;4 doors;used;96000;2026-03
volkswagen;tiguan;2011;gasoline;200000;manual;11CV;2000;suv 4x4;good;standard;5 seats;4 doors;used;35000;2026-03
volkswagen;tiguan;2018;diesel;132000;automatic;8CV;2000;suv 4x2;good;standard;5 seats;4 doors;used;94000;2026-03
volkswagen;touareg;2004;diesel;unknown;automatic;12CV;2500;suv 4x4;good;standard;5 seats;4 doors;used;44000;2026-02
volkswagen;touareg;2006;diesel;400000;automatic;24CV;5000;suv 4x4;good;standard;5 seats;4 doors;used;35000;2026-02
volkswagen;touareg;2010;diesel;300000;automatic;16CV;3000;suv 4x4;good;standard;5 seats;4 doors;used;37000;2026-02
volkswagen;touareg;2006;gasoline;150000;automatic;16CV;3200;suv 4x4;good;standard;5 seats;4 doors;used;44000;2026-01
volkswagen;touareg;2008;diesel;290000;automatic;13CV;2500;suv 4x4;good;standard;5 seats;4 doors;used;41000;2026-01
volkswagen;touareg;2009;diesel;80000;automatic;12CV;2500;suv 4x4;good;standard;5 seats;4 doors;used;68000;2026-01
volkswagen;touareg;2016;diesel;113000;automatic;16CV;3000;suv 4x4;good;standard;5 seats;4 doors;used;135000;2026-01
volkswagen;touareg;2009;diesel;unknown;automatic;16CV;3000;suv 4x4;good;standard;5 seats;4 doors;used;37000;2026-03
volkswagen;touareg;2005;diesel;unknown;automatic;12CV;2500;suv 4x4;good;standard;5 seats;4 doors;used;29000;2026-03
volkswagen;touareg;2010;diesel;220000;automatic;16CV;3000;suv 4x4;good;standard;5 seats;4 doors;used;46000;2026-01
volkswagen;touareg;2006;diesel;120000;automatic;16CV;3000;suv 4x4;good;standard;5 seats;4 doors;used;38000;2026-01
volkswagen;touareg;2005;diesel;unknown;automatic;12CV;2500;suv 4x4;good;standard;5 seats;4 doors;used;26500;2026-03
volkswagen;touareg;2007;diesel;unknown;automatic;16CV;3000;suv 4x4;good;standard;5 seats;4 doors;used;42000;2026-02
volkswagen;touareg;2013;gasoline;93000;automatic;18CV;3600;suv 4x4;good;standard;5 seats;4 doors;used;116000;2026-03
volkswagen;touareg;2013;gasoline;72000;automatic;19CV;3600;suv 4x4;good;standard;5 seats;4 doors;used;114000;2026-03
volkswagen;touareg;2015;diesel;210000;automatic;16CV;3000;suv 4x4;good;standard;5 seats;4 doors;used;128000;2026-03
volkswagen;golf 8;2026;gasoline;0;automatic;8CV;1400;hatchback;good;standard;5 seats;4 doors;used;118000;2026-03
volkswagen;golf 8;2026;gasoline;0;automatic;8CV;1400;hatchback;good;r line;5 seats;4 doors;used;153000;2026-03
volkswagen;golf 1;1980;gasoline;unknown;manual;5CV;1300;hatchback;good;standard;5 seats;4 doors;used;3500;2026-03
volkswagen;golf 1;1982;gasoline;unknown;manual;5CV;1300;hatchback;good;standard;5 seats;4 doors;used;4500;2026-03
volkswagen;golf 2;1985;gasoline;unknown;manual;5CV;1400;hatchback;good;standard;5 seats;4 doors;used;7000;2026-03
volkswagen;golf 2;1985;gasoline;unknown;manual;5CV;1600;hatchback;good;standard;5 seats;4 doors;used;7500;2026-03
volkswagen;golf 2;1989;gasoline;unknown;manual;5CV;1600;hatchback;good;standard;5 seats;4 doors;used;8000;2026-03
volkswagen;golf 2;1986;diesel;unknown;manual;5CV;1400;hatchback;good;standard;5 seats;4 doors;used;9000;2026-03
volkswagen;golf 2;1987;diesel;unknown;manual;5CV;1400;hatchback;good;standard;5 seats;4 doors;used;9500;2026-03
volkswagen;golf 2;1992;gasoline;unknown;manual;6CV;1400;hatchback;good;standard;5 seats;4 doors;used;12000;2026-03
volkswagen;golf vento;1994;diesel;unknown;manual;6CV;1400;sedan;good;standard;5 seats;4 doors;used;11000;2026-03
volkswagen;golf vento;1997;diesel;unknown;manual;6CV;1400;sedan;good;standard;5 seats;4 doors;used;8000;2026-03
volkswagen;golf 3;1995;diesel;280000;manual;6CV;1900;hatchback;good;standard;5 seats;4 doors;used;16500;2026-03
volkswagen;golf 3;1993;gasoline;unknown;manual;5CV;1400;hatchback;good;standard;5 seats;4 doors;used;9000;2026-03
volkswagen;golf vendo;1996;diesel;unknown;manual;6CV;1900;sedan;good;standard;5 seats;4 doors;used;11000;2026-03
volkswagen;golf 3;1996;gasoline;unknown;manual;5CV;1400;hatchback;good;standard;5 seats;4 doors;used;14000;2026-03
volkswagen;golf 3;1995;gasoline;unknown;manual;6CV;1400;hatchback;good;standard;5 seats;4 doors;used;13000;2026-03
volkswagen;polo 5;2002;gasoline;unknown;manual;5CV;1200;hatchback;good;standard;5 seats;4 doors;used;18000;2026-03
volkswagen;golf 3 ;1994;gasoline;unknown;manual;6CV;1400;hatchback;good;standard;5 seats;4 doors;used;12000;2026-03
volkswagen;golf 4;2000;diesel;unknown;manual;6CV;1900;hatchback;good;standard;5 seats;4 doors;used;20000;2026-03
volkswagen;golf 4;1999;diesel;unknown;manual;6CV;1900;hatchback;good;standard;5 seats;4 doors;used;19000;2026-03
volkswagen;golf 4;2000;gasoline;unknown;manual;6CV;1400;hatchback;good;standard;5 seats;4 doors;used;22000;2026-03
volkswagen;golf 4;1998;gasoline;unknown;manual;7CV;1600;hatchback;good;standard;5 seats;4 doors;used;19000;2026-03
volkswagen;golf 2;1990;diesel;unknown;manual;6CV;1900;hatchback;good;standard;5 seats;4 doors;used;6000;2026-03
volkswagen;bora;1999;gasoline;unknown;manual;7CV;1600;sedan;good;standard;5 seats;4 doors;used;20000;2026-03
volkswagen;golf 4;2000;gasoline;unknown;manual;6CV;1400;hatchback;good;standard;5 seats;4 doors;used;20000;2026-03
volkswagen;golf 4;1996;gasoline;unknown;manual;7CV;1600;hatchback;good;standard;5 seats;4 doors;used;21000;2026-03
volkswagen;golf 4;2001;gasoline;300000;manual;5CV;1400;hatchback;good;standard;5 seats;4 doors;used;22000;2026-03
volkswagen;golf 4;2000;gasoline;unknown;manual;7CV;1600;hatchback;good;standard;5 seats;4 doors;used;22000;2026-03
volkswagen;golf 5;2008;gasoline;221000;manual;5CV;1400;hatchback;good;standard;5 seats;4 doors;used;29000;2026-03
volkswagen;golf 5;2008;diesel;260000;automatic;6CV;1900;hatchback;good;standard;5 seats;4 doors;used;31000;2026-03
volkswagen;golf 5;2009;diesel;450000;manual;5CV;1900;hatchback;good;standard;5 seats;4 doors;used;30000;2026-03
volkswagen;golf 5;2009;diesel;255000;manual;7CV;1900;hatchback;good;standard;5 seats;4 doors;used;30000;2026-03
volkswagen;golf 5;2008;gasoline;311000;manual;7CV;1600;hatchback;good;standard;5 seats;4 doors;used;27000;2026-03
volkswagen;golf 5;2008;gasoline;414000;manual;5CV;1400;hatchback;good;standard;5 seats;4 doors;used;30000;2026-03
volkswagen;golf 5;2008;diesel;unknown;manual;6CV;1900;hatchback;good;standard;5 seats;4 doors;used;29000;2026-03
volkswagen;golf 5;2008;gasoline;220000;manual;5CV;1400;hatchback;good;standard;5 seats;4 doors;used;29000;2026-03
volkswagen;golf 5;2009;diesel;230000;manual;5CV;1600;hatchback;good;standard;5 seats;4 doors;used;31500;2026-03
volkswagen;golf 5;2006;gasoline;280000;manual;5CV;1400;hatchback;good;standard;5 seats;4 doors;used;29500;2026-03
volkswagen;golf 5;2008;diesel;229000;manual;7CV;1900;hatchback;good;standard;5 seats;4 doors;used;32000;2026-03
volkswagen;virtus;2023;gasoline;135000;manual;6CV;1000;sedan;good;standard;5 seats;4 doors;used;51000;2026-03
volkswagen;golf 6;2012;diesel;200000;manual;5CV;1600;hatchback;good;standard;5 seats;4 doors;used;42000;2026-03
volkswagen;golf 6;2011;gasoline;191000;manual;6CV;1200;hatchback;good;standard;5 seats;4 doors;used;39000;2026-03
volkswagen;golf 6;2012;gasoline;197000;manual;6CV;1200;hatchback;good;standard;5 seats;4 doors;used;39000;2026-03
volkswagen;golf 6;2010;diesel;258000;manual;5CV;1600;hatchback;medium;standard;5 seats;4 doors;used;33000;2026-03
volkswagen;golf 6;2010;diesel;210000;automatic;5CV;1600;hatchback;good;standard;5 seats;4 doors;used;37000;2026-03
volkswagen;golf 6;2010;diesel;350000;automatic;5CV;1600;hatchback;medium;standard;5 seats;4 doors;used;33000;2026-03
volkswagen;golf 6;2011;gasoline;240000;manual;5CV;1400;hatchback;medium;standard;5 seats;4 doors;used;34000;2026-03
volkswagen;golf 6;2012;gasoline;230000;manual;7CV;1200;hatchback;good;standard;5 seats;4 doors;used;40000;2026-03
volkswagen;golf 6;2013;gasoline;78000;manual;5CV;1400;hatchback;good;standard;5 seats;4 doors;used;50000;2026-03
volkswagen;golf 6;2012;diesel;285000;manual;5CV;1600;hatchback;good;standard;5 seats;4 doors;used;40000;2026-03
volkswagen;golf 6;2012;gasoline;218000;automatic;7CV;1600;hatchback;good;standard;5 seats;4 doors;used;42000;2026-03
volkswagen;golf 6;2009;gasoline;200000;manual;5CV;1600;hatchback;medium;standard;5 seats;4 doors;used;33000;2026-03
volkswagen;golf 6;2012;gasoline;222000;manual;5CV;1200;hatchback;medium;standard;5 seats;4 doors;used;36000;2026-03
volkswagen;golf 6;2009;gasoline;235000;manual;7CV;1600;hatchback;medium;standard;5 seats;4 doors;used;36000;2026-03
volkswagen;golf 6;2013;gasoline;191000;manual;5CV;1400;hatchback;good;standard;5 seats;4 doors;used;38000;2026-03
volkswagen;golf 6;2010;diesel;255000;manual;5CV;1600;hatchback;medium;standard;5 seats;4 doors;used;34000;2026-03
volkswagen;golf 6;2012;diesel;285000;manual;5CV;1600;hatchback;good;standard;5 seats;4 doors;used;38000;2026-03
volkswagen;golf 6;2010;diesel;255000;manual;5CV;1600;hatchback;medium;standard;5 seats;4 doors;used;34000;2026-03
volkswagen;golf 6;2010;gasoline;182000;manual;7CV;1200;hatchback;good;standard;5 seats;4 doors;used;38000;2026-03
volkswagen;golf 6;2010;gasoline;187000;automatic;8CV;1400;hatchback;medium;standard;5 seats;4 doors;used;32000;2026-03
volkswagen;golf 6;2012;gasoline;232000;manual;6CV;1200;hatchback;good;standard;5 seats;4 doors;used;41000;2026-03
volkswagen;golf 6 plus;2010;diesel;207000;manual;6CV;1600;hatchback;medium;standard;5 seats;4 doors;used;35000;2026-03
volkswagen;golf 6;2010;gasoline;224000;manual;6CV;1400;hatchback;medium;standard;5 seats;4 doors;used;35000;2026-03
volkswagen;golf 6;2011;diesel;239000;manual;5CV;1400;hatchback;good;standard;5 seats;4 doors;used;36000;2026-03
volkswagen;golf 6;2011;diesel;235000;manual;5CV;1600;hatchback;good;standard;5 seats;4 doors;used;38000;2026-03
volkswagen;golf 6;2012;gasoline;150000;manual;5CV;1400;hatchback;medium;standard;5 seats;4 doors;used;30000;2026-03
volkswagen;golf 6;2010;gasoline;182000;manual;7CV;1200;hatchback;good;standard;5 seats;4 doors;used;38000;2026-03
volkswagen;golf 6;2013;gasoline;187000;manual;7CV;1200;hatchback;good;standard;5 seats;4 doors;used;42000;2026-03
volkswagen;golf 6;2010;diesel;219000;manual;6CV;2000;hatchback;good;standard;5 seats;4 doors;used;41000;2026-03
volkswagen;golf 6;2012;diesel;200000;manual;5CV;1600;hatchback;good;standard;5 seats;4 doors;used;42000;2026-03
volkswagen;golf 7;2016;gasoline;112000;manual;6CV;1200;hatchback;good;standard;5 seats;4 doors;used;54000;2026-03
volkswagen;golf 7;2014;gasoline;108000;manual;10CV;1800;hatchback;good;standard;5 seats;4 doors;used;53000;2026-03
volkswagen;golf 7;2014;gasoline;245000;manual;5CV;1200;hatchback;good;standard;5 seats;4 doors;used;43000;2026-03
volkswagen;golf 7;2019;diesel;176500;manual;6CV;1600;hatchback;good;standard;5 seats;4 doors;used;62000;2026-03
volkswagen;golf 7;2020;gasoline;95000;manual;6CV;1000;hatchback;good;standard;5 seats;4 doors;used;64000;2026-03
volkswagen;golf 7;2018;gasoline;142000;manual;6CV;12000;hatchback;good;standard;5 seats;4 doors;used;59000;2026-03
volkswagen;golf 7;2018;diesel;100000;manual;6CV;1600;hatchback;good;standard;5 seats;4 doors;used;67000;2026-03
volkswagen;golf 7;2014;gasoline;487000;manual;5CV;1200;hatchback;medium;standard;5 seats;4 doors;used;52000;2026-03
volkswagen;golf 7;2013;gasoline;290000;manual;5CV;1200;hatchback;medium;standard;5 seats;4 doors;used;36000;2026-03
volkswagen;golf 7;2013;gasoline;131000;manual;5CV;1200;hatchback;good;standard;5 seats;4 doors;used;48000;2026-03
volkswagen;golf 7;2013;gasoline;264000;manual;5CV;1200;hatchback;good;standard;5 seats;4 doors;used;46000;2026-03
volkswagen;golf 7;2020;gasoline;132000;automatic;6CV;1200;hatchback;good;standard;5 seats;4 doors;used;68000;2026-03
volkswagen;golf 7;2019;diesel;75000;manual;6CV;1600;hatchback;good;standard;5 seats;4 doors;used;73000;2026-03
volkswagen;golf 7;2016;gasoline;179000;manual;5CV;1200;hatchback;good;standard;5 seats;4 doors;used;49000;2026-03
volkswagen;golf 7;2015;gasoline;278000;manual;5CV;1200;hatchback;medium;standard;5 seats;4 doors;used;43000;2026-03
volkswagen;golf 7;2021;gasoline;25000;automatic;7CV;1600;hatchback;good;standard;5 seats;4 doors;used;73000;2026-03
volkswagen;golf 7;2013;diesel;210000;manual;5CV;1600;hatchback;medium;standard;5 seats;4 doors;used;50000;2026-03
volkswagen;golf 7;2017;gasoline;216000;manual;5CV;1200;hatchback;good;standard;5 seats;4 doors;used;55000;2026-03
volkswagen;golf 7;2016;gasoline;162000;manual;5CV;1200;hatchback;medium;standard;5 seats;4 doors;used;47000;2026-03
volkswagen;golf 7;2018;diesel;170000;automatic;6CV;1600;hatchback;good;standard;5 seats;4 doors;used;70000;2026-03
volkswagen;golf 7;2016;gasoline;89500;automatic;6CV;1400;hatchback;good;standard;5 seats;4 doors;used;67000;2026-03
volkswagen;golf 7;2019;gasoline;127000;automatic;6CV;1200;hatchback;good;r line;5 seats;4 doors;used;86000;2026-03
volkswagen;golf 7;2018;gasoline;200000;manual;7CV;1600;hatchback;good;standard;5 seats;4 doors;used;63000;2026-03
volkswagen;golf 7;2014;gasoline;290000;manual;5CV;1200;hatchback;good;standard;5 seats;4 doors;used;39000;2026-03
volkswagen;golf 7;2020;gasoline;98000;manual;6CV;1000;hatchback;good;standard;5 seats;4 doors;used;67000;2026-03
volkswagen;golf 7;2016;gasoline;138000;automatic;6CV;1200;hatchback;good;r line;5 seats;4 doors;used;70000;2026-03
volkswagen;golf 7;2015;gasoline;210000;manual;5CV;1200;hatchback;good;standard;5 seats;4 doors;used;50000;2026-03
volkswagen;golf 7;2013;gasoline;unknown;manual;5CV;1200;hatchback;medium;standard;5 seats;4 doors;used;35000;2026-03
volkswagen;golf 7;2013;gasoline;199000;manual;5CV;1200;hatchback;medium;standard;5 seats;4 doors;used;41000;2026-03
volkswagen;golf 7;2013;gasoline;228000;manual;5CV;1200;hatchback;medium;r line;5 seats;4 doors;used;44000;2026-03
volkswagen;golf 7;2018;gasoline;105000;manual;6CV;1200;hatchback;medium;standard;5 seats;4 doors;used;50000;2026-03
volkswagen;golf 7;2017;gasoline;210000;automatic;6CV;1000;hatchback;good;standard;5 seats;4 doors;used;55000;2026-03
volkswagen;golf 7;2015;gasoline;180000;automatic;6CV;1400;hatchback;good;standard;5 seats;4 doors;used;48000;2026-03
volkswagen;golf 7;2017;gasoline;153000;manual;6CV;1200;hatchback;good;standard;5 seats;4 doors;used;58000;2026-03
volkswagen;golf 7;2013;gasoline;180000;manual;6CV;1400;hatchback;good;standard;5 seats;4 doors;used;50000;2026-03
volkswagen;golf 7;2015;gasoline;220000;manual;6CV;1200;hatchback;good;standard;5 seats;4 doors;used;44000;2026-03
volkswagen;golf 7;2017;diesel;190000;manual;5CV;1600;hatchback;good;standard;5 seats;4 doors;used;55000;2026-03
volkswagen;golf 7;2014;gasoline;290000;manual;5CV;1400;hatchback;good;standard;5 seats;4 doors;used;45000;2026-03
volkswagen;golf 7;2014;gasoline;200000;manual;5CV;1200;hatchback;medium;standard;5 seats;4 doors;used;42000;2026-03
volkswagen;golf 7;2018;gasoline;55000;automatic;6CV;1200;hatchback;good;standard;5 seats;4 doors;used;67000;2026-03
volkswagen;golf 7;2013;gasoline;unknown;manual;5CV;1200;hatchback;medium;standard;5 seats;4 doors;used;39000;2026-03
volkswagen;golf 7;2013;gasoline;170000;manual;5CV;1200;hatchback;medium;standard;5 seats;4 doors;used;43000;2026-03
volkswagen;golf 7;2019;gasoline;160000;automatic;6CV;1200;hatchback;good;standard;5 seats;4 doors;used;72000;2026-03
volkswagen;golf 7;2013;gasoline;240000;manual;5CV;1200;hatchback;medium;standard;5 seats;4 doors;used;38000;2026-03
volkswagen;golf 7;2019;gasoline;100000;manual;6CV;1000;hatchback;good;standard;5 seats;4 doors;used;63000;2026-03
volkswagen;virtus;2023;gasoline;74000;manual;6CV;1000;sedan;good;standard;5 seats;4 doors;used;59000;2026-03
volkswagen;golf 8;2021;gasoline;146000;manual;6CV;1000;hatchback;good;standard;5 seats;4 doors;used;84000;2026-03
volkswagen;golf 8;2021;gasoline;92000;manual;7CV;1500;hatchback;good;standard;5 seats;4 doors;used;90000;2026-03
volkswagen;golf 8;2021;gasoline;57000;manual;7CV;1500;hatchback;good;standard;5 seats;4 doors;used;86000;2026-03
volkswagen;golf 8;2022;gasoline;82000;manual;6CV;1000;hatchback;good;standard;5 seats;4 doors;used;74000;2026-03
volkswagen;golf 8;2022;hybrid;42000;automatic;8CV;1400;hatchback;good;gte;5 seats;4 doors;used;96000;2026-03
volkswagen;golf 8;2021;gasoline;79000;manual;6CV;1000;hatchback;good;standard;5 seats;4 doors;used;75000;2026-03
volkswagen;golf 8;2022;gasoline;78000;automatic;6CV;1000;hatchback;good;standard;5 seats;4 doors;used;80000;2026-03
volkswagen;golf 8;2022;gasoline;40000;manual;6CV;1000;hatchback;good;standard;5 seats;4 doors;used;79000;2026-03
volkswagen;golf 8;2020;gasoline;130000;manual;6CV;1000;hatchback;good;standard;5 seats;4 doors;used;74000;2026-03
volkswagen;golf 8;2021;gasoline;50000;manual;6CV;1000;hatchback;good;standard;5 seats;4 doors;used;76000;2026-03
volkswagen;golf 8;2021;gasoline;86000;manual;8CV;1500;hatchback;good;r line;5 seats;4 doors;used;105000;2026-03
volkswagen;golf 8;2021;gasoline;90000;manual;6CV;1000;hatchback;good;standard;5 seats;4 doors;used;74000;2026-03
volkswagen;golf 8;2025;gasoline;60000;automatic;8CV;1500;hatchback;good;r line;5 seats;4 doors;used;160000;2026-03
volkswagen;golf 8;2023;gasoline;69000;automatic;8CV;1400;hatchback;good;standard;5 seats;4 doors;used;105000;2026-03
volkswagen;golf 8;2021;gasoline;107000;manual;6CV;1000;wagon;good;standard;5 seats;4 doors;used;92000;2026-03
volkswagen;golf 8;2020;gasoline;60000;manual;7CV;1500;hatchback;good;r line;5 seats;4 doors;used;105000;2026-03
volkswagen;golf 8;2021;gasoline;150000;automatic;6CV;1000;hatchback;good;standard;5 seats;4 doors;used;67000;2026-03
volkswagen;golf 8;2022;gasoline;153000;automatic;6CV;1000;hatchback;good;standard;5 seats;4 doors;used;72000;2026-03
volkswagen;golf 6 plus;2011;diesel;277000;manual;5CV;1600;hatchback;good;standard;5 seats;4 doors;used;33500;2026-03
volkswagen;golf 5;2009;diesel;175000;manual;6CV;1900;wagon;medium;standard;5 seats;4 doors;used;35000;2026-03
volkswagen;golf 5 plus;2009;diesel;unknown;manual;6CV;1900;hatchback;medium;standard;5 seats;4 doors;used;31000;2026-03
volkswagen;passat;2007;diesel;unknown;automatic;8CV;2000;wagon;medium;standard;5 seats;4 doors;used;31000;2026-03
volkswagen;passat;2010;diesel;238000;manual;5CV;1600;sedan;medium;standard;5 seats;4 doors;used;36000;2026-03
volkswagen;passat;2021;gasoline;100000;automatic;8CV;1400;sedan;good;r line;5 seats;4 doors;used;92000;2026-03
volkswagen;passat cc;2016;diesel;150000;manual;8CV;2000;sedan;good;standard;5 seats;4 doors;used;63000;2026-03
volkswagen;passat;2006;diesel;350000;manual;6CV;1900;sedan;medium;standard;5 seats;4 doors;used;29000;2026-03
volkswagen;passat;2012;diesel;330000;manual;5CV;1600;sedan;medium;standard;5 seats;4 doors;used;39000;2026-03
volkswagen;passat;2013;diesel;265000;manual;5CV;1600;sedan;good;standard;5 seats;4 doors;used;46000;2026-03
volkswagen;passat;2014;gasoline;240000;manual;7CV;1400;sedan;medium;standard;5 seats;4 doors;used;38000;2026-03
volkswagen;passat cc;2010;diesel;450000;automatic;8CV;2000;sedan;medium;standard;5 seats;4 doors;used;36000;2026-03
volkswagen;passat;2011;gasoline;281000;automatic;7CV;1400;wagon;medium;standard;5 seats;4 doors;used;37000;2026-03
volkswagen;passat;2012;gasoline;215000;manual;7CV;1400;sedan;good;standard;5 seats;4 doors;used;41000;2026-03
volkswagen;passat;2008;diesel;245000;manual;6CV;1900;sedan;medium;standard;5 seats;4 doors;used;33000;2026-03
volkswagen;passat;2008;diesel;265000;manual;6CV;1900;sedan;medium;standard;5 seats;4 doors;used;32000;2026-03
volkswagen;passat;2018;gasoline;190000;automatic;7CV;1400;sedan;good;standard;5 seats;4 doors;used;52000;2026-03
volkswagen;passat;2020;gasoline;81000;manual;8CV;2000;sedan;good;standard;5 seats;4 doors;used;76000;2026-03
volkswagen;passat cc;2013;gasoline;103000;automatic;9CV;1800;sedan;good;standard;5 seats;4 doors;used;67000;2026-03
volkswagen;passat;2016;gasoline;265000;manual;7CV;1400;sedan;good;standard;5 seats;4 doors;used;50000;2026-03
volkswagen;passat;2004;gasoline;unknown;manual;7CV;1600;sedan;medium;standard;5 seats;4 doors;used;22000;2026-03
volkswagen;passat;2011;gasoline;300000;automatic;9CV;1400;sedan;medium;standard;5 seats;4 doors;used;27000;2026-03
volkswagen;passat;2011;diesel;174000;manual;5CV;1600;sedan;medium;standard;5 seats;4 doors;used;38000;2026-03
volkswagen;passat;2021;gasoline;200000;automatic;8CV;1400;sedan;good;r line;5 seats;4 doors;used;86000;2026-03
volkswagen;passat;2011;gasoline;230000;manual;7CV;1400;sedan;good;standard;5 seats;4 doors;used;44000;2026-03
volkswagen;passat;2013;diesel;185000;manual;7CV;2000;sedan;good;standard;5 seats;4 doors;used;50000;2026-03
volkswagen;passat;2008;diesel;330000;manual;6CV;1900;sedan;medium;standard;5 seats;4 doors;used;32000;2026-03
volkswagen;passat;2014;gasoline;185000;manual;7CV;1400;sedan;good;standard;5 seats;4 doors;used;42000;2026-03
volkswagen;passat;2016;gasoline;205000;manual;7CV;1400;sedan;good;standard;5 seats;4 doors;used;58000;2026-03
volkswagen;passat;2018;gasoline;304000;manual;7CV;1400;sedan;good;standard;5 seats;4 doors;used;57000;2026-03
volkswagen;passat;2012;gasoline;262000;automatic;9CV;1800;sedan;medium;standard;5 seats;4 doors;used;35000;2026-03
volkswagen;passat;1997;diesel;unknown;manual;6CV;1600;wagon;bad;standard;5 seats;4 doors;used;10000;2026-03
volkswagen;passat;2017;gasoline;250000;manual;7CV;1400;sedan;good;standard;5 seats;4 doors;used;48000;2026-03
volkswagen;passat;2003;diesel;380000;manual;6CV;1900;sedan;medium;standard;5 seats;4 doors;used;24000;2026-03
volkswagen;passat;2001;diesel;unknown;manual;7CV;2000;sedan;bad;standard;5 seats;4 doors;used;10000;2026-03
volkswagen;passat;2015;gasoline;374000;manual;7CV;1400;sedan;good;standard;5 seats;4 doors;used;44000;2026-03
volkswagen;passat;2011;diesel;232000;manual;6CV;1600;sedan;good;standard;5 seats;4 doors;used;46000;2026-03
volkswagen;passat;2009;diesel;369000;manual;6CV;1900;sedan;medium;standard;5 seats;4 doors;used;33000;2026-03
volkswagen;passat cc;2010;gasoline;155000;automatic;12CV;2000;sedan;medium;standard;5 seats;4 doors;used;34000;2026-03
volkswagen;passat;1963;diesel;unknown;manual;4CV;1600;sedan;medium;standard;5 seats;4 doors;used;11000;2026-03
volkswagen;passat;2000;gasoline;670000;manual;7CV;1600;sedan;medium;standard;5 seats;4 doors;used;16000;2026-03
volkswagen;passat;2017;gasoline;200000;automatic;7CV;1400;sedan;good;standard;5 seats;4 doors;used;60000;2026-03
volkswagen;passat;2014;gasoline;195000;manual;7CV;1400;sedan;good;standard;5 seats;4 doors;used;52000;2026-03
volkswagen;passat;2008;diesel;unknown;manual;8CV;2000;sedan;medium;standard;5 seats;4 doors;used;34000;2026-03
volkswagen;passat cc;2009;gasoline;233000;automatic;9CV;1800;sedan;medium;standard;5 seats;4 doors;used;35000;2026-03
volkswagen;passat;2006;diesel;unknown;manual;8CV;2000;sedan;medium;standard;5 seats;4 doors;used;34000;2026-03
volkswagen;passat;2020;hybrid;112000;automatic;8CV;1400;sedan;good;standard;5 seats;4 doors;used;85000;2026-03
volkswagen;passat;2001;diesel;485000;manual;6CV;1500;sedan;medium;standard;5 seats;4 doors;used;20000;2026-03
volkswagen;passat;2009;diesel;228000;manual;6CV;1900;sedan;good;standard;5 seats;4 doors;used;37000;2026-03
volkswagen;passat cc;2013;gasoline;85000;automatic;8CV;1800;sedan;good;standard;5 seats;4 doors;used;54000;2026-03
volkswagen;passat;2019;gasoline;100000;manual;7CV;1400;sedan;good;standard;5 seats;4 doors;used;80000;2026-03
volkswagen;passat;2009;diesel;77000;manual;6CV;1900;sedan;good;standard;5 seats;4 doors;used;50000;2026-03
volkswagen;passat;2017;gasoline;250000;automatic;7CV;1400;sedan;good;standard;5 seats;4 doors;used;55000;2026-03
volkswagen;passat;2016;diesel;250000;automatic;6CV;1600;sedan;good;standard;5 seats;4 doors;used;60000;2026-03
volkswagen;passat;2008;diesel;250000;manual;6CV;1900;sedan;medium;standard;5 seats;4 doors;used;24000;2026-03
volkswagen;jetta;2010;gasoline;300000;manual;7CV;1600;sedan;good;standard;5 seats;4 doors;used;26000;2026-03
volkswagen;jetta;2011;gasoline;150000;manual;6CV;1200;sedan;good;standard;5 seats;4 doors;used;37000;2026-03
volkswagen;jetta;2012;diesel;223500;manual;7CV;2000;sedan;good;standard;5 seats;4 doors;used;36500;2026-03
volkswagen;jetta;2013;gasoline;165000;manual;6CV;1200;sedan;good;standard;5 seats;4 doors;used;41000;2026-03
volkswagen;jetta;1988;gasoline;unknown;manual;7CV;1600;sedan;good;standard;5 seats;4 doors;used;10000;2026-03
volkswagen;jetta;2010;diesel;373000;manual;6CV;1900;sedan;good;standard;5 seats;4 doors;used;26000;2026-03
volkswagen;jetta;2010;diesel;197000;automatic;6CV;1600;sedan;good;standard;5 seats;4 doors;used;34000;2026-03
volkswagen;jetta;2016;gasoline;122000;manual;5CV;1200;sedan;good;standard;5 seats;4 doors;used;53000;2026-03
volkswagen;jetta;2016;gasoline;233000;manual;7CV;1400;sedan;good;standard;5 seats;4 doors;used;38000;2026-03
volkswagen;jetta;1981;diesel;unknown;manual;5CV;1100;sedan;bad;standard;5 seats;4 doors;used;5500;2026-03
volkswagen;jetta;2012;diesel;250000;manual;6CV;1900;sedan;medium;standard;5 seats;4 doors;used;25000;2026-03
volkswagen;jetta;2009;gasoline;unknown;manual;6CV;1200;sedan;medium;standard;5 seats;4 doors;used;24000;2026-03
volkswagen;jetta;2011;gasoline;229000;manual;6CV;1200;sedan;medium;standard;5 seats;4 doors;used;30000;2026-03
volkswagen;jetta;2013;gasoline;260000;automatic;8CV;2000;sedan;good;standard;5 seats;4 doors;used;42000;2026-03
volkswagen;jetta;2015;gasoline;155000;manual;6CV;1200;sedan;good;standard;5 seats;4 doors;used;40000;2026-03
volkswagen;jetta;2010;diesel;196000;automatic;6CV;1600;sedan;good;standard;5 seats;4 doors;used;35000;2026-03
volkswagen;jetta;2015;gasoline;100000;manual;6CV;1400;sedan;good;standard;5 seats;4 doors;used;43000;2026-03
volkswagen;jetta;1994;gasoline;unknown;manual;5CV;1200;sedan;medium;standard;5 seats;4 doors;used;8000;2026-03
volkswagen;caddy;2010;diesel;unknown;manual;7CV;2000;mpv;medium;standard;5 seats;4 doors;used;30000;2026-03
volkswagen;caddy;2023;diesel;124000;manual;7CV;2000;light commercial;good;standard;5 seats;4 doors;used;60000;2026-03
volkswagen;caddy;2023;diesel;79000;manual;7CV;2000;light commercial;good;standard;5 seats;4 doors;used;61000;2026-03
volkswagen;caddy;2022;diesel;170000;manual;7CV;2000;light commercial;good;standard;5 seats;4 doors;used;57500;2026-03
volkswagen;caddy;2023;diesel;60000;manual;7CV;2000;light commercial;good;standard;5 seats;4 doors;used;60000;2026-03
volkswagen;caddy;2024;diesel;60000;manual;7CV;2000;light commercial;good;standard;5 seats;4 doors;used;65000;2026-03
volkswagen;caddy;2020;diesel;167000;manual;7CV;2000;light commercial;good;standard;5 seats;4 doors;used;50000;2026-03
volkswagen;caddy;2021;diesel;160000;manual;7CV;2000;light commercial;good;standard;5 seats;4 doors;used;53000;2026-03
volkswagen;caddy;2016;diesel;300000;manual;5CV;1600;light commercial;medium;standard;5 seats;4 doors;used;35000;2026-03
volkswagen;caddy;2014;diesel;unknown;manual;8CV;2000;light commercial;medium;standard;5 seats;4 doors;used;25000;2026-03
volkswagen;caddy;2017;diesel;178000;manual;5CV;1600;light commercial;good;standard;5 seats;4 doors;used;37500;2026-03
volkswagen;caddy;2011;diesel;336000;manual;5CV;1600;light commercial;good;standard;5 seats;4 doors;used;27000;2026-03
volkswagen;caddy;2011;diesel;324000;manual;5CV;1600;mpv;good;standard;5 seats;4 doors;used;34000;2026-03
volkswagen;caddy;2023;diesel;190000;manual;7CV;2000;light commercial;good;standard;5 seats;4 doors;used;57000;2026-03
volkswagen;caddy;2021;diesel;170000;manual;7CV;2000;light commercial;good;standard;5 seats;4 doors;used;55000;2026-03
volkswagen;caddy;2020;diesel;400000;manual;5CV;1600;light commercial;good;standard;5 seats;4 doors;used;43000;2026-03
volkswagen;caddy;2012;gasoline;220000;manual;7CV;1600;mpv;good;standard;5 seats;4 doors;used;38000;2026-03
volkswagen;caddy;2001;diesel;unknown;manual;6CV;2000;light commercial;medium;standard;5 seats;4 doors;used;10000;2026-03
volkswagen;caddy;2011;diesel;200000;manual;5CV;1600;light commercial;medium;standard;5 seats;4 doors;used;27000;2026-03
volkswagen;caddy;2015;diesel;160000;manual;5CV;1600;light commercial;medium;standard;5 seats;4 doors;used;32000;2026-03
volkswagen;caddy;2018;diesel;180000;manual;5CV;1600;light commercial;good;standard;5 seats;4 doors;used;42000;2026-03
volkswagen;caddy;2000;diesel;unknown;manual;6CV;2000;light commercial;bad;standard;5 seats;4 doors;used;8000;2026-03
volkswagen;caddy;2005;diesel;unknown;manual;6CV;1900;light commercial;bad;standard;5 seats;4 doors;used;18000;2026-03
volkswagen;caddy;2010;diesel;unknown;manual;6CV;1900;light commercial;bad;standard;5 seats;4 doors;used;16000;2026-03
volkswagen;caddy;2006;diesel;unknown;manual;5CV;1900;mpv;medium;standard;5 seats;4 doors;used;27000;2026-03
volkswagen;caddy;2015;diesel;unknown;manual;7CV;2000;light commercial;good;standard;5 seats;4 doors;used;34000;2026-03
volkswagen;caddy;2017;diesel;unknown;manual;5CV;1600;light commercial;good;standard;5 seats;4 doors;used;36000;2026-03
volkswagen;caddy;2016;diesel;205000;manual;5CV;1600;light commercial;good;standard;5 seats;4 doors;used;45000;2026-03
volkswagen;caddy;2017;diesel;260000;manual;5CV;1600;light commercial;medium;standard;5 seats;4 doors;used;35000;2026-03
volkswagen;caddy;2016;diesel;300000;manual;5CV;1600;light commercial;medium;standard;5 seats;4 doors;used;34000;2026-03
volkswagen;touran;2010;gasoline;330000;automatic;9CV;1400;mpv;medium;standard;5 seats;4 doors;used;24000;2026-03
volkswagen;touran;2015;diesel;360000;manual;7CV;2000;mpv;good;standard;5 seats;4 doors;used;42000;2026-03
volkswagen;transporter;2013;diesel;unknown;manual;7CV;2000;mpv;good;standard;5 seats;4 doors;used;46000;2026-03
volkswagen;caddy;2026;diesel;0;manual;7CV;2000;light commercial;good;standard;5 seats;4 doors;new;85000;2026-03
volkswagen;transporter;2017;diesel;400000;manual;7CV;2000;heavy commercial;good;standard;5 seats;4 doors;used;36000;2026-03
volkswagen;transporter;2016;diesel;unknown;manual;7CV;2000;heavy commercial;medium;standard;5 seats;4 doors;used;37000;2026-03
volkswagen;transporter;2001;diesel;unknown;manual;6CV;1900;mpv;medium;standard;5 seats;4 doors;used;18000;2026-03
volkswagen;up;2017;gasoline;unknown;manual;5CV;1200;hatchback;good;standard;5 seats;4 doors;used;28000;2026-03
volkswagen;transporter;1998;diesel;unknown;manual;7CV;1900;mpv;medium;standard;5 seats;4 doors;used;15000;2026-03
volkswagen;transporter;2008;diesel;unknown;manual;7CV;2000;heavy commercial;medium;standard;5 seats;4 doors;used;18500;2026-03
volkswagen;transporter;2012;diesel;339000;manual;7CV;2000;heavy commercial;good;standard;5 seats;4 doors;used;42000;2026-03
volkswagen;transporter;2002;diesel;unknown;manual;7CV;2000;heavy commercial;medium;standard;5 seats;4 doors;used;16500;2026-03
volkswagen;transporter;2018;diesel;290000;manual;7CV;2000;heavy commercial;good;standard;5 seats;4 doors;used;48000;2026-03
volkswagen;caddy;2001;diesel;unknown;manual;6CV;1900;light commercial;good;standard;5 seats;4 doors;used;12000;2026-03
volkswagen;transporter;2016;diesel;240000;manual;7CV;2000;heavy commercial;good;standard;5 seats;4 doors;used;51000;2026-03
volkswagen;bora;2001;gasoline;270000;manual;8CV;1600;sedan;good;standard;5 seats;4 doors;used;22000;2026-03
volkswagen;transporter;2008;diesel;unknown;manual;7CV;2000;mpv;good;standard;5 seats;4 doors;used;27000;2026-03
volkswagen;transporter;1983;diesel;unknown;manual;8CV;2000;mpv;medium;standard;5 seats;4 doors;used;10000;2026-03
volkswagen;transporter;1994;diesel;unknown;manual;7CV;1900;heavy commercial;bad;standard;5 seats;4 doors;used;11000;2026-03
volkswagen;transporter;2006;diesel;unknown;manual;7CV;1900;mpv;medium;standard;5 seats;4 doors;used;18000;2026-03
volkswagen;crafter;2026;diesel;0;manual;7CV;2000;heavy commercial;good;standard;5 seats;4 doors;new;125000;2026-03
volkswagen;crafter;2021;diesel;195000;manual;7CV;2000;heavy commercial;good;standard;5 seats;4 doors;used;70000;2026-03
volkswagen;crafter;2021;diesel;250000;manual;7CV;2000;heavy commercial;good;standard;5 seats;4 doors;used;65000;2026-03
volkswagen;crafter;2009;diesel;unknown;manual;7CV;2000;heavy commercial;medium;standard;5 seats;4 doors;used;22000;2026-03
volkswagen;crafter;2012;diesel;unknown;manual;7CV;2000;heavy commercial;medium;standard;5 seats;4 doors;used;29000;2026-03
volkswagen;crafter;2021;diesel;unknown;manual;7CV;2000;heavy commercial;good;standard;5 seats;4 doors;used;61000;2026-03
volkswagen;crafter;2012;diesel;320000;manual;7CV;2000;heavy commercial;medium;standard;5 seats;4 doors;used;26000;2026-03
volkswagen;crafter;2007;diesel;unknown;manual;7CV;2000;heavy commercial;medium;standard;5 seats;4 doors;used;23000;2026-03
volkswagen;crafter;2011;diesel;unknown;manual;8CV;2000;heavy commercial;bad;standard;5 seats;4 doors;used;19000;2026-03
volkswagen;crafter;2014;diesel;unknown;manual;8CV;2000;heavy commercial;medium;standard;5 seats;4 doors;used;35000;2026-03
volkswagen;crafter;2020;diesel;142000;manual;7CV;2000;heavy commercial;good;standard;5 seats;4 doors;used;80000;2026-03
volkswagen;crafter;2014;diesel;unknown;manual;8CV;2000;heavy commercial;medium;standard;5 seats;4 doors;used;24000;2026-03
volkswagen;crafter;2012;diesel;unknown;manual;7CV;2000;heavy commercial;medium;standard;5 seats;4 doors;used;25000;2026-03
volkswagen;amarok;2019;diesel;125000;automatic;10CV;3000;pickup 4x4;good;standard;5 seats;4 doors;used;165000;2026-03
volkswagen;amarok;2014;diesel;225000;manual;7CV;2000;pickup 4x4;good;standard;5 seats;4 doors;used;62000;2026-03
volkswagen;amarok;2013;diesel;200000;manual;7CV;2000;pickup 4x4;good;standard;5 seats;4 doors;used;63000;2026-03
volkswagen;amarok;2016;diesel;300000;manual;9CV;2000;pickup 4x4;good;standard;5 seats;4 doors;used;90000;2026-03
volkswagen;amarok;2011;diesel;266000;manual;8CV;2000;pickup 4x2;medium;standard;5 seats;4 doors;used;56000;2026-03
volkswagen;amarok;2015;diesel;116000;automatic;8CV;2000;pickup 4x4;good;standard;5 seats;4 doors;used;110000;2026-03
volkswagen;amarok;2011;diesel;160000;manual;8CV;2000;pickup 4x4;good;standard;5 seats;4 doors;used;55000;2026-03
volkswagen;amarok;2018;diesel;227000;automatic;7CV;2000;pickup 4x4;good;standard;5 seats;4 doors;used;91000;2026-03
volkswagen;amarok;2013;diesel;205000;manual;7CV;2000;pickup 4x4;good;standard;5 seats;4 doors;used;56000;2026-03
volkswagen;amarok;2012;diesel;280000;manual;8CV;2000;pickup 4x4;good;standard;5 seats;4 doors;used;60000;2026-03
volkswagen;amarok;2013;diesel;94000;automatic;7CV;2000;suv 4x2;good;standard;5 seats;4 doors;used;80000;2026-03
volkswagen;amarok;2016;diesel;275000;automatic;7CV;2000;pickup 4x4;good;standard;5 seats;4 doors;used;85000;2026-03
volkswagen;amarok;2020;diesel;105000;automatic;7CV;2000;pickup 4x4;good;standard;5 seats;4 doors;used;130000;2026-03
volkswagen;amarok;2013;diesel;350000;manual;7CV;2000;pickup 4x2;good;standard;5 seats;4 doors;used;40000;2026-03
volkswagen;amarok;2011;diesel;unknown;manual;7CV;2000;pickup 4x2;good;standard;5 seats;4 doors;used;51000;2026-03
volkswagen;amarok;2011;diesel;unknown;manual;8CV;2000;pickup 4x4;good;standard;5 seats;4 doors;used;58000;2026-03
volkswagen;amarok;2013;diesel;303000;automatic;7CV;2000;pickup 4x4;good;standard;5 seats;4 doors;used;62000;2026-03
volkswagen;amarok;2013;diesel;250000;manual;7CV;2000;pickup 4x4;good;standard;5 seats;4 doors;used;64000;2026-03
volkswagen;amarok;2013;diesel;unknown;manual;7CV;2000;pickup 4x4;good;standard;5 seats;4 doors;used;56000;2026-03
volkswagen;amarok;2011;diesel;350000;manual;7CV;2000;pickup 4x2;medium;standard;5 seats;4 doors;used;39000;2026-03
volkswagen;amarok;2014;diesel;144000;automatic;7CV;2000;pickup 4x4;good;standard;5 seats;4 doors;used;80000;2026-03
volkswagen;amarok;2012;diesel;310000;manual;7CV;2000;pickup 4x4;good;standard;5 seats;4 doors;used;57000;2026-03
volkswagen;amarok;2012;diesel;320000;manual;7CV;2000;pickup 4x4;good;standard;5 seats;4 doors;used;53000;2026-03
volkswagen;amarok;2013;diesel;unknown;manual;7CV;2000;pickup 4x4;medium;standard;5 seats;4 doors;used;45000;2026-03
volkswagen;up;2021;gasoline;89000;manual;4CV;1000;hatchback;good;standard;5 seats;4 doors;used;36000;2026-03
volkswagen;up;2016;gasoline;unknown;manual;4CV;1000;hatchback;bad;standard;5 seats;4 doors;used;24000;2026-03
peugeot;206 plus;2011;gasoline;221000;manual;4CV;1100;hatchback;good;standard;5 seats;4 doors;used;23000;2026-03
peugeot;2008;2022;diesel;138000;manual;6CV;1500;crossover;good;standard;5 seats;4 doors;used;58000;2026-03
peugeot;3008;2021;diesel;110000;automatic;7CV;1500;suv 4x2;good;standard;5 seats;4 doors;used;70000;2026-03
peugeot;partner;2001;diesel;350000;manual;7CV;1900;light commercial;medium;standard;2 seats;4 doors;used;12000;2026-03
peugeot;106;2000;gasoline;unknown;manual;4CV;1100;hatchback;medium;standard;5 seats;4 doors;used;10000;2026-03
peugeot;208;2019;gasoline;107000;manual;5CV;1200;hatchback;good;standard;5 seats;4 doors;used;32000;2026-03
peugeot;208;2021;gasoline;90000;manual;5CV;1200;hatchback;good;standard;5 seats;4 doors;used;38000;2026-03
peugeot;bipper;2016;gasoline;154000;manual;5CV;1400;mpv;medium;standard;5 seats;4 doors;used;34000;2026-03
peugeot;208;2020;gasoline;105000;manual;4CV;1200;hatchback;medium;standard;5 seats;4 doors;used;29000;2026-03
peugeot;308;2010;diesel;340000;manual;6CV;1600;hatchback;medium;standard;5 seats;4 doors;used;23000;2026-03
peugeot;106;1998;gasoline;240000;manual;4CV;1100;hatchback;medium;standard;5 seats;4 doors;used;11000;2026-03
peugeot;407;2009;diesel;210000;manual;6CV;1600;sedan;medium;standard;5 seats;4 doors;used;25000;2026-03
peugeot;405;1994;gasoline;unknown;manual;6CV;1400;sedan;bad;standard;5 seats;4 doors;used;4000;2026-03
peugeot;3008;2021;diesel;117000;automatic;7CV;1500;suv 4x4;good;standard;5 seats;4 doors;used;75000;2026-03
peugeot;partner;2003;diesel;450000;manual;5CV;1900;mpv;medium;standard;5 seats;4 doors;used;23000;2026-03
peugeot;3008;2018;gasoline;74000;automatic;9CV;1600;suv 4x4;good;standard;5 seats;4 doors;used;64000;2026-03
peugeot;expert;2021;diesel;141000;manual;7CV;2000;heavy commercial;good;standard;3 seats;4 doors;used;54000;2026-03
peugeot;208;2017;gasoline;140000;manual;5CV;1200;hatchback;medium;standard;5 seats;4 doors;used;22000;2026-03
peugeot;partner;2015;diesel;unknown;manual;5CV;1600;light commercial;medium;standard;2 seats;4 doors;used;26000;2026-03
peugeot;308;2011;gasoline;320000;manual;6CV;1200;hatchback;medium;standard;5 seats;4 doors;used;20000;2026-03
peugeot;3008;2021;hybrid;95000;automatic;7CV;1600;suv 4x2;good;standard;5 seats;4 doors;used;90000;2026-03
peugeot;expert;2013;diesel;210000;manual;7CV;2000;heavy commercial;medium;standard;3 seats;4 doors;used;24000;2026-03
peugeot;508;2012;diesel;242000;manual;6CV;1600;sedan;medium;standard;5 seats;4 doors;used;33000;2026-03
peugeot;206;2008;gasoline;262000;manual;6CV;1400;sedan;medium;standard;5 seats;4 doors;used;18500;2026-03
peugeot;106;1996;gasoline;unknown;manual;4CV;1100;sedan;medium;standard;5 seats;4 doors;used;8000;2026-03
peugeot;508;2014;gasoline;230000;automatic;7CV;1600;sedan;medium;standard;5 seats;4 doors;used;36000;2026-03
peugeot;partner;2022;diesel;130000;manual;5CV;1600;light commercial;good;standard;2 seats;4 doors;used;37000;2026-03
peugeot;partner;2021;diesel;160000;automatic;6CV;1600;light commercial;good;standard;2 seats;4 doors;used;45000;2026-03
peugeot;207 cc;2008;gasoline;unknown;manual;7CV;1600;convertible;medium;standard;5 seats;4 doors;used;26000;2026-03
peugeot;404;1969;gasoline;unknown;manual;9CV;1600;sedan;good;standard;5 seats;4 doors;used;19000;2026-03
peugeot;2008;2018;gasoline;143000;manual;6CV;1200;crossover;good;standard;5 seats;4 doors;used;44000;2026-03
peugeot;expert;2020;diesel;181000;manual;8CV;2000;heavy commercial;good;standard;3 seats;2 doors;used;46000;2026-03
peugeot;308;2018;gasoline;138000;manual;6CV;1200;hatchback;good;standard;5 seats;4 doors;used;37000;2026-03
peugeot;partner;2022;diesel;220000;manual;6CV;1600;light commercial;good;standard;2 seats;4 doors;used;43000;2026-03
peugeot;308;2020;diesel;230000;automatic;6CV;1500;hatchback;good;standard;5 seats;4 doors;used;48000;2026-03
peugeot;landtrek;2023;diesel;41000;manual;6CV;1900;pickup 4x2;good;standard;2 seats;2 doors;used;68000;2026-03
peugeot;2008;2015;gasoline;98000;manual;5CV;1200;crossover;good;standard;5 seats;4 doors;used;36000;2026-03
peugeot;208;2023;gasoline;59000;manual;4CV;1000;hatchback;good;standard;5 seats;4 doors;used;38000;2026-03
peugeot;208;2017;gasoline;97000;manual;5CV;1200;hatchback;medium;standard;5 seats;4 doors;used;25000;2026-03
peugeot;5008;2022;gasoline;81000;automatic;7CV;1500;suv 4x2;good;standard;5 seats;4 doors;used;79000;2026-03
peugeot;206;2000;gasoline;unknown;manual;4CV;1400;hatchback;medium;standard;5 seats;4 doors;used;13000;2026-03
peugeot;206;2003;gasoline;300000;manual;4CV;1400;hatchback;good;standard;5 seats;4 doors;used;16500;2026-03
peugeot;partner;2021;diesel;143000;manual;5CV;1500;light commercial;good;standard;3 seats;4 doors;used;50000;2026-03
peugeot;208;2020;gasoline;85000;manual;4CV;1000;hatchback;good;standard;5 seats;4 doors;used;30000;2026-03
peugeot;5008;2019;gasoline;130000;automatic;9CV;1600;suv 4x2;good;standard;5 seats;4 doors;used;66000;2026-03
peugeot;207;2007;diesel;400000;manual;4CV;1400;hatchback;medium;standard;5 seats;4 doors;used;18000;2026-03
peugeot;308;2009;gasoline;280000;manual;6CV;1600;hatchback;medium;standard;5 seats;4 doors;used;18000;2026-03
peugeot;207;2009;diesel;260000;manual;5CV;1600;hatchback;good;standard;5 seats;4 doors;used;23000;2026-03
peugeot;2008;2021;gasoline;42000;manual;5CV;1600;suv 4x2;good;standard;5 seats;4 doors;used;67000;2026-03
peugeot;3008;2017;diesel;200000;automatic;6CV;1600;suv 4x4;good;standard;5 seats;4 doors;used;60000;2026-03
peugeot;expert;2009;diesel;120000;manual;7CV;1900;mpv;medium;standard;9 seats;4 doors;used;20000;2026-03
peugeot;partner;2022;diesel;110000;manual;6CV;1500;light commercial;good;standard;3 seats;4 doors;used;46000;2026-03
peugeot;partner;2020;diesel;200000;manual;5CV;1600;light commercial;good;standard;2 seats;4 doors;used;36000;2026-03
peugeot;406;2001;gasoline;unknown;manual;7CV;1600;sedan;medium;standard;5 seats;4 doors;used;14000;2026-03
peugeot;301;2015;gasoline;162000;manual;5CV;1200;sedan;medium;standard;5 seats;4 doors;used;23000;2026-03
peugeot;partner;2023;diesel;158000;manual;5CV;1600;light commercial;good;standard;2 seats;4 doors;used;44000;2026-03
peugeot;2008;2021;diesel;150000;manual;6CV;1500;suv 4x2;good;standard;5 seats;4 doors;used;63000;2026-03
peugeot;308;2019;gasoline;211000;manual;6CV;1200;hatchback;medium;standard;5 seats;4 doors;used;33000;2026-03
peugeot;partner;2020;diesel;190000;manual;5CV;1600;light commercial;good;standard;2 seats;4 doors;used;38000;2026-03
peugeot;406;1998;gasoline;unknown;manual;7CV;1600;sedan;medium;standard;5 seats;4 doors;used;13000;2026-03
peugeot;bipper ;2013;gasoline;205000;manual;5CV;1400;mpv;good;standard;5 seats;4 doors;used;29000;2026-03
peugeot;partner;2021;diesel;115000;manual;5CV;1600;light commercial;good;standard;2 seats;4 doors;used;48000;2026-03
peugeot;308;2017;gasoline;224000;manual;6CV;1200;hatchback;medium;standard;5 seats;4 doors;used;28000;2026-03
peugeot;107;2018;gasoline;115000;manual;4CV;1000;hatchback;good;standard;5 seats;4 doors;used;27000;2026-03
peugeot;508;2011;diesel;206000;manual;6CV;1600;sedan;good;standard;5 seats;4 doors;used;32000;2026-03
peugeot;504;1988;diesel;unknown;manual;7CV;1600;pickup 4x2;good;standard;2 seats;2 doors;used;12000;2026-03
peugeot;landtrek;2021;diesel;70000;manual;6CV;1900;pickup 4x2;medium;standard;2 seats;2 doors;used;48000;2026-03
peugeot;208;2022;diesel;104000;manual;5CV;1500;hatchback;good;standard;5 seats;4 doors;used;46000;2026-03
peugeot;landtrek;2024;diesel;50000;manual;6CV;1900;pickup 4x4;good;standard;5 seats;4 doors;used;85000;2026-03
peugeot;407;2004;diesel;337000;manual;8CV;2000;wagon;medium;standard;5 seats;4 doors;used;19000;2026-03
peugeot;301;2016;gasoline;112000;manual;5CV;1200;sedan;good;standard;5 seats;4 doors;used;26000;2026-03
peugeot;2008;2020;gasoline;68000;manual;5CV;1200;crossover;good;standard;5 seats;4 doors;used;37000;2026-03
peugeot;partner;2011;diesel;200000;manual;5CV;1600;mpv;good;standard;5 seats;4 doors;used;40000;2026-03
peugeot;301;2017;gasoline;160000;manual;5CV;1200;sedan;medium;standard;5 seats;4 doors;used;20000;2026-03
peugeot;3008;2021;diesel;150000;automatic;7CV;1500;suv 4x2;good;standard;5 seats;4 doors;used;72000;2026-03
peugeot;bipper;2016;diesel;260000;manual;5CV;1300;light commercial;medium;standard;2 seats;4 doors;used;23000;2026-03
peugeot;partner;2010;diesel;240000;manual;5CV;1600;mpv;medium;standard;5 seats;4 doors;used;40000;2026-03
peugeot;3008;2017;gasoline;150000;automatic;9CV;1600;suv 4x2;good;standard;5 seats;4 doors;used;55000;2026-03
peugeot;partner;2022;diesel;170000;manual;5CV;1500;light commercial;good;standard;3 seats;4 doors;used;51000;2026-03
peugeot;bipper;2017;diesel;234000;manual;5CV;1300;light commercial;medium;standard;2 seats;4 doors;used;23000;2026-03
peugeot;301;2022;gasoline;90000;manual;5CV;1200;sedan;good;standard;5 seats;4 doors;used;32000;2026-03
peugeot;landtrek;2022;diesel;100000;manual;7CV;1900;pickup 4x2;good;standard;5 seats;4 doors;used;60000;2026-03
peugeot;301;2017;gasoline;170000;manual;5CV;1200;sedan;medium;standard;5 seats;4 doors;used;20000;2026-03
peugeot;407;2009;gasoline;257000;manual;6CV;1600;sedan;medium;standard;5 seats;4 doors;used;25000;2026-03
peugeot;expert;2019;diesel;184000;manual;6CV;1600;heavy commercial;good;standard;5 seats;4 doors;used;49000;2026-03
peugeot;407;2008;diesel;335000;manual;6CV;1600;wagon;medium;standard;5 seats;4 doors;used;25000;2026-03
peugeot;partner;2012;diesel;unknown;manual;7CV;1900;light commercial;good;standard;2 seats;4 doors;used;18000;2026-03
peugeot;205;1993;gasoline;unknown;manual;4CV;1000;hatchback;medium;standard;5 seats;4 doors;used;8000;2026-03
peugeot;2008;2014;gasoline;240000;manual;5CV;1200;crossover;medium;standard;5 seats;4 doors;used;32000;2026-03
peugeot;partner;2006;gasoline;368000;manual;7CV;1600;mpv;medium;standard;5 seats;4 doors;used;22000;2026-03
peugeot;108;2017;gasoline;113000;manual;4CV;1000;hatchback;good;standard;5 seats;4 doors;used;30000;2026-03
peugeot;5008;2021;gasoline;82500;automatic;5CV;1200;suv 4x2;good;standard;5 seats;4 doors;used;82000;2026-03
peugeot;405;1996;diesel;unknown;manual;6CV;1900;wagon;bad;standard;5 seats;4 doors;used;10000;2026-03
peugeot;boxer;2022;diesel;130000;manual;7CV;2200;heavy commercial;good;standard;3 seats;4 doors;used;52000;2026-03
peugeot;206 plus;2010;gasoline;unknown;manual;4CV;1100;hatchback;good;standard;5 seats;4 doors;used;21000;2026-03
peugeot;5008;2014;diesel;290000;automatic;6CV;1600;mpv;good;standard;5 seats;4 doors;used;40000;2026-03
peugeot;206 plus;2012;gasoline;200000;manual;5CV;1100;hatchback;good;standard;5 seats;4 doors;used;23000;2026-03
peugeot;landtrek;2022;diesel;135000;manual;6CV;1900;pickup 4x2;good;standard;2 seats;2 doors;used;53000;2026-03
peugeot;208;2021;gasoline;77000;manual;5CV;1200;hatchback;good;standard;5 seats;4 doors;used;34000;2026-03
peugeot;partner;2022;diesel;130000;manual;5CV;1600;light commercial;good;standard;2 seats;4 doors;used;37000;2026-03
peugeot;partner;2022;diesel;118000;manual;5CV;1600;light commercial;good;standard;2 seats;4 doors;used;40000;2026-03
peugeot;partner;2020;diesel;133000;manual;5CV;1500;light commercial;good;standard;3 seats;4 doors;used;45000;2026-03
peugeot;boxer;2015;diesel;unknown;manual;9CV;2200;heavy commercial;good;standard;3 seats;4 doors;used;35000;2026-03
peugeot;partner;2010;diesel;252000;manual;7CV;1900;light commercial;good;standard;2 seats;4 doors;used;19000;2026-03
peugeot;partner;2017;diesel;178000;manual;5CV;1600;light commercial;good;standard;3 seats;4 doors;used;40000;2026-03
peugeot;partner;2008;diesel;unknown;manual;5CV;1600;light commercial;medium;standard;5 seats;4 doors;used;18000;2026-03
peugeot;206;2004;gasoline;171000;manual;4CV;1200;hatchback;medium;standard;5 seats;4 doors;used;18000;2026-03
peugeot;308;2016;gasoline;193000;manual;5CV;1200;hatchback;medium;standard;5 seats;4 doors;used;35500;2026-03
peugeot;107;2009;gasoline;135000;manual;4CV;1000;hatchback;medium;standard;5 seats;4 doors;used;20000;2026-03
peugeot;305;1989;diesel;unknown;manual;6CV;1600;sedan;bad;standard;5 seats;4 doors;used;3000;2026-03
peugeot;partner;2004;diesel;unknown;manual;6CV;1900;light commercial;medium;standard;2 seats;4 doors;used;13000;2026-03
peugeot;306;2000;gasoline;unknown;manual;6CV;1600;sedan;medium;standard;5 seats;4 doors;used;11000;2026-03
peugeot;partner;2015;diesel;125000;manual;5CV;1600;light commercial;medium;standard;3 seats;4 doors;used;35000;2026-03
peugeot;106;1992;gasoline;unknown;manual;5CV;1100;hatchback;medium;standard;5 seats;4 doors;used;8000;2026-03
peugeot;2008;2015;gasoline;160000;manual;5CV;1200;crossover;medium;standard;5 seats;4 doors;used;30000;2026-03
peugeot;expert;2004;diesel;unknown;manual;7CV;1600;heavy commercial;bad;standard;3 seats;4 doors;used;11000;2026-03
peugeot;104;1989;gasoline;unknown;manual;4CV;1100;hatchback;medium;standard;5 seats;4 doors;used;4000;2026-03
peugeot;206;2000;gasoline;338000;manual;5CV;1200;hatchback;medium;standard;5 seats;4 doors;used;16000;2026-03
peugeot;205;1984;gasoline;unknown;manual;4CV;1100;hatchback;bad;standard;5 seats;4 doors;used;4000;2026-03
peugeot;406;1995;gasoline;unknown;manual;7CV;1600;sedan;medium;standard;5 seats;4 doors;used;11500;2026-03
peugeot;406;1998;gasoline;unknown;manual;7CV;1600;sedan;bad;standard;5 seats;4 doors;used;9000;2026-03
peugeot;306;1999;gasoline;unknown;manual;7CV;1600;sedan;medium;standard;5 seats;4 doors;used;11000;2026-03
peugeot;305;1984;gasoline;unknown;manual;7CV;1600;sedan;bad;standard;5 seats;4 doors;used;2700;2026-03
peugeot;boxer;2015;diesel;330000;manual;9CV;2200;heavy commercial;medium;standard;3 seats;4 doors;used;18000;2026-03
peugeot;104;1976;gasoline;unknown;manual;4CV;1100;hatchback;bad;standard;5 seats;4 doors;used;2500;2026-03
peugeot;205;1993;gasoline;unknown;manual;4CV;1100;hatchback;medium;standard;5 seats;4 doors;used;6000;2026-03
peugeot;405;1992;diesel;unknown;manual;7CV;1600;sedan;medium;standard;5 seats;4 doors;used;9000;2026-03
peugeot;106;1995;gasoline;unknown;manual;4CV;1100;hatchback;medium;standard;5 seats;4 doors;used;8000;2026-03
peugeot;106;1995;gasoline;unknown;manual;4CV;1100;hatchback;medium;standard;5 seats;4 doors;used;11000;2026-03
peugeot;boxer;2006;gasoline;unknown;manual;8CV;2200;heavy commercial;bad;standard;3 seats;4 doors;used;16000;2026-03
peugeot;206 plus;2010;gasoline;unknown;manual;5CV;1400;hatchback;bad;standard;5 seats;4 doors;used;16000;2026-03
peugeot;308;2010;diesel;unknown;manual;5CV;1600;wagon;good;standard;5 seats;4 doors;used;30000;2026-03
peugeot;landtrek;2022;diesel;90000;manual;6CV;1900;pickup 4x2;good;standard;2 seats;2 doors;used;53000;2026-03
peugeot;landtrek;2023;diesel;15000;manual;6CV;1900;pickup 4x2;good;standard;5 seats;4 doors;used;87000;2026-03
peugeot;404;1970;diesel;unknown;manual;8CV;1400;pickup 4x2;bad;standard;2 seats;2 doors;used;4000;2026-03
peugeot;3008;2012;gasoline;220000;manual;7CV;1600;mpv;medium;standard;5 seats;4 doors;used;30000;2026-03
peugeot;504;1980;diesel;unknown;manual;9CV;1900;pickup 4x2;good;standard;2 seats;2 doors;used;10000;2026-03
peugeot;505;1985;gasoline;unknown;manual;7CV;1600;sedan;medium;standard;5 seats;4 doors;used;8000;2026-03
peugeot;301;2017;gasoline;187000;manual;5CV;1200;sedan;medium;standard;5 seats;4 doors;used;24000;2026-03
peugeot;expert;2012;diesel;unknown;manual;8CV;2000;mpv;medium;standard;9 seats;4 doors;used;29000;2026-03
peugeot;rifter;2020;diesel;225000;manual;5CV;1500;mpv;good;standard;5 seats;4 doors;used;65000;2026-03
peugeot;504;1980;diesel;unknown;manual;9CV;1900;pickup 4x2;medium;standard;5 seats;4 doors;used;9000;2026-03
peugeot;309;1994;diesel;unknown;manual;6CV;1400;sedan;medium;standard;5 seats;4 doors;used;7000;2026-03
peugeot;partner;2011;diesel;unknown;manual;7CV;1900;light commercial;medium;standard;2 seats;4 doors;used;16000;2026-03
peugeot;partner;2009;diesel;unknown;manual;7CV;1900;light commercial;medium;standard;2 seats;4 doors;used;17000;2026-03
peugeot;partner;2006;diesel;unknown;manual;7CV;1900;light commercial;medium;standard;2 seats;4 doors;used;15000;2026-03
peugeot;rifter;2021;diesel;165000;manual;5CV;1600;light commercial;good;standard;5 seats;4 doors;used;66000;2026-03
peugeot;504;1993;diesel;unknown;manual;7CV;1600;wagon;medium;standard;5 seats;4 doors;used;5000;2026-03
peugeot;504;1990;gasoline;unknown;manual;7CV;1400;sedan;medium;standard;5 seats;4 doors;used;6000;2026-03
peugeot;504;1989;diesel;unknown;manual;9CV;1900;pickup 4x2;good;standard;2 seats;2 doors;used;10000;2026-03
peugeot;pickup;2018;diesel;345000;manual;7CV;1600;pickup 4x2;medium;standard;5 seats;4 doors;used;33000;2026-03
peugeot;404;1986;diesel;unknown;manual;8CV;1900;pickup 4x2;good;standard;5 seats;4 doors;used;8000;2026-03
peugeot;404;1982;diesel;unknown;manual;8CV;1900;pickup 4x2;good;standard;5 seats;4 doors;used;6000;2026-03
peugeot;208;2026;gasoline;0;manual;5CV;1200;hatchback;good;standard;5 seats;4 doors;new;69000;2026-03
peugeot;2008;2026;gasoline;0;automatic;7CV;1200;crossover;good;standard;5 seats;4 doors;new;89400;2026-03
peugeot;rifter;2026;diesel;0;manual;5CV;1600;mpv;good;standard;5 seats;4 doors;new;104900;2026-03
peugeot;408;2026;gasoline;0;automatic;13CV;1600;crossover;good;standard;5 seats;4 doors;new;140000;2026-03
peugeot;expert;2026;diesel;0;manual;8CV;2000;mpv;good;standard;9 seats;4 doors;new;150000;2026-03
peugeot;landtrek;2026;diesel;0;manual;6CV;1900;pickup 4x2;good;standard;2 seats;2 doors;new;74000;2026-03
peugeot;landtrek;2026;diesel;0;manual;6CV;1900;pickup 4x2;good;standard;5 seats;4 doors;new;88000;2026-03
peugeot;landtrek;2026;diesel;0;manual;8CV;1900;pickup 4x4;good;standard;5 seats;4 doors;new;107000;2026-03
peugeot;partner;2026;diesel;0;manual;5CV;1600;light commercial;good;standard;2 seats;4 doors;new;64000;2026-03
peugeot;expert;2026;diesel;0;manual;9CV;2000;heavy commercial;good;standard;3 seats;4 doors;new;88000;2026-03
peugeot;boxer;2026;diesel;0;manual;7CV;2200;heavy commercial;good;standard;3 seats;4 doors;new;97000;2026-03
peugeot;boxer;2026;diesel;0;manual;7CV;2200;heavy commercial;good;standard;7 seats;4 doors;new;114000;2026-03
peugeot;expert traveller;2026;diesel;0;manual;8CV;2000;mpv;good;standard;9 seats;4 doors;new;168000;2026-03
citroen;c3;2026;gasoline;0;manual;4CV;1200;hatchback;good;standard;5 seats;4 doors;new;35000;2026-03
citroen;c4 x;2026;gasoline;0;manual;7CV;1200;crossover;good;standard;5 seats;4 doors;new;90000;2026-03
citroen;berlingo;2026;diesel;0;manual;5CV;1600;mpv;good;standard;5 seats;4 doors;new;97000;2026-03
citroen;jumpy;2026;diesel;0;manual;8CV;2000;mpv;good;standard;9 seats;4 doors;new;150000;2026-03
citroen;berlingo;2026;diesel;0;manual;5CV;1600;light commercial;good;standard;3 seats;4 doors;new;67000;2026-03
citroen;jumpy;2026;diesel;0;manual;8CV;2000;heavy commercial;good;standard;3 seats;4 doors;new;88000;2026-03
citroen;jumper;2026;diesel;0;manual;7CV;2200;heavy commercial;good;standard;5 seats;4 doors;new;99000;2026-03
citroen;berlingo;2014;diesel;387000;manual;5CV;1600;light commercial;medium;standard;3 seats;4 doors;used;33000;2026-03
citroen;berlingo;2016;diesel;200000;manual;5CV;1600;light commercial;good;standard;3 seats;4 doors;used;38000;2026-03
citroen;berlingo;2004;diesel;unknown;manual;7CV;1900;light commercial;medium;standard;2 seats;4 doors;used;13000;2026-03
citroen;c5;2011;gasoline;253000;manual;9CV;1600;sedan;medium;standard;5 seats;4 doors;used;25000;2026-03
citroen;nemo;2014;diesel;336000;manual;5CV;1400;light commercial;medium;standard;2 seats;4 doors;used;19000;2026-03
citroen;berlingo;2010;diesel;245000;manual;5CV;1600;mpv;medium;standard;5 seats;4 doors;used;39000;2026-03
citroen;c3 aircross;2021;gasoline;122000;manual;6CV;1200;crossover;good;standard;5 seats;4 doors;used;65000;2026-03
citroen;xsara;2005;diesel;300000;manual;6CV;2000;wagon;medium;standard;5 seats;4 doors;used;14000;2026-03
citroen;nemo;2018;diesel;200000;manual;6CV;1300;light commercial;medium;standard;2 seats;4 doors;used;25000;2026-03
citroen;c3;2020;gasoline;150000;manual;4CV;1200;hatchback;good;standard;5 seats;4 doors;used;32000;2026-03
citroen;xsara;2003;diesel;260000;manual;6CV;2000;sedan;medium;standard;5 seats;4 doors;used;15000;2026-03
citroen;c5;2012;diesel;315000;manual;6CV;1600;sedan;good;standard;5 seats;4 doors;used;34000;2026-03
citroen;berlingo;2016;diesel;unknown;manual;5CV;1600;light commercial;medium;standard;2 seats;4 doors;used;26000;2026-03
citroen;nemo;2015;gasoline;169000;manual;5CV;1400;light commercial;good;standard;2 seats;4 doors;used;25000;2026-03
citroen;c3;2017;gasoline;80000;manual;4CV;1200;hatchback;good;standard;5 seats;4 doors;used;32000;2026-03
citroen;c1;2011;gasoline;160000;manual;4CV;1200;hatchback;good;standard;5 seats;4 doors;used;22000;2026-03
citroen;c4;2012;gasoline;219000;manual;6CV;1200;hatchback;medium;standard;5 seats;4 doors;used;26500;2026-03
citroen;c3;2007;gasoline;190000;manual;4CV;1200;hatchback;medium;standard;5 seats;4 doors;used;21000;2026-03
citroen;ax;1994;gasoline;unknown;manual;4CV;1000;hatchback;medium;standard;5 seats;4 doors;used;5000;2026-03
citroen;c5;2010;diesel;280000;manual;6CV;1600;sedan;good;standard;5 seats;4 doors;used;28000;2026-03
citroen;c4;2013;gasoline;150000;manual;6CV;1400;hatchback;good;standard;5 seats;4 doors;used;30500;2026-03
citroen;c3;2019;gasoline;70000;manual;4CV;1200;hatchback;good;standard;5 seats;4 doors;used;35000;2026-03
citroen;c1;2017;gasoline;90000;manual;4CV;1200;hatchback;good;standard;5 seats;4 doors;used;32000;2026-03
citroen;ds5;2017;diesel;256000;manual;6CV;1600;hatchback;good;standard;5 seats;4 doors;used;53000;2026-03
citroen;berlingo;2020;diesel;133000;manual;5CV;1600;light commercial;good;standard;3 seats;4 doors;used;43000;2026-03
citroen;jumper;2012;diesel;200000;manual;7CV;2200;heavy commercial;medium;standard;3 seats;4 doors;used;30000;2026-03
citroen;jumpy;2005;diesel;unknown;manual;7CV;2000;heavy commercial;medium;standard;3 seats;4 doors;used;18000;2026-03
citroen;berlingo;2019;diesel;145000;manual;6CV;1600;light commercial;good;standard;3 seats;4 doors;used;43000;2026-03
citroen;c4;2007;gasoline;415000;manual;7CV;1600;hatchback;medium;standard;5 seats;4 doors;used;16000;2026-03
citroen;berlingo;2015;diesel;260000;manual;5CV;1600;light commercial;medium;standard;5 seats;4 doors;used;27000;2026-03
citroen;c4 cactus;2019;gasoline;90500;manual;5CV;1300;hatchback;good;standard;5 seats;4 doors;used;43000;2026-03
citroen;c3;2017;gasoline;140000;manual;4CV;1200;hatchback;good;standard;5 seats;4 doors;used;28000;2026-03
citroen;ds3;2013;gasoline;240000;manual;5CV;1400;hatchback;good;standard;5 seats;4 doors;used;24000;2026-03
citroen;c4;2013;gasoline;258000;manual;6CV;1600;hatchback;good;standard;5 seats;4 doors;used;28000;2026-03
citroen;berlingo;2021;diesel;160000;manual;7CV;1500;mpv;good;standard;7 seats;4 doors;used;65000;2026-03
citroen;c15;1995;gasoline;unknown;manual;5CV;1800;light commercial;medium;standard;5 seats;4 doors;used;8000;2026-03
citroen;c3;2020;gasoline;70000;manual;5CV;1200;hatchback;good;standard;5 seats;4 doors;used;34000;2026-03
citroen;c3;2018;gasoline;110000;manual;5CV;1200;hatchback;good;standard;5 seats;4 doors;used;36000;2026-03
citroen;berlingo;2021;diesel;200000;manual;5CV;1600;light commercial;good;standard;2 seats;4 doors;used;43000;2026-03
citroen;nemo;2015;diesel;250000;manual;5CV;1300;light commercial;medium;standard;2 seats;4 doors;used;22000;2026-03
citroen;c4 picasso;2015;diesel;140000;manual;8CV;1600;mpv;good;standard;7 seats;4 doors;used;53000;2026-03
citroen;c4 cactus;2018;gasoline;110000;manual;6CV;1200;hatchback;good;standard;5 seats;4 doors;used;38000;2026-03
citroen;c3 picasso;2015;diesel;97000;manual;5CV;1600;hatchback;good;standard;5 seats;4 doors;used;37000;2026-03
citroen;berlingo;2014;diesel;360000;manual;5CV;1600;mpv;good;standard;5 seats;4 doors;used;44000;2026-03
citroen;berlingo;2021;diesel;65000;manual;5CV;1500;light commercial;good;standard;3 seats;4 doors;used;55000;2026-03
citroen;c3;2010;gasoline;300000;manual;5CV;1400;hatchback;medium;standard;5 seats;4 doors;used;19000;2026-03
citroen;jumpy;2021;diesel;170000;manual;7CV;1500;heavy commercial;good;standard;3 seats;4 doors;used;48000;2026-03
citroen;jumpy;2022;diesel;130000;manual;6CV;2000;mpv;good;standard;9 seats;4 doors;used;82000;2026-03
citroen;c elysee;2018;gasoline;150000;manual;5CV;1200;sedan;medium;standard;5 seats;4 doors;used;23000;2026-03
citroen;jumpy;1998;diesel;unknown;manual;8CV;2000;heavy commercial;medium;standard;3 seats;4 doors;used;14000;2026-03
citroen;berlingo;2000;diesel;unknown;manual;7CV;1900;light commercial;bad;standard;2 seats;4 doors;used;8000;2026-03
citroen;berlingo;2004;diesel;unknown;manual;7CV;2000;light commercial;bad;standard;2 seats;4 doors;used;12000;2026-03
citroen;berlingo;2020;diesel;270000;manual;5CV;1600;light commercial;good;standard;2 seats;4 doors;used;37000;2026-03
citroen;jumpy;2007;diesel;unknown;manual;7CV;1900;heavy commercial;medium;standard;3 seats;4 doors;used;20000;2026-03
citroen;jumpy;2021;diesel;unknown;manual;8CV;2000;heavy commercial;good;standard;3 seats;4 doors;used;54000;2026-03
citroen;jumpy;2020;diesel;299000;manual;9CV;2000;heavy commercial;good;standard;3 seats;4 doors;used;50000;2026-03
citroen;jumpy;2018;diesel;296000;manual;9CV;2000;heavy commercial;good;standard;3 seats;4 doors;used;47000;2026-03
citroen;berlingo;2011;diesel;300000;manual;5CV;1600;light commercial;medium;standard;2 seats;4 doors;used;18000;2026-03
citroen;berlingo;2017;diesel;200000;manual;5CV;1600;light commercial;good;standard;3 seats;4 doors;used;40000;2026-03
citroen;berlingo;2001;diesel;unknown;manual;7CV;1900;light commercial;medium;standard;2 seats;4 doors;used;16000;2026-03
citroen;berlingo;2021;diesel;100000;manual;5CV;1600;mpv;good;standard;5 seats;4 doors;used;57000;2026-03
citroen;berlingo;2015;diesel;124000;manual;5CV;1600;light commercial;good;standard;3 seats;4 doors;used;35000;2026-03
citroen;jumper;2017;diesel;420000;manual;7CV;2200;heavy commercial;good;standard;3 seats;4 doors;used;40000;2026-03
citroen;jumper;2022;diesel;158000;manual;7CV;2200;heavy commercial;good;standard;3 seats;4 doors;used;65000;2026-03
citroen;berlingo;2011;gasoline;unknown;manual;7CV;1600;mpv;good;standard;5 seats;4 doors;used;27000;2026-03
citroen;jumper;2015;diesel;200000;manual;7CV;2200;heavy commercial;bad;standard;3 seats;4 doors;used;22000;2026-03
citroen;jumper;2014;diesel;unknown;manual;7CV;2200;heavy commercial;good;standard;7 seats;4 doors;used;40000;2026-03
citroen;jumpy;2005;diesel;unknown;manual;8CV;2000;mpv;bad;standard;9 seats;4 doors;used;13000;2026-03
citroen;jumpy;2020;diesel;unknown;manual;8CV;2000;mpv;good;standard;9 seats;4 doors;used;55000;2026-03
citroen;jumpy;2009;diesel;unknown;manual;8CV;2000;mpv;bad;standard;9 seats;4 doors;used;17000;2026-03
citroen;jumper;2009;diesel;unknown;manual;7CV;2200;heavy commercial;medium;standard;3 seats;4 doors;used;20000;2026-03
citroen;jumpy;2012;diesel;unknown;manual;8CV;2000;heavy commercial;good;standard;3 seats;4 doors;used;28000;2026-03
citroen;jumper;2010;diesel;344000;manual;7CV;2200;heavy commercial;medium;standard;3 seats;4 doors;used;21000;2026-03
citroen;jumper;2005;diesel;unknown;manual;8CV;2200;heavy commercial;medium;standard;3 seats;4 doors;used;16000;2026-03
citroen;jumper;2011;diesel;107000;manual;7CV;2200;heavy commercial;good;standard;3 seats;4 doors;used;40000;2026-03
citroen;jumper;2021;diesel;unknown;manual;7CV;2200;heavy commercial;good;standard;3 seats;4 doors;used;58000;2026-03
toyota;yaris;2015;gasoline;210000;manual;6CV;1400;sedan;medium;standard;5 seats;4 doors;used;33000;2026-03
toyota;rav4;2022;gasoline;41000;automatic;11CV;2500;suv 4x4;good;standard;5 seats;4 doors;used;125000;2026-03
toyota;aygo;2017;gasoline;90000;manual;4CV;1000;hatchback;good;standard;5 seats;4 doors;used;27000;2026-03
toyota;yaris;2007;gasoline;258000;manual;4CV;1000;hatchback;medium;standard;5 seats;4 doors;used;18000;2026-03
toyota;hilux;2024;diesel;96000;automatic;8CV;2400;pickup 4x4;good;gr;5 seats;4 doors;used;165000;2026-03
toyota;agya;2021;gasoline;81000;manual;4CV;1000;hatchback;good;standard;5 seats;4 doors;used;30000;2026-03
toyota;rav4;2009;gasoline;275000;automatic;10CV;2200;suv 4x4;good;standard;5 seats;4 doors;used;40000;2026-03
toyota;hiace;2013;diesel;unknown;manual;8CV;2500;mpv;medium;standard;9 seats;4 doors;used;24000;2026-03
toyota;corolla;2020;hybrid;87000;automatic;5CV;1800;wagon;good;standard;5 seats;4 doors;used;75000;2026-03
toyota;yaris;2021;gasoline;66800;manual;6CV;1400;sedan;good;standard;5 seats;4 doors;used;50000;2026-03
toyota;c-hr;2020;gasoline;145000;automatic;6CV;1200;crossover;good;standard;5 seats;4 doors;used;62000;2026-03
toyota;land cruiser 105;2000;diesel;unknown;manual;21CV;4200;suv 4x4;good;standard;5 seats;4 doors;used;80000;2026-03
toyota;agya;2022;gasoline;100000;automatic;5CV;1200;hatchback;good;standard;5 seats;4 doors;used;31500;2026-03
toyota;hilux;2023;diesel;42000;automatic;11CV;2800;pickup 4x4;good;standard;4 seats;4 doors;used;158000;2026-03
toyota;corolla;2021;gasoline;185000;automatic;7CV;1600;sedan;good;standard;5 seats;4 doors;used;64000;2026-03
toyota;hilux;2020;diesel;147000;automatic;8CV;2400;pickup 4x4;good;standard;5 seats;4 doors;used;120000;2026-03
toyota;hilux;2000;diesel;unknown;manual;11CV;2800;pickup 4x4;medium;standard;5 seats;4 doors;used;23000;2026-03
toyota;corolla;2021;gasoline;108000;automatic;6CV;1200;hatchback;good;standard;5 seats;4 doors;used;65000;2026-03
toyota;rav4;2008;diesel;155000;manual;11CV;2200;suv 4x4;good;standard;5 seats;4 doors;used;53000;2026-03
toyota;c-hr;2021;gasoline;12000;manual;6CV;1200;crossover;good;standard;5 seats;4 doors;used;75000;2026-03
toyota;yaris;2011;gasoline;170000;automatic;5CV;1300;hatchback;good;standard;5 seats;4 doors;used;30000;2026-03
toyota;proace;2021;diesel;140000;manual;5CV;1500;light commercial;good;standard;3 seats;4 doors;used;52000;2026-03
toyota;corolla;2021;gasoline;110000;automatic;6CV;1200;hatchback;good;standard;5 seats;4 doors;used;63000;2026-03
toyota;c-hr;2020;gasoline;120000;automatic;6CV;1200;crossover;good;standard;5 seats;4 doors;used;69000;2026-03
toyota;rav4;2010;diesel;211000;manual;8CV;2000;suv 4x4;good;standard;5 seats;4 doors;used;55000;2026-03
toyota;avanza;2014;gasoline;280000;manual;6CV;1500;mpv;medium;standard;5 seats;4 doors;used;28000;2026-03
toyota;prado gx 95;2001;diesel;200000;manual;10CV;3000;suv 4x4;good;standard;7 seats;4 doors;used;65000;2026-03
toyota;corolla;2020;gasoline;53800;manual;6CV;1200;hatchback;good;standard;5 seats;4 doors;used;60000;2026-03
toyota;yaris;2017;gasoline;117000;manual;4CV;1000;hatchback;good;standard;5 seats;4 doors;used;35000;2026-03
toyota;yaris;2016;gasoline;179000;manual;6CV;1300;sedan;good;standard;5 seats;4 doors;used;36000;2026-03
toyota;corolla;2020;gasoline;91000;manual;6CV;1200;hatchback;good;standard;5 seats;4 doors;used;53000;2026-03
toyota;rav4;2003;diesel;260000;manual;8CV;2000;suv 4x4;good;standard;5 seats;4 doors;used;35500;2026-03
toyota;hiace;2020;diesel;570000;manual;8CV;3000;mpv;good;standard;9 seats;4 doors;used;45000;2026-03
toyota;yaris;2015;gasoline;148000;manual;5CV;1300;hatchback;good;standard;5 seats;4 doors;used;33000;2026-03
toyota;yaris;2018;gasoline;153000;manual;4CV;1000;hatchback;good;standard;5 seats;4 doors;used;30000;2026-03
toyota;corolla;2021;gasoline;63000;manual;6CV;1200;hatchback;good;standard;5 seats;4 doors;used;65000;2026-03
toyota;hilux;2016;diesel;unknown;manual;8CV;2400;pickup 4x4;good;standard;4 seats;4 doors;used;120000;2026-03
toyota;agya;2022;gasoline;59000;manual;5CV;1200;hatchback;good;standard;5 seats;4 doors;used;33000;2026-03
toyota;land cruiser 79;2022;diesel;37000;manual;11CV;2500;pickup 4x4;good;standard;2 seats;4 doors;used;115000;2026-03
toyota;land cruiser 80;1996;diesel;500000;manual;17CV;4200;suv 4x4;good;standard;5 seats;4 doors;used;60000;2026-03
toyota;yaris;2017;gasoline;125000;manual;5CV;1300;sedan;good;standard;5 seats;4 doors;used;42000;2026-03
toyota;corolla;2023;gasoline;45000;automatic;6CV;1200;hatchback;good;standard;5 seats;4 doors;used;80000;2026-03
toyota;yaris cross;2023;hybrid;25000;automatic;5CV;1200;crossover;good;standard;5 seats;4 doors;used;92000;2026-03
toyota;hilux;2017;diesel;200000;manual;8CV;2400;pickup 4x4;good;standard;5 seats;4 doors;used;113000;2026-03
toyota;hiace;2019;diesel;750000;manual;8CV;2500;mpv;good;standard;9 seats;4 doors;used;38000;2026-03
toyota;agya;2021;gasoline;56000;manual;5CV;1200;hatchback;good;standard;5 seats;4 doors;used;47000;2026-03
toyota;hiace;2005;diesel;unknown;manual;10CV;3000;mpv;medium;standard;9 seats;4 doors;used;24000;2026-03
toyota;prado;2010;diesel;287000;manual;9CV;2800;suv 4x4;good;standard;5 seats;4 doors;used;110000;2026-03
toyota;yaris;2017;gasoline;120000;manual;4CV;1000;hatchback;good;standard;5 seats;4 doors;used;30000;2026-03
toyota;prado;2014;diesel;unknown;manual;11CV;3000;suv 4x4;good;standard;5 seats;4 doors;used;135000;2026-03
toyota;rav4;2023;hybrid;unknown;automatic;9CV;2500;suv 4x4;good;standard;5 seats;4 doors;used;135000;2026-03
toyota;hilux ;2019;diesel;unknown;automatic;8CV;2400;pickup 4x4;good;standard;5 seats;4 doors;used;145000;2026-03
toyota;yaris;2017;gasoline;unknown;automatic;5CV;1200;hatchback;good;standard;5 seats;4 doors;used;35000;2026-03
toyota;yaris cross;2023;hybrid;45000;automatic;5CV;1200;crossover;good;standard;5 seats;4 doors;used;105000;2026-03
toyota;hiace;2010;diesel;unknown;manual;8CV;2500;mpv;medium;standard;9 seats;4 doors;used;18000;2026-03
toyota;rav4;2014;gasoline;70000;automatic;9CV;2000;suv 4x4;good;standard;5 seats;4 doors;used;65000;2026-03
toyota;hiace;2015;diesel;unknown;manual;8CV;2500;mpv;medium;standard;9 seats;4 doors;used;28000;2026-03
toyota;prado;2008;diesel;416000;manual;11CV;2800;suv 4x4;good;standard;5 seats;4 doors;used;90000;2026-03
toyota;c-hr;2024;hybrid;130000;automatic;6CV;1400;crossover;good;standard;5 seats;4 doors;used;110000;2026-03
toyota;hiace;2003;diesel;unknown;manual;10CV;3000;mpv;medium;standard;9 seats;4 doors;used;13000;2026-03
toyota;rav4;2021;hybrid;50000;automatic;10CV;2500;suv 4x4;good;standard;5 seats;4 doors;used;120000;2026-03
toyota;camry;2012;gasoline;130000;automatic;12CV;2200;sedan;good;standard;5 seats;4 doors;used;41000;2026-03
toyota;80;1997;diesel;418000;manual;17CV;3000;suv 4x4;good;standard;5 seats;4 doors;used;65000;2026-03
toyota;prado;2010;diesel;560000;manual;9CV;3000;suv 4x4;good;standard;5 seats;4 doors;used;80000;2026-03
toyota;hilux;2016;diesel;70000;automatic;8CV;2400;pickup 4x4;good;standard;5 seats;4 doors;used;150000;2026-03
toyota;prado;2008;diesel;286000;automatic;19CV;3500;suv 4x4;good;standard;5 seats;4 doors;used;82000;2026-03
toyota;yaris;2004;gasoline;350000;manual;4CV;1000;hatchback;good;standard;5 seats;4 doors;used;15000;2026-03
toyota;hilux;2007;diesel;365000;manual;10CV;2800;suv 4x4;good;standard;5 seats;4 doors;used;56000;2026-03
toyota;hilux;1991;diesel;unknown;manual;11CV;2800;suv 4x2;medium;standard;5 seats;4 doors;used;19000;2026-03
toyota;hiace;2003;diesel;unknown;manual;10CV;3000;mpv;medium;standard;5 seats;4 doors;used;13000;2026-03
toyota;hilux;2005;diesel;unknown;manual;10CV;2800;pickup 4x4;good;standard;5 seats;4 doors;used;42000;2026-03
toyota;hilux;2022;diesel;61000;automatic;10CV;2800;pickup 4x4;good;gr;5 seats;4 doors;used;250000;2026-03
toyota;hilux;2019;diesel;87000;manual;8CV;2400;pickup 4x4;good;standard;2 seats;2 doors;used;95000;2026-03
toyota;yaris;2022;gasoline;161000;manual;4CV;1200;hatchback;good;standard;5 seats;4 doors;used;36000;2026-03
toyota;hilux;2016;diesel;unknown;manual;8CV;2700;pickup 4x2;good;standard;2 seats;2 doors;used;45000;2026-03
toyota;rav4;2017;gasoline;unknown;automatic;9CV;2500;suv 4x4;good;standard;5 seats;4 doors;used;54000;2026-03
toyota;hilux;1995;diesel;unknown;manual;11CV;2800;pickup 4x4;bad;standard;5 seats;4 doors;used;22000;2026-03
toyota;corolla;2000;gasoline;unknown;manual;8CV;1600;sedan;medium;standard;5 seats;4 doors;used;18000;2026-03
toyota;hilux;1998;diesel;unknown;manual;11CV;2800;pickup 4x4;medium;standard;5 seats;4 doors;used;28000;2026-03
toyota;hilux;2019;diesel;100000;manual;8CV;2400;pickup 4x4;good;standard;5 seats;4 doors;used;130000;2026-03
toyota;hilux;2010;diesel;217000;manual;8CV;2500;pickup 4x4;good;standard;5 seats;4 doors;used;67000;2026-03
toyota;prado;2000;diesel;unknown;manual;11CV;3000;suv 4x4;good;standard;5 seats;4 doors;used;52000;2026-03
toyota;land cruiser 105;1998;diesel;900000;manual;17CV;4000;suv 4x4;good;standard;5 seats;4 doors;used;55000;2026-03
toyota;yaris;2026;hybrid;0;automatic;4CV;1500;hatchback;good;standard;5 seats;4 doors;new;84000;2026-03
toyota;yaris cross;2026;hybrid;0;automatic;5CV;1500;crossover;good;standard;5 seats;4 doors;new;112000;2026-03
toyota;rav4;2026;hybrid;0;automatic;9CV;2500;suv 4x4;good;standard;5 seats;4 doors;new;184000;2026-03
toyota;fortuner;2026;diesel;0;automatic;8CV;2400;suv 4x4;good;standard;5 seats;4 doors;new;270000;2026-03
toyota;prado;2026;diesel;0;automatic;11CV;2800;suv 4x4;good;standard;5 seats;4 doors;new;324000;2026-03
toyota;land cruiser 300;2026;diesel;0;automatic;32CV;3500;suv 4x4;good;standard;5 seats;4 doors;new;530000;2026-03
toyota;hilux;2026;diesel;0;manual;8CV;2400;pickup 4x2;good;standard;2 seats;2 doors;new;124000;2026-03
toyota;hilux;2026;diesel;0;automatic;8CV;2400;pickup 4x4;good;standard;5 seats;4 doors;new;190000;2026-03
toyota;hilux;2026;diesel;0;manual;8CV;2400;pickup 4x2;good;standard;5 seats;4 doors;new;160000;2026-03
toyota;hiace;2026;diesel;0;manual;10CV;3000;heavy commercial;good;standard;5 seats;4 doors;new;83000;2026-03
toyota;hiace;2026;diesel;0;manual;10CV;3000;mpv;good;standard;5 seats;4 doors;new;90000;2026-03
kia;rio;2012;gasoline;206000;manual;5CV;1200;sedan;good;standard;5 seats;4 doors;used;30000;2026-03
kia;picanto;2023;gasoline;87000;manual;4CV;1000;hatchback;good;standard;5 seats;4 doors;used;36000;2026-03
kia;rio;2021;gasoline;150000;manual;5CV;1200;hatchback;good;standard;5 seats;4 doors;used;50000;2026-03
kia;rio;2013;gasoline;232000;manual;5CV;1200;sedan;good;standard;5 seats;4 doors;used;29000;2026-03
kia;sportage;2012;diesel;335000;manual;7CV;1700;suv 4x4;good;standard;5 seats;4 doors;used;45000;2026-03
kia;picanto;2021;gasoline;93000;manual;4CV;1000;hatchback;good;standard;5 seats;4 doors;used;35000;2026-03
kia;sportage;2020;gasoline;70000;automatic;8CV;1600;suv 4x4;good;standard;5 seats;4 doors;used;76000;2026-03
kia;rio;2011;gasoline;208000;manual;6CV;1600;sedan;medium;standard;5 seats;4 doors;used;24000;2026-03
kia ;rio;2017;gasoline;180000;manual;5CV;1200;sedan;good;standard;5 seats;4 doors;used;33000;2026-03
kia;rio;2020;gasoline;170000;automatic;8CV;1600;suv 4x4;good;standard;5 seats;4 doors;used;80000;2026-03
kia;xceed;2022;gasoline;90000;manual;6CV;1200;hatchback;good;standard;5 seats;4 doors;used;66000;2026-03
kia;stonic;2020;gasoline;108000;manual;5CV;1200;crossover;good;standard;5 seats;4 doors;used;60000;2026-03
kia;sportage;2017;gasoline;218000;automatic;8CV;1600;suv 4x4;good;standard;5 seats;4 doors;used;60000;2026-03
kia;rio;2019;gasoline;50000;manual;5CV;1200;hatchback;good;standard;5 seats;4 doors;used;48000;2026-03
kia;picanto;2014;gasoline;130000;automatic;5CV;1200;hatchback;medium;standard;5 seats;4 doors;used;27000;2026-03
kia;sportage;2018;diesel;125000;automatic;7CV;1700;suv 4x4;good;standard;5 seats;4 doors;used;76000;2026-03
kia;picanto;2020;gasoline;59000;manual;4CV;1000;hatchback;good;standard;5 seats;4 doors;used;33000;2026-03
kia;k2700;2017;diesel;200000;manual;9CV;2600;pickup 4x4;good;standard;5 seats;4 doors;used;38000;2026-03
kia;sportage;2018;gasoline;211000;automatic;8CV;1600;suv 4x4;good;standard;5 seats;4 doors;used;68000;2026-03
kia;rio;2020;gasoline;150000;manual;5CV;1200;hatchback;good;standard;5 seats;4 doors;used;46000;2026-03
kia;rio;2014;gasoline;190000;automatic;6CV;1400;hatchback;good;standard;5 seats;4 doors;used;33000;2026-03
kia;sonet;2025;gasoline;12000;automatic;6CV;1500;suv 4x4;good;standard;5 seats;4 doors;used;88000;2026-03
kia;rio;2022;gasoline;89000;manual;6CV;1200;hatchback;good;standard;5 seats;4 doors;used;55000;2026-03
kia;rio;2019;gasoline;150000;manual;5CV;1200;hatchback;good;standard;5 seats;4 doors;used;44000;2026-03
kia;seltos;2022;gasoline;90000;automatic;8CV;1400;suv 4x2;good;standard;5 seats;4 doors;used;80000;2026-03
kia;rio;2019;gasoline;110000;manual;5CV;1200;hatchback;good;standard;5 seats;4 doors;used;44000;2026-03
kia;rio;2020;gasoline;138000;manual;5CV;1200;hatchback;good;standard;5 seats;4 doors;used;42000;2026-03
kia;cerato;2010;gasoline;143000;manual;7CV;1500;sedan;medium;standard;5 seats;4 doors;used;28000;2026-03
kia;picanto;2017;gasoline;73000;manual;5CV;1200;hatchback;good;standard;5 seats;4 doors;used;30000;2026-03
kia;sportage;2019;hybrid;116000;automatic;11CV;1900;suv 4x4;good;standard;5 seats;4 doors;used;120000;2026-03
kia;sportage;2023;gasoline;89000;automatic;10CV;2000;suv 4x4;good;standard;5 seats;4 doors;used;119000;2026-03
kia;sportage;2017;gasoline;111000;automatic;8CV;1600;suv 4x4;good;standard;5 seats;4 doors;used;66000;2026-03
kia;rio;2020;gasoline;176000;manual;5CV;1200;hatchback;good;standard;5 seats;4 doors;used;39000;2026-03
kia;rio;2020;gasoline;120000;manual;5CV;1200;hatchback;good;standard;5 seats;4 doors;used;43000;2026-03
kia;picanto;2013;gasoline;170000;automatic;5CV;1400;hatchback;medium;standard;5 seats;4 doors;used;26000;2026-03
kia;seltos;2021;gasoline;100000;automatic;8CV;1500;suv 4x4;good;standard;5 seats;4 doors;used;82000;2026-03
kia;picanto;2023;gasoline;80000;manual;5CV;1200;hatchback;good;standard;5 seats;4 doors;used;41000;2026-03
kia;seltos;2025;gasoline;1600;automatic;8CV;1500;suv 4x4;good;standard;5 seats;4 doors;used;102000;2026-03
kia;rio;2020;gasoline;30000;manual;5CV;1200;hatchback;good;standard;5 seats;4 doors;used;53000;2026-03
kia;rio;2015;gasoline;105000;manual;5CV;1200;hatchback;good;standard;5 seats;4 doors;used;38000;2026-03
kia;rio;2014;gasoline;190000;manual;5CV;1200;hatchback;medium;standard;5 seats;4 doors;used;32000;2026-03
kia;picanto;2020;gasoline;106000;automatic;5CV;1200;hatchback;good;standard;5 seats;4 doors;used;40000;2026-03
kia;stonic;2024;gasoline;42000;manual;5CV;1200;hatchback;good;standard;5 seats;4 doors;used;70000;2026-03
kia;k2700;2018;diesel;222000;manual;9CV;2600;pickup 4x4;good;standard;5 seats;4 doors;used;36000;2026-03
kia;xceed;2022;gasoline;68000;automatic;9CV;1500;crossover;good;standard;5 seats;4 doors;used;90000;2026-03
kia;sportage;2022;hybrid;75000;automatic;8CV;1600;suv 4x4;good;standard;5 seats;4 doors;used;115000;2026-03
kia;picanto;2020;gasoline;110000;automatic;5CV;1200;hatchback;good;standard;5 seats;4 doors;used;41000;2026-03
kia;picanto;2021;gasoline;73000;manual;4CV;1000;hatchback;good;standard;5 seats;4 doors;used;34000;2026-03
kia;sorento;2012;diesel;113000;automatic;12CV;2000;suv 4x4;good;standard;5 seats;4 doors;used;65000;2026-03
kia;carens;2014;diesel;267000;automatic;7CV;1700;mpv;good;standard;5 seats;4 doors;used;38000;2026-03
kia;seltos;2021;gasoline;161000;automatic;8CV;1400;suv 4x2;good;standard;5 seats;4 doors;used;65000;2026-03
kia;sportage;2014;diesel;240000;automatic;11CV;2000;suv 4x4;medium;standard;5 seats;4 doors;used;48000;2026-03
kia;soul;2018;gasoline;20000;automatic;16CV;2000;sedan;good;standard;5 seats;4 doors;used;120000;2026-03
kia;rio;2022;gasoline;50000;manual;5CV;1200;hatchback;good;standard;5 seats;4 doors;used;60000;2026-03
kia;rio;2012;gasoline;170000;manual;5CV;1200;hatchback;medium;standard;5 seats;4 doors;used;26000;2026-03
kia;rio;2012;gasoline;350000;manual;5CV;1200;hatchback;medium;standard;5 seats;4 doors;used;28000;2026-03
kia;rio;2010;gasoline;239000;manual;6CV;1400;sedan;medium;standard;5 seats;4 doors;used;16000;2026-03
kia;cerato;2014;gasoline;236000;manual;7CV;1600;sedan;good;standard;5 seats;4 doors;used;35000;2026-03
kia;sorento;2013;diesel;230000;automatic;12CV;2200;suv 4x4;good;standard;5 seats;4 doors;used;52000;2026-03
kia;sorento;2009;diesel;unknown;manual;10CV;1900;suv 4x4;medium;standard;5 seats;4 doors;used;34000;2026-03
kia;picanto;2010;gasoline;200000;manual;4CV;1000;hatchback;bad;standard;5 seats;4 doors;used;18000;2026-03
kia;picanto;2012;gasoline;220000;manual;5CV;1200;hatchback;medium;standard;5 seats;4 doors;used;24000;2026-03
kia;ceed;2018;gasoline;190000;manual;6CV;1400;hatchback;good;standard;5 seats;4 doors;used;42000;2026-03
kia;cerato;2007;diesel;300000;manual;6CV;1600;sedan;good;standard;5 seats;4 doors;used;23000;2026-03
kia;cerato;2010;gasoline;200000;manual;7CV;1600;coupe;medium;standard;5 seats;4 doors;used;27000;2026-03
kia;rio;2022;gasoline;125000;manual;5CV;1200;hatchback;good;standard;5 seats;4 doors;used;55000;2026-03
kia;picanto;2010;gasoline;168000;manual;4CV;1000;hatchback;medium;standard;5 seats;4 doors;used;21000;2026-03
kia;rio;2017;gasoline;162000;manual;5CV;1200;hatchback;good;standard;5 seats;4 doors;used;36000;2026-03
kia;picanto;2026;gasoline;0;manual;4CV;1000;hatchback;good;standard;5 seats;4 doors;new;32000;2026-03
kia;picanto;2026;gasoline;0;manual;5CV;1200;hatchback;good;standard;5 seats;4 doors;new;52000;2026-03
kia;picanto;2026;gasoline;0;automatic;5CV;1200;hatchback;good;standard;5 seats;4 doors;new;60000;2026-03
kia;sonet;2026;gasoline;0;manual;6CV;1500;suv 4x2;good;standard;5 seats;4 doors;new;88000;2026-03
kia;sonet;2026;gasoline;0;automatic;6CV;1500;suv 4x4;good;standard;5 seats;4 doors;new;100000;2026-03
kia;seltos;2026;gasoline;0;automatic;8CV;1400;suv 4x4;good;standard;5 seats;4 doors;new;118000;2026-03
kia;niro;2026;hybrid;0;automatic;5CV;1600;crossover;good;standard;5 seats;4 doors;new;127000;2026-03
kia;sportage;2026;gasoline;0;automatic;10CV;1600;suv 4x4;good;standard;5 seats;4 doors;new;140000;2026-03
kia;sportage;2026;hybrid;0;automatic;10CV;1600;suv 4x2;good;standard;5 seats;4 doors;new;175000;2026-03
kia;sportage;2026;hybrid;0;automatic;10CV;1600;suv 4x4;good;standard;5 seats;4 doors;new;190000;2026-03
kia;ev3;2026;electric;0;automatic;4CV;unknown;suv 4x2;good;standard;5 seats;4 doors;new;105000;2026-03
kia;sorento;2026;hybrid;0;automatic;10CV;1600;suv 4x4;good;standard;5 seats;4 doors;new;245000;2026-03
hyundai;i10;2026;gasoline;0;manual;4CV;1000;hatchback;good;standard;5 seats;4 doors;new;32000;2026-03
hyundai;i10;2026;gasoline;0;manual;5CV;1200;hatchback;good;standard;5 seats;4 doors;new;52000;2026-03
hyundai;i10;2026;gasoline;0;automatic;5CV;1200;hatchback;good;standard;5 seats;4 doors;new;60000;2026-03
hyundai;i10;2026;gasoline;0;manual;5CV;1200;sedan;good;standard;5 seats;4 doors;new;57000;2026-03
hyundai;i20;2026;gasoline;0;manual;5CV;1200;hatchback;good;standard;5 seats;4 doors;new;67000;2026-03
hyundai;i20;2026;gasoline;0;automatic;5CV;1200;hatchback;good;standard;5 seats;4 doors;new;84000;2026-03
hyundai;bayon;2026;gasoline;0;manual;5CV;1200;crossover;good;standard;5 seats;4 doors;new;80000;2026-03
hyundai;venue;2026;gasoline;0;automatic;7CV;1000;suv 4x2;good;standard;5 seats;4 doors;new;90000;2026-03
hyundai;i30 fastback;2026;gasoline;0;automatic;6CV;1000;sedan;good;standard;5 seats;4 doors;new;95000;2026-03
hyundai;creta;2026;gasoline;0;automatic;6CV;1500;suv 4x2;good;standard;5 seats;4 doors;new;119000;2026-03
hyundai;kona;2026;gasoline;0;automatic;11CV;1600;suv 4x4;good;standard;5 seats;4 doors;new;137000;2026-03
hyundai;kona;2026;electric;0;automatic;3CV;unknown;suv 4x2;good;standard;5 seats;4 doors;new;124000;2026-03
hyundai;tucson;2026;gasoline;0;automatic;10CV;1600;suv 4x4;good;standard;5 seats;4 doors;new;170000;2026-03
hyundai;tucson;2026;hybrid;0;automatic;9CV;1600;suv 4x2;good;standard;5 seats;4 doors;new;160000;2026-03
hyundai;i30;2020;diesel;94000;manual;6CV;1600;hatchback;good;standard;5 seats;4 doors;used;75000;2026-03
hyundai;i10;2017;gasoline;155000;manual;5CV;1200;sedan;good;standard;5 seats;4 doors;used;33000;2026-03
hyundai;i20;2022;gasoline;103000;manual;5CV;1200;hatchback;good;standard;5 seats;4 doors;used;46000;2026-03
hyundai;i10;2013;gasoline;158000;manual;4CV;1000;hatchback;medium;standard;5 seats;4 doors;used;24000;2026-03
hyundai;i20;2022;gasoline;170000;manual;5CV;1200;hatchback;good;standard;5 seats;4 doors;used;37000;2026-03
hyundai;i10;2021;gasoline;74000;automatic;5CV;1200;hatchback;good;standard;5 seats;4 doors;used;41000;2026-03
hyundai;i10;2023;gasoline;130000;manual;5CV;1200;hatchback;good;standard;5 seats;4 doors;used;36000;2026-03
hyundai;i10;2022;gasoline;150000;manual;5CV;1200;hatchback;good;standard;5 seats;4 doors;used;34000;2026-03
hyundai;i20;2019;gasoline;190000;manual;5CV;1200;hatchback;good;standard;5 seats;4 doors;used;37000;2026-03
hyundai;i10;2023;gasoline;64000;manual;4CV;1000;hatchback;good;standard;5 seats;4 doors;used;41000;2026-03
hyundai;i20;2021;gasoline;140000;manual;5CV;1200;hatchback;good;standard;5 seats;4 doors;used;48000;2026-03
hyundai;i20;2019;gasoline;195000;manual;5CV;1200;hatchback;good;standard;5 seats;4 doors;used;34000;2026-03
hyundai;i30;2022;gasoline;unknown;automatic;6CV;1000;sedan;good;standard;5 seats;4 doors;used;80000;2026-03
hyundai;accent;2004;diesel;357000;manual;5CV;1500;sedan;medium;standard;5 seats;4 doors;used;17000;2026-03
hyundai;i10;2023;gasoline;57000;automatic;4CV;1000;hatchback;good;standard;5 seats;4 doors;used;41000;2026-03
hyundai;i20;2013;gasoline;168000;manual;5CV;1200;hatchback;medium;standard;5 seats;4 doors;used;25000;2026-03
hyundai;elantra;2018;gasoline;204000;manual;7CV;1600;sedan;good;standard;5 seats;4 doors;used;49000;2026-03
hyundai;i20;2023;gasoline;35000;automatic;5CV;1200;hatchback;good;standard;5 seats;4 doors;used;56000;2026-03
hyundai;i10;2021;gasoline;78000;manual;4CV;1000;hatchback;good;standard;5 seats;4 doors;used;36000;2026-03
hyundai;i10;2014;gasoline;183000;manual;5CV;1200;hatchback;good;standard;5 seats;4 doors;used;28000;2026-03
hyundai;i10;2023;gasoline;155000;manual;5CV;1200;sedan;good;standard;5 seats;4 doors;used;34000;2026-03
hyundai;i10;2017;gasoline;160000;manual;5CV;1200;hatchback;medium;standard;5 seats;4 doors;used;25000;2026-03
hyundai;tucson;2005;diesel;267000;automatic;8CV;2000;suv 4x4;medium;standard;5 seats;4 doors;used;31000;2026-03
hyundai;i20;2022;gasoline;16000;manual;5CV;1200;hatchback;good;standard;5 seats;4 doors;used;59000;2026-03
hyundai;tucson;2019;gasoline;92000;automatic;11CV;1600;suv 4x4;good;standard;5 seats;4 doors;used;85000;2026-03
hyundai;i20;2019;gasoline;129000;manual;5CV;1200;hatchback;good;standard;5 seats;4 doors;used;40000;2026-03
hyundai;kona;2019;gasoline;150000;manual;6CV;1000;crossover;good;standard;5 seats;4 doors;used;51000;2026-03
hyundai;i20;2014;gasoline;133000;manual;4CV;1200;hatchback;good;standard;5 seats;4 doors;used;28000;2026-03
hyundai;tucson;2022;hybrid;31000;automatic;10CV;1600;suv 4x2;good;standard;5 seats;4 doors;used;13000;2026-03
hyundai;tucson;2015;diesel;177000;automatic;11CV;2000;suv 4x4;good;standard;5 seats;4 doors;used;56000;2026-03
hyundai;h1;2008;diesel;560000;manual;10CV;2500;mpv;medium;standard;9 seats;4 doors;used;20000;2026-03
hyundai;santafe;2019;diesel;88000;automatic;12CV;2200;suv 4x4;good;standard;5 seats;4 doors;used;95000;2026-03
hyundai;i20;2021;gasoline;80000;manual;5CV;1200;hatchback;good;standard;5 seats;4 doors;used;52000;2026-03
hyundai;creta;2019;gasoline;69000;manual;7CV;1600;suv 4x4;good;standard;5 seats;4 doors;used;70000;2026-03
hyundai;tucson;2022;hybrid;180000;automatic;10CV;1500;suv 4x4;good;standard;5 seats;4 doors;used;83000;2026-03
hyundai;elantra;2017;gasoline;163000;automatic;7CV;1600;sedan;good;standard;5 seats;4 doors;used;35000;2026-03
hyundai;veloster;2017;gasoline;130000;automatic;7CV;1600;hatchback;good;standard;5 seats;4 doors;used;40000;2026-03
hyundai;i10;2021;gasoline;37000;automatic;5CV;1200;hatchback;good;standard;5 seats;4 doors;used;47000;2026-03
hyundai;i10;2022;gasoline;116000;manual;5CV;1200;hatchback;good;standard;5 seats;4 doors;used;34000;2026-03
hyundai;tucson;2020;gasoline;83000;automatic;8CV;1600;suv 4x2;good;standard;5 seats;4 doors;used;67000;2026-03
hyundai;tucson;2022;hybrid;104000;automatic;8CV;1600;suv 4x2;good;standard;5 seats;4 doors;used;100000;2026-03
hyundai;creta;2021;gasoline;105000;automatic;7CV;1600;suv 4x2;good;standard;5 seats;4 doors;used;55000;2026-03
hyundai;bayon;2023;gasoline;35000;manual;5CV;1200;crossover;good;standard;5 seats;4 doors;used;70000;2026-03
hyundai;accent;2024;gasoline;47000;automatic;5CV;1500;sedan;good;standard;5 seats;4 doors;used;80000;2026-03
hyundai;tucson;2014;diesel;235000;automatic;11CV;1700;suv 4x2;good;standard;5 seats;4 doors;used;46000;2026-03
hyundai;tucson;2016;gasoline;150000;manual;8CV;1600;suv 4x2;good;standard;5 seats;4 doors;used;54000;2026-03
hyundai;tucson;2015;diesel;130000;manual;6CV;1600;suv 4x2;good;standard;5 seats;4 doors;used;52000;2026-03
bmw;serie 1;2026;gasoline;0;automatic;8CV;1500;hatchback;good;standard;5 seats;4 doors;new;145000;2026-03
bmw;serie 2;2026;gasoline;0;automatic;8CV;1500;sedan;good;standard;5 seats;4 doors;new;156000;2026-03
bmw;serie 3;2026;gasoline;0;automatic;9CV;1600;sedan;good;standard;5 seats;4 doors;new;195000;2026-03
bmw;serie 3;2026;hybrid;0;automatic;10CV;2000;sedan;good;standard;5 seats;4 doors;new;230000;2026-03
bmw;serie 4;2026;gasoline;0;automatic;10CV;2000;sedan;good;standard;5 seats;4 doors;new;270000;2026-03
bmw;serie 4;2026;gasoline;0;automatic;10CV;2000;coupe;good;standard;5 seats;4 doors;new;335000;2026-03
bmw;serie 5;2026;hybrid;0;automatic;10CV;1600;sedan;good;standard;5 seats;4 doors;new;260000;2026-03
bmw;x1;2026;gasoline;0;automatic;9CV;1500;suv 4x4;good;standard;5 seats;4 doors;new;170000;2026-03
bmw;x1;2026;hybrid;0;automatic;8CV;1500;suv 4x4;good;standard;5 seats;4 doors;new;180000;2026-03
bmw;x2;2026;gasoline;0;automatic;8CV;1500;suv 4x4;good;standard;5 seats;4 doors;new;180000;2026-03
bmw;x3;2026;gasoline;0;automatic;11CV;2000;suv 4x4;good;standard;5 seats;4 doors;new;250000;2026-03
bmw;x3;2026;hybrid;0;automatic;10CV;2000;suv 4x4;good;standard;5 seats;4 doors;new;265000;2026-03
bmw;x5;2026;hybrid;0;automatic;21CV;3000;suv 4x4;good;standard;5 seats;4 doors;new;380000;2026-03
bmw;ix;2026;electric;0;automatic;11CV;unknown;suv 4x4;good;standard;5 seats;4 doors;new;370000;2026-03
bmw;x1;2019;diesel;160000;manual;6CV;1600;suv 4x4;good;standard;5 seats;4 doors;used;70000;2026-03
bmw;x3;2019;gasoline;16500;automatic;11CV;2000;suv 4x4;good;standard;5 seats;4 doors;used;175000;2026-03
bmw;serie 2;2022;gasoline;59000;automatic;8CV;1500;sedan;good;standard;5 seats;4 doors;used;100000;2026-03
bmw;x6;2010;gasoline;215000;automatic;21CV;3500;suv 4x4;good;standard;5 seats;4 doors;used;65000;2026-03
bmw;serie 5;2013;gasoline;98000;automatic;11CV;2000;sedan;good;standard;5 seats;4 doors;used;70000;2026-03
bmw;x3;2014;diesel;195000;manual;8CV;2000;suv 4x4;good;standard;5 seats;4 doors;used;70000;2026-03
bmw;serie 5;2019;gasoline;185000;automatic;10CV;2000;sedan;good;standard;5 seats;4 doors;used;95000;2026-03
bmw;serie 3;2013;gasoline;156000;automatic;7CV;1600;sedan;good;standard;5 seats;4 doors;used;60000;2026-03
bmw;serie 3;2014;diesel;197000;manual;7CV;1800;sedan;good;standard;5 seats;4 doors;used;62000;2026-03
bmw;serie 3;2013;gasoline;175000;automatic;7CV;1600;sedan;good;standard;5 seats;4 doors;used;50000;2026-03
bmw;serie 3;2011;diesel;300000;manual;9CV;2000;sedan;good;standard;5 seats;4 doors;used;40000;2026-03
bmw;x1;2016;diesel;190000;manual;6CV;1500;suv 4x4;good;standard;5 seats;4 doors;used;71000;2026-03
bmw;serie 1;2016;diesel;190000;manual;5CV;1500;hatchback;good;standard;5 seats;4 doors;used;60000;2026-03
bmw;serie 1;2010;diesel;unknown;manual;9CV;2000;coupe;good;standard;5 seats;4 doors;used;37000;2026-03
bmw;serie 1;2016;gasoline;156000;automatic;7CV;1500;hatchback;good;standard;5 seats;4 doors;used;52000;2026-03
bmw;x3;2007;diesel;292000;automatic;11CV;2000;suv 4x4;good;standard;5 seats;4 doors;used;41000;2026-03
bmw;serie 3;2022;gasoline;37000;automatic;9CV;1600;sedan;good;standard;5 seats;4 doors;used;118000;2026-03
bmw;serie 2;2020;gasoline;72000;automatic;8CV;1800;sedan;good;standard;5 seats;4 doors;used;95000;2026-03
bmw;serie 1;2013;gasoline;83000;manual;7CV;1400;hatchback;good;standard;5 seats;4 doors;used;44000;2026-03
bmw;x1;2011;gasoline;180000;automatic;9CV;2000;suv 4x4;good;standard;5 seats;4 doors;used;45000;2026-03
bmw;serie 3;2006;gasoline;unknown;manual;7CV;1600;sedan;medium;standard;5 seats;4 doors;used;30000;2026-03
bmw;x5;2011;gasoline;150000;automatic;21CV;3500;suv 4x4;good;standard;5 seats;4 doors;used;85000;2026-03
bmw;serie 3;2014;gasoline;150000;automatic;7CV;1600;sedan;good;standard;5 seats;4 doors;used;52000;2026-03
bmw;serie 3;1986;diesel;unknown;manual;7CV;1600;sedan;bad;standard;5 seats;4 doors;used;4000;2026-03
bmw;serie 1;2008;gasoline;150000;manual;7CV;1600;hatchback;good;standard;5 seats;4 doors;used;40000;2026-03
bmw;x2;2018;gasoline;72000;automatic;8CV;1800;suv 4x4;good;standard;5 seats;4 doors;used;110000;2026-03
bmw;x5;2001;diesel;390000;automatic;12CV;3000;suv 4x4;bad;standard;5 seats;4 doors;used;20000;2026-03
bmw;serie 3;2011;gasoline;300000;automatic;7CV;2000;sedan;medium;standard;5 seats;4 doors;used;32000;2026-03
bmw;serie 3;2007;diesel;260000;manual;8CV;1800;sedan;medium;standard;5 seats;4 doors;used;31000;2026-03
bmw;serie 3;2009;diesel;360000;manual;9CV;2000;sedan;good;standard;5 seats;4 doors;used;35000;2026-03
bmw;serie 3;2016;gasoline;100000;automatic;7CV;1800;sedan;good;standard;5 seats;4 doors;used;90000;2026-03
bmw;serie 5;2010;diesel;180000;manual;12CV;3000;sedan;good;standard;5 seats;4 doors;used;82000;2026-03
bmw;serie 1;2010;diesel;220000;manual;7CV;1600;hatchback;medium;standard;5 seats;4 doors;used;31000;2026-03
bmw;serie 3;2022;gasoline;140000;automatic;10CV;2000;sedan;good;standard;5 seats;4 doors;used;105000;2026-03
bmw;x3;2022;hybrid;70000;automatic;11CV;2000;suv 4x4;good;standard;5 seats;4 doors;used;165000;2026-03
bmw;serie 1;2009;gasoline;150000;manual;7CV;1600;hatchback;good;standard;5 seats;4 doors;used;38000;2026-03
bmw;serie 3;2010;gasoline;200000;manual;7CV;1600;coupe;medium;standard;5 seats;4 doors;used;34000;2026-03
bmw;x3;2018;diesel;87000;automatic;10CV;2000;suv 4x4;good;standard;5 seats;4 doors;used;170000;2026-03
bmw;serie 1;2006;gasoline;227000;manual;7CV;1600;hatchback;bad;standard;5 seats;4 doors;used;24000;2026-03
bmw;x6;2017;diesel;unknown;automatic;21CV;3500;suv 4x4;good;standard;5 seats;4 doors;used;180000;2026-03
bmw;serie 5;2005;diesel;250000;automatic;11CV;3000;sedan;good;standard;5 seats;4 doors;used;60000;2026-03
bmw;serie 4;2015;gasoline;260000;automatic;10CV;2000;sedan;good;standard;5 seats;4 doors;used;62000;2026-03
bmw;serie 4;2017;gasoline;150000;automatic;7CV;1700;sedan;good;standard;5 seats;4 doors;used;80000;2026-03
bmw;serie 5;2017;gasoline;80000;automatic;10CV;2000;sedan;good;standard;5 seats;4 doors;used;132000;2026-03
bmw;x1;2017;gasoline;160000;automatic;7CV;1500;suv 4x4;good;standard;5 seats;4 doors;used;65000;2026-03
bmw;serie 3;2014;gasoline;122000;manual;7CV;1600;sedan;good;standard;5 seats;4 doors;used;62000;2026-03
bmw;serie 1;2013;diesel;150000;automatic;7CV;1800;hatchback;good;standard;5 seats;4 doors;used;47000;2026-03
bmw;x3;2022;hybrid;120000;automatic;10CV;1800;suv 4x4;good;standard;5 seats;4 doors;used;120000;2026-03
bmw;x3;2014;diesel;185000;automatic;10CV;2000;suv 4x4;good;standard;5 seats;4 doors;used;78000;2026-03
bmw;serie 3;2012;gasoline;243000;automatic;7CV;1600;sedan;good;standard;5 seats;4 doors;used;42000;2026-03
bmw;serie 3;1993;gasoline;unknown;manual;9CV;2000;sedan;medium;standard;5 seats;4 doors;used;18000;2026-03
bmw;serie 1;2017;gasoline;160000;manual;7CV;1500;hatchback;good;standard;5 seats;4 doors;used;52000;2026-03
bmw;serie 5;2014;gasoline;192000;automatic;9CV;1600;sedan;good;standard;5 seats;4 doors;used;74000;2026-03
bmw;x1;2020;gasoline;102000;automatic;8CV;1500;suv 4x4;good;standard;5 seats;4 doors;used;79000;2026-03
bmw;serie 3;2002;diesel;420000;manual;8CV;2000;sedan;medium;standard;5 seats;4 doors;used;23000;2026-03
bmw;serie 3;2020;gasoline;200000;automatic;9CV;1600;sedan;good;standard;5 seats;4 doors;used;70000;2026-03
bmw;serie 5;2012;gasoline;180000;automatic;10CV;2000;sedan;good;standard;5 seats;4 doors;used;71000;2026-03
bmw;serie 5;2014;gasoline;216000;automatic;10CV;2000;sedan;good;standard;5 seats;4 doors;used;66000;2026-03
bmw;serie 5;2007;diesel;300000;manual;10CV;2000;sedan;bad;standard;5 seats;4 doors;used;26000;2026-03
bmw;serie 3;2002;gasoline;unknown;manual;7CV;1600;sedan;medium;standard;5 seats;4 doors;used;29000;2026-03
bmw;serie 5;1994;diesel;unknown;manual;7CV;1600;sedan;bad;standard;5 seats;4 doors;used;7000;2026-03
bmw;serie 5;2022;gasoline;74000;automatic;10CV;1600;sedan;good;standard;5 seats;4 doors;used;140000;2026-03
bmw;serie 5;2020;gasoline;124000;automatic;10CV;1600;sedan;good;standard;5 seats;4 doors;used;100000;2026-03
bmw;serie 1;2017;gasoline;180000;automatic;8CV;1800;hatchback;good;standard;5 seats;4 doors;used;64000;2026-03
bmw;serie 5;2004;gasoline;320000;automatic;11CV;2000;sedan;bad;standard;5 seats;4 doors;used;28500;2026-03
bmw;serie 7;2009;gasoline;300000;automatic;23CV;4200;sedan;medium;standard;5 seats;4 doors;used;60000;2026-03
bmw;serie 7;2011;gasoline;117000;automatic;31CV;4200;sedan;good;alpine;5 seats;4 doors;used;130000;2026-03
bmw;x3;2007;diesel;320000;manual;7CV;2000;suv 4x4;medium;standard;5 seats;4 doors;used;34000;2026-03
bmw;x6;2012;diesel;116000;automatic;16CV;3000;suv 4x4;good;standard;5 seats;4 doors;used;112000;2026-03
bmw;serie 5;2007;diesel;300000;automatic;10CV;2000;sedan;medium;standard;5 seats;4 doors;used;33000;2026-03
bmw;serie 4;2020;gasoline;132000;automatic;8CV;1800;sedan;good;standard;5 seats;4 doors;used;100000;2026-03
bmw;serie 3;2019;gasoline;136000;automatic;7CV;1800;sedan;good;standard;5 seats;4 doors;used;83000;2026-03
bmw;serie 2;2021;gasoline;200000;automatic;8CV;1800;sedan;good;standard;5 seats;4 doors;used;90000;2026-03
bmw;serie 5;2001;gasoline;unknown;manual;11CV;2000;sedan;medium;standard;5 seats;4 doors;used;28000;2026-03
bmw;serie 1;2019;gasoline;40000;automatic;7CV;1500;hatchback;good;standard;5 seats;4 doors;used;110000;2026-03
bmw;serie 5;2023;gasoline;37000;automatic;10CV;1600;sedan;good;standard;5 seats;4 doors;used;180000;2026-03
bmw;x5;2002;diesel;290000;automatic;12CV;3000;suv 4x4;medium;standard;5 seats;4 doors;used;32000;2026-03
bmw;serie 5;2006;diesel;256000;manual;10CV;2000;sedan;medium;standard;5 seats;4 doors;used;35000;2026-03
bmw;x5;2008;diesel;270000;automatic;16CV;3000;suv 4x4;good;standard;5 seats;4 doors;used;64000;2026-03
bmw;x1;2011;diesel;202000;manual;10CV;2000;suv 4x4;good;standard;5 seats;4 doors;used;53000;2026-03
bmw;x6;2018;diesel;148000;automatic;16CV;3000;suv 4x4;good;standard;5 seats;4 doors;used;260000;2026-03
bmw;serie 3;1996;gasoline;unknown;manual;8CV;1600;sedan;good;standard;5 seats;4 doors;used;30000;2026-03
bmw;serie 3;2002;gasoline;unknown;manual;7CV;1600;sedan;medium;standard;5 seats;4 doors;used;30000;2026-03
bmw;serie 4;2017;gasoline;28000;automatic;10CV;2000;coupe;good;standard;5 seats;4 doors;used;148000;2026-03
bmw;serie 5;1988;gasoline;unknown;manual;8CV;1600;sedan;medium;standard;5 seats;4 doors;used;23000;2026-03
bmw;serie 2;2024;gasoline;18700;automatic;8CV;1500;sedan;good;standard;5 seats;4 doors;used;143000;2026-03
bmw;serie 3;2013;gasoline;154000;automatic;7CV;1600;sedan;good;standard;5 seats;4 doors;used;55000;2026-03
bmw;x1;2019;gasoline;85000;automatic;8CV;1600;suv 4x4;good;standard;5 seats;4 doors;used;75000;2026-03
renault;clio 4;2018;gasoline;150000;manual;5CV;1200;wagon;good;standard;5 seats;4 doors;used;40000;2026-03
volkswagen;caddy;2020;diesel;167000;manual;5CV;1600;light commercial;good;standard;5 seats;4 doors;used;44000;2026-03
bmw;serie 3;2009;gasoline;210000;automatic;9CV;2000;convertible;good;standard;5 seats;4 doors;used;50000;2026-03
bmw;serie 3;1998;gasoline;unknown;manual;7CV;1600;sedan;medium;standard;5 seats;4 doors;used;17000;2026-03
bmw;serie 3;2004;gasoline;220000;manual;9CV;2000;sedan;good;standard;5 seats;4 doors;used;34000;2026-03
bmw;serie 5;2012;diesel;300000;automatic;9CV;2000;sedan;medium;standard;5 seats;4 doors;used;44000;2026-03
bmw;serie 3;2000;diesel;unknown;manual;9CV;2000;sedan;medium;standard;5 seats;4 doors;used;20000;2026-03
bmw;serie 7;2009;diesel;215000;automatic;16CV;3000;sedan;good;standard;5 seats;4 doors;used;78000;2026-03
bmw;serie 5;2008;gasoline;unknown;automatic;9CV;2000;sedan;medium;standard;5 seats;4 doors;used;35000;2026-03
bmw;serie 5;2013;diesel;200000;manual;10CV;2000;sedan;good;standard;5 seats;4 doors;used;58000;2026-03
bmw;serie 3;1985;diesel;unknown;manual;12CV;3000;sedan;medium;standard;5 seats;4 doors;used;8000;2026-03
bmw;serie 7;2000;gasoline;280000;manual;17CV;3500;sedan;bad;standard;5 seats;4 doors;used;20000;2026-03
bmw;serie 4;2015;gasoline;196000;automatic;10CV;2000;coupe;good;standard;5 seats;4 doors;used;76000;2026-03
bmw;serie 3;2010;gasoline;192000;manual;7CV;1600;coupe;good;standard;5 seats;4 doors;used;33000;2026-03
bmw;serie 5;2008;gasoline;220000;automatic;12CV;2300;sedan;good;standard;5 seats;4 doors;used;40000;2026-03
bmw;serie 5;2008;diesel;254000;automatic;16CV;3000;sedan;good;standard;5 seats;4 doors;used;56000;2026-03
bmw;serie 3;1986;gasoline;unknown;manual;7CV;1600;sedan;medium;standard;5 seats;4 doors;used;7000;2026-03
bmw;serie 5;1990;diesel;unknown;manual;10CV;2500;sedan;medium;standard;5 seats;4 doors;used;12000;2026-03
bmw;serie 5;2009;diesel;unknown;automatic;10CV;2000;sedan;good;standard;5 seats;4 doors;used;43000;2026-03
bmw;serie 5;2007;diesel;180000;automatic;13CV;3000;sedan;good;standard;5 seats;4 doors;used;49000;2026-03
bmw;serie 3;2009;gasoline;124000;automatic;12CV;2000;convertible;good;standard;5 seats;4 doors;used;75000;2026-03
bmw;serie 5;1990;diesel;unknown;manual;12CV;2500;sedan;medium;standard;5 seats;4 doors;used;12000;2026-03
bmw;serie 3;1995;gasoline;130000;manual;7CV;1600;sedan;good;standard;5 seats;4 doors;used;37000;2026-03
bmw;serie 5;1994;diesel;unknown;manual;7CV;1800;sedan;medium;standard;5 seats;4 doors;used;10000;2026-03
bmw;serie 3;2001;gasoline;unknown;manual;8CV;1800;sedan;medium;standard;5 seats;4 doors;used;25000;2026-03
bmw;serie 3;1985;gasoline;unknown;manual;7CV;1600;sedan;medium;standard;5 seats;4 doors;used;10000;2026-03
bmw;serie 3;2002;gasoline;unknown;manual;9CV;1900;sedan;medium;standard;5 seats;4 doors;used;21000;2026-03
bmw;x5;2017;diesel;206000;automatic;16CV;3000;suv 4x4;good;standard;5 seats;4 doors;used;150000;2026-03
bmw;serie 5;2004;gasoline;320000;automatic;12CV;2000;sedan;medium;standard;5 seats;4 doors;used;28000;2026-03
bmw;serie 4;2021;gasoline;40000;automatic;10CV;2000;coupe;good;standard;5 seats;4 doors;used;175000;2026-03
bmw;x5;2012;diesel;163000;automatic;19CV;3000;suv 4x4;good;standard;5 seats;4 doors;used;83000;2026-03
bmw;x6;2010;gasoline;215000;automatic;21CV;3500;suv 4x4;good;standard;5 seats;4 doors;used;67000;2026-03
mercedes;classe a 200;2026;gasoline;0;automatic;9CV;1300;hatchback;good;standard;5 seats;4 doors;new;150000;2026-03
mercedes;classe a 200;2026;gasoline;0;automatic;9CV;1300;sedan;good;standard;5 seats;4 doors;new;170000;2026-03
mercedes;cla 200;2026;gasoline;0;automatic;9CV;1300;sedan;good;standard;5 seats;4 doors;new;187000;2026-03
mercedes;classe c 180;2026;gasoline;0;automatic;9CV;1500;sedan;good;standard;5 seats;4 doors;new;210000;2026-03
mercedes;classe c 350e;2026;hybrid;0;automatic;12CV;2000;sedan;good;standard;5 seats;4 doors;new;240000;2026-03
mercedes;cle 200;2026;gasoline;0;automatic;12CV;2000;coupe;good;standard;5 seats;4 doors;new;315000;2026-03
mercedes;classe e 200;2026;gasoline;0;automatic;12CV;2000;sedan;good;standard;5 seats;4 doors;new;310000;2026-03
mercedes;classe e 350e;2026;hybrid;0;automatic;9CV;2000;sedan;good;standard;5 seats;4 doors;new;270000;2026-03
mercedes;classe s 450;2026;gasoline;0;automatic;27CV;3000;sedan;good;standard;5 seats;4 doors;new;700000;2026-03
mercedes;gla 200;2026;gasoline;0;automatic;9CV;1300;crossover;good;standard;5 seats;4 doors;new;190000;2026-03
mercedes;glb 200;2026;gasoline;0;automatic;9CV;1300;suv 4x4;good;standard;5 seats;4 doors;new;212000;2026-03
mercedes;glc 200;2026;gasoline;0;automatic;12CV;2000;suv 4x4;good;standard;5 seats;4 doors;new;290000;2026-03
mercedes;glc 350e;2026;hybrid;0;automatic;9CV;2000;suv 4x4;good;standard;5 seats;4 doors;new;280000;2026-03
mercedes;glc 200 coupe;2026;gasoline;0;automatic;12CV;2000;suv 4x4;good;standard;5 seats;4 doors;new;340000;2026-03
mercedes;gcl 350e coupe;2026;hybrid;0;automatic;11CV;2000;suv 4x4;good;standard;5 seats;4 doors;new;300000;2026-03
mercedes;classe g 380 eq;2026;electric;0;automatic;18CV;116khw;suv 4x4;good;standard;5 seats;4 doors;new;600000;2026-03
mercedes;classe v 250;2026;diesel;0;automatic;12CV;2000;mpv;good;standard;5 seats;4 doors;new;468000;2026-03
mercedes;classe c 180;2016;gasoline;170000;automatic;7CV;1600;sedan;good;standard;5 seats;4 doors;used;84000;2026-03
mercedes;classe a 180;2015;diesel;unknown;manual;5CV;1500;hatchback;good;standard;5 seats;4 doors;used;56000;2026-03
mercedes;classe e 220;2012;diesel;unknown;automatic;10CV;2200;sedan;good;standard;5 seats;4 doors;used;50000;2026-03
mercedes;classe e 220;1996;diesel;88000;manual;9CV;2200;sedan;good;standard;5 seats;4 doors;used;47000;2026-03
mercedes;classe c 200;2015;diesel;200000;automatic;8CV;2000;sedan;good;standard;5 seats;4 doors;used;80000;2026-03
mercedes;classe c 200;2006;gasoline;213000;automatic;9CV;1800;sedan;good;standard;5 seats;4 doors;used;30000;2026-03
mercedes;classe e 220;2010;diesel;240000;automatic;10CV;2200;sedan;good;standard;5 seats;4 doors;used;52000;2026-03
mercedes;classe c 300;2022;hybrid;105000;automatic;12CV;3000;sedan;good;standard;5 seats;4 doors;used;120000;2026-03
mercedes;classe c 180;2019;gasoline;84000;automatic;8CV;1600;sedan;good;standard;5 seats;4 doors;used;105000;2026-03
mercedes;classe a 250e;2022;hybrid;92000;automatic;7CV;1300;hatchback;good;standard;5 seats;4 doors;used;110000;2026-03
mercedes;glc 200;2023;gasoline;12000;automatic;10CV;2000;sedan;good;standard;5 seats;4 doors;used;240000;2026-03
mercedes;citan;2022;diesel;57000;manual;5CV;1500;light commercial;good;standard;5 seats;4 doors;used;64000;2026-03
mercedes;classe x 250;2017;diesel;106000;automatic;8CV;2500;pickup 4x4;good;standard;5 seats;4 doors;used;135000;2026-03
mercedes;glc 220;2018;diesel;240000;automatic;9CV;2000;suv 4x4;good;standard;5 seats;4 doors;used;113000;2026-03
mercedes;classe e 220;2011;diesel;150000;automatic;9CV;2200;coupe;good;standard;5 seats;4 doors;used;45000;2026-03
mercedes;cla 180;2015;gasoline;90000;manual;7CV;1600;sedan;good;standard;5 seats;4 doors;used;77000;2026-03
mercedes;cla 250e;2023;hybrid;60000;automatic;8CV;1300;sedan;good;standard;5 seats;4 doors;used;135000;2026-03
mercedes;classe a 200;2020;diesel;102000;automatic;6CV;1500;sedan;good;standard;5 seats;4 doors;used;105000;2026-03
mercedes;glc 250;2016;diesel;210000;automatic;11CV;2200;suv 4x4;good;standard;5 seats;4 doors;used;103000;2026-03
mercedes;classe x 250;2019;diesel;110000;automatic;8CV;2019;pickup 4x4;good;standard;5 seats;4 doors;used;125000;2026-03
mercedes;classe c 180;2012;diesel;260000;manual;6CV;1600;sedan;good;standard;5 seats;4 doors;used;53000;2026-03
mercedes;classe c 180;2016;gasoline;170000;automatic;7CV;1800;sedan;good;standard;5 seats;4 doors;used;83000;2026-03
mercedes;classe e 200;2011;gasoline;195000;automatic;11CV;2000;sedan;good;standard;5 seats;4 doors;used;55000;2026-03
mercedes;classe c 200;2018;diesel;237000;manual;7CV;1600;wagon;good;standard;5 seats;4 doors;used;67000;2026-03
mercedes;cla 250e;2023;hybrid;42000;automatic;8CV;1300;sedan;good;standard;5 seats;4 doors;used;119000;2026-03
mercedes;classe e 200;2016;gasoline;56000;automatic;10CV;2000;sedan;good;standard;5 seats;4 doors;used;100000;2026-03
mercedes;classe c 180;2014;gasoline;135000;automatic;9CV;1800;sedan;good;standard;5 seats;4 doors;used;85000;2026-03
mercedes;glc 220 coupe;2018;diesel;134000;automatic;9CV;2500;suv 4x4;good;amg;5 seats;4 doors;used;160000;2026-03
mercedes;classe c 220;1999;diesel;unknown;manual;7CV;2200;sedan;good;standard;5 seats;4 doors;used;27000;2026-03
mercedes;classe c 300e;2023;hybrid;91000;automatic;11CV;2000;sedan;good;standard;5 seats;4 doors;used;137000;2026-03
mercedes;classe c 200 coupe;2019;hybrid;100000;automatic;10CV;1500;coupe;good;standard;5 seats;4 doors;used;138000;2026-03
mercedes;cla 250e;2021;hybrid;63500;automatic;8CV;1300;sedan;good;standard;5 seats;4 doors;used;120000;2026-03
mercedes;classe a 200;2013;diesel;170000;automatic;7CV;2000;hatchback;good;standard;5 seats;4 doors;used;53000;2026-03
mercedes;classe c 200;2000;diesel;300000;automatic;9CV;1600;sedan;medium;standard;5 seats;4 doors;used;28000;2026-03
mercedes;gle 300;2021;diesel;65000;automatic;15CV;3000;suv 4x4;good;standard;5 seats;4 doors;used;228000;2026-03
mercedes;classe a 180;2015;diesel;173000;automatic;6CV;1500;sedan;good;standard;5 seats;4 doors;used;70000;2026-03
mercedes;classe s 350;2009;gasoline;302000;automatic;15CV;3500;sedan;good;standard;5 seats;4 doors;used;62000;2026-03
mercedes;classe a 180;2012;gasoline;132000;manual;6CV;1500;hatchback;good;standard;5 seats;4 doors;used;53000;2026-03
mercedes;classe c 200;2011;gasoline;160000;automatic;11CV;1800;sedan;good;standard;5 seats;4 doors;used;53000;2026-03
mercedes;cla 200;2020;gasoline;40000;manual;9CV;1300;sedan;good;standard;5 seats;4 doors;used;150000;2026-03
mercedes;classe e 300e;2020;hybrid;42000;automatic;12CV;2000;sedan;good;standard;5 seats;4 doors;used;180000;2026-03
mercedes;classe c 180;2015;gasoline;270000;automatic;9CV;1600;sedan;good;standard;5 seats;4 doors;used;76000;2026-03
mercedes;gla 250e;2022;hybrid;57000;automatic;8CV;1300;suv 4x4;good;standard;5 seats;4 doors;used;130000;2026-03
mercedes;classe c 250;2013;gasoline;230000;automatic;12CV;1800;sedan;good;amg;5 seats;4 doors;used;52000;2026-03
mercedes;classe e 300e;2022;hybrid;138000;automatic;12CV;2000;sedan;good;standard;5 seats;4 doors;used;155000;2026-03
mercedes;clc 160;2014;gasoline;150000;automatic;9CV;1600;coupe;good;standard;5 seats;4 doors;used;45000;2026-03
mercedes;classe c 200;2012;gasoline;200000;automatic;11CV;1600;sedan;good;standard;5 seats;4 doors;used;57000;2026-03
mercedes;glk 200;2010;diesel;108000;automatic;10CV;2000;suv 4x4;good;standard;5 seats;4 doors;used;53000;2026-03
mercedes;classe c 200;2011;diesel;290000;automatic;9CV;2000;sedan;good;standard;5 seats;4 doors;used;47000;2026-03
mercedes;classe c 180;2009;gasoline;280000;automatic;9CV;1800;sedan;good;standard;5 seats;4 doors;used;42000;2026-03
mercedes;classe c 200;2008;gasoline;72000;automatic;11CV;2000;sedan;good;standard;5 seats;4 doors;used;65000;2026-03
mercedes;cls 320;2008;diesel;280000;automatic;14CV;2000;sedan;bad;standard;5 seats;4 doors;used;24000;2026-03
mercedes;classe c 180;2009;gasoline;166000;automatic;9CV;1600;sedan;good;standard;5 seats;4 doors;used;58000;2026-03
mercedes;classe a 180;2014;gasoline;190000;manual;7CV;1600;hatchback;good;standard;5 seats;4 doors;used;45000;2026-03
mercedes;classe s 320;2000;diesel;389000;automatic;13CV;3200;sedan;bad;standard;5 seats;4 doors;used;25000;2026-03
mercedes;classe c 180;2016;gasoline;170000;automatic;7CV;1800;sedan;good;standard;5 seats;4 doors;used;83000;2026-03
mercedes;classe c 180;2014;gasoline;270000;automatic;8CV;1800;sedan;good;standard;5 seats;4 doors;used;75000;2026-03
mercedes;classe e 200;1993;gasoline;390000;manual;9CV;2000;sedan;medium;standard;5 seats;4 doors;used;23000;2026-03
mercedes;gla 250e;2022;hybrid;55000;automatic;8CV;1300;crossover;good;standard;5 seats;4 doors;used;158000;2026-03
mercedes;classe c 200;2019;diesel;115000;manual;9CV;1800;sedan;good;standard;5 seats;4 doors;used;100000;2026-03
mercedes;classe a 180;2012;gasoline;132000;manual;6CV;1500;hatchback;good;standard;5 seats;4 doors;used;54000;2026-03
mercedes;ml 320;2011;diesel;253000;automatic;15CV;3200;suv 4x4;good;standard;5 seats;4 doors;used;63000;2026-03
mercedes;classe a 180;2022;gasoline;65000;automatic;7CV;1300;hatchback;good;standard;5 seats;4 doors;used;97000;2026-03
mercedes;cla 180;2022;gasoline;44000;automatic;7CV;1300;sedan;good;standard;5 seats;4 doors;used;117000;2026-03
mercedes;cla 200;2024;gasoline;16000;automatic;9CV;1300;sedan;good;amg;5 seats;4 doors;used;190000;2026-03
mercedes;classe e 220;2012;diesel;126000;automatic;9CV;2200;sedan;good;amg;5 seats;4 doors;used;80000;2026-03
mercedes;classe e 200;2013;diesel;232000;automatic;7CV;2000;sedan;good;standard;5 seats;4 doors;used;78000;2026-03
mercedes;classe a;2006;diesel;unknown;automatic;6CV;1600;hatchback;bad;standard;5 seats;4 doors;used;17000;2026-03
mercedes;classe e 220;2017;diesel;61000;automatic;9CV;2000;sedan;good;standard;5 seats;4 doors;used;123000;2026-03
mercedes;classe e 200;2012;diesel;284000;automatic;9CV;2000;sedan;good;standard;5 seats;4 doors;used;67000;2026-03
mercedes;cla 250;2013;gasoline;165000;automatic;8CV;2500;sedan;good;amg;5 seats;4 doors;used;62000;2026-03
mercedes;cla 180;2013;gasoline;160000;automatic;7CV;1600;sedan;good;standard;5 seats;4 doors;used;58000;2026-03
mercedes;classe e 220;2009;diesel;365000;automatic;10CV;2200;sedan;good;standard;5 seats;4 doors;used;48000;2026-03
smart;forfour;2015;gasoline;98000;manual;4CV;1000;hatchback;medium;standard;5 seats;4 doors;used;29000;2026-03
mercedes;gla 250e;2024;hybrid;40000;automatic;9CV;1300;suv 4x4;good;amg;5 seats;4 doors;used;168000;2026-03
mercedes;classe c 220;2009;diesel;185000;manual;9CV;2000;sedan;good;standard;5 seats;4 doors;used;48000;2026-03
mercedes;classe c 180;2017;gasoline;143000;automatic;8CV;1600;sedan;good;standard;5 seats;4 doors;used;90000;2026-03
mercedes;classe c 180;2021;diesel;88000;automatic;8CV;1600;sedan;good;standard;5 seats;4 doors;used;132000;2026-03
mercedes;classe a 180;2014;gasoline;170000;automatic;6CV;1600;hatchback;good;standard;5 seats;4 doors;used;60000;2026-03
mercedes;gle 400e coupe;2024;hybrid;16000;automatic;15CV;2000;suv 4x4;good;standard;5 seats;4 doors;used;340000;2026-03
mercedes;classe e 220;2017;diesel;140000;automatic;10CV;2000;sedan;good;standard;5 seats;4 doors;used;100000;2026-03
mercedes;classe c 180;2010;gasoline;231000;automatic;9CV;1800;sedan;good;standard;5 seats;4 doors;used;44000;2026-03
mercedes;classe c 180;2009;gasoline;175000;manual;9CV;1600;sedan;good;standard;5 seats;4 doors;used;45000;2026-03
mercedes;classe a 250e;2021;hybrid;80000;automatic;6CV;1300;sedan;good;standard;5 seats;4 doors;used;138000;2026-03
mercedes;sprinter;2000;diesel;425000;manual;12CV;2200;heavy commercial;medium;standard;2 seats;2 doors;used;21000;2026-03
mercedes;gla 180;2015;gasoline;100000;manual;7CV;1600;crossover;good;standard;5 seats;4 doors;used;60000;2026-03
mercedes;classe e 200;2011;diesel;210000;automatic;8CV;2000;sedan;good;standard;5 seats;4 doors;used;50000;2026-03
mercedes;classe e 180;2022;gasoline;11400;automatic;9CV;1600;sedan;good;standard;5 seats;4 doors;used;174000;2026-03
mercedes;classe a 180;2016;gasoline;160000;manual;7CV;1800;hatchback;good;standard;5 seats;4 doors;used;54000;2026-03
mercedes;classe c 63;2017;gasoline;71000;automatic;36CV;4000;sedan;good;amg;5 seats;4 doors;used;195000;2026-03
mercedes;classe a 180;2019;diesel;121000;automatic;7CV;1500;hatchback;good;amg;5 seats;4 doors;used;94000;2026-03
mercedes;classe c 180;2018;gasoline;80000;automatic;8CV;1600;sedan;good;standard;5 seats;4 doors;used;104000;2026-03
mercedes;eqa 250;2021;electric;40000;automatic;7CV;66kww;suv 4x4;good;amg;5 seats;4 doors;used;110000;2026-03
mercedes;classe c 200;2022;hybrid;164000;automatic;11CV;1600;sedan;good;standard;5 seats;4 doors;used;168000;2026-03
mercedes;classe c 200;2011;diesel;210000;manual;7CV;2000;sedan;good;standard;5 seats;4 doors;used;53000;2026-03
mercedes;ml 250;2012;diesel;210000;automatic;12CV;2200;suv 4x4;good;standard;5 seats;4 doors;used;95000;2026-03
mercedes;gla 180;2016;diesel;151000;manual;5CV;1500;hatchback;good;standard;5 seats;4 doors;used;64500;2026-03
mercedes;classe 180;2011;gasoline;83000;manual;9CV;1800;sedan;good;standard;5 seats;4 doors;used;65000;2026-03
mercedes;classe c 200;2009;diesel;227000;automatic;7CV;2000;sedan;medium;standard;5 seats;4 doors;used;38000;2026-03
mercedes;classe e 300;2020;gasoline;42000;automatic;10CV;2000;sedan;good;amg;5 seats;4 doors;used;190000;2026-03
mercedes;vito;2013;diesel;346000;manual;7CV;2200;mpv;good;standard;8 seats;4 doors;used;40000;2026-03
mercedes;classe e 350;2011;gasoline;133000;automatic;19CV;3500;sedan;good;standard;5 seats;4 doors;used;73000;2026-03
mercedes;classe s 320;1999;gasoline;unknown;automatic;16CV;3000;sedan;bad;standard;5 seats;4 doors;used;15000;2026-03
mercedes;vito;2010;diesel;unknown;manual;9CV;2000;heavy commercial;medium;3 seats;5 seats;4 doors;used;35000;2026-03
mercedes;classe c 200;1994;gasoline;180000;manual;10CV;2000;sedan;good;standard;5 seats;4 doors;used;34000;2026-03
mercedes;classe e 200;2011;gasoline;220000;automatic;11CV;2000;sedan;good;standard;5 seats;4 doors;used;45000;2026-03
mercedes;190;1986;diesel;290000;manual;7CV;2500;sedan;good;standard;5 seats;4 doors;used;24000;2026-03
mercedes;glb 200;2021;diesel;70000;automatic;8CV;2000;suv 4x4;good;standard;7 seats;4 doors;used;144000;2026-03
mercedes;classe s 350;2008;gasoline;220000;automatic;19CV;3500;sedan;good;standard;5 seats;4 doors;used;65000;2026-03
mercedes;classe c 180 coupe;2016;gasoline;137000;automatic;9CV;1600;coupe;good;standard;5 seats;4 doors;used;50000;2026-03
mercedes;glk;2009;diesel;212000;automatic;10CV;2200;suv 4x4;good;standard;5 seats;4 doors;used;62000;2026-03
mercedes;classe a 180;2013;gasoline;158000;manual;6CV;1600;hatchback;good;standard;5 seats;4 doors;used;42000;2026-03
mercedes;classe e 220 coupe;2010;diesel;175000;automatic;12CV;2200;coupe;good;standard;5 seats;4 doors;used;54000;2026-03
mercedes;glb 200;2021;diesel;70000;automatic;9CV;2000;suv 4x4;good;standard;5 seats;4 doors;used;180000;2026-03
mercedes;classe e 200 coupe;2012;gasoline;203000;automatic;11CV;2000;coupe;good;standard;5 seats;4 doors;used;58000;2026-03
mercedes;gle 350e coupe;2021;hybrid;130000;automatic;11CV;2000;suv 4x4;good;standard;5 seats;4 doors;used;235000;2026-03
mercedes;classe e 200;2014;gasoline;140000;automatic;9CV;2000;sedan;good;standard;5 seats;4 doors;used;80000;2026-03
mercedes;classe x 250;2018;diesel;158000;automatic;8CV;2500;pickup 4x4;good;standard;5 seats;4 doors;used;115000;2026-03
mercedes;clk 200;2005;gasoline;300000;manual;10CV;2000;coupe;medium;standard;5 seats;4 doors;used;27000;2026-03
mercedes;gl 450;2008;gasoline;139000;automatic;26CV;4500;suv 4x4;good;standard;5 seats;4 doors;used;100000;2026-03
mercedes;190;1983;gasoline;unknown;manual;9CV;2000;sedan;bad;standard;5 seats;4 doors;used;7000;2026-03
mercedes;glc 250;2017;gasoline;58000;automatic;12CV;2000;suv 4x4;good;standard;5 seats;4 doors;used;120000;2026-03
mercedes;250;1991;diesel;unknown;manual;8CV;2000;sedan;medium;standard;5 seats;4 doors;used;15000;2026-03
mercedes;190;1988;gasoline;unknown;manual;7CV;1600;sedan;medium;standard;5 seats;4 doors;used;13000;2026-03
mercedes;classe e 220;2007;diesel;155000;manual;10CV;2000;sedan;good;standard;5 seats;4 doors;used;40000;2026-03
mercedes;vito;2019;diesel;145000;manual;6CV;1600;heavy commercial;good;standard;3 seats;4 doors;used;63000;2026-03
mercedes;classe e 200 coupe;2014;gasoline;112000;automatic;10CV;2000;coupe;good;standard;5 seats;4 doors;used;80000;2026-03
mercedes;ml 280;2008;diesel;380000;automatic;13CV;3000;suv 4x4;good;standard;5 seats;4 doors;used;52000;2026-03
mercedes;vito;2016;diesel;90000;automatic;7CV;2200;mpv;good;standard;8 seats;4 doors;used;120000;2026-03
mercedes;classe e 220;2000;diesel;unknown;manual;8CV;2000;sedan;medium;standard;5 seats;4 doors;used;20000;2026-03
mercedes;classe c 200 amg;2019;diesel;71000;automatic;9CV;2000;sedan;good;standard;5 seats;4 doors;used;140000;2026-03
mercedes;200;1980;diesel;unknown;manual;8CV;1600;sedan;medium;standard;5 seats;4 doors;used;8000;2026-03
mercedes;508;1990;diesel;unknown;manual;12CV;3800;heavy commercial;bad;standard;3 seats;2 doors;used;6000;2026-03
mercedes;glc 200 coupe;2021;gasoline;121000;automatic;11CV;2000;suv 4x4;good;standard;5 seats;4 doors;used;170000;2026-03
mercedes;ml;2003;diesel;400000;automatic;11CV;2200;suv 4x4;medium;standard;5 seats;4 doors;used;20000;2026-03
mercedes;gt 43;2021;gasoline;57000;automatic;24CV;3000;sedan;good;amg;5 seats;4 doors;used;440000;2026-03
mercedes;classe s 350;2003;gasoline;184000;automatic;10CV;3000;sedan;medium;standard;5 seats;4 doors;used;36000;2026-03
mercedes;classe e 220;2000;diesel;380000;manual;7CV;1600;sedan;medium;standard;5 seats;4 doors;used;24000;2026-03
mercedes;classe e 220;2008;diesel;290000;automatic;9CV;2200;sedan;good;standard;5 seats;4 doors;used;35000;2026-03
mercedes;190;1984;diesel;unknown;manual;7CV;1600;sedan;medium;standard;5 seats;4 doors;used;11000;2026-03
mercedes;250;1990;diesel;780000;manual;8CV;2500;sedan;good;standard;5 seats;4 doors;used;28000;2026-03
mercedes;190;1986;diesel;unknown;manual;8CV;2000;sedan;medium;standard;5 seats;4 doors;used;9000;2026-03
mercedes;classe e 220;2012;diesel;299000;automatic;7CV;2200;sedan;good;standard;5 seats;4 doors;used;62000;2026-03
mercedes;cls 350;2009;diesel;250000;automatic;14CV;3500;sedan;good;standard;5 seats;4 doors;used;60000;2026-03
mercedes;b 150;2008;gasoline;150000;manual;7CV;1500;hatchback;medium;standard;5 seats;4 doors;used;24000;2026-03
mercedes;190;1994;gasoline;unknown;manual;8CV;1600;sedan;medium;standard;5 seats;4 doors;used;14000;2026-03
mercedes;200 w 115;1976;diesel;unknown;manual;10CV;2000;sedan;good;standard;5 seats;4 doors;used;18000;2026-03
mercedes;200 w 123;1981;gasoline;unknown;manual;10CV;2000;sedan;good;standard;5 seats;4 doors;used;19000;2026-03
mercedes;clk 200;2003;gasoline;unknown;automatic;11CV;2003;coupe;good;standard;5 seats;4 doors;used;25000;2026-03
mercedes;classe e 220;2005;diesel;unknown;automatic;9CV;2005;sedan;good;standard;5 seats;4 doors;used;33000;2026-03
mercedes;classe c 180;1998;gasoline;unknown;automatic;9CV;1800;sedan;good;standard;5 seats;4 doors;used;18000;2026-03
mercedes;classe e 200;1997;diesel;unknown;manual;7CV;1800;sedan;good;standard;5 seats;4 doors;used;25000;2026-03
mercedes;classe s 300;2012;gasoline;200000;automatic;15CV;3000;sedan;good;standard;5 seats;4 doors;used;85000;2026-03
mercedes;250;1990;diesel;unknown;manual;10CV;2500;wagon;good;standard;5 seats;4 doors;used;18000;2026-03
mercedes;508;1988;diesel;unknown;manual;15CV;3800;heavy commercial;medium;standard;3 seats;2 doors;used;15000;2026-03
mercedes;classe e 200;2005;gasoline;220000;manual;11CV;2000;sedan;good;standard;5 seats;4 doors;used;28000;2026-03
mercedes;classe c 220;2003;diesel;380000;manual;10CV;2000;sedan;good;standard;5 seats;4 doors;used;27000;2026-03
mercedes;ml 350;2005;gasoline;183000;automatic;16CV;3000;suv 4x4;medium;standard;5 seats;4 doors;used;36000;2026-03
mercedes;b 180;2005;diesel;unknown;automatic;8CV;1800;hatchback;medium;standard;5 seats;4 doors;used;22000;2026-03
mercedes;classe s w 126;1981;gasoline;80000;automatic;12CV;3000;sedan;good;standard;5 seats;4 doors;used;72000;2026-03
mercedes;classe c 220;2002;diesel;unknown;manual;8CV;2000;sedan;good;standard;5 seats;4 doors;used;24000;2026-03
mercedes;classe e 220;2003;diesel;unknown;automatic;10CV;2000;sedan;good;standard;5 seats;4 doors;used;30000;2026-03
mercedes;classe e 200;2013;diesel;250000;automatic;8CV;1800;sedan;good;standard;5 seats;4 doors;used;64000;2026-03
mercedes;sprinter;2023;diesel;150000;manual;7CV;2100;heavy commercial;good;standard;3 seats;2 doors;used;66000;2026-03
mercedes;sprinter;1999;diesel;unknown;manual;10CV;2900;heavy commercial;medium;standard;3 seats;4 doors;used;17000;2026-03
mercedes;sprinter;2013;diesel;200000;manual;8CV;2000;heavy commercial;good;standard;3 seats;4 doors;used;50000;2026-03
mercedes;sprinter;2020;diesel;63000;manual;8CV;2000;heavy commercial;good;standard;3 seats;4 doors;used;75000;2026-03
mercedes;t1;1989;diesel;unknown;manual;10CV;2400;heavy commercial;medium;standard;5 seats;4 doors;used;10000;2026-03
mercedes;sprinter;2002;diesel;unknown;manual;10CV;2500;heavy commercial;medium;standard;5 seats;4 doors;used;15000;2026-03
mercedes;sprinter;1996;diesel;unknown;manual;10CV;2500;heavy commercial;medium;standard;5 seats;4 doors;used;14000;2026-03
seat;ibiza;2026;gasoline;0;manual;4CV;1000;hatchback;good;mpi;5 seats;4 doors;new;65000;2026-03
seat;ibiza;2026;gasoline;0;automatic;6CV;1000;hatchback;good;tsi;5 seats;4 doors;new;75000;2026-03
seat;arona;2026;gasoline;0;automatic;6CV;1000;crossover;good;standard;5 seats;4 doors;new;80000;2026-03
seat;leon;2026;gasoline;0;automatic;8CV;1400;hatchback;good;standard;5 seats;4 doors;new;109000;2026-03
seat;ateca;2026;gasoline;0;automatic;8CV;1400;suv 4x2;good;standard;5 seats;4 doors;new;123000;2026-03
seat;leon;2017;gasoline;260000;manual;5CV;1200;hatchback;good;standard;5 seats;4 doors;used;47000;2026-03
seat;arona;2021;gasoline;44000;manual;6CV;1600;hatchback;good;standard;5 seats;4 doors;used;60000;2026-03
seat;ateca;2023;gasoline;129000;automatic;6CV;1200;suv 4x4;good;standard;5 seats;4 doors;used;99000;2026-03
seat;ibiza;2014;gasoline;195000;manual;5CV;1200;hatchback;good;standard;5 seats;4 doors;used;31000;2026-03
seat;ateca;2021;gasoline;67000;automatic;8CV;1400;suv 4x4;good;standard;5 seats;4 doors;used;96000;2026-03
seat;ateca;2023;gasoline;90000;automatic;8CV;1400;suv 4x2;good;standard;5 seats;4 doors;used;90000;2026-03
seat;arona;2022;gasoline;70000;automatic;6CV;1000;crossover;good;standard;5 seats;4 doors;used;68000;2026-03
seat;ibiza;2023;gasoline;98000;manual;4CV;1000;hatchback;good;mpi;5 seats;4 doors;used;54000;2026-03
seat;leon;2013;gasoline;285000;manual;5CV;1200;hatchback;good;standard;5 seats;4 doors;used;40000;2026-03
seat;ibiza;2017;gasoline;70000;manual;5CV;1200;hatchback;good;standard;5 seats;4 doors;used;35000;2026-03
seat;ibiza;2015;gasoline;183000;manual;5CV;1200;hatchback;good;standard;5 seats;4 doors;used;33000;2026-03
seat;arona;2021;gasoline;130000;manual;6CV;1600;crossover;good;standard;5 seats;4 doors;used;60000;2026-03
seat;ibiza;2012;gasoline;235000;manual;5CV;1200;hatchback;good;standard;5 seats;4 doors;used;26000;2026-03
seat;leon;2017;gasoline;140000;manual;6CV;1200;hatchback;good;standard;5 seats;4 doors;used;53000;2026-03
seat;ibiza;2019;gasoline;100000;manual;4CV;1000;hatchback;good;mpi;5 seats;4 doors;used;37000;2026-03
seat;ateca;2020;diesel;180000;automatic;8CV;2000;suv 4x4;good;standard;5 seats;4 doors;used;83000;2026-03
seat;ibiza;2014;gasoline;200000;manual;5CV;1200;hatchback;good;standard;5 seats;4 doors;used;27000;2026-03
seat;ibiza;2012;gasoline;146000;manual;5CV;1200;hatchback;good;standard;5 seats;4 doors;used;30000;2026-03
seat;ibiza;2021;gasoline;100000;manual;5CV;1000;hatchback;good;standard;5 seats;4 doors;used;55000;2026-03
seat;ibiza;2014;gasoline;182000;manual;5CV;1200;hatchback;good;standard;5 seats;4 doors;used;28000;2026-03
seat;leon;2017;gasoline;155000;manual;5CV;1200;hatchback;good;standard;5 seats;2 doors;used;39000;2026-03
seat;leon;2017;gasoline;158000;automatic;6CV;1400;hatchback;good;standard;2 doors;4 doors;used;37500;2026-03
seat;arona;2021;gasoline;60000;manual;6CV;1000;hatchback;good;standard;5 seats;4 doors;used;60000;2026-03
seat;altea xl;2017;diesel;255000;manual;5CV;1600;mpv;good;standard;5 seats;4 doors;used;35000;2026-03
seat;ibiza;2022;gasoline;102000;automatic;6CV;1000;hatchback;good;standard;5 seats;4 doors;used;47000;2026-03
seat;leon;2023;gasoline;14000;automatic;8CV;1400;hatchback;good;standard;5 seats;4 doors;used;90000;2026-03
seat;ateca;2017;gasoline;159000;manual;8CV;1400;suv 4x2;good;standard;5 seats;4 doors;used;63000;2026-03
seat;ibiza;2022;gasoline;44000;automatic;6CV;1000;hatchback;good;standard;5 seats;4 doors;used;62000;2026-03
seat;leon;2022;gasoline;82000;automatic;8CV;1400;hatchback;good;standard;5 seats;4 doors;used;72000;2026-03
seat;ibiza;2017;gasoline;205000;manual;4CV;1000;hatchback;medium;standard;5 seats;4 doors;used;28000;2026-03
seat;ibiza;2006;diesel;250000;manual;4CV;1400;hatchback;medium;standard;5 seats;4 doors;used;16000;2026-03
seat;leon;2011;gasoline;280000;manual;7CV;1200;hatchback;good;standard;5 seats;4 doors;used;27000;2026-03
seat;ibiza;2021;gasoline;180000;manual;4CV;1000;hatchback;good;standard;5 seats;4 doors;used;38000;2026-03
seat;ibiza;2020;gasoline;126000;manual;4CV;1000;hatchback;good;standard;5 seats;4 doors;used;45000;2026-03
seat;leon;2016;gasoline;240000;manual;6CV;1200;hatchback;good;standard;5 seats;4 doors;used;45000;2026-03
seat;ibiza;2021;gasoline;148000;manual;5CV;1000;hatchback;good;standard;5 seats;4 doors;used;41000;2026-03
seat;toledo;2015;gasoline;218000;manual;6CV;1400;sedan;good;standard;5 seats;4 doors;used;34000;2026-03
seat;ibiza;2018;gasoline;184000;manual;6CV;1200;hatchback;good;standard;5 seats;4 doors;used;48000;2026-03
seat;alhambrea;2017;gasoline;49000;manual;9CV;1600;mpv;good;standard;7 seats;4 doors;used;74000;2026-03
seat;ibiza;2020;gasoline;63000;manual;5CV;1000;hatchback;good;standard;5 seats;4 doors;used;48000;2026-03
seat;ibiza;2014;diesel;268000;manual;5CV;1400;hatchback;medium;standard;5 seats;4 doors;used;26000;2026-03
seat;arona;2019;gasoline;81000;automatic;6CV;1000;crossover;good;standard;5 seats;4 doors;used;58000;2026-03
seat;leon;2018;gasoline;138000;manual;6CV;1200;hatchback;good;standard;5 seats;4 doors;used;45000;2026-03
seat;leon;2021;gasoline;99000;automatic;8CV;1400;hatchback;good;standard;5 seats;4 doors;used;86000;2026-03
seat;leon;2021;hybrid;97000;automatic;8CV;1400;hatchback;good;standard;5 seats;4 doors;used;74000;2026-03
seat;leon;2015;gasoline;190000;manual;6CV;1200;hatchback;medium;standard;5 seats;2 doors;used;30000;2026-03
seat;cordoba;1998;diesel;unknown;manual;5CV;1600;sedan;bad;standard;5 seats;4 doors;used;11000;2026-03
seat;leon;2012;gasoline;200000;manual;6CV;1200;hatchback;good;standard;5 seats;4 doors;used;33000;2026-03
seat;exeo;2011;gasoline;unknown;manual;8CV;1600;sedan;good;standard;5 seats;4 doors;used;34000;2026-03
seat;leon;2022;gasoline;unknown;manual;6CV;1400;hatchback;good;standard;5 seats;4 doors;used;67000;2026-03
seat;leon;2012;gasoline;291000;manual;6CV;1400;hatchback;good;standard;5 seats;4 doors;used;27000;2026-03
cupra;formentor;2022;gasoline;37000;automatic;8CV;1500;suv 4x2;good;standard;5 seats;4 doors;used;108000;2026-03
cupra;leon;2026;gasoline;0;automatic;8CV;1400;hatchback;good;standard;5 seats;4 doors;new;138000;2026-03
cupra;terramar;2026;gasoline;0;automatic;8CV;1400;suv 4x4;good;standard;5 seats;4 doors;new;169000;2026-03
cupra;formentor;2022;hybrid;61000;automatic;8CV;1400;suv 4x2;good;standard;5 seats;4 doors;used;98000;2026-03
cupra;formentor;2023;gasoline;60000;automatic;11CV;2000;suv 4x2;good;standard;5 seats;4 doors;used;128000;2026-03
cupra;formentor;2022;gasoline;55000;automatic;11CV;2000;suv 4x2;good;standard;5 seats;4 doors;used;116000;2026-03
cupra;formentor;2022;gasoline;35000;automatic;11CV;2000;suv 4x2;good;standard;5 seats;4 doors;used;150000;2026-03
cupra;leon;2024;hybrid;19000;automatic;8CV;1500;hatchback;good;standard;5 seats;4 doors;used;120000;2026-03
seat;leon;2020;gasoline;55000;automatic;18CV;2000;hatchback;good;cupra;5 seats;4 doors;used;105000;2026-03
seat;ibiza;2012;gasoline;238000;manual;5CV;1200;hatchback;good;standard;5 seats;4 doors;used;27000;2026-03
seat;leon;2017;gasoline;158000;manual;6CV;1400;hatchback;good;standard;5 seats;2 doors;used;37000;2026-03
seat;mango;2019;gasoline;80000;manual;4CV;1000;hatchback;good;standard;5 seats;4 doors;used;32000;2026-03
audi;a3;2021;gasoline;90000;manual;6CV;1000;hatchback;good;s line;5 seats;4 doors;used;97000;2026-03
audi;a3;2019;gasoline;240000;manual;6CV;1000;hatchback;medium;standard;5 seats;4 doors;used;55000;2026-03
audi;q5;2010;gasoline;190000;automatic;13CV;2000;suv 4x4;good;s line;5 seats;4 doors;used;47000;2026-03
audi;q5;2010;diesel;182000;automatic;15CV;3000;suv 4x4;good;standard;5 seats;4 doors;used;70000;2026-03
audi;q5;2011;diesel;320000;automatic;10CV;2000;suv 4x4;good;standard;5 seats;4 doors;used;60000;2026-03
audi;a3;2013;diesel;260000;manual;6CV;1600;hatchback;good;standard;5 seats;4 doors;used;44000;2026-03
audi;a4;2011;gasoline;225000;manual;7CV;1800;sedan;good;standard;5 seats;4 doors;used;50000;2026-03
audi;q3;2016;gasoline;175000;automatic;5CV;1400;suv 4x2;good;standard;5 seats;4 doors;used;69000;2026-03
audi;a4;2014;gasoline;252000;manual;7CV;1800;sedan;medium;standard;5 seats;4 doors;used;31000;2026-03
audi;a3;2017;gasoline;190000;automatic;7CV;1600;hatchback;good;s line;5 seats;4 doors;used;60000;2026-03
audi;a5;2019;gasoline;198000;automatic;8CV;1400;sedan;good;standard;5 seats;4 doors;used;78000;2026-03
audi;a5;2018;gasoline;108000;automatic;8CV;1400;sedan;good;s line;5 seats;4 doors;used;105000;2026-03
audi;a4;2010;gasoline;244000;automatic;7CV;1800;sedan;medium;standard;5 seats;4 doors;used;30000;2026-03
audi;q3;2014;diesel;147000;automatic;6CV;2000;suv 4x4;good;s line;5 seats;4 doors;used;80000;2026-03
audi;a5;2009;gasoline;140000;automatic;13CV;2000;coupe;medium;standard;5 seats;4 doors;used;40000;2026-03
audi;q3;2020;gasoline;170000;automatic;9CV;1400;suv 4x4;good;standard;5 seats;4 doors;used;83000;2026-03
audi;a4;2010;gasoline;230000;manual;7CV;1800;sedan;bad;standard;5 seats;4 doors;used;27000;2026-03
audi;a5;2020;gasoline;168000;automatic;8CV;1400;sedan;good;s line;5 seats;4 doors;used;93000;2026-03
audi;a3;2015;gasoline;140000;manual;5CV;1200;sedan;good;standard;5 seats;4 doors;used;49000;2026-03
audi;q5;2011;diesel;231000;manual;8CV;2000;suv 4x4;good;standard;5 seats;4 doors;used;52000;2026-03
audi;q5;2010;gasoline;190000;automatic;13CV;2000;suv 4x4;good;s line;5 seats;4 doors;used;48000;2026-03
audi;q2;2017;gasoline;61000;automatic;6CV;1200;crossover;good;standard;5 seats;4 doors;used;63000;2026-03
audi;80;1986;diesel;unknown;manual;8CV;1400;sedan;bad;standard;5 seats;4 doors;used;7000;2026-03
audi;a3;2023;gasoline;5000;automatic;8CV;1400;hatchback;good;s line;5 seats;4 doors;used;125000;2026-03
audi;a3;2018;gasoline;116000;manual;6CV;1200;hatchback;good;standard;5 seats;4 doors;used;57000;2026-03
audi;e tron sportback;2022;electric;51000;automatic;12CV;unknown;suv 4x4;good;s line;5 seats;4 doors;used;155000;2026-03
audi;q5;2016;diesel;160000;manual;9CV;2000;suv 4x4;good;s line;5 seats;4 doors;used;120000;2026-03
audi;a4;2020;gasoline;115000;automatic;8CV;1400;sedan;good;standard;5 seats;4 doors;used;80000;2026-03
audi;a3;2008;gasoline;215000;automatic;7CV;1600;hatchback;medium;standard;5 seats;4 doors;used;33000;2026-03
audi;a4;2018;gasoline;236000;automatic;8CV;1400;sedan;good;standard;5 seats;4 doors;used;64000;2026-03
audi;a4;2009;gasoline;250000;automatic;13CV;2000;wagon;good;allroad;5 seats;4 doors;used;46000;2026-03
audi;a3;2014;gasoline;166000;manual;5CV;1200;hatchback;good;standard;5 seats;4 doors;used;44000;2026-03
audi;a4;2012;gasoline;192000;manual;7CV;1800;sedan;good;standard;5 seats;4 doors;used;41000;2026-03
audi;q2;2018;gasoline;240000;automatic;6CV;1400;crossover;good;standard;5 seats;4 doors;used;53500;2026-03
audi;a3;2008;gasoline;264000;automatic;7CV;1600;hatchback;medium;standard;5 seats;4 doors;used;30000;2026-03
audi;a7;2019;gasoline;27000;automatic;23CV;3000;sedan;good;s line quattro;5 seats;4 doors;used;208000;2026-03
audi;a5;2020;gasoline;164000;automatic;8CV;1400;sedan;good;standard;5 seats;4 doors;used;85000;2026-03
audi;a1;2024;gasoline;35000;automatic;6CV;1000;hatchback;good;standard;5 seats;4 doors;used;83000;2026-03
audi;a4;2011;diesel;224000;manual;8CV;2000;sedan;medium;standard;5 seats;4 doors;used;42000;2026-03
audi;a4;2013;diesel;222000;manual;6CV;2000;wagon;medium;standard;5 seats;4 doors;used;43000;2026-03
audi;a5;2013;diesel;190000;automatic;8CV;2000;sedan;good;s line;5 seats;4 doors;used;60000;2026-03
audi;a4;2004;diesel;548000;manual;6CV;1900;sedan;medium;standard;5 seats;4 doors;used;24000;2026-03
audi;a4;2018;gasoline;219000;manual;8CV;1400;sedan;good;standard;5 seats;4 doors;used;60000;2026-03
audi;a5;2014;diesel;186000;automatic;9CV;2000;sedan;good;standard;5 seats;4 doors;used;60000;2026-03
audi;a3;2014;gasoline;116000;manual;10CV;1800;sedan;good;standard;5 seats;4 doors;used;50000;2026-03
audi;q5;2021;diesel;80000;automatic;12CV;2000;suv 4x4;good;quattro;5 seats;4 doors;used;230000;2026-03
audi;a4;2014;gasoline;176000;manual;7CV;1800;sedan;good;standard;5 seats;4 doors;used;48000;2026-03
audi;q7;2020;hybrid;132000;automatic;21CV;4000;suv 4x4;good;quattro;5 seats;4 doors;used;250000;2026-03
audi;a4;2010;diesel;179000;manual;8CV;2000;wagon;good;standard;5 seats;4 doors;used;40000;2026-03
audi;a4;2011;gasoline;298000;manual;7CV;1800;sedan;medium;standard;5 seats;4 doors;used;31000;2026-03
audi;a6;2010;gasoline;257000;automatic;11CV;2000;sedan;medium;standard;5 seats;4 doors;used;35000;2026-03
audi;100;1992;gasoline;245000;manual;13CV;2300;sedan;good;standard;5 seats;4 doors;used;22000;2026-03
audi;q3;2020;hybrid;45000;automatic;9CV;1500;suv 4x4;good;s line;5 seats;4 doors;used;135000;2026-03
audi;q2;2023;gasoline;61000;automatic;8CV;1400;crossover;good;standard;5 seats;4 doors;used;95000;2026-03
audi;q7;2008;diesel;320000;automatic;16CV;4000;suv 4x4;medium;s line;5 seats;4 doors;used;50000;2026-03
audi;q3;2017;gasoline;144000;automatic;8CV;1400;suv 4x4;good;standard;5 seats;4 doors;used;80000;2026-03
audi;a3;2018;diesel;200000;manual;6CV;1600;hatchback;good;s line;5 seats;4 doors;used;68000;2026-03
audi;a7;2019;gasoline;64000;automatic;23CV;3000;sedan;good;s line quattro;5 seats;4 doors;used;269000;2026-03
audi;q7;2009;diesel;162000;automatic;16CV;3000;suv 4x4;good;standard;5 seats;4 doors;used;65000;2026-03
audi;q7;2008;diesel;210000;automatic;16CV;3000;suv 4x4;good;standard;5 seats;4 doors;used;55000;2026-03
audi;a3;2026;gasoline;0;automatic;8CV;1400;hatchback;good;standard;5 seats;4 doors;new;140000;2026-03
audi;a3;2026;gasoline;0;automatic;8CV;1400;sedan;good;standard;5 seats;4 doors;new;160000;2026-03
audi;q2;2026;gasoline;0;automatic;8CV;1400;crossover;good;standard;5 seats;4 doors;new;145000;2026-03
audi;q3;2026;gasoline;0;automatic;9CV;1500;suv 4x4;good;s line;5 seats;4 doors;new;200000;2026-03
audi;a5;2026;gasoline;0;automatic;8CV;2000;sedan;good;standard;5 seats;4 doors;new;250000;2026-03
audi;a6 e tron;2026;electric;0;automatic;9CV;unknown;sedan;good;s line;5 seats;4 doors;new;260000;2026-03
audi;q8;2026;gasoline;0;automatic;22CV;3000;suv 4x4;good;quattro;5 seats;4 doors;new;525000;2026-03
audi;e tron gt;2026;electric;0;automatic;10CV;unknown;sedan;good;quattro;5 seats;4 doors;new;340000;2026-03
audi;q6 coupe e tron;2026;electric;0;automatic;9CV;unknown;suv 4x4;good;s line;5 seats;4 doors;new;280000;2026-03
audi;q6 e tron;2026;electric;0;automatic;9CV;unknown;suv 4x4;good;s line quattro;5 seats;4 doors;new;260000;2026-03
skoda;superb;2026;gasoline;0;automatic;8CV;1500;sedan;good;standard;5 seats;4 doors;new;156000;2026-03
skoda;octavia;2026;gasoline;0;automatic;8CV;1400;sedan;good;standard;5 seats;4 doors;new;115000;2026-03
skoda;kamiq;2026;gasoline;0;automatic;6CV;1000;crossover;good;standard;5 seats;4 doors;new;90000;2026-03
skoda;scala;2026;gasoline;0;automatic;6CV;1000;wagon;good;standard;5 seats;4 doors;new;87000;2026-03
skoda;kushaq;2026;gasoline;0;automatic;6CV;1000;crossover;good;standard;5 seats;4 doors;new;79000;2026-03
skoda;fabia;2026;gasoline;0;manual;4CV;1000;hatchback;good;standard;5 seats;4 doors;new;67000;2026-03
skoda;octavia;2020;gasoline;103000;automatic;7CV;1400;sedan;good;standard;5 seats;4 doors;used;60000;2026-03
skoda;fabia;2016;gasoline;120000;manual;4CV;1000;hatchback;good;standard;5 seats;4 doors;used;37000;2026-03
skoda;fabia;2021;gasoline;160000;manual;4CV;1000;hatchback;good;standard;5 seats;4 doors;used;34000;2026-03
skoda;kamiq;2022;gasoline;95000;automatic;6CV;1000;crossover;good;standard;5 seats;4 doors;used;80000;2026-03
skoda;fabia;2020;gasoline;155000;manual;4CV;1000;hatchback;good;monte carlo;5 seats;4 doors;used;40000;2026-03
skoda;kamiq;2022;gasoline;84000;automatic;6CV;1000;crossover;good;standard;5 seats;4 doors;used;62000;2026-03
skoda;octavia;2021;gasoline;86000;automatic;6CV;1000;sedan;good;standard;5 seats;4 doors;used;77000;2026-03
skoda;fabia;2022;gasoline;190000;manual;4CV;1000;hatchback;good;monte carlo;5 seats;4 doors;used;45000;2026-03
skoda;octavia;2017;gasoline;189000;automatic;8CV;1400;sedan;good;standard;5 seats;4 doors;used;38000;2026-03
skoda;karoq;2022;gasoline;100000;manual;6CV;1000;crossover;good;standard;5 seats;4 doors;used;70000;2026-03
skoda;karoq;2021;gasoline;65000;automatic;8CV;1400;crossover;good;standard;5 seats;4 doors;used;90000;2026-03
skoda;octavia;2017;gasoline;235000;automatic;8CV;1400;sedan;good;standard;5 seats;4 doors;used;36000;2026-03
skoda;fabia;2020;gasoline;188000;manual;5CV;1200;hatchback;good;standard;5 seats;4 doors;used;30000;2026-03
skoda;fabia;2014;diesel;308000;manual;4CV;1400;hatchback;medium;standard;5 seats;4 doors;used;27000;2026-03
skoda;fabia;2021;gasoline;78000;manual;4CV;1000;hatchback;good;monte carlo;5 seats;4 doors;used;56000;2026-03
skoda;scala;2022;gasoline;100000;automatic;6CV;1000;wagon;good;standard;5 seats;4 doors;used;59000;2026-03
skoda;octavia;2023;gasoline;120000;automatic;8CV;1400;sedan;good;standard;5 seats;4 doors;used;69000;2026-03
skoda;fabia;2020;gasoline;73500;manual;4CV;1000;hatchback;good;standard;5 seats;4 doors;used;45000;2026-03
skoda;octavia;2006;diesel;300000;manual;6CV;1900;sedan;medium;standard;5 seats;4 doors;used;24000;2026-03
skoda;fabia;2023;gasoline;120000;manual;4CV;1000;hatchback;good;standard;5 seats;4 doors;used;38000;2026-03
skoda;karoq;2024;gasoline;41000;automatic;8CV;1400;crossover;good;standard;5 seats;4 doors;used;110000;2026-03
skoda;octavia;2015;gasoline;262;automatic;7CV;1400;sedan;good;standard;5 seats;4 doors;used;37000;2026-03
skoda;fabia;2016;gasoline;141000;manual;5CV;1200;hatchback;good;standard;5 seats;4 doors;used;30000;2026-03
skoda;octavia;2021;gasoline;86000;automatic;6CV;1000;sedan;good;standard;5 seats;4 doors;used;75000;2026-03
skoda;octavia vrs;2021;gasoline;81000;automatic;14CV;2000;sedan;good;standard;5 seats;4 doors;used;148000;2026-03
skoda;kamiq;2021;gasoline;120000;manual;6CV;1000;crossover;good;standard;5 seats;4 doors;used;54000;2026-03
skoda;octavia;2021;diesel;91000;automatic;8CV;2000;sedan;good;standard;5 seats;4 doors;used;65000;2026-03
skoda;scala;2021;gasoline;79000;automatic;6CV;1600;wagon;good;standard;5 seats;4 doors;used;57000;2026-03
dacia;sandero stepway;2026;gasoline;0;manual;6CV;1000;hatchback;good;standard;5 seats;4 doors;new;63000;2026-03
dacia;sandero stepway;2026;gasoline;0;automatic;6CV;1000;hatchback;good;standard;5 seats;4 doors;new;73000;2026-03
dacia;duster;2026;diesel;0;manual;6CV;1500;suv 4x2;good;standard;5 seats;4 doors;new;107000;2026-03
dacia;logan;2026;gasoline;0;manual;5CV;1000;sedan;good;standard;5 seats;4 doors;new;63000;2026-03
dacia;sandero;2026;gasoline;0;manual;5CV;1000;hatchback;good;standard;5 seats;4 doors;new;58500;2026-03
dacia;logan;2010;diesel;240000;manual;5CV;1500;mpv;medium;standard;7 seats;4 doors;used;20000;2026-03
dacia;dokker;2022;diesel;107000;manual;5CV;1500;light commercial;good;standard;5 seats;4 doors;used;35000;2026-03
dacia;dokker;2021;diesel;196000;manual;5CV;1500;light commercial;good;standard;5 seats;4 doors;used;32000;2026-03
dacia;duster;2013;gasoline;189000;manual;7CV;1600;suv 4x2;medium;standard;5 seats;4 doors;used;34000;2026-03
dacia;sandero stepway;2013;gasoline;51000;manual;5CV;1200;hatchback;good;standard;5 seats;4 doors;used;45000;2026-03
dacia;duster;2023;gasoline;100000;manual;5CV;1200;suv 4x2;good;standard;5 seats;4 doors;used;56000;2026-03
dacia;duster;2020;diesel;178000;manual;5CV;1500;suv 4x2;good;standard;5 seats;4 doors;used;53000;2026-03
dacia;duster;2018;diesel;217000;manual;5CV;1500;light commercial;good;standard;5 seats;4 doors;used;30000;2026-03
dacia;lodgy;2022;diesel;135000;automatic;6CV;1500;mpv;good;standard;5 seats;4 doors;used;56000;2026-03
dacia;sandero;2021;gasoline;80000;manual;4CV;1000;hatchback;good;standard;5 seats;4 doors;used;43000;2026-03
dacia;duster;2020;gasoline;40000;manual;6CV;1000;suv 4x2;good;standard;5 seats;4 doors;used;66000;2026-03
dacia;dokker;2017;diesel;230000;manual;5CV;1500;light commercial;medium;standard;5 seats;4 doors;used;26000;2026-03
dacia;dokker;2020;diesel;190000;manual;5CV;1500;light commercial;good;standard;5 seats;4 doors;used;29000;2026-03
dacia;sandero stepway;2020;gasoline;76000;manual;5CV;1200;hatchback;good;standard;5 seats;4 doors;used;43000;2026-03
dacia;duster;2012;gasoline;unknown;manual;7CV;1600;suv 4x2;medium;standard;5 seats;4 doors;used;34000;2026-03
dacia;duster;2012;diesel;unknown;manual;5CV;1500;suv 4x4;medium;standard;5 seats;4 doors;used;35000;2026-03
dacia;sandero;2012;gasoline;196000;automatic;6CV;1600;hatchback;good;standard;5 seats;4 doors;used;18000;2026-03
dacia;duster;2013;gasoline;190000;manual;7CV;1600;suv 4x2;good;standard;5 seats;4 doors;used;38000;2026-03
dacia;logan;2009;diesel;305000;manual;5CV;1500;mpv;bad;standard;7 seats;4 doors;used;12000;2026-03
dacia;duster;2023;diesel;88000;manual;5CV;1500;suv 4x2;good;standard;5 seats;4 doors;used;75000;2026-03
dacia;sandero;2023;gasoline;56000;manual;5CV;1000;hatchback;good;standard;5 seats;4 doors;used;50000;2026-03
dacia;duster;2020;diesel;183000;manual;5CV;1500;suv 4x4;good;standard;5 seats;4 doors;used;58000;2026-03
dacia;dokker;2021;diesel;203000;manual;5CV;1500;light commercial;good;standard;5 seats;4 doors;used;30000;2026-03
dacia;sandero;2020;gasoline;53400;manual;5CV;1000;hatchback;good;standard;5 seats;4 doors;used;43000;2026-03
dacia;sandero stepway;2021;gasoline;12000;manual;5CV;1000;hatchback;good;standard;5 seats;4 doors;used;53000;2026-03
dacia;sandero;2016;gasoline;205000;manual;5CV;1200;hatchback;good;standard;5 seats;4 doors;used;34000;2026-03
dacia;logan;2023;gasoline;75000;manual;5CV;1000;sedan;good;standard;5 seats;4 doors;used;41000;2026-03
dacia;sandero stepway;2020;gasoline;71000;manual;5CV;1000;hatchback;good;standard;5 seats;4 doors;used;45000;2026-03
dacia;dokker;2020;diesel;100000;manual;5CV;1500;light commercial;medium;standard;5 seats;4 doors;used;25000;2026-03
dacia;dokker;2012;diesel;500000;manual;5CV;1500;light commercial;medium;standard;5 seats;4 doors;used;19000;2026-03
dacia;sandero;2021;gasoline;148000;manual;5CV;1400;hatchback;good;standard;5 seats;4 doors;used;41000;2026-03
dacia;logan;2010;gasoline;unknown;manual;5CV;1200;sedan;bad;standard;5 seats;4 doors;used;10000;2026-03
dacia;sandero;2013;gasoline;unknown;manual;5CV;1200;hatchback;medium;standard;5 seats;4 doors;used;20000;2026-03
dacia;logan;2015;diesel;unknown;manual;5CV;1500;light commercial;medium;standard;2 seats;4 doors;used;17500;2026-03
dacia;dokker;2014;diesel;unknown;manual;5CV;1500;light commercial;bad;standard;5 seats;4 doors;used;16000;2026-03
dacia;logan;2012;gasoline;240000;manual;7CV;1400;mpv;medium;standard;7 seats;4 doors;used;20000;2026-03
dacia;logan;2011;diesel;250000;manual;5CV;1500;mpv;good;standard;7 seats;4 doors;used;23000;2026-03
dacia;dokker;2016;diesel;246000;manual;5CV;1500;light commercial;medium;standard;5 seats;4 doors;used;23000;2026-03
dacia;logan;2014;gasoline;unknown;manual;7CV;1900;sedan;medium;standard;5 seats;4 doors;used;12000;2026-03
fiat;fiorino combi;2026;diesel;0;manual;4CV;1300;mpv;good;standard;5 seats;4 doors;new;81000;2026-03
fiat;tipo;2026;gasoline;0;manual;5CV;1400;sedan;good;standard;5 seats;4 doors;new;78500;2026-03
fiat;doblo combi;2026;diesel;0;manual;5CV;1600;mpv;good;standard;5 seats;4 doors;new;105000;2026-03
fiat;scudo combi;2026;diesel;0;manual;8CV;2000;mpv;good;standard;5 seats;4 doors;new;153000;2026-03
fiat;doblo;2026;diesel;0;manual;5CV;1600;light commercial;good;standard;5 seats;4 doors;new;67500;2026-03
fiat;ducato;2026;diesel;0;manual;7CV;2200;heavy commercial;good;standard;5 seats;4 doors;new;85000;2026-03
fiat;scudo;2026;diesel;0;manual;8CV;2000;heavy commercial;good;standard;5 seats;4 doors;new;87000;2026-03
fiat;palio;2002;gasoline;unknown;manual;4CV;1300;hatchback;good;standard;5 seats;4 doors;used;14000;2026-03
fiat;palio;2004;gasoline;unknown;manual;5CV;1600;hatchback;bad;standard;5 seats;4 doors;used;9000;2026-03
fiat;500;2015;gasoline;186000;manual;4CV;1200;hatchback;medium;standard;5 seats;4 doors;used;28000;2026-03
fiat;punto;2013;gasoline;188000;manual;4CV;1200;hatchback;good;standard;5 seats;4 doors;used;23000;2026-03
fiat;500;2010;gasoline;192000;manual;4CV;1200;hatchback;good;standard;5 seats;4 doors;used;26000;2026-03
fiat;punto;2018;gasoline;130000;manual;4CV;1200;hatchback;good;standard;5 seats;4 doors;used;24000;2026-03
fiat;panda;2016;gasoline;150000;manual;4CV;1200;hatchback;good;standard;5 seats;4 doors;used;25000;2026-03
fiat;doblo;2020;diesel;153000;manual;5CV;1300;light commercial;good;standard;5 seats;4 doors;used;27000;2026-03
fiat;500;2022;hybrid;110000;manual;5CV;1000;hatchback;good;standard;5 seats;4 doors;used;44000;2026-03
fiat;tipo;2021;gasoline;90000;manual;6CV;1400;sedan;good;standard;5 seats;4 doors;used;41500;2026-03
fiat;punto;2013;gasoline;145000;manual;4CV;1200;hatchback;good;standard;5 seats;4 doors;used;24000;2026-03
fiat;punto;2014;gasoline;247000;manual;4CV;1200;hatchback;good;standard;5 seats;4 doors;used;22000;2026-03
fiat;panda cross;2023;gasoline;63000;manual;4CV;1200;hatchback;good;standard;5 seats;4 doors;used;38000;2026-03
fiat;punto;2011;gasoline;300000;manual;5CV;1200;hatchback;medium;standard;5 seats;4 doors;used;18000;2026-03
fiat;doblo;2016;diesel;138000;automatic;5CV;1600;light commercial;good;standard;5 seats;4 doors;used;34000;2026-03
fiat;doblo;2019;diesel;280000;manual;5CV;1300;light commercial;bad;standard;5 seats;4 doors;used;16000;2026-03
fiat;fiorino;2017;diesel;275000;manual;5CV;1300;light commercial;good;standard;5 seats;4 doors;used;26000;2026-03
fiat;panda;2007;gasoline;180000;manual;4CV;1100;hatchback;medium;standard;5 seats;4 doors;used;20500;2026-03
fiat;doblo;2023;diesel;51000;manual;5CV;1300;light commercial;good;standard;3 seats;4 doors;used;44000;2026-03
fiat;palio;2010;gasoline;214000;manual;4CV;1100;hatchback;good;standard;5 seats;4 doors;used;19000;2026-03
fiat;panda;2021;gasoline;96000;manual;4CV;1200;hatchback;good;standard;5 seats;4 doors;used;33000;2026-03
fiat;panda;2015;gasoline;250000;manual;4CV;1200;hatchback;good;standard;5 seats;4 doors;used;25000;2026-03
fiat;500x;2020;diesel;117000;automatic;6CV;1600;crossover;good;standard;5 seats;4 doors;used;58000;2026-03
fiat;siena;2007;gasoline;245000;manual;5CV;1400;sedan;medium;standard;5 seats;4 doors;used;17000;2026-03
fiat;tipo;1994;gasoline;unknown;manual;8CV;1400;hatchback;medium;standard;5 seats;4 doors;used;9000;2026-03
fiat;panda;2011;gasoline;205000;manual;4CV;1200;hatchback;medium;standard;5 seats;4 doors;used;19000;2026-03
fiat;fiorino;2021;diesel;138000;manual;5CV;1300;light commercial;good;standard;5 seats;4 doors;used;27000;2026-03
fiat;palio;2005;gasoline;250000;manual;4CV;1200;hatchback;good;standard;5 seats;4 doors;used;14000;2026-03
fiat;500;2018;gasoline;85000;automatic;4CV;1200;hatchback;good;standard;5 seats;4 doors;used;40000;2026-03
fiat;panda;2009;gasoline;146000;manual;4CV;1200;hatchback;good;standard;5 seats;4 doors;used;24000;2026-03
fiat;500;2021;hybrid;70000;automatic;4CV;1200;convertible;good;standard;5 seats;4 doors;used;48000;2026-03
fiat;fiorino;2024;diesel;52000;manual;5CV;1300;light commercial;good;standard;5 seats;4 doors;used;43000;2026-03
fiat;palio;2007;gasoline;220000;manual;4CV;1200;hatchback;good;standard;5 seats;4 doors;used;17000;2026-03
fiat;doblo;2014;diesel;193000;manual;5CV;1300;light commercial;good;standard;5 seats;4 doors;used;18000;2026-03
fiat;ducato;2000;diesel;unknown;manual;7CV;1900;mpv;bad;standard;9 seats;4 doors;used;9000;2026-03
fiat;tipo;2023;gasoline;42000;manual;5CV;1400;hatchback;good;standard;5 seats;4 doors;used;58000;2026-03
fiat;tipo;2020;gasoline;133000;manual;5CV;1400;sedan;good;standard;5 seats;4 doors;used;33000;2026-03
fiat;palio;2000;gasoline;unknown;manual;4CV;1100;hatchback;medium;standard;5 seats;4 doors;used;11000;2026-03
fiat;punto;2012;gasoline;215000;manual;4CV;1200;hatchback;good;standard;5 seats;4 doors;used;23000;2026-03
fiat;uno;2003;gasoline;unknown;manual;4CV;1200;hatchback;good;standard;5 seats;4 doors;used;9000;2026-03
fiat;fiorino;2022;diesel;62000;manual;5CV;1300;light commercial;good;standard;5 seats;4 doors;used;40000;2026-03
fiat;punto;1996;gasoline;unknown;manual;4CV;1100;hatchback;good;standard;5 seats;4 doors;used;9000;2026-03
fiat;500;2020;gasoline;80000;automatic;4CV;1200;hatchback;good;standard;5 seats;4 doors;used;39000;2026-03
fiat;500;2010;gasoline;190000;manual;4CV;1200;hatchback;medium;standard;5 seats;4 doors;used;23000;2026-03
fiat;punto;1997;gasoline;unknown;manual;4CV;1100;hatchback;good;standard;5 seats;4 doors;used;10000;2026-03
fiat;doblo;2013;diesel;unknown;manual;5CV;1600;light commercial;medium;standard;5 seats;4 doors;used;16000;2026-03
fiat;fiorino;2018;diesel;227000;manual;5CV;1300;light commercial;good;standard;5 seats;4 doors;used;24000;2026-03
fiat;uno;1999;gasoline;389000;manual;4CV;1100;hatchback;medium;standard;5 seats;4 doors;used;6000;2026-03
fiat;palio;2010;gasoline;135000;manual;4CV;1200;hatchback;good;standard;5 seats;4 doors;used;17000;2026-03
fiat;fiorino;2021;diesel;149000;manual;5CV;1300;light commercial;good;standard;5 seats;4 doors;used;33000;2026-03
fiat;punto;1994;gasoline;unknown;manual;4CV;1100;hatchback;good;standard;5 seats;4 doors;used;11000;2026-03
fiat;doblo;2020;diesel;232000;manual;5CV;1300;light commercial;good;standard;5 seats;4 doors;used;30000;2026-03
fiat;punto;2005;gasoline;300000;manual;5CV;1200;hatchback;good;standard;5 seats;4 doors;used;14000;2026-03
fiat;punto;2009;gasoline;204000;manual;4CV;1200;hatchback;medium;standard;5 seats;4 doors;used;18000;2026-03
fiat;scudo;2004;diesel;unknown;manual;5CV;1400;heavy commercial;medium;standard;5 seats;4 doors;used;13000;2026-03
fiat;punto;2015;gasoline;183000;manual;4CV;1200;hatchback;good;standard;5 seats;4 doors;used;21000;2026-03
fiat;punto;1998;gasoline;unknown;manual;4CV;1200;hatchback;good;standard;5 seats;4 doors;used;13000;2026-03
fiat;tipo;2020;gasoline;185000;manual;6CV;1400;sedan;good;standard;5 seats;4 doors;used;32000;2026-03
fiat;doblo;2018;diesel;unknown;manual;5CV;1300;light commercial;medium;standard;5 seats;4 doors;used;15000;2026-03
fiat;tipo;2021;gasoline;76000;manual;6CV;1400;sedan;good;standard;5 seats;4 doors;used;36000;2026-03
fiat;fiorino combi;2017;gasoline;139000;manual;5CV;1300;mpv;good;standard;5 seats;4 doors;used;33000;2026-03
fiat;liena;2010;gasoline;238000;manual;7CV;1400;sedan;medium;standard;5 seats;4 doors;used;20000;2026-03
fiat;uno;1999;gasoline;200000;manual;5CV;1300;hatchback;good;standard;5 seats;4 doors;used;9000;2026-03
fiat;500;2022;hybrid;40000;manual;4CV;1000;hatchback;good;standard;5 seats;4 doors;used;51000;2026-03
fiat;scudo;2011;diesel;268000;manual;8CV;2000;heavy commercial;good;standard;5 seats;4 doors;used;30000;2026-03
fiat;punto;2011;gasoline;263000;manual;5CV;1200;hatchback;good;standard;5 seats;4 doors;used;18000;2026-03
fiat;punto;2001;gasoline;300000;manual;5CV;1200;hatchback;good;standard;5 seats;4 doors;used;13000;2026-03
fiat;scudo;2004;diesel;250000;manual;8CV;2000;mpv;good;standard;9 seats;4 doors;used;22000;2026-03
fiat;punto;2000;gasoline;unknown;manual;4CV;1200;hatchback;good;standard;5 seats;4 doors;used;13000;2026-03
fiat;om 40;1979;diesel;unknown;manual;12CV;3500;heavy commercial;good;standard;5 seats;4 doors;used;20000;2026-03
fiat;siena;2005;gasoline;230000;manual;5CV;1400;sedan;medium;standard;5 seats;4 doors;used;15000;2026-03
fiat;500x;2018;gasoline;144000;automatic;7CV;1400;crossover;good;standard;5 seats;4 doors;used;53000;2026-03
fiat;liena;2012;gasoline;200000;manual;5CV;1500;sedan;medium;standard;5 seats;4 doors;used;18000;2026-03
fiat;om 40;1980;diesel;unknown;manual;12CV;3500;heavy commercial;good;standard;5 seats;4 doors;used;18000;2026-03
fiat;ducato;2018;diesel;unknown;manual;7CV;2200;heavy commercial;good;standard;5 seats;4 doors;used;38000;2026-03
fiat;500l;2017;gasoline;unknown;manual;5CV;1200;hatchback;good;standard;5 seats;4 doors;used;35000;2026-03
fiat;marea;2001;gasoline;unknown;manual;6CV;1200;sedan;medium;standard;5 seats;4 doors;used;10000;2026-03
fiat;ducato;2003;diesel;300000;manual;7CV;2200;heavy commercial;good;standard;7 seats;4 doors;used;23000;2026-03
fiat;ducato;2020;diesel;210000;manual;7CV;2200;heavy commercial;good;standard;5 seats;4 doors;used;35000;2026-03
fiat;fiorino combi;2016;diesel;250000;manual;5CV;1300;mpv;good;standard;5 seats;4 doors;used;28000;2026-03
fiat;500x;2020;gasoline;118000;automatic;7CV;1200;crossover;good;standard;5 seats;4 doors;used;49000;2026-03
fiat;ducato;2001;diesel;unknown;manual;7CV;2200;heavy commercial;medium;standard;7 seats;4 doors;used;19000;2026-03
fiat;bravo;2000;gasoline;unknown;manual;6CV;1600;hatchback;good;standard;5 seats;4 doors;used;13500;2026-03
fiat;ducato;2013;diesel;216000;manual;7CV;2200;heavy commercial;good;standard;5 seats;4 doors;used;32000;2026-03
fiat;ducato;2020;diesel;180000;manual;8CV;2300;heavy commercial;good;standard;5 seats;4 doors;used;44000;2026-03
ford;ranger;2026;diesel;0;manual;9CV;2000;pickup 4x4;good;standard;5 seats;4 doors;new;155000;2026-03
ford;ranger;2026;diesel;0;automatic;7CV;2000;pickup 4x4;good;standard;5 seats;4 doors;new;170000;2026-03
ford;ecosport;2019;gasoline;127000;automatic;7CV;1200;crossover;good;standard;5 seats;4 doors;used;46000;2026-03
ford;fiesta;2014;gasoline;198000;manual;5CV;1200;hatchback;good;standard;5 seats;4 doors;used;31000;2026-03
ford;fiesta;2005;gasoline;200000;manual;5CV;1200;hatchback;good;standard;5 seats;4 doors;used;15000;2026-03
ford;ka;2002;gasoline;unknown;manual;5CV;1000;hatchback;good;standard;5 seats;4 doors;used;11000;2026-03
ford;fusion;2016;gasoline;unknown;manual;8CV;1500;sedan;good;standard;5 seats;4 doors;used;44000;2026-03
ford;kuga;2017;gasoline;130000;automatic;11CV;1500;suv 4x4;good;standard;5 seats;4 doors;used;65000;2026-03
ford;focus;2015;gasoline;212000;manual;6CV;1000;hatchback;good;standard;5 seats;4 doors;used;40000;2026-03
ford;ecosport;2023;gasoline;49000;manual;7CV;1200;crossover;good;standard;5 seats;4 doors;used;65000;2026-03
ford;ranger;2022;diesel;100000;automatic;7CV;2000;pickup 4x4;good;raptor;5 seats;4 doors;used;170000;2026-03
ford;connect;2005;diesel;140000;manual;6CV;1400;light commercial;good;standard;5 seats;4 doors;used;16000;2026-03
ford;mondeo;2015;gasoline;380000;manual;7CV;1600;sedan;medium;standard;5 seats;4 doors;used;30000;2026-03
ford;fiesta;2017;gasoline;163000;manual;5CV;1200;hatchback;good;standard;5 seats;4 doors;used;35000;2026-03
ford;kuga;2017;diesel;50000;automatic;11CV;1500;suv 4x2;good;standard;5 seats;4 doors;used;61000;2026-03
ford;figo;2013;gasoline;154000;manual;5CV;1200;hatchback;good;standard;5 seats;4 doors;used;22000;2026-03
ford;focus;2016;gasoline;194000;manual;6CV;1000;hatchback;medium;standard;5 seats;4 doors;used;34000;2026-03
ford;focus;2015;gasoline;280000;manual;7CV;1600;hatchback;good;standard;5 seats;4 doors;used;35000;2026-03
ford;ka;2016;gasoline;220000;manual;5CV;1200;hatchback;good;standard;5 seats;4 doors;used;21000;2026-03
ford;focus;2022;gasoline;88000;automatic;7CV;1500;hatchback;good;standard;5 seats;4 doors;used;68000;2026-03
ford;focus;2018;gasoline;130000;automatic;7CV;1000;sedan;good;standard;5 seats;4 doors;used;38000;2026-03
ford;focus;2024;gasoline;38000;automatic;7CV;1500;sedan;good;standard;5 seats;4 doors;used;64000;2026-03
ford;ranger;2005;diesel;unknown;manual;12CV;2500;pickup 4x2;good;standard;5 seats;4 doors;used;22000;2026-03
ford;fiesta;2015;gasoline;194000;manual;5CV;1200;hatchback;good;standard;5 seats;4 doors;used;32000;2026-03
ford;fiesta;2012;gasoline;171000;manual;5CV;1200;hatchback;good;standard;5 seats;4 doors;used;25000;2026-03
ford;focus;2002;gasoline;120000;manual;5CV;1400;wagon;good;standard;5 seats;4 doors;used;13000;2026-03
ford;ecosport;2019;gasoline;91000;automatic;7CV;1200;crossover;good;standard;5 seats;4 doors;used;45000;2026-03
ford;ranger;2023;diesel;75000;manual;7CV;2200;pickup 4x4;good;standard;5 seats;4 doors;used;135000;2026-03
ford;fiesta;2010;gasoline;164000;manual;5CV;1200;hatchback;good;standard;5 seats;4 doors;used;25000;2026-03
ford;ranger;2013;diesel;238000;automatic;7CV;2200;pickup 4x4;good;standard;5 seats;4 doors;used;69000;2026-03
ford;fiesta;1999;gasoline;unknown;manual;5CV;1100;hatchback;good;standard;5 seats;4 doors;used;7000;2026-03
ford;escort;1988;gasoline;unknown;manual;unknown;unknown;hatchback;good;standard;5 seats;4 doors;used;4000;2026-03
ford;mondeo;2013;gasoline;193000;manual;9CV;1600;sedan;good;standard;5 seats;4 doors;used;36000;2026-03
ford;maverick;1998;diesel;403000;manual;11CV;2700;suv 4x4;good;standard;5 seats;4 doors;used;21000;2026-03
ford;focus;2016;gasoline;209000;manual;6CV;1000;hatchback;medium;standard;5 seats;4 doors;used;25000;2026-03
ford;figo;2013;gasoline;148000;manual;5CV;1200;hatchback;good;standard;5 seats;4 doors;used;22000;2026-03
ford;focus;2015;gasoline;150000;manual;6CV;1000;hatchback;good;standard;5 seats;4 doors;used;33000;2026-03
ford;transit;2006;diesel;497000;manual;8CV;1800;light commercial;good;standard;5 seats;4 doors;used;15000;2026-03
ford;kuga;2022;gasoline;65000;automatic;8CV;1500;suv 4x4;good;standard;5 seats;4 doors;used;83000;2026-03
ford;ranger;2009;diesel;300000;manual;10CV;2500;pickup 4x2;good;standard;5 seats;4 doors;used;30000;2026-03
ford;excursion;2003;diesel;180000;automatic;29CV;4000;suv 4x4;good;standard;5 seats;4 doors;used;55000;2026-03
ford;fusion;2016;gasoline;170000;automatic;9CV;1600;sedan;good;standard;5 seats;4 doors;used;45000;2026-03
ford;escape xlt;2011;gasoline;150000;automatic;16CV;3000;suv 4x4;good;standard;5 seats;4 doors;used;43000;2026-03
ford;ranger;2011;diesel;unknown;manual;10CV;2500;pickup 4x2;good;standard;2 seats;4 doors;used;30000;2026-03
ford;focus;2014;gasoline;209000;manual;7CV;1600;sedan;good;standard;5 seats;4 doors;used;31000;2026-03
ford;mondeo;2010;gasoline;191000;manual;7CV;1400;sedan;good;standard;5 seats;4 doors;used;28000;2026-03
ford;ranger;2024;diesel;75000;automatic;7CV;2000;pickup 4x4;good;raptor;5 seats;4 doors;used;180000;2026-03
ford;focus;2005;gasoline;360000;manual;6CV;1400;sedan;medium;standard;5 seats;4 doors;used;16000;2026-03
ford;ranger;2018;diesel;139000;automatic;11CV;3200;pickup 4x4;good;standard;5 seats;4 doors;used;115000;2026-03
ford;transit;2020;diesel;176000;manual;7CV;1800;heavy commercial;good;standard;5 seats;4 doors;used;68000;2026-03
ford;focus;2000;gasoline;unknown;manual;6CV;1600;sedan;medium;standard;5 seats;4 doors;used;11000;2026-03
ford;focus;2010;gasoline;250000;manual;6CV;1600;sedan;good;standard;5 seats;4 doors;used;23000;2026-03
ford;tourneo;2008;diesel;unknown;manual;7CV;1600;mpv;good;standard;5 seats;4 doors;used;23000;2026-03
ford;ranger;2014;diesel;392000;manual;7CV;2200;pickup 4x4;good;standard;5 seats;4 doors;used;37000;2026-03
ford;ranger;2024;diesel;40000;automatic;11CV;2000;pickup 4x4;good;standard;5 seats;4 doors;used;150000;2026-03
ford;ka;2016;gasoline;166000;manual;4CV;1000;hatchback;good;standard;5 seats;4 doors;used;25000;2026-03
ford;ranger;2017;diesel;140000;manual;7CV;2200;pickup 4x4;good;standard;5 seats;4 doors;used;100000;2026-03
ford;taurus;2009;gasoline;180000;automatic;18CV;2500;sedan;good;standard;5 seats;4 doors;used;30000;2026-03
ford;transit;2013;diesel;unknown;manual;9CV;2200;heavy commercial;good;standard;5 seats;4 doors;used;23000;2026-03
ford;fiesta;2020;gasoline;140000;manual;5CV;1000;hatchback;good;standard;5 seats;4 doors;used;38000;2026-03
ford;fiesta;1991;gasoline;unknown;manual;4CV;1200;hatchback;good;standard;5 seats;4 doors;used;4000;2026-03
ford;ranger;2010;diesel;unknown;manual;10CV;2200;pickup 4x2;good;standard;2 seats;2 doors;used;27000;2026-03
ford;focus;2007;hybrid;300000;manual;7CV;1600;hatchback;good;standard;5 seats;4 doors;used;21000;2026-03
ford;ranger;2024;diesel;24000;automatic;8CV;2000;pickup 4x4;good;wildtrack;5 seats;4 doors;used;210000;2026-03
ford;ranger;2006;diesel;unknown;manual;12CV;2500;pickup 4x2;good;standard;5 seats;4 doors;used;25000;2026-03
ford;focus;2006;gasoline;unknown;manual;6CV;1600;sedan;good;standard;5 seats;4 doors;used;14000;2026-03
ford;transit;2002;diesel;unknown;manual;8CV;1800;heavy commercial;good;standard;5 seats;4 doors;used;10000;2026-03
ford;fiesta;2000;gasoline;unknown;manual;5CV;1200;hatchback;good;standard;5 seats;4 doors;used;9000;2026-03
ford;escort;2000;gasoline;unknown;manual;6CV;1600;sedan;good;standard;5 seats;4 doors;used;10000;2026-03
ford;ranger;2015;diesel;unknown;manual;10CV;2000;pickup 4x2;good;standard;2 seats;2 doors;used;35000;2026-03
ford;ranger;2017;diesel;190000;manual;11CV;3200;pickup 4x4;good;wildtrack;5 seats;4 doors;used;78000;2026-03
ford;fusion;2017;gasoline;130000;automatic;8CV;1600;sedan;good;standard;5 seats;4 doors;used;60000;2026-03
ford;ranger;2003;diesel;300000;manual;12CV;2500;pickup 4x4;good;standard;5 seats;4 doors;used;32000;2026-03
ford;escort;1994;gasoline;unknown;manual;unknown;unknown;sedan;good;standard;5 seats;4 doors;used;6000;2026-03
ford;mondeo;1993;gasoline;unknown;manual;unknown;unknown;sedan;medium;standard;5 seats;4 doors;used;8000;2026-03
ford;mondeo;2002;gasoline;unknown;manual;6CV;1400;wagon;good;standard;5 seats;4 doors;used;13000;2026-03
ford;ranger;2007;diesel;unknown;manual;10CV;2500;pickup 4x2;good;standard;2 seats;2 doors;used;21000;2026-03
ford;ranger;2008;diesel;unknown;manual;10CV;2200;pickup 4x2;good;standard;5 seats;4 doors;used;28000;2026-03
ford;ranger;2010;diesel;unknown;manual;10CV;2200;pickup 4x4;good;standard;5 seats;4 doors;used;35000;2026-03
ford;ranger;2008;diesel;unknown;manual;10CV;2200;pickup 4x2;good;standard;2 seats;2 doors;used;24000;2026-03
ford;escort;1989;gasoline;unknown;manual;unknown;unknown;sedan;good;standard;5 seats;4 doors;used;5000;2026-03
ford;ranger;2009;diesel;unknown;manual;10CV;2200;pickup 4x2;good;standard;5 seats;4 doors;used;32000;2026-03
ford;transit;2010;diesel;unknown;manual;8CV;1600;heavy commercial;good;standard;5 seats;4 doors;used;15000;2026-03
ford;transit;2014;diesel;unknown;manual;8CV;1600;heavy commercial;good;standard;5 seats;4 doors;used;26000;2026-03
ford;transit;1998;diesel;unknown;manual;8CV;1600;heavy commercial;good;standard;5 seats;4 doors;used;12000;2026-03
nissan;magnite;2026;gasoline;0;manual;5CV;1000;crossover;good;standard;5 seats;4 doors;new;61000;2026-03
nissan;navara;2026;diesel;0;automatic;10CV;2500;pickup 4x4;good;standard;5 seats;4 doors;new;179500;2026-03
nissan;qashqai;2026;hybrid;0;automatic;8CV;1500;suv 4x2;good;standard;5 seats;4 doors;new;153000;2026-03
nissan;juke;2026;gasoline;0;automatic;6CV;1000;crossover;good;standard;5 seats;4 doors;new;100000;2026-03
nissan;navara;2003;diesel;300000;manual;10CV;2500;pickup 4x4;good;standard;5 seats;4 doors;used;36000;2026-03
nissan;micra;2018;gasoline;110000;manual;5CV;1200;hatchback;good;standard;5 seats;4 doors;used;30000;2026-03
nissan;juke;2013;gasoline;200000;automatic;6CV;1200;crossover;good;standard;5 seats;4 doors;used;38000;2026-03
nissan;qashqai;2018;diesel;157000;automatic;7CV;1600;suv 4x2;good;tekna;5 seats;4 doors;used;63000;2026-03
nissan;qashqai;2020;diesel;150000;automatic;6CV;1500;suv 4x2;good;tekna dci;5 seats;4 doors;used;76000;2026-03
nissan;micra;2018;gasoline;182000;manual;5CV;1200;hatchback;good;standard;5 seats;4 doors;used;24500;2026-03
nissan;juke;2021;gasoline;102000;automatic;6CV;1000;crossover;good;standard;5 seats;4 doors;used;66000;2026-03
nissan;x trail;2015;diesel;80000;automatic;7CV;1600;suv 4x4;good;tekna dci;5 seats;4 doors;used;75000;2026-03
nissan;micra;2017;gasoline;125000;manual;5CV;1200;hatchback;good;standard;5 seats;4 doors;used;32000;2026-03
nissan;juke;2022;gasoline;26000;automatic;6CV;1000;crossover;good;standard;5 seats;4 doors;used;76000;2026-03
nissan;qashqai;2018;diesel;175000;manual;7CV;1600;suv 4x2;good;tekna;5 seats;4 doors;used;63000;2026-03
nissan;micra;2014;gasoline;130000;manual;5CV;1200;hatchback;good;standard;5 seats;4 doors;used;25500;2026-03
nissan;qashqai;2022;gasoline;45000;automatic;7CV;1400;suv 4x2;good;tekna plus;7 seats;4 doors;used;94000;2026-03
nissan;micra;2014;gasoline;118000;manual;5CV;1200;hatchback;good;standard;5 seats;4 doors;used;26500;2026-03
nissan;qashqai;2010;diesel;508000;manual;6CV;1500;suv 4x2;good;dci;5 seats;4 doors;used;30000;2026-03
nissan;qashqai;2018;gasoline;135000;manual;6CV;1200;suv 4x2;good;standard;5 seats;4 doors;used;55000;2026-03
nissan;patrol y60;1996;diesel;420000;manual;11CV;2800;suv 4x4;good;standard;5 seats;4 doors;used;24000;2026-03
nissan;patrol y61;2006;diesel;390000;manual;15CV;4200;suv 4x4;good;standard;5 seats;4 doors;used;42000;2026-03
nissan;urvan;2012;diesel;unknown;manual;10CV;3000;mpv;medium;standard;9 seats;4 doors;used;16000;2026-03
nissan;qashqai;2012;diesel;278000;manual;6CV;1500;suv 4x2;good;dci;5 seats;4 doors;used;42000;2026-03
nissan;navara;2005;diesel;unknown;manual;13CV;2300;pickup 4x4;good;standard;5 seats;4 doors;used;22000;2026-03
nissan;patrol y61;2000;diesel;152000;manual;12CV;3000;suv 4x4;good;standard;5 seats;4 doors;used;78000;2026-03
nissan;juke;2015;diesel;210000;manual;6CV;1500;crossover;good;standard;5 seats;4 doors;used;35000;2026-03
nissan;murano;2008;diesel;150000;automatic;12CV;3500;suv 4x4;good;standard;5 seats;4 doors;used;29000;2026-03
nissan;juke;2015;gasoline;192000;manual;6CV;1200;crossover;good;standard;5 seats;4 doors;used;37000;2026-03
nissan;qashqai;2017;gasoline;225000;automatic;6CV;1200;suv 4x4;good;standard;5 seats;4 doors;used;45000;2026-03
nissan;navara;2015;diesel;200000;manual;10CV;2500;pickup 4x4;good;standard;5 seats;4 doors;used;41000;2026-03
nissan;qashqai;2017;gasoline;115000;automatic;6CV;1200;suv 4x2;good;tekna plus;7 seats;4 doors;used;61000;2026-03
nissan;qashqai;2012;diesel;280000;manual;6CV;1500;suv 4x2;good;tekna dci;5 seats;4 doors;used;35000;2026-03
nissan;qashqai;2009;diesel;220000;manual;6CV;1500;suv 4x2;good;tekna plus dci;7 seats;4 doors;used;38000;2026-03
nissan;navara;2018;diesel;181000;manual;10CV;2500;pickup 4x4;good;standard;5 seats;4 doors;used;70000;2026-03
nissan;patrol y61;2004;diesel;120000;manual;11CV;2700;suv 4x4;good;standard;5 seats;2 doors;used;37000;2026-03
nissan;murano;2007;gasoline;150000;automatic;12CV;3500;suv 4x4;good;standard;5 seats;4 doors;used;38000;2026-03
nissan;qashqai;2012;diesel;314000;manual;6CV;1500;suv 4x2;good;dci;5 seats;4 doors;used;42000;2026-03
nissan;navara;2010;diesel;360000;manual;10CV;2500;pickup 4x4;good;standard;5 seats;4 doors;used;43000;2026-03
nissan;qashqai;2018;gasoline;170000;automatic;6CV;1200;suv 4x2;good;tekna plus;5 seats;4 doors;used;55000;2026-03
nissan;x trail t30;2002;gasoline;204000;manual;9CV;2000;suv 4x4;medium;standard;5 seats;4 doors;used;19000;2026-03
nissan;terrano;2000;diesel;265000;manual;11CV;2700;suv 4x4;good;standard;5 seats;4 doors;used;25000;2026-03
nissan;x trail;2018;diesel;72000;manual;7CV;1600;suv 4x4;good;standard;5 seats;4 doors;used;77000;2026-03
nissan;navara;2007;diesel;200000;manual;10CV;2500;pickup 4x4;good;standard;5 seats;4 doors;used;45000;2026-03
nissan;patrol y60;1992;diesel;330000;manual;11CV;2800;suv 4x4;good;standard;5 seats;4 doors;used;65000;2026-03
nissan;navara;2012;diesel;237000;manual;10CV;2500;pickup 4x4;good;standard;5 seats;4 doors;used;44000;2026-03
nissan;sunny;2017;gasoline;197500;manual;6CV;1500;sedan;good;standard;5 seats;4 doors;used;27000;2026-03
nissan;pathfinder;2012;diesel;450000;automatic;12CV;2500;suv 4x4;good;standard;5 seats;4 doors;used;48000;2026-03
infiniti;fx 35;2008;gasoline;170000;automatic;23CV;3000;suv 4x4;good;standard;5 seats;4 doors;used;40000;2026-03
nissan;sunny;2017;gasoline;183000;manual;6CV;1400;sedan;good;standard;5 seats;4 doors;used;30000;2026-03
nissan;micra;2004;gasoline;unknown;manual;5CV;1200;hatchback;good;standard;5 seats;4 doors;used;15000;2026-03
nissan;navara;1999;diesel;unknown;manual;12CV;2500;pickup 4x4;good;standard;5 seats;4 doors;used;22000;2026-03
nissan;patrol y60;1996;diesel;unknown;manual;11CV;2800;suv 4x4;good;standard;5 seats;4 doors;used;30000;2026-03
nissan;navara;2000;diesel;unknown;manual;12CV;2500;pickup 4x4;good;standard;5 seats;4 doors;used;23000;2026-03
nissan;navara;2008;diesel;446000;manual;10CV;2500;pickup 4x4;good;standard;5 seats;4 doors;used;31500;2026-03
nissan;navara;1995;diesel;unknown;manual;12CV;2500;pickup 4x4;good;standard;5 seats;4 doors;used;14000;2026-03
nissan;patrol y61;1997;diesel;unknown;manual;11CV;2700;suv 4x4;good;standard;5 seats;2 doors;used;45000;2026-03
ford;kuga;2008;diesel;unknown;manual;8CV;2000;suv 4x4;good;standard;5 seats;4 doors;used;35000;2026-03
opel;corsa;2026;gasoline;0;manual;5CV;1200;hatchback;good;standard;5 seats;4 doors;new;66000;2026-03
opel;combo cargo;2026;diesel;0;manual;5CV;1600;light commercial;good;standard;5 seats;4 doors;new;63000;2026-03
opel;grandland;2026;gasoline;0;automatic;9CV;1600;suv 4x2;good;standard;5 seats;4 doors;new;100000;2026-03
opel;astra;2026;gasoline;0;automatic;7CV;1200;hatchback;good;standard;5 seats;4 doors;new;95000;2026-03
opel;mokka;2026;gasoline;0;automatic;7CV;1200;crossover;good;standard;5 seats;4 doors;new;92000;2026-03
opel;crossland;2026;gasoline;0;automatic;6CV;1200;crossover;good;standard;5 seats;4 doors;new;73000;2026-03
opel;crossland;2022;gasoline;87000;manual;5CV;1200;crossover;good;standard;5 seats;4 doors;used;52000;2026-03
opel;corsa;2015;gasoline;157000;manual;5CV;1200;hatchback;good;standard;5 seats;4 doors;used;28000;2026-03
opel;kadett;1990;gasoline;unknown;manual;6CV;1400;hatchback;medium;standard;5 seats;4 doors;used;5800;2026-03
opel;corsa;2015;gasoline;300000;manual;5CV;1200;hatchback;good;standard;5 seats;2 doors;used;23000;2026-03
opel;combo cargo;2011;diesel;147000;manual;5CV;1600;light commercial;good;standard;3 seats;4 doors;used;52000;2026-03
opel;astra;2004;diesel;400000;manual;6CV;1700;hatchback;good;standard;5 seats;4 doors;used;15000;2026-03
opel;astra;2008;gasoline;177000;manual;6CV;1300;hatchback;good;standard;5 seats;4 doors;used;24000;2026-03
opel;grandland;2019;gasoline;123000;manual;7CV;1200;suv 4x2;good;standard;5 seats;4 doors;used;55000;2026-03
opel;crossland;2022;gasoline;39000;manual;6CV;1200;crossover;good;standard;5 seats;4 doors;used;61000;2026-03
opel;frontera;1997;diesel;unknown;manual;10CV;2500;suv 4x4;good;standard;5 seats;2 doors;used;26000;2026-03
opel;vivaro;2021;diesel;114000;manual;8CV;2000;heavy commercial;good;standard;5 seats;4 doors;used;55000;2026-03
opel;astra;2009;gasoline;154000;manual;5CV;1300;hatchback;good;standard;5 seats;4 doors;used;27000;2026-03
opel;kadett;1994;diesel;unknown;manual;6CV;1400;wagon;medium;standard;5 seats;4 doors;used;7000;2026-03
opel;omega;2002;diesel;unknown;manual;9CV;2500;wagon;good;standard;5 seats;4 doors;used;13000;2026-03
opel;insignia;2012;diesel;unknown;manual;9CV;1800;wagon;good;standard;5 seats;4 doors;used;26000;2026-03
opel;combo cargo xl;2023;diesel;85000;manual;5CV;1600;light commercial;good;standard;5 seats;4 doors;used;52000;2026-03
opel;corsa;2016;gasoline;unknown;manual;5CV;1200;hatchback;good;standard;5 seats;4 doors;used;29000;2026-03
opel;astra g;2002;gasoline;304000;manual;5CV;1200;hatchback;good;standard;5 seats;4 doors;used;22000;2026-03
opel;corsa;1993;gasoline;390000;manual;4CV;1200;hatchback;good;standard;5 seats;4 doors;used;8000;2026-03
opel;grandland;2019;diesel;137000;automatic;8CV;2000;suv 4x2;good;standard;5 seats;4 doors;used;100000;2026-03
opel;vectra;1995;gasoline;unknown;manual;4CV;1300;sedan;good;standard;5 seats;4 doors;used;11000;2026-03
opel;kadett;1983;gasoline;unknown;manual;5CV;1200;wagon;bad;standard;5 seats;4 doors;used;3000;2026-03
opel;kadett;1992;diesel;unknown;manual;5CV;1200;wagon;medium;standard;5 seats;4 doors;used;5000;2026-03
opel;astra g;2001;gasoline;270000;manual;5CV;1200;hatchback;good;standard;5 seats;4 doors;used;19000;2026-03
opel;combo cargo;2022;diesel;100000;manual;5CV;1600;light commercial;good;standard;5 seats;4 doors;used;51000;2026-03
opel;omega;1997;diesel;unknown;manual;7CV;2500;sedan;bad;standard;5 seats;4 doors;used;7000;2026-03
opel;astra;2006;gasoline;246000;manual;5CV;1200;hatchback;good;standard;5 seats;4 doors;used;23000;2026-03
opel;astra;2022;gasoline;70000;manual;5CV;1200;hatchback;good;standard;5 seats;4 doors;used;47000;2026-03
opel;corsa;2000;gasoline;unknown;manual;4CV;1000;hatchback;good;standard;5 seats;4 doors;used;11000;2026-03
opel;astra g;2000;gasoline;unknown;manual;5CV;1400;hatchback;good;standard;5 seats;4 doors;used;13000;2026-03
opel;astra g;2003;gasoline;266000;manual;5CV;1400;hatchback;good;standard;5 seats;4 doors;used;15000;2026-03
opel;agila;2000;gasoline;219000;manual;5CV;1200;hatchback;good;standard;5 seats;4 doors;used;15500;2026-03
opel;grandland;2020;diesel;113000;automatic;7CV;1500;suv 4x4;good;standard;5 seats;4 doors;used;79000;2026-03
opel;corsa;1999;gasoline;unknown;manual;4CV;1000;hatchback;good;standard;5 seats;4 doors;used;10000;2026-03
opel;corsa;2022;gasoline;188000;manual;5CV;1200;hatchback;good;standard;5 seats;4 doors;used;31000;2026-03
opel;corsa;1997;gasoline;unknown;manual;4CV;1000;hatchback;good;standard;5 seats;4 doors;used;10000;2026-03
opel;astra;1984;gasoline;unknown;manual;6CV;1400;hatchback;good;standard;5 seats;4 doors;used;10000;2026-03
opel;corsa;2022;gasoline;75000;manual;5CV;1200;hatchback;good;standard;5 seats;4 doors;used;43000;2026-03
opel;crossland;2022;gasoline;50000;automatic;6CV;1200;crossover;good;standard;5 seats;4 doors;used;65000;2026-03
opel;mokka;2022;gasoline;17000;automatic;6CV;1200;crossover;good;standard;5 seats;4 doors;used;85000;2026-03
opel;corsa;1996;gasoline;300000;manual;4CV;1000;hatchback;good;standard;5 seats;4 doors;used;9000;2026-03
opel;corsa;2014;gasoline;350000;manual;5CV;1200;hatchback;good;standard;5 seats;4 doors;used;22000;2026-03
opel;campo;1996;diesel;570000;manual;10CV;2500;pickup 4x4;good;standard;5 seats;4 doors;used;40000;2026-03
opel;combo cargo xl;2022;diesel;114000;manual;5CV;1600;light commercial;good;standard;5 seats;4 doors;used;44000;2026-03
opel;meriva;2004;diesel;450000;automatic;6CV;1700;mpv;good;standard;5 seats;4 doors;used;16000;2026-03
opel;meriva;2013;diesel;400000;manual;5CV;1300;mpv;good;standard;5 seats;4 doors;used;19000;2026-03
opel;corsa;1988;gasoline;unknown;manual;4CV;1000;hatchback;good;standard;5 seats;4 doors;used;4000;2026-03
opel;corsa;1992;gasoline;unknown;manual;5CV;1200;sedan;good;standard;5 seats;4 doors;used;5500;2026-03
opel;astra;1995;diesel;unknown;manual;6CV;1400;hatchback;good;standard;5 seats;4 doors;used;8000;2026-03
opel;frontera;2006;diesel;unknown;manual;10CV;2500;suv 4x4;good;standard;5 seats;4 doors;used;30000;2026-03
opel;astra g;2002;diesel;unknown;manual;7CV;1700;light commercial;good;standard;5 seats;4 doors;used;15000;2026-03
opel;kadett;1991;gasoline;unknown;manual;5CV;1200;hatchback;good;standard;5 seats;4 doors;used;7000;2026-03
opel;astra;1998;gasoline;unknown;manual;5CV;1200;hatchback;good;standard;5 seats;4 doors;used;6500;2026-03
opel;astra g;2000;gasoline;unknown;manual;5CV;1200;hatchback;good;standard;5 seats;4 doors;used;15000;2026-03
opel;combo cargo;1995;diesel;unknown;manual;7CV;1400;hatchback;good;standard;5 seats;4 doors;used;7000;2026-03
opel;vectra;2000;diesel;unknown;manual;7CV;1700;sedan;good;standard;5 seats;4 doors;used;11000;2026-03
opel;combo cargo;2020;diesel;unknown;manual;5CV;1600;light commercial;good;standard;5 seats;4 doors;used;40000;2026-03
opel;combo cargo xl;2022;diesel;unknown;manual;5CV;1600;light commercial;good;standard;5 seats;4 doors;used;41000;2026-03
opel;astra;2001;gasoline;unknown;manual;7CV;1400;convertible;good;standard;5 seats;4 doors;used;16000;2026-03
volkswagen;caddy;1998;diesel;unknown;manual;7CV;1900;light commercial;good;standard;5 seats;4 doors;used;13000;2026-03
opel;corsa;1990;gasoline;unknown;manual;4CV;1000;hatchback;good;standard;5 seats;4 doors;used;2500;2026-03
opel;astra;2002;diesel;unknown;manual;7CV;1700;coupe;good;standard;5 seats;4 doors;used;15000;2026-03
opel;meriva;2010;gasoline;123000;manual;5CV;1200;mpv;good;standard;5 seats;4 doors;used;26000;2026-03
peugeot;partner;2009;diesel;unknown;manual;5CV;1600;mpv;good;standard;7 seats;4 doors;used;35000;2026-03
opel;vectra;2005;diesel;unknown;manual;6CV;1700;sedan;good;standard;5 seats;4 doors;used;15500;2026-03
opel;astra g;2004;gasoline;173000;automatic;7CV;1600;sedan;good;standard;5 seats;4 doors;used;20000;2026-03
opel;zafira;2002;diesel;unknown;manual;8CV;2200;mpv;good;standard;7 seats;4 doors;used;27000;2026-03
opel;astra;2021;gasoline;87000;manual;6CV;1200;hatchback;good;standard;5 seats;4 doors;used;45000;2026-03
opel;corsa;2006;gasoline;unknown;manual;4CV;1000;hatchback;good;standard;5 seats;4 doors;used;18000;2026-03
mazda;b2500;2000;diesel;unknown;manual;10CV;2500;pickup 4x4;good;standard;5 seats;4 doors;used;35000;2026-03
mazda;2;2019;gasoline;141000;automatic;6CV;1200;sedan;good;standard;5 seats;4 doors;used;42000;2026-03
mazda;6;2008;gasoline;168000;automatic;11CV;2300;sedan;good;standard;5 seats;4 doors;used;22000;2026-03
mazda;cx9;2019;gasoline;168000;manual;15CV;2500;suv 4x4;good;standard;7 seats;4 doors;used;80000;2026-03
mazda;2;2017;gasoline;250000;manual;6CV;1200;sedan;good;standard;5 seats;4 doors;used;33000;2026-03
mazda;2;2019;gasoline;190000;manual;6CV;1200;sedan;good;standard;5 seats;4 doors;used;32000;2026-03
mazda;bt50;2010;diesel;270000;manual;10CV;2500;pickup 4x4;good;standard;5 seats;4 doors;used;43000;2026-03
mazda;3;2015;gasoline;146000;manual;6CV;1400;sedan;good;standard;5 seats;4 doors;used;38000;2026-03
mazda;2;2018;gasoline;62000;manual;6CV;1200;hatchback;good;standard;5 seats;4 doors;used;41000;2026-03
mazda;6;2018;gasoline;145500;automatic;8CV;1600;sedan;good;standard;5 seats;4 doors;used;52000;2026-03
mazda;cx9;2014;gasoline;120000;automatic;20CV;2200;suv 4x4;good;standard;7 seats;4 doors;used;45000;2026-03
mazda;3;2015;gasoline;212000;manual;6CV;1600;hatchback;good;standard;5 seats;4 doors;used;28000;2026-03
mazda;bt50;2013;diesel;117000;manual;10CV;3200;pickup 4x4;good;standard;5 seats;4 doors;used;60000;2026-03
mazda;3;2014;gasoline;392000;manual;6CV;1600;sedan;good;standard;5 seats;4 doors;used;26000;2026-03
mazda;bt50;2019;diesel;198000;manual;9CV;2200;pickup 4x4;good;standard;5 seats;4 doors;used;61000;2026-03
mazda;2;2017;gasoline;85000;manual;6CV;1500;sedan;good;standard;5 seats;4 doors;used;39000;2026-03
mazda;2;2014;gasoline;240000;manual;5CV;1200;hatchback;good;standard;5 seats;4 doors;used;24000;2026-03
mazda;bt50;2013;diesel;290000;manual;10CV;2500;pickup 4x4;good;standard;5 seats;4 doors;used;42000;2026-03
mazda;3;2019;gasoline;52000;manual;6CV;1500;sedan;good;standard;5 seats;4 doors;used;65000;2026-03
mazda;e2200;2007;diesel;unknown;manual;8CV;2200;mpv;bad;standard;9 seats;4 doors;used;8000;2026-03
mazda;3;2018;gasoline;217000;manual;6CV;1500;hatchback;good;standard;5 seats;4 doors;used;41000;2026-03
mazda;cx5;2012;gasoline;186000;manual;9CV;1800;suv 4x4;good;standard;5 seats;4 doors;used;43000;2026-03
mazda;3;2018;gasoline;97000;manual;6CV;1500;sedan;good;standard;5 seats;4 doors;used;50000;2026-03
mazda;6;2014;gasoline;150000;automatic;9CV;2000;sedan;good;standard;5 seats;4 doors;used;60000;2026-03
mazda;cx9;2019;gasoline;168000;automatic;15CV;2500;suv 4x4;good;standard;5 seats;4 doors;used;80000;2026-03
mazda;6;2018;gasoline;100000;automatic;8CV;2000;sedan;good;standard;5 seats;4 doors;used;65000;2026-03
mazda;cx5;2018;gasoline;214000;automatic;9CV;2000;suv 4x4;good;standard;5 seats;4 doors;used;70000;2026-03
mazda;3;2016;gasoline;112000;manual;6CV;1500;sedan;good;standard;5 seats;4 doors;used;40000;2026-03
mazda;b2900;2008;diesel;466000;manual;12CV;2900;pickup 4x4;good;standard;5 seats;4 doors;used;27000;2026-03
mazda;2;2017;gasoline;90000;manual;6CV;1500;sedan;good;standard;5 seats;4 doors;used;47000;2026-03
mazda;3;2017;gasoline;220000;manual;6CV;1500;hatchback;good;standard;5 seats;4 doors;used;45000;2026-03
mazda;2;2017;gasoline;237000;manual;6CV;1500;sedan;good;standard;5 seats;4 doors;used;28000;2026-03
mazda;2;2015;gasoline;51000;manual;6CV;1500;sedan;good;standard;5 seats;4 doors;used;43000;2026-03
mazda;b2500;2005;diesel;620000;manual;10CV;2500;pickup 4x4;good;standard;5 seats;4 doors;used;31000;2026-03
mazda;cx9;2022;gasoline;70000;automatic;10CV;2500;suv 4x4;good;standard;5 seats;4 doors;used;95000;2026-03
mazda;b2500;2004;diesel;unknown;manual;10CV;2500;pickup 4x4;good;standard;5 seats;4 doors;used;24000;2026-03
mazda;e2200;2009;diesel;unknown;manual;8CV;2200;mpv;medium;standard;9 seats;4 doors;used;12000;2026-03
mazda;3;2021;gasoline;167000;automatic;7CV;1500;sedan;good;standard;5 seats;4 doors;used;65000;2026-03
mazda;cx9;2013;gasoline;211000;automatic;20CV;2500;suv 4x4;good;standard;7 seats;4 doors;used;30000;2026-03
mazda;3;2021;gasoline;140000;manual;6CV;1500;hatchback;good;standard;5 seats;4 doors;used;60000;2026-03
mazda;bt50;2007;diesel;unknown;manual;10CV;2007;pickup 4x4;good;standard;5 seats;4 doors;used;31000;2026-03
mazda;cx3;2017;gasoline;74000;automatic;9CV;1600;crossover;good;standard;5 seats;4 doors;used;42000;2026-03
mitsubishi;attrage;2026;gasoline;0;manual;4CV;1200;sedan;good;standard;5 seats;4 doors;new;35000;2026-03
mitsubishi;pajero sport;2026;diesel;0;manual;11CV;2500;suv 4x4;good;standard;5 seats;4 doors;new;243500;2026-03
mitsubishi;asx;2026;diesel;0;automatic;9CV;2000;suv 4x2;good;standard;5 seats;4 doors;new;131700;2026-03
mitsubishi;eclipse cross;2026;gasoline;0;automatic;8CV;1500;crossover;good;standard;5 seats;4 doors;new;107000;2026-03
mitsubishi;pajero;2026;diesel;0;manual;11CV;2800;suv 4x4;good;standard;5 seats;4 doors;new;196500;2026-03
mitsubishi;l200;2026;diesel;0;manual;8CV;2500;pickup 4x4;good;standard;5 seats;4 doors;new;137000;2026-03
mitsubishi;lancer;2002;gasoline;375000;manual;6CV;1500;sedan;good;standard;5 seats;4 doors;used;21000;2026-03
mitsubishi;l200;2009;diesel;350000;manual;10CV;2500;pickup 4x4;good;standard;5 seats;4 doors;used;47000;2026-03
mitsubishi;pajero;2001;diesel;430000;manual;11CV;2800;suv 4x4;good;standard;5 seats;2 doors;used;50000;2026-03
mitsubishi;pajero;2003;diesel;280000;manual;10CV;3200;suv 4x4;good;standard;5 seats;4 doors;used;55000;2026-03
mitsubishi;attrage;2024;gasoline;48000;manual;4CV;1200;sedan;good;standard;5 seats;4 doors;used;38000;2026-03
mitsubishi;l200;2022;diesel;82000;automatic;8CV;2400;pickup 4x4;good;standard;5 seats;4 doors;used;112000;2026-03
mitsubishi;l300;2012;diesel;185000;manual;10CV;2500;mpv;good;standard;9 seats;4 doors;used;16500;2026-03
mitsubishi;lancer;2011;gasoline;180000;manual;6CV;1800;sedan;good;standard;5 seats;4 doors;used;17000;2026-03
mitsubishi;outlander;2015;gasoline;51000;automatic;11CV;2000;suv 4x4;good;standard;5 seats;4 doors;used;72000;2026-03
mitsubishi;pajero;1991;diesel;200000;manual;10CV;2800;suv 4x4;medium;standard;5 seats;2 doors;used;24000;2026-03
mitsubishi;attrage;2021;gasoline;70000;manual;4CV;1200;sedan;good;standard;5 seats;4 doors;used;32000;2026-03
mitsubishi;outlander;2020;hybrid;77000;automatic;7CV;2400;suv 4x4;good;standard;5 seats;4 doors;used;90000;2026-03
mitsubishi;l300;2012;diesel;unknown;manual;10CV;2500;mpv;good;standard;9 seats;4 doors;used;15000;2026-03
mitsubishi;l200;2002;diesel;302000;manual;10CV;2500;pickup 4x4;good;standard;5 seats;4 doors;used;35000;2026-03
mitsubishi;l200;2023;diesel;26000;manual;10CV;2100;pickup 4x4;good;standard;5 seats;4 doors;used;100000;2026-03
mitsubishi;lancer;2010;gasoline;225000;automatic;9CV;1500;sedan;good;standard;5 seats;4 doors;used;23000;2026-03
mitsubishi;l200;2013;diesel;229500;manual;10CV;2500;pickup 4x4;good;standard;5 seats;4 doors;used;50000;2026-03
mitsubishi;asx;2016;gasoline;126000;automatic;8CV;1600;suv 4x4;good;standard;5 seats;4 doors;used;54000;2026-03
mitsubishi;l200;2015;diesel;273000;manual;10CV;2500;pickup 4x2;good;standard;2 seats;4 doors;used;31000;2026-03
mitsubishi;l200;1993;diesel;unknown;manual;10CV;2500;pickup 4x4;good;standard;5 seats;4 doors;used;23000;2026-03
mitsubishi;pajero;2004;diesel;393000;manual;11CV;3200;suv 4x4;good;standard;5 seats;4 doors;used;45000;2026-03
mitsubishi;pajero;2001;diesel;unknown;manual;9CV;2500;suv 4x4;good;standard;5 seats;4 doors;used;26000;2026-03
mitsubishi;pajero;2004;diesel;unknown;manual;9CV;2500;suv 4x4;good;standard;5 seats;4 doors;used;28000;2026-03
mitsubishi;pajero;1993;diesel;unknown;manual;11CV;2500;suv 4x4;medium;standard;5 seats;4 doors;used;28000;2026-03
mitsubishi;l200;2015;diesel;287000;manual;10CV;2500;pickup 4x2;good;standard;2 seats;2 doors;used;30000;2026-03
mitsubishi;l200;2008;diesel;270000;automatic;10CV;2500;pickup 4x4;good;standard;5 seats;4 doors;used;58000;2026-03
mitsubishi;pajero;1996;diesel;350000;manual;11CV;2500;suv 4x4;good;standard;5 seats;4 doors;used;36000;2026-03
mitsubishi;l200;2013;diesel;unknown;manual;10CV;2500;pickup 4x2;good;standard;2 seats;2 doors;used;30000;2026-03
mitsubishi;l200;2008;diesel;unknown;manual;10CV;2500;pickup 4x2;good;standard;2 seats;2 doors;used;25000;2026-03
mitsubishi;l200;2005;diesel;unknown;manual;10CV;2500;pickup 4x2;good;standard;2 seats;2 doors;used;23000;2026-03
mitsubishi;mirage;2017;gasoline;179000;manual;4CV;1000;hatchback;good;standard;5 seats;4 doors;used;25000;2026-03
mitsubishi;l200;2012;diesel;unknown;manual;10CV;2500;pickup 4x2;good;standard;2 seats;2 doors;used;35000;2026-03
mitsubishi;pajero;2001;diesel;221000;manual;9CV;2500;suv 4x4;good;standard;5 seats;2 doors;used;50000;2026-03
suzuki;celerio;2026;gasoline;0;manual;4CV;1000;hatchback;good;standard;5 seats;4 doors;new;29000;2026-03
suzuki;jimny;2026;gasoline;0;automatic;6CV;1500;suv 4x4;good;standard;5 seats;4 doors;new;118000;2026-03
suzuki;fronx;2026;gasoline;0;manual;6CV;1500;crossover;good;standard;5 seats;4 doors;new;77000;2026-03
suzuki;baleno;2026;gasoline;0;manual;6CV;1500;hatchback;good;standard;5 seats;4 doors;new;68000;2026-03
suzuki;dzire;2026;gasoline;0;manual;4CV;1200;sedan;good;standard;5 seats;4 doors;new;57000;2026-03
suzuki;swift;2026;gasoline;0;manual;4CV;1200;hatchback;good;standard;5 seats;4 doors;new;56500;2026-03
suzuki;swift;2018;gasoline;210000;manual;5CV;1200;hatchback;good;standard;5 seats;4 doors;used;30000;2026-03
suzuki;swift;2022;gasoline;131000;manual;5CV;1200;hatchback;good;standard;5 seats;4 doors;used;34000;2026-03
suzuki;dzire;2020;gasoline;215000;manual;5CV;1200;sedan;good;standard;5 seats;4 doors;used;32000;2026-03
suzuki;vitara;2019;gasoline;207000;automatic;6CV;1600;suv 4x4;good;standard;5 seats;4 doors;used;48000;2026-03
suzuki;celerio;2019;gasoline;186000;manual;4CV;1000;hatchback;good;standard;5 seats;4 doors;used;22000;2026-03
suzuki;ciaz;2018;gasoline;262000;manual;5CV;1400;sedan;good;standard;5 seats;4 doors;used;25500;2026-03
suzuki;dzire;2023;gasoline;130000;manual;5CV;1200;sedan;good;standard;5 seats;4 doors;used;35000;2026-03
suzuki;celerio;2020;gasoline;45000;manual;4CV;1000;hatchback;good;standard;5 seats;4 doors;used;28000;2026-03
suzuki;celerio;2023;gasoline;54000;manual;4CV;1000;hatchback;good;standard;5 seats;4 doors;used;36000;2026-03
suzuki;s presso;2020;gasoline;56700;manual;4CV;1000;hatchback;good;standard;5 seats;4 doors;used;30000;2026-03
suzuki;dzire;2021;gasoline;60000;manual;5CV;1200;sedan;good;standard;5 seats;4 doors;used;38000;2026-03
suzuki;vitara;1999;gasoline;267000;manual;11CV;2000;suv 4x4;good;standard;5 seats;4 doors;used;26000;2026-03
suzuki;s presso;2022;gasoline;63000;manual;4CV;1000;hatchback;good;standard;5 seats;4 doors;used;27000;2026-03
suzuki;celerio;2017;gasoline;154000;manual;4CV;1000;hatchback;good;standard;5 seats;4 doors;used;24000;2026-03
suzuki;ciaz;2020;gasoline;72000;automatic;6CV;1500;sedan;good;standard;5 seats;4 doors;used;50000;2026-03
suzuki;swift;2021;gasoline;250000;manual;5CV;1200;hatchback;good;standard;5 seats;4 doors;used;27000;2026-03
suzuki;swift;2019;gasoline;159000;manual;4CV;1000;hatchback;good;standard;5 seats;4 doors;used;25000;2026-03
suzuki;swift;2022;gasoline;95000;automatic;5CV;1200;hatchback;good;standard;5 seats;4 doors;used;39000;2026-03
suzuki;fronx;2024;gasoline;18000;manual;6CV;1500;crossover;good;standard;5 seats;4 doors;used;70000;2026-03
suzuki;ciaz;2017;gasoline;128000;manual;5CV;1400;sedan;good;standard;5 seats;4 doors;used;33000;2026-03
suzuki;vitara;2013;gasoline;90500;manual;14CV;2400;suv 4x4;good;standard;5 seats;4 doors;used;35000;2026-03
suzuki;baleno;2018;gasoline;89000;manual;5CV;1200;hatchback;good;standard;5 seats;4 doors;used;36000;2026-03
suzuki;jimny;2025;gasoline;7000;manual;6CV;1500;suv 4x4;good;standard;5 seats;4 doors;used;100000;2026-03
suzuki;swift;2023;gasoline;55000;manual;5CV;1200;hatchback;good;standard;5 seats;4 doors;used;46000;2026-03
suzuki;vitara;1994;gasoline;unknown;manual;9CV;25000;suv 4x4;medium;standard;5 seats;4 doors;used;26000;2026-03
suzuki;jimny;2023;gasoline;67300;manual;6CV;1500;suv 4x4;good;standard;5 seats;2 doors;used;83000;2026-03
lada;niva;2018;gasoline;unknown;manual;7CV;1500;suv 4x4;good;standard;5 seats;4 doors;used;20000;2026-03
suzuki;vitara;2017;gasoline;223000;automatic;6CV;1600;suv 4x4;good;standard;5 seats;4 doors;used;50000;2026-03
suzuki;jimny;2000;gasoline;unknown;manual;6CV;1500;suv 4x4;good;standard;5 seats;2 doors;used;32000;2026-03
suzuki;jimny;2023;gasoline;31600;automatic;6CV;1500;suv 4x4;good;standard;5 seats;2 doors;used;91000;2026-03
suzuki;jimny;2020;gasoline;95000;automatic;6CV;1500;suv 4x4;good;standard;5 seats;2 doors;used;62000;2026-03
chevrolet;groove;2026;gasoline;0;automatic;6CV;1500;suv 4x2;good;standard;5 seats;4 doors;new;85800;2026-03
chevrolet;captiva;2026;gasoline;0;automatic;9CV;1500;suv 4x2;good;standard;5 seats;4 doors;new;94000;2026-03
chevrolet;aveo;2011;gasoline;300000;manual;5CV;1200;sedan;good;standard;5 seats;4 doors;used;24000;2026-03
chevrolet;optra;2008;gasoline;311000;manual;6CV;1600;sedan;medium;standard;5 seats;4 doors;used;16000;2026-03
chevrolet;sonic;2022;gasoline;182000;manual;5CV;1200;sedan;good;standard;5 seats;4 doors;used;35000;2026-03
chevrolet;groove;2022;gasoline;55000;automatic;6CV;1500;suv 4x4;good;standard;5 seats;4 doors;used;60000;2026-03
chevrolet;sonic;2022;gasoline;48000;manual;5CV;1200;sedan;good;standard;5 seats;4 doors;used;34000;2026-03
chevrolet;sonic;2018;gasoline;230000;manual;5CV;1200;sedan;good;standard;5 seats;4 doors;used;26000;2026-03
chevrolet;aveo;2011;gasoline;299000;manual;5CV;1200;sedan;good;standard;5 seats;4 doors;used;19000;2026-03
chevrolet;spark;2020;gasoline;185000;manual;5CV;1200;hatchback;good;standard;5 seats;4 doors;used;35000;2026-03
chevrolet;aveo;2008;gasoline;200000;manual;6CV;1400;hatchback;medium;standard;5 seats;4 doors;used;16000;2026-03
chevrolet;spark;2012;gasoline;155000;manual;5CV;1200;hatchback;good;standard;5 seats;4 doors;used;22000;2026-03
chevrolet;aveo;2015;gasoline;200000;manual;5CV;1200;sedan;good;standard;5 seats;4 doors;used;20000;2026-03
chevrolet;sonic;2017;gasoline;180000;manual;5CV;1200;sedan;good;standard;5 seats;4 doors;used;26500;2026-03
chevrolet;cruze;2018;gasoline;170000;manual;7CV;1600;sedan;good;standard;5 seats;4 doors;used;38000;2026-03
chevrolet;sonic;2022;gasoline;90000;automatic;6CV;1400;sedan;good;standard;5 seats;4 doors;used;37000;2026-03
chevrolet;impala;2012;gasoline;122000;automatic;16CV;3500;sedan;good;standard;5 seats;4 doors;used;45000;2026-03
chevrolet;camaro;2012;gasoline;66000;automatic;41CV;6200;coupe;good;ss;5 seats;4 doors;used;100000;2026-03
chevrolet;cruze;2012;gasoline;71000;manual;7CV;1600;hatchback;good;standard;5 seats;4 doors;used;30000;2026-03
chevrolet;groove;2022;gasoline;58000;automatic;6CV;1500;suv 4x4;good;standard;5 seats;4 doors;used;61000;2026-03
chevrolet;captiva;2009;gasoline;unknown;automatic;8CV;2000;suv 4x4;good;standard;5 seats;4 doors;used;43000;2026-03
chevrolet;captiva;2009;gasoline;241000;automatic;10CV;2200;suv 4x4;medium;standard;5 seats;4 doors;used;28000;2026-03
chevrolet;captiva;2008;gasoline;unknown;automatic;8CV;2000;suv 4x4;medium;standard;5 seats;4 doors;used;26000;2026-03
chevrolet;camaro;2015;gasoline;200000;automatic;21CV;3600;coupe;good;standard;5 seats;4 doors;used;96000;2026-03
chevrolet;cruze;2005;gasoline;unknown;manual;7CV;1600;hatchback;medium;standard;5 seats;4 doors;used;15000;2026-03
haval;h6;2026;hybrid;0;automatic;8CV;1500;suv 4x2;good;standard;5 seats;4 doors;new;130000;2026-03
haval;jolion;2026;gasoline;0;automatic;9CV;1500;suv 4x2;good;standard;5 seats;4 doors;new;99000;2026-03
gwm;wingle 5;2026;diesel;0;manual;7CV;2000;pickup 4x4;good;standard;2 seats;2 doors;new;81000;2026-03
gwm;wingle 5;2026;diesel;0;manual;7CV;2000;pickup 4x2;good;standard;5 seats;4 doors;new;87500;2026-03
gwm;poer mt;2026;diesel;0;manual;11CV;2000;pickup 4x4;good;standard;5 seats;4 doors;new;108000;2026-03
gwm;poer at;2026;diesel;0;automatic;7CV;2000;pickup 4x4;good;standard;5 seats;4 doors;new;137000;2026-03
gwm;poer mt;2021;diesel;60500;manual;11CV;2000;pickup 4x4;good;standard;5 seats;4 doors;used;80000;2026-03
haval;h6;2017;gasoline;209000;automatic;9CV;1500;suv 4x4;good;standard;5 seats;4 doors;used;45000;2026-03
haval;h2;2018;gasoline;98000;automatic;7CV;1600;suv 4x2;good;standard;5 seats;4 doors;used;50000;2026-03
haval;h6;2022;gasoline;28000;automatic;8CV;1500;suv 4x4;good;standard;5 seats;4 doors;used;101000;2026-03
haval;jolion;2022;gasoline;36000;automatic;9CV;1500;suv 4x4;good;standard;5 seats;4 doors;used;77000;2026-03
haval;h6;2020;gasoline;117000;automatic;9CV;1500;suv 4x4;good;standard;5 seats;4 doors;used;70000;2026-03
haval;h6;2022;gasoline;90000;automatic;8CV;1500;suv 4x4;good;standard;5 seats;4 doors;used;87000;2026-03
haval;h6;2022;gasoline;134000;automatic;8CV;1500;suv 4x4;good;standard;5 seats;4 doors;used;75000;2026-03
chery;tiggo 1x;2026;gasoline;0;automatic;4CV;1000;crossover;good;standard;5 seats;4 doors;new;32300;2026-03
chery;tiggo 3x;2026;gasoline;0;manual;6CV;1500;crossover;good;standard;5 seats;4 doors;new;58000;2026-03
chery;tiggo 3x;2026;gasoline;0;automatic;6CV;1000;crossover;good;standard;5 seats;4 doors;used;67000;2026-03
chery;arrizo 8;2026;gasoline;0;automatic;10CV;1600;sedan;good;standard;5 seats;4 doors;new;110000;2026-03
chery;tiggo 7;2026;gasoline;0;automatic;9CV;1500;suv 4x4;good;standard;5 seats;4 doors;new;96500;2026-03
chery;tiggo 4;2026;gasoline;0;automatic;6CV;1500;crossover;good;standard;5 seats;4 doors;new;75000;2026-03
chery;arrizo 5;2026;gasoline;0;manual;7CV;1500;sedan;good;standard;5 seats;4 doors;new;59500;2026-03
chery;arrizo 5;2020;gasoline;165000;manual;7CV;1500;sedan;good;standard;5 seats;4 doors;used;36000;2026-03
chery;tiggo 7;2022;gasoline;39000;automatic;9CV;1500;suv 4x2;good;standard;5 seats;4 doors;used;70000;2026-03
chery;tiggo 7;2022;gasoline;51000;automatic;9CV;1500;suv 4x4;good;standard;5 seats;4 doors;used;85000;2026-03
chery;qq;2021;gasoline;65000;manual;4CV;1000;hatchback;good;standard;5 seats;4 doors;used;24000;2026-03
chery;e3;2018;gasoline;170000;manual;5CV;1400;sedan;good;standard;5 seats;4 doors;used;24000;2026-03
chery;tiggo 3x;2022;gasoline;50000;automatic;6CV;1000;crossover;good;standard;5 seats;4 doors;used;52000;2026-03
chery;qq;2017;gasoline;29000;manual;4CV;1000;hatchback;good;standard;5 seats;4 doors;used;22000;2026-03
chery;tiggo 2;2020;gasoline;151000;manual;6CV;1500;crossover;good;standard;5 seats;4 doors;used;31000;2026-03
chery;tiggo 8;2022;gasoline;130000;automatic;9CV;1500;suv 4x4;good;standard;5 seats;4 doors;used;70000;2026-03
chery;tiggo 3x;2023;gasoline;43000;automatic;8CV;1600;crossover;good;standard;5 seats;4 doors;used;43000;2026-03
tata;xenon;2026;diesel;0;manual;7CV;2200;pickup 4x2;good;standard;2 seats;2 doors;new;59000;2026-03
tata;xenon;2026;diesel;0;manual;7CV;2200;pickup 4x2;good;standard;5 seats;4 doors;new;75000;2026-03
tata;xenon;2026;diesel;0;manual;7CV;2200;pickup 4x4;good;standard;5 seats;4 doors;new;82000;2026-03
tata;super ace;2026;diesel;0;manual;5CV;1400;pickup 4x2;good;standard;2 seats;2 doors;new;40000;2026-03
tata;xenon;2018;diesel;190000;manual;7CV;2200;pickup 4x2;good;standard;5 seats;4 doors;used;18000;2026-03
tata;xenon;2018;diesel;80000;manual;7CV;2200;pickup 4x2;good;standard;2 seats;2 doors;used;24000;2026-03
tata;xenon;2016;diesel;212000;manual;7CV;2200;pickup 4x4;good;standard;2 seats;2 doors;used;28000;2026-03
tata;xenon;2021;diesel;140000;manual;7CV;2200;pickup 4x4;good;standard;5 seats;4 doors;used;37000;2026-03
tata;super ace;2023;diesel;30000;manual;5CV;1400;pickup 4x2;good;standard;2 seats;2 doors;used;34000;2026-03
tata;super ace;2020;diesel;113000;manual;5CV;1400;pickup 4x2;good;standard;2 seats;2 doors;used;20000;2026-03
ssangyong;tivoli;2026;gasoline;0;automatic;8CV;1500;crossover;good;standard;5 seats;4 doors;new;88000;2026-03
ssangyong;korando;2026;gasoline;0;automatic;9CV;2500;suv 4x4;good;standard;5 seats;4 doors;new;114800;2026-03
ssangyong;rexton;2026;diesel;0;automatic;12CV;2200;suv 4x4;good;standard;5 seats;4 doors;new;290000;2026-03
ssangyong;musso;2026;diesel;0;manual;7CV;2200;pickup 4x4;good;standard;5 seats;4 doors;new;119000;2026-03
ssangyong;actyon;2018;diesel;180000;manual;7CV;2500;pickup 4x2;good;standard;5 seats;4 doors;used;37000;2026-03
ssangyong;korando;2013;diesel;250000;automatic;10CV;2000;suv 4x4;medium;standard;5 seats;4 doors;used;27000;2026-03
ssangyong;actyon;2012;diesel;199000;manual;9CV;2000;pickup 4x2;medium;standard;5 seats;4 doors;used;26000;2026-03
ssangyong;tivoli;2021;gasoline;112000;manual;6CV;1200;crossover;good;standard;5 seats;4 doors;used;50000;2026-03
ssangyong;tivoli xlv;2018;gasoline;170000;manual;7CV;1600;mpv;good;standard;5 seats;4 doors;used;50000;2026-03
ssangyong;tivoli;2015;gasoline;95000;manual;7CV;1600;crossover;good;standard;5 seats;4 doors;used;42000;2026-03
ssangyong;kyron;2013;diesel;170000;manual;10CV;2000;suv 4x4;good;standard;5 seats;4 doors;used;27000;2026-03
ssangyong;actyon;2013;diesel;300000;manual;7CV;2000;pickup 4x4;good;standard;5 seats;4 doors;used;35000;2026-03
ssangyong;tivoli;2021;gasoline;85000;manual;6CV;1200;suv 4x4;good;standard;5 seats;4 doors;used;57000;2026-03
mahindra;kuv 100;2026;gasoline;0;manual;5CV;1200;crossover;good;standard;5 seats;4 doors;new;44000;2026-03
mahindra;xuv 3xo;2026;gasoline;0;manual;6CV;1200;crossover;good;standard;5 seats;4 doors;new;56800;2026-03
mahindra;xuv 3xo;2026;gasoline;0;automatic;6CV;1200;crossover;good;standard;5 seats;4 doors;new;65800;2026-03
mahindra;pick up;2026;diesel;0;manual;7CV;2200;pickup 4x4;good;standard;2 seats;2 doors;new;63000;2026-03
mahindra;pick up;2026;diesel;0;manual;7CV;2200;pickup 4x2;good;standard;5 seats;4 doors;new;70000;2026-03
mahindra;pick up;2026;diesel;0;manual;7CV;2200;pickup 4x4;good;standard;5 seats;4 doors;new;77000;2026-03
mahindra;xuv 300;2026;gasoline;0;manual;6CV;1200;crossover;good;standard;5 seats;4 doors;new;60000;2026-03
mahindra;kuv 100;2020;gasoline;69000;manual;5CV;1200;crossover;good;standard;5 seats;4 doors;used;27000;2026-03
mahindra;kuv 100;2019;gasoline;115000;manual;5CV;1200;crossover;medium;standard;5 seats;4 doors;used;21000;2026-03
mahindra;kuv 100;2019;gasoline;65000;manual;5CV;1200;crossover;good;standard;5 seats;4 doors;used;28000;2026-03
land rover;discovery sport;2018;diesel;205000;automatic;15CV;2000;suv 4x4;good;standard;5 seats;4 doors;used;120000;2026-03
land rover;discovery;1997;diesel;unknown;manual;12CV;2500;suv 4x4;good;standard;5 seats;4 doors;used;50000;2026-03
land rover;evoque;2022;hybrid;45000;automatic;11CV;1500;suv 4x4;good;standard;5 seats;4 doors;used;180000;2026-03
land rover;velar;2018;diesel;120000;automatic;14CV;2000;suv 4x4;good;standard;5 seats;4 doors;used;160000;2026-03
land rover;evoque;2013;diesel;156000;automatic;9CV;2200;suv 4x4;good;standard;5 seats;4 doors;used;80000;2026-03
land rover;discovery sport;2015;diesel;132000;automatic;11CV;2200;suv 4x4;good;standard;5 seats;4 doors;used;100000;2026-03
land rover;freelander;2015;gasoline;200000;automatic;16CV;3000;suv 4x4;good;standard;5 seats;4 doors;used;70000;2026-03
land rover;range rover sport;2022;hybrid;39800;automatic;25CV;3000;suv 4x4;good;standard;5 seats;4 doors;used;217000;2026-03
land rover;range rover sport;2020;gasoline;190000;automatic;24CV;3000;suv 4x4;good;standard;5 seats;4 doors;used;140000;2026-03
land rover;109 4 doors;1984;diesel;unknown;manual;unknown;unknown;suv 4x4;good;standard;5 seats;4 doors;used;35000;2026-03
land rover;defender 90;1994;diesel;unknown;manual;unknown;unknown;suv 4x4;good;standard;5 seats;2 doors;used;57000;2026-03
land rover;range rover;2000;diesel;unknown;manual;20CV;3000;suv 4x4;good;standard;5 seats;4 doors;used;40000;2026-03
land rover;evoque;2014;gasoline;unknown;automatic;15CV;2200;suv 4x4;good;standard;5 seats;4 doors;used;60000;2026-03
land rover;range rover sport autobiography;2012;diesel;180000;automatic;16CV;3000;suv 4x4;good;standard;5 seats;4 doors;used;85000;2026-03
land rover;freelander;2013;gasoline;unknown;automatic;15CV;2200;suv 4x4;good;standard;5 seats;4 doors;used;55000;2026-03
land rover;freelander;2002;gasoline;unknown;automatic;9CV;2000;suv 4x4;good;standard;5 seats;4 doors;used;25000;2026-03
land rover;range rover sport;2017;gasoline;133000;automatic;20CV;3000;suv 4x4;good;standard;5 seats;4 doors;used;170000;2026-03
land rover;discovery;2002;diesel;346000;automatic;10CV;3000;suv 4x4;good;standard;5 seats;4 doors;used;40000;2026-03
land rover;range rover sport;2009;diesel;320000;automatic;13CV;2500;suv 4x4;good;standard;5 seats;4 doors;used;45000;2026-03
porsche;cayenne;2016;diesel;134000;automatic;16CV;3000;suv 4x4;good;standard;5 seats;4 doors;used;190000;2026-03
porsche;cayenne;2012;gasoline;236000;automatic;21CV;3600;suv 4x4;good;standard;5 seats;4 doors;used;115000;2026-03
porsche;cayenne;2009;gasoline;312000;automatic;33CV;4800;suv 4x4;good;standard;5 seats;4 doors;used;55000;2026-03
porsche;panamera;2012;gasoline;190000;automatic;30CV;4800;sedan;good;standard;5 seats;4 doors;used;150000;2026-03
porsche;taycan 4s;2022;electric;40000;automatic;12CV;unknown;sedan;good;standard;5 seats;4 doors;used;350000;2026-03
porsche;cayenne;2012;diesel;250000;automatic;16CV;3000;suv 4x4;good;standard;5 seats;4 doors;used;105000;2026-03
porsche;cayenne;2007;gasoline;230000;automatic;21CV;3600;suv 4x4;good;standard;5 seats;4 doors;used;52000;2026-03
porsche;cayenne;2008;gasoline;131000;automatic;31CV;4800;suv 4x4;good;standard;5 seats;4 doors;used;80000;2026-03
porsche;panamera;2011;gasoline;156000;automatic;20CV;3600;sedan;good;standard;5 seats;4 doors;used;100000;2026-03
porsche;macan s;2015;gasoline;141000;automatic;20CV;3600;suv 4x4;good;standard;5 seats;4 doors;used;160000;2026-03
porsche;cayenne;2018;gasoline;88000;automatic;33CV;2900;suv 4x4;good;standard;5 seats;4 doors;used;240000;2026-03
porsche;cayenne;2004;gasoline;220000;automatic;19CV;3600;suv 4x4;medium;standard;5 seats;4 doors;used;38000;2026-03
porsche;macan s;2015;diesel;189000;automatic;20CV;3000;suv 4x4;good;standard;5 seats;4 doors;used;140000;2026-03
jeep;compass;2011;diesel;256000;manual;10CV;2200;suv 4x4;good;standard;5 seats;4 doors;used;50000;2026-03
jeep;compass;2020;diesel;73000;manual;8CV;1600;suv 4x4;good;standard;5 seats;4 doors;used;98000;2026-03
jeep;grand cherokee;2017;gasoline;74000;automatic;19CV;3600;suv 4x4;good;standard;5 seats;4 doors;used;90000;2026-03
jeep;compass;2021;gasoline;45000;manual;8CV;1400;suv 4x4;good;standard;5 seats;4 doors;used;83000;2026-03
jeep;grand cherokee;2006;diesel;199000;automatic;15CV;3000;suv 4x4;good;standard;5 seats;4 doors;used;50000;2026-03
jeep;cherokee;2001;gasoline;unknown;automatic;20CV;4000;suv 4x4;good;standard;5 seats;4 doors;used;34000;2026-03
jeep;compass;2022;gasoline;55000;manual;8CV;1400;suv 4x4;good;standard;5 seats;4 doors;used;87000;2026-03
jeep;renegade;2021;gasoline;90000;automatic;8CV;1400;suv 4x2;good;standard;5 seats;4 doors;used;85000;2026-03
jeep;renegade;2022;hybrid;58000;automatic;7CV;1300;suv 4x4;good;standard;5 seats;4 doors;used;70000;2026-03
jeep;renegade;2016;diesel;178000;automatic;8CV;1400;suv 4x2;good;standard;5 seats;4 doors;used;48000;2026-03
jeep;cherokee;2006;gasoline;273000;manual;16CV;2800;suv 4x4;good;standard;5 seats;4 doors;used;38000;2026-03
jeep;wrangler;2016;gasoline;112000;automatic;20CV;3600;suv 4x4;good;standard;5 seats;4 doors;used;160000;2026-03
jeep;wrangler;2024;gasoline;40000;automatic;20CV;3600;suv 4x4;good;standard;5 seats;4 doors;used;240000;2026-03
jeep;wrangler;2026;gasoline;0;automatic;18CV;2000;suv 4x4;good;standard;5 seats;4 doors;new;375000;2026-03
jeep;wrangler;2026;gasoline;0;automatic;19CV;3600;suv 4x4;good;standard;5 seats;4 doors;new;405000;2026-03
jeep;wrangler;2026;gasoline;0;automatic;18CV;2000;suv 4x4;good;standard;5 seats;2 doors;new;327000;2026-03
jeep;renegade;2026;gasoline;0;automatic;8CV;1400;suv 4x2;good;standard;5 seats;4 doors;new;126500;2026-03
jeep;compass;2026;gasoline;0;automatic;8CV;1300;suv 4x2;good;standard;5 seats;4 doors;new;136500;2026-03
isuzu;dmax;2021;diesel;124000;automatic;8CV;1900;pickup 4x4;good;khalijia;5 seats;4 doors;used;128000;2026-03
isuzu;dmax;2021;diesel;100000;manual;8CV;2500;pickup 4x2;good;karwia;2 seats;2 doors;used;60000;2026-03
isuzu;dmax;2020;diesel;324000;manual;8CV;2500;pickup 4x2;good;karwia;5 seats;4 doors;used;60000;2026-03
isuzu;pick up;1999;diesel;unknown;manual;10CV;2500;pickup 4x2;good;standard;2 seats;2 doors;used;33000;2026-03
isuzu;dmax;2024;diesel;13800;manual;8CV;1900;pickup 4x4;good;khalijia;2 seats;2 doors;used;115000;2026-03
isuzu;pick up;2001;diesel;unknown;manual;10CV;2500;pickup 4x2;good;standard;2seats;2 doors;used;37000;2026-03
isuzu;dmax;2022;diesel;79000;automatic;9CV;1900;pickup 4x4;good;european;5 seats;4 doors;used;148000;2026-03
isuzu;pick up;2004;diesel;unknown;manual;10CV;2500;pickup 4x2;good;standard;5 seats;4 doors;used;40000;2026-03
isuzu;pick up;1992;diesel;unknown;manual;9CV;2300;pickup 4x2;bad;standard;5 seats;4 doors;used;18000;2026-03
isuzu;dmax;2022;diesel;123000;manual;10CV;2500;pickup 4x2;good;karwia;2 seats;2 doors;used;61000;2026-03
isuzu;dmax;2004;diesel;unknown;manual;12CV;3000;pickup 4x2;good;khalijia;2 seats;2 doors;used;40000;2026-03
isuzu;kb26;1980;diesel;unknown;manual;8CV;unknown;pickup 4x2;medium;standard;2 seats;2 doors;used;5000;2026-03
isuzu;dmax;2023;diesel;114000;manual;8CV;2500;pickup 4x2;good;karwia;5 seats;4 doors;used;70000;2026-03
isuzu;pick up;1998;diesel;unknown;manual;10CV;2500;pickup 4x2;good;standard;2 seats;2 doors;used;28000;2026-03
isuzu;pick up;1993;diesel;unknown;manual;9CV;2300;pickup 4x2;good;standard;2 seats;2 doors;used;16000;2026-03
isuzu;dmax;2024;diesel;2500;manual;10CV;2500;pickup 4x2;good;khalijia;2 seats;2 doors;used;108000;2026-03
isuzu;pick up;1992;diesel;unknown;manual;9CV;2300;pickup 4x2;good;standard;5 seats;4 doors;used;21000;2026-03
isuzu;dmax;2013;diesel;158000;manual;8CV;2500;pickup 4x4;good;khalijia;2 seats;2 doors;used;83000;2026-03
isuzu;dmax;2016;diesel;185000;automatic;10CV;2500;pickup 4x4;good;european;5 seats;4 doors;used;105000;2026-03
isuzu;pick up;2007;diesel;unknown;manual;10CV;2500;pickup 4x2;bad;standard;2 seats;2 doors;used;22000;2026-03
isuzu;pick up;1994;diesel;unknown;manual;10CV;2500;pickup 4x2;good;standard;5 seats;4 doors;used;30000;2026-03
isuzu;dmax;2018;diesel;181000;manual;8CV;2500;pickup 4x2;good;karwia;2 seats;2 doors;used;48000;2026-03
isuzu;dmax;2016;diesel;297000;manual;8CV;2500;pickup 4x2;good;khalijia;2 seats;2 doors;used;42000;2026-03
isuzu;dmax;2026;diesel;0;manual;8CV;2500;pickup 4x2;good;khalijia;2 seats;2 doors;new;105000;2026-03
isuzu;dmax;2010;diesel;unknown;manual;10CV;2500;pickup 4x2;good;khalijia;2 seats;2 doors;used;48000;2026-03
isuzu;dmax;2012;diesel;unknown;manual;10CV;2500;pickup 4x2;good;karwia;2 seats;2 doors;used;42000;2026-03
isuzu;pick up;1999;diesel;unknown;manual;9CV;2300;pickup 4x2;bad;standard;2 seats;2 doors;used;8000;2026-03
isuzu;pick up;2000;diesel;unknown;manual;10CV;2800;pickup 4x2;good;super faster;5 seats;4 doors;used;53000;2026-03
isuzu;dmax;2010;diesel;310000;manual;10CV;2500;pickup 4x2;good;khalijia;5 seats;4 doors;used;57000;2026-03
isuzu;dmax;2004;diesel;unknown;manual;10CV;2500;pickup 4x2;good;khalijia;2 seats;2 doors;used;35000;2026-03
isuzu;dmax;2013;diesel;185000;manual;10CV;2500;pickup 4x2;good;khalijia;5 seats;4 doors;used;75000;2026-03
isuzu;dmax;2015;diesel;unknown;manual;10CV;2500;pickup 4x4;good;european;5 seats;4 doors;used;85000;2026-03
isuzu;dmax;2013;diesel;100000;manual;10CV;2500;pickup 4x2;good;khalijia;5 seats;4 doors;used;85000;2026-03
isuzu;dmax;2023;diesel;137000;manual;8CV;2500;pickup 4x4;good;karwia;5 seats;4 doors;used;90000;2026-03
isuzu;dmax;2005;diesel;unknown;manual;10CV;2500;pickup 4x2;good;khalijia;5 seats;4 doors;used;45000;2026-03
isuzu;dmax;2014;diesel;142000;manual;8CV;2500;pickup 4x2;good;khalijia;5 seats;4 doors;used;90000;2026-03
isuzu;dmax;2022;diesel;113000;manual;8CV;2500;pickup 4x2;good;karwia;2 seats;2 doors;used;60000;2026-03
isuzu;dmax;2022;diesel;90000;manual;8CV;2500;pickup 4x4;good;khalijia;5 seats;4 doors;used;97000;2026-03
isuzu;pick up;2000;diesel;unknown;manual;10CV;2800;pickup 4x2;good;super faster;5 seats;4 doors;used;55000;2026-03
isuzu;pick up;1996;diesel;unknown;manual;10CV;2800;pickup 4x4;good;standard;5 seats;4 doors;used;44000;2026-03
isuzu;pick up;1990;diesel;unknown;manual;10CV;2500;pickup 4x2;good;standard;5 seats;4 doors;used;20000;2026-03
isuzu;dmax;2021;diesel;unknown;automatic;10CV;2500;pickup 4x4;good;khalijia;5 seats;4 doors;used;126000;2026-03
isuzu;pick up;2002;diesel;unknown;manual;10CV;2500;pickup 4x2;good;standard;2 seats;2 doors;used;37000;2026-03
isuzu;dmax;2022;diesel;0;manual;8CV;1900;pickup 4x2;good;khalijia;2 seats;2 doors;new;132000;2026-03
isuzu;dmax;2016;diesel;unknown;manual;8CV;2500;pickup 4x2;good;khalijia;5 seats;4 doors;used;92000;2026-03
isuzu;pick up;2000;diesel;unknown;manual;10CV;2500;pickup 4x2;good;standard;2 seats;2 doors;used;40000;2026-03
isuzu;pick up;1996;diesel;unknown;manual;10CV;2500;pickup 4x4;good;standard;5 seats;4 doors;used;40000;2026-03
isuzu;pick up;1999;diesel;unknown;manual;10CV;2500;pickup 4x2;good;standard;5 seats;4 doors;used;42000;2026-03
isuzu;dmax;2016;diesel;265000;manual;8CV;2500;pickup 4x2;good;khalijia;2 seats;2 doors;used;63000;2026-03
isuzu;dmax;2025;diesel;0;manual;8CV;1900;pickup 4x2;good;khalijia;2 seats;2 doors;new;113000;2026-03
isuzu;dmax;2008;diesel;280000;manual;10CV;2500;pickup 4x2;good;khalijia;5 seats;4 doors;used;68000;2026-03
isuzu;pick up;1991;diesel;unknown;manual;9CV;2300;pickup 4x2;good;standard;2 seats;2 doors;used;22000;2026-03
isuzu;kb26;1980;diesel;unknown;manual;9CV;2000;pickup 4x2;medium;standard;5 seats;4 doors;used;6000;2026-03
isuzu;dmax;2026;diesel;0;manual;8CV;2500;pickup 4x2;good;karwia;2 seats;2 doors;new;78500;2026-03
isuzu;dmax;2026;diesel;0;manual;8CV;2500;pickup 4x2;good;karwia;5 seats;4 doors;new;95300;2026-03
isuzu;dmax;2026;diesel;0;manual;8CV;2500;pickup 4x4;good;karwia;5 seats;4 doors;new;115700;2026-03
mg;3;2026;gasoline;0;manual;6CV;1500;hatchback;good;standard;5 seats;4 doors;new;59000;2026-03
mg;3;2026;gasoline;0;automatic;6CV;1500;hatchback;good;standard;5 seats;4 doors;new;71000;2026-03
mg;3;2026;hybrid;0;automatic;6CV;1500;hatchback;good;standard;5 seats;4 doors;new;78000;2026-03
mg;5;2026;gasoline;0;manual;6CV;1500;sedan;good;standard;5 seats;4 doors;new;64000;2026-03
mg;5;2026;gasoline;0;automatic;6CV;1500;sedan;good;standard;5 seats;4 doors;new;74000;2026-03
mg;zs;2026;gasoline;0;manual;6CV;1500;suv 4x2;good;standard;5 seats;4 doors;new;80000;2026-03
mg;zs;2026;gasoline;0;automatic;6CV;1500;suv 4x2;good;standard;5 seats;4 doors;new;89000;2026-03
mg ;s5;2026;electric;0;automatic;4CV;unknown;suv 4x2;good;standard;5 seats;4 doors;new;85000;2026-03
mg;cyberster;2026;electric;0;automatic;11CV;unknown;convertible;good;standard;5 seats;4 doors;new;180000;2026-03
mg;7;2026;gasoline;0;automatic;9CV;1500;sedan;good;standard;5 seats;4 doors;new;110000;2026-03
mg;7;2026;gasoline;0;automatic;13CV;2000;sedan;good;standard;5 seats;4 doors;new;140000;2026-03
mg;rx9;2026;gasoline;0;automatic;11CV;2000;suv 4x4;good;standard;5 seats;4 doors;new;165000;2026-03
mg;hs;2026;hybrid;0;automatic;7CV;1500;suv 4x2;good;standard;5 seats;4 doors;new;115000;2026-03
mg;hs;2026;gasoline;0;automatic;9CV;1500;suv 4x2;good;standard;5 seats;4 doors;new;105000;2026-03
mg;5;2022;gasoline;65000;automatic;7CV;1500;sedan;good;standard;5 seats;4 doors;used;48000;2026-03
mg;zs;2019;gasoline;119000;automatic;7CV;1500;suv 4x2;good;standard;5 seats;4 doors;used;52000;2026-03
mg;gs;2018;gasoline;97000;automatic;9CV;1500;suv 4x2;good;standard;5 seats;4 doors;used;45000;2026-03
mg;5;2025;gasoline;55000;manual;6CV;1500;sedan;good;standard;5 seats;4 doors;used;52000;2026-03
mg;5;2020;gasoline;83000;manual;6CV;1500;sedan;good;standard;5 seats;4 doors;used;52500;2026-03
mg;zs;2018;gasoline;148000;automatic;7CV;1500;suv 4x2;good;standard;5 seats;4 doors;used;48000;2026-03
mg;zs;2022;gasoline;136000;automatic;9CV;1500;suv 4x2;good;standard;5 seats;4 doors;used;64000;2026-03
mg;zs;2020;gasoline;79000;automatic;7CV;1500;suv 4x2;good;standard;5 seats;4 doors;used;67000;2026-03
mg;hs;2022;gasoline;115000;automatic;9CV;1500;suv 4x2;good;standard;5 seats;4 doors;used;70000;2026-03
mg;zs;2023;gasoline;133500;automatic;7CV;1500;suv 4x2;good;standard;5 seats;4 doors;used;61500;2026-03
mg;gt;2018;gasoline;145000;manual;6CV;1500;sedan;good;standard;5 seats;4 doors;used;36500;2026-03
mg;gs;2017;gasoline;165000;automatic;9CV;1500;suv 4x4;good;standard;5 seats;4 doors;used;53000;2026-03
mg;zs;2020;gasoline;188000;manual;7CV;1500;suv 4x2;good;standard;5 seats;4 doors;used;50000;2026-03
mg;5;2021;gasoline;105000;manual;6CV;1500;sedan;good;standard;5 seats;4 doors;used;43000;2026-03
mg;hs;2021;gasoline;113000;automatic;10CV;2000;suv 4x2;good;standard;5 seats;4 doors;used;64000;2026-03
mg;zs;2024;gasoline;19000;manual;7CV;1500;suv 4x2;good;standard;5 seats;4 doors;used;73000;2026-03
mg;one;2024;gasoline;16000;automatic;10CV;1500;suv 4x4;good;standard;5 seats;4 doors;used;95000;2026-03
mg;5;2022;gasoline;36000;automatic;7CV;1500;sedan;good;standard;5 seats;4 doors;used;58000;2026-03
mg;zs;2020;gasoline;80000;automatic;7CV;1500;suv 4x2;good;standard;5 seats;4 doors;used;58000;2026-03
mg;3;2020;gasoline;122000;manual;6CV;1500;hatchback;good;standard;5 seats;4 doors;used;35000;2026-03
mg;zs;2019;gasoline;116000;manual;7CV;1500;suv 4x2;good;standard;5 seats;4 doors;used;47000;2026-03
mg;gt;2017;gasoline;106000;manual;6CV;1500;sedan;good;standard;5 seats;4 doors;used;31000;2026-03
bako;bee;2026;electric;0;automatic;1CV;unknown;coupe;good;standard;5 seats;4 doors;new;17000;2026-03
bako;bvan;2026;electric;0;automatic;2CV;unknown;light commercial;good;standard;5 seats;4 doors;new;22500;2026-03
byd;dolphin surf;2026;electric;0;automatic;2CV;unknown;hatchback;good;standard;5 seats;4 doors;new;51000;2026-03
byd;dolphin;2026;electric;0;automatic;5CV;unknown;hatchback;good;standard;5 seats;4 doors;new;95000;2026-03
byd;qin plus;2026;hybrid;0;automatic;5CV;1500;sedan;good;standard;5 seats;4 doors;new;70000;2026-03
byd;atto 3;2026;electric;0;automatic;5CV;unknown;suv 4x2;good;standard;5 seats;4 doors;new;124000;2026-03
byd;song plus;2026;hybrid;0;automatic;7CV;1500;suv 4x2;good;standard;5 seats;4 doors;new;116000;2026-03
byd;tang ev;2026;electric;0;automatic;9CV;unknown;suv 4x4;good;standard;5 seats;4 doors;new;230000;2026-03
byd;f3;2023;gasoline;78000;manual;7CV;1500;sedan;medium;standard;5 seats;4 doors;used;25000;2026-03
byd;song;2022;gasoline;106000;automatic;9CV;1500;suv 4x4;good;standard;5 seats;4 doors;used;63000;2026-03
byd;f3;2022;gasoline;67000;manual;7CV;1500;sedan;good;standard;5 seats;4 doors;used;33000;2026-03
byd;tang;2023;gasoline;82000;automatic;11CV;2000;suv 4x4;good;standard;5 seats;4 doors;used;110000;2026-03
byd;tang;2023;gasoline;64500;automatic;11CV;2000;suv 4x4;good;standard;5 seats;4 doors;used;112000;2026-03
byd;atto 3;2025;electric;25000;automatic;5CV;unknown;suv 4x2;good;standard;5 seats;4 doors;used;90000;2026-03
dfsk;ec75;2026;electric;0;automatic;3CV;unknown;heavy commercial;good;standard;5 seats;4 doors;new;85000;2026-03
dfsk;k01s;2026;gasoline;0;manual;5CV;1000;pickup 4x2;good;standard;2 seats;2 doors;new;32900;2026-03
dfsk;k01h;2026;gasoline;0;manual;6CV;1050;pickup 4x2;good;standard;2 seats;2 doors;new;35900;2026-03
dfsk;k02s;2026;gasoline;0;manual;5CV;1000;pickup 4x2;good;standard;5 seats;4 doors;new;40900;2026-03
dfsk;c31;2026;gasoline;0;manual;7CV;1500;pickup 4x2;good;standard;2 seats;2 doors;new;44900;2026-03
dfsk;c32;2026;gasoline;0;manual;7CV;1500;pickup 4x2;good;standard;5 seats;4 doors;new;52900;2026-03
dfsk;glory 500;2025;gasoline;0;manual;7CV;1500;crossover;good;standard;5 seats;4 doors;used;64000;2026-03
dfsk;k01h;2019;gasoline;unknown;manual;6CV;1050;pickup 4x2;good;standard;2 seats;2 doors;used;18000;2026-03
dfsk;k01h;2018;gasoline;180000;manual;6CV;1050;pickup 4x2;medium;standard;2 seats;2 doors;used;15000;2026-03
dfsk;k02s;2021;gasoline;unknown;manual;5CV;1000;pickup 4x2;good;standard;5 seats;4 doors;used;25000;2026-03
wallyscar;annibal;2026;diesel;0;manual;6CV;2500;pickup 4x2;good;standard;5 seats;4 doors;new;89700;2026-03
wallyscar;annibal;2026;diesel;0;manual;6CV;2500;pickup 4x4;good;standard;5 seats;4 doors;new;102900;2026-03
wallyscar;annibal xxl;2026;diesel;0;automatic;8CV;2300;pickup 4x4;good;standard;5 seats;4 doors;new;142200;2026-03
wallyscar;annibal xxl;2026;gasoline;0;automatic;10CV;2000;pickup 4x4;good;standard;5 seats;4 doors;new;144800;2026-03
wallyscar;719;2023;gasoline;60000;manual;7CV;1600;sedan;good;standard;5 seats;4 doors;used;37000;2026-03
wallyscar;719;2023;gasoline;78000;manual;7CV;1600;sedan;good;standard;5 seats;4 doors;used;30000;2026-03
wallyscar;619;2021;gasoline;56000;manual;5CV;1300;hatchback;good;standard;5 seats;4 doors;used;18000;2026-03
wallyscar;iris;2017;gasoline;70000;manual;5CV;1300;crossover;good;standard;5 seats;4 doors;used;25000;2026-03
wallyscar;619;2022;gasoline;unknown;manual;5CV;1300;hatchback;good;standard;5 seats;4 doors;used;23000;2026-03
wallyscar;iris;2021;gasoline;118000;manual;5CV;1300;crossover;good;standard;5 seats;4 doors;used;27000;2026-03
wallyscar;iris;2021;gasoline;45000;manual;5CV;1300;crossover;good;standard;5 seats;4 doors;used;31000;2026-03
;;;;;;;;;;;;;;;
;;;;;;;;;;;;;;;
;;;;;;;;;;;;;;;
;;;;;;;;;;;;;;;
;;;;;;;;;;;;;;;
;;;;;;;;;;;;;;;
;;;;;;;;;;;;;;;
;;;;;;;;;;;;;;;
;;;;;;;;;;;;;;;
;;;;;;;;;;;;;;;
;;;;;;;;;;;;;;;
;;;;;;;;;;;;;;;
;;;;;;;;;;;;;;;
;;;;;;;;;;;;;;;
;;;;;;;;;;;;;;;
;;;;;;;;;;;;;;;
;;;;;;;;;;;;;;;
;;;;;;;;;;;;;;;
;;;;;;;;;;;;;;;
;;;;;;;;;;;;;;;
;;;;;;;;;;;;;;;
;;;;;;;;;;;;;;;
;;;;;;;;;;;;;;;
;;;;;;;;;;;;;;;
;;;;;;;;;;;;;;;
;;;;;;;;;;;;;;;
;;;;;;;;;;;;;;;
;;;;;;;;;;;;;;;
;;;;;;;;;;;;;;;
;;;;;;;;;;;;;;;
;;;;;;;;;;;;;;;
;;;;;;;;;;;;;;;
;;;;;;;;;;;;;;;
;;;;;;;;;;;;;;;
;;;;;;;;;;;;;;;
;;;;;;;;;;;;;;;
;;;;;;;;;;;;;;;
;;;;;;;;;;;;;;;
;;;;;;;;;;;;;;;
;;;;;;;;;;;;;;;
;;;;;;;;;;;;;;;
;;;;;;;;;;;;;;;
;;;;;;;;;;;;;;;
;;;;;;;;;;;;;;;
;;;;;;;;;;;;;;;
;;;;;;;;;;;;;;;
;;;;;;;;;;;;;;;
;;;;;;;;;;;;;;;
;;;;;;;;;;;;;;;
;;;;;;;;;;;;;;;
;;;;;;;;;;;;;;;
;;;;;;;;;;;;;;;
;;;;;;;;;;;;;;;
;;;;;;;;;;;;;;;
;;;;;;;;;;;;;;;
;;;;;;;;;;;;;;;
;;;;;;;;;;;;;;;
;;;;;;;;;;;;;;;
;;;;;;;;;;;;;;;
;;;;;;;;;;;;;;;
;;;;;;;;;;;;;;;
;;;;;;;;;;;;;;;
;;;;;;;;;;;;;;;
;;;;;;;;;;;;;;;
;;;;;;;;;;;;;;;
;;;;;;;;;;;;;;;
;;;;;;;;;;;;;;;
;;;;;;;;;;;;;;;
;;;;;;;;;;;;;;;
;;;;;;;;;;;;;;;
;;;;;;;;;;;;;;;
;;;;;;;;;;;;;;;
;;;;;;;;;;;;;;;
;;;;;;;;;;;;;;;
;;;;;;;;;;;;;;;
;;;;;;;;;;;;;;;
;;;;;;;;;;;;;;;
;;;;;;;;;;;;;;;
;;;;;;;;;;;;;;;
;;;;;;;;;;;;;;;
;;;;;;;;;;;;;;;
;;;;;;;;;;;;;;;
;;;;;;;;;;;;;;;
;;;;;;;;;;;;;;;
;;;;;;;;;;;;;;;
;;;;;;;;;;;;;;;
;;;;;;;;;;;;;;;
;;;;;;;;;;;;;;;
;;;;;;;;;;;;;;;
;;;;;;;;;;;;;;;
;;;;;;;;;;;;;;;
;;;;;;;;;;;;;;;
;;;;;;;;;;;;;;;
;;;;;;;;;;;;;;;
;;;;;;;;;;;;;;;
;;;;;;;;;;;;;;;
;;;;;;;;;;;;;;;
;;;;;;;;;;;;;;;
;;;;;;;;;;;;;;;
;;;;;;;;;;;;;;;
;;;;;;;;;;;;;;;
;;;;;;;;;;;;;;;
;;;;;;;;;;;;;;;
;;;;;;;;;;;;;;;
;;;;;;;;;;;;;;;
;;;;;;;;;;;;;;;
;;;;;;;;;;;;;;;
;;;;;;;;;;;;;;;
;;;;;;;;;;;;;;;
;;;;;;;;;;;;;;;
;;;;;;;;;;;;;;;
;;;;;;;;;;;;;;;
;;;;;;;;;;;;;;;
;;;;;;;;;;;;;;;
;;;;;;;;;;;;;;;
;;;;;;;;;;;;;;;
;;;;;;;;;;;;;;;
;;;;;;;;;;;;;;;
;;;;;;;;;;;;;;;
;;;;;;;;;;;;;;;
;;;;;;;;;;;;;;;
;;;;;;;;;;;;;;;
;;;;;;;;;;;;;;;
;;;;;;;;;;;;;;;
;;;;;;;;;;;;;;;
;;;;;;;;;;;;;;;
;;;;;;;;;;;;;;;
;;;;;;;;;;;;;;;
;;;;;;;;;;;;;;;
;;;;;;;;;;;;;;;
;;;;;;;;;;;;;;;
;;;;;;;;;;;;;;;
;;;;;;;;;;;;;;;
;;;;;;;;;;;;;;;
;;;;;;;;;;;;;;;
;;;;;;;;;;;;;;;
;;;;;;;;;;;;;;;
;;;;;;;;;;;;;;;
;;;;;;;;;;;;;;;
;;;;;;;;;;;;;;;
;;;;;;;;;;;;;;;
;;;;;;;;;;;;;;;
;;;;;;;;;;;;;;;
;;;;;;;;;;;;;;;
;;;;;;;;;;;;;;;
;;;;;;;;;;;;;;;
;;;;;;;;;;;;;;;
;;;;;;;;;;;;;;;
;;;;;;;;;;;;;;;
;;;;;;;;;;;;;;;
;;;;;;;;;;;;;;;
;;;;;;;;;;;;;;;
;;;;;;;;;;;;;;;
;;;;;;;;;;;;;;;
;;;;;;;;;;;;;;;
;;;;;;;;;;;;;;;
;;;;;;;;;;;;;;;
;;;;;;;;;;;;;;;
;;;;;;;;;;;;;;;
;;;;;;;;;;;;;;;
;;;;;;;;;;;;;;;
;;;;;;;;;;;;;;;
;;;;;;;;;;;;;;;
;;;;;;;;;;;;;;;
;;;;;;;;;;;;;;;
;;;;;;;;;;;;;;;
;;;;;;;;;;;;;;;
;;;;;;;;;;;;;;;
;;;;;;;;;;;;;;;
;;;;;;;;;;;;;;;
;;;;;;;;;;;;;;;
;;;;;;;;;;;;;;;
;;;;;;;;;;;;;;;
;;;;;;;;;;;;;;;
;;;;;;;;;;;;;;;
;;;;;;;;;;;;;;;
;;;;;;;;;;;;;;;
;;;;;;;;;;;;;;;
;;;;;;;;;;;;;;;
;;;;;;;;;;;;;;;
;;;;;;;;;;;;;;;
;;;;;;;;;;;;;;;
;;;;;;;;;;;;;;;
;;;;;;;;;;;;;;;
;;;;;;;;;;;;;;;
;;;;;;;;;;;;;;;
;;;;;;;;;;;;;;;
;;;;;;;;;;;;;;;
;;;;;;;;;;;;;;;
;;;;;;;;;;;;;;;
;;;;;;;;;;;;;;;
;;;;;;;;;;;;;;;
;;;;;;;;;;;;;;;
;;;;;;;;;;;;;;;
;;;;;;;;;;;;;;;
;;;;;;;;;;;;;;;
;;;;;;;;;;;;;;;
;;;;;;;;;;;;;;;
;;;;;;;;;;;;;;;
;;;;;;;;;;;;;;;
;;;;;;;;;;;;;;;
;;;;;;;;;;;;;;;
;;;;;;;;;;;;;;;
;;;;;;;;;;;;;;;
;;;;;;;;;;;;;;;
;;;;;;;;;;;;;;;
;;;;;;;;;;;;;;;
;;;;;;;;;;;;;;;
;;;;;;;;;;;;;;;
;;;;;;;;;;;;;;;
;;;;;;;;;;;;;;;
;;;;;;;;;;;;;;;
;;;;;;;;;;;;;;;
;;;;;;;;;;;;;;;
;;;;;;;;;;;;;;;
;;;;;;;;;;;;;;;
;;;;;;;;;;;;;;;
;;;;;;;;;;;;;;;
;;;;;;;;;;;;;;;
;;;;;;;;;;;;;;;
;;;;;;;;;;;;;;;
;;;;;;;;;;;;;;;
;;;;;;;;;;;;;;;
;;;;;;;;;;;;;;;
;;;;;;;;;;;;;;;
;;;;;;;;;;;;;;;
;;;;;;;;;;;;;;;
;;;;;;;;;;;;;;;
;;;;;;;;;;;;;;;
;;;;;;;;;;;;;;;
;;;;;;;;;;;;;;;
;;;;;;;;;;;;;;;
;;;;;;;;;;;;;;;
;;;;;;;;;;;;;;;
;;;;;;;;;;;;;;;
;;;;;;;;;;;;;;;
;;;;;;;;;;;;;;;
;;;;;;;;;;;;;;;
;;;;;;;;;;;;;;;
;;;;;;;;;;;;;;;
;;;;;;;;;;;;;;;
;;;;;;;;;;;;;;;
;;;;;;;;;;;;;;;
;;;;;;;;;;;;;;;
;;;;;;;;;;;;;;;
;;;;;;;;;;;;;;;
;;;;;;;;;;;;;;;
;;;;;;;;;;;;;;;
;;;;;;;;;;;;;;;
;;;;;;;;;;;;;;;
;;;;;;;;;;;;;;;
;;;;;;;;;;;;;;;
;;;;;;;;;;;;;;;
;;;;;;;;;;;;;;;
;;;;;;;;;;;;;;;
;;;;;;;;;;;;;;;
;;;;;;;;;;;;;;;
;;;;;;;;;;;;;;;
;;;;;;;;;;;;;;;
;;;;;;;;;;;;;;;
;;;;;;;;;;;;;;;
;;;;;;;;;;;;;;;
;;;;;;;;;;;;;;;
;;;;;;;;;;;;;;;
;;;;;;;;;;;;;;;
;;;;;;;;;;;;;;;
;;;;;;;;;;;;;;;
;;;;;;;;;;;;;;;
;;;;;;;;;;;;;;;
;;;;;;;;;;;;;;;
;;;;;;;;;;;;;;;
;;;;;;;;;;;;;;;
;;;;;;;;;;;;;;;
;;;;;;;;;;;;;;;
;;;;;;;;;;;;;;;
;;;;;;;;;;;;;;;
;;;;;;;;;;;;;;;
;;;;;;;;;;;;;;;
;;;;;;;;;;;;;;;
;;;;;;;;;;;;;;;
;;;;;;;;;;;;;;;
;;;;;;;;;;;;;;;
;;;;;;;;;;;;;;;
;;;;;;;;;;;;;;;
;;;;;;;;;;;;;;;
;;;;;;;;;;;;;;;
;;;;;;;;;;;;;;;
;;;;;;;;;;;;;;;
;;;;;;;;;;;;;;;
;;;;;;;;;;;;;;;
;;;;;;;;;;;;;;;
;;;;;;;;;;;;;;;
;;;;;;;;;;;;;;;
;;;;;;;;;;;;;;;
;;;;;;;;;;;;;;;
;;;;;;;;;;;;;;;
;;;;;;;;;;;;;;;
;;;;;;;;;;;;;;;
;;;;;;;;;;;;;;;
;;;;;;;;;;;;;;;
;;;;;;;;;;;;;;;
;;;;;;;;;;;;;;;
;;;;;;;;;;;;;;;
;;;;;;;;;;;;;;;
;;;;;;;;;;;;;;;
;;;;;;;;;;;;;;;
;;;;;;;;;;;;;;;
;;;;;;;;;;;;;;;
;;;;;;;;;;;;;;;
;;;;;;;;;;;;;;;
;;;;;;;;;;;;;;;
;;;;;;;;;;;;;;;
;;;;;;;;;;;;;;;
;;;;;;;;;;;;;;;
;;;;;;;;;;;;;;;
;;;;;;;;;;;;;;;
;;;;;;;;;;;;;;;
;;;;;;;;;;;;;;;
;;;;;;;;;;;;;;;
;;;;;;;;;;;;;;;
;;;;;;;;;;;;;;;
;;;;;;;;;;;;;;;
;;;;;;;;;;;;;;;
;;;;;;;;;;;;;;;
;;;;;;;;;;;;;;;
;;;;;;;;;;;;;;;
;;;;;;;;;;;;;;;
;;;;;;;;;;;;;;;
;;;;;;;;;;;;;;;
;;;;;;;;;;;;;;;
;;;;;;;;;;;;;;;
;;;;;;;;;;;;;;;
;;;;;;;;;;;;;;;
;;;;;;;;;;;;;;;
;;;;;;;;;;;;;;;
;;;;;;;;;;;;;;;
;;;;;;;;;;;;;;;
;;;;;;;;;;;;;;;
;;;;;;;;;;;;;;;
;;;;;;;;;;;;;;;
;;;;;;;;;;;;;;;
;;;;;;;;;;;;;;;
;;;;;;;;;;;;;;;
;;;;;;;;;;;;;;;
;;;;;;;;;;;;;;;
;;;;;;;;;;;;;;;
;;;;;;;;;;;;;;;
;;;;;;;;;;;;;;;
;;;;;;;;;;;;;;;
;;;;;;;;;;;;;;;
;;;;;;;;;;;;;;;
;;;;;;;;;;;;;;;
;;;;;;;;;;;;;;;
;;;;;;;;;;;;;;;
;;;;;;;;;;;;;;;
;;;;;;;;;;;;;;;
;;;;;;;;;;;;;;;
;;;;;;;;;;;;;;;
;;;;;;;;;;;;;;;
;;;;;;;;;;;;;;;
;;;;;;;;;;;;;;;
;;;;;;;;;;;;;;;
;;;;;;;;;;;;;;;
;;;;;;;;;;;;;;;
;;;;;;;;;;;;;;;
;;;;;;;;;;;;;;;
;;;;;;;;;;;;;;;
;;;;;;;;;;;;;;;
;;;;;;;;;;;;;;;
;;;;;;;;;;;;;;;
;;;;;;;;;;;;;;;
;;;;;;;;;;;;;;;
;;;;;;;;;;;;;;;
;;;;;;;;;;;;;;;
;;;;;;;;;;;;;;;
;;;;;;;;;;;;;;;
;;;;;;;;;;;;;;;
;;;;;;;;;;;;;;;
;;;;;;;;;;;;;;;
;;;;;;;;;;;;;;;
;;;;;;;;;;;;;;;
;;;;;;;;;;;;;;;
;;;;;;;;;;;;;;;
;;;;;;;;;;;;;;;
;;;;;;;;;;;;;;;
;;;;;;;;;;;;;;;
;;;;;;;;;;;;;;;
;;;;;;;;;;;;;;;
;;;;;;;;;;;;;;;
;;;;;;;;;;;;;;;
;;;;;;;;;;;;;;;
;;;;;;;;;;;;;;;
;;;;;;;;;;;;;;;
;;;;;;;;;;;;;;;
;;;;;;;;;;;;;;;
;;;;;;;;;;;;;;;
;;;;;;;;;;;;;;;
;;;;;;;;;;;;;;;
;;;;;;;;;;;;;;;
;;;;;;;;;;;;;;;
;;;;;;;;;;;;;;;
;;;;;;;;;;;;;;;
;;;;;;;;;;;;;;;
;;;;;;;;;;;;;;;
;;;;;;;;;;;;;;;
;;;;;;;;;;;;;;;
;;;;;;;;;;;;;;;
;;;;;;;;;;;;;;;
;;;;;;;;;;;;;;;
;;;;;;;;;;;;;;;
;;;;;;;;;;;;;;;
;;;;;;;;;;;;;;;
;;;;;;;;;;;;;;;
;;;;;;;;;;;;;;;
;;;;;;;;;;;;;;;
;;;;;;;;;;;;;;;
;;;;;;;;;;;;;;;
;;;;;;;;;;;;;;;
;;;;;;;;;;;;;;;
;;;;;;;;;;;;;;;
;;;;;;;;;;;;;;;
;;;;;;;;;;;;;;;
;;;;;;;;;;;;;;;
;;;;;;;;;;;;;;;
;;;;;;;;;;;;;;;
;;;;;;;;;;;;;;;
;;;;;;;;;;;;;;;
;;;;;;;;;;;;;;;
;;;;;;;;;;;;;;;
;;;;;;;;;;;;;;;
;;;;;;;;;;;;;;;
;;;;;;;;;;;;;;;
;;;;;;;;;;;;;;;
;;;;;;;;;;;;;;;
;;;;;;;;;;;;;;;
;;;;;;;;;;;;;;;
;;;;;;;;;;;;;;;
;;;;;;;;;;;;;;;
;;;;;;;;;;;;;;;
;;;;;;;;;;;;;;;
;;;;;;;;;;;;;;;
;;;;;;;;;;;;;;;
;;;;;;;;;;;;;;;
;;;;;;;;;;;;;;;
;;;;;;;;;;;;;;;
;;;;;;;;;;;;;;;
;;;;;;;;;;;;;;;
;;;;;;;;;;;;;;;
;;;;;;;;;;;;;;;
;;;;;;;;;;;;;;;
;;;;;;;;;;;;;;;
;;;;;;;;;;;;;;;
;;;;;;;;;;;;;;;
;;;;;;;;;;;;;;;
;;;;;;;;;;;;;;;
;;;;;;;;;;;;;;;
;;;;;;;;;;;;;;;
;;;;;;;;;;;;;;;
;;;;;;;;;;;;;;;
;;;;;;;;;;;;;;;
;;;;;;;;;;;;;;;
;;;;;;;;;;;;;;;
;;;;;;;;;;;;;;;
;;;;;;;;;;;;;;;
;;;;;;;;;;;;;;;
;;;;;;;;;;;;;;;
;;;;;;;;;;;;;;;
;;;;;;;;;;;;;;;
;;;;;;;;;;;;;;;
;;;;;;;;;;;;;;;
;;;;;;;;;;;;;;;
;;;;;;;;;;;;;;;
;;;;;;;;;;;;;;;
;;;;;;;;;;;;;;;
;;;;;;;;;;;;;;;
;;;;;;;;;;;;;;;
;;;;;;;;;;;;;;;
;;;;;;;;;;;;;;;
;;;;;;;;;;;;;;;
;;;;;;;;;;;;;;;
;;;;;;;;;;;;;;;
;;;;;;;;;;;;;;;
;;;;;;;;;;;;;;;
;;;;;;;;;;;;;;;
;;;;;;;;;;;;;;;
;;;;;;;;;;;;;;;
;;;;;;;;;;;;;;;
;;;;;;;;;;;;;;;
;;;;;;;;;;;;;;;
;;;;;;;;;;;;;;;
;;;;;;;;;;;;;;;
;;;;;;;;;;;;;;;
;;;;;;;;;;;;;;;
;;;;;;;;;;;;;;;
;;;;;;;;;;;;;;;
;;;;;;;;;;;;;;;
;;;;;;;;;;;;;;;
;;;;;;;;;;;;;;;
;;;;;;;;;;;;;;;
;;;;;;;;;;;;;;;
;;;;;;;;;;;;;;;
;;;;;;;;;;;;;;;
;;;;;;;;;;;;;;;
;;;;;;;;;;;;;;;
;;;;;;;;;;;;;;;
;;;;;;;;;;;;;;;
;;;;;;;;;;;;;;;
;;;;;;;;;;;;;;;
;;;;;;;;;;;;;;;
;;;;;;;;;;;;;;;
;;;;;;;;;;;;;;;
;;;;;;;;;;;;;;;
;;;;;;;;;;;;;;;
;;;;;;;;;;;;;;;
;;;;;;;;;;;;;;;
;;;;;;;;;;;;;;;
;;;;;;;;;;;;;;;
;;;;;;;;;;;;;;;
;;;;;;;;;;;;;;;
;;;;;;;;;;;;;;;
;;;;;;;;;;;;;;;
;;;;;;;;;;;;;;;
;;;;;;;;;;;;;;;
;;;;;;;;;;;;;;;
;;;;;;;;;;;;;;;
;;;;;;;;;;;;;;;
;;;;;;;;;;;;;;;
;;;;;;;;;;;;;;;
;;;;;;;;;;;;;;;
;;;;;;;;;;;;;;;
;;;;;;;;;;;;;;;
;;;;;;;;;;;;;;;
;;;;;;;;;;;;;;;
;;;;;;;;;;;;;;;
;;;;;;;;;;;;;;;
;;;;;;;;;;;;;;;
;;;;;;;;;;;;;;;
;;;;;;;;;;;;;;;
;;;;;;;;;;;;;;;
;;;;;;;;;;;;;;;
;;;;;;;;;;;;;;;
;;;;;;;;;;;;;;;
;;;;;;;;;;;;;;;
;;;;;;;;;;;;;;;
;;;;;;;;;;;;;;;
;;;;;;;;;;;;;;;
;;;;;;;;;;;;;;;
;;;;;;;;;;;;;;;
;;;;;;;;;;;;;;;
;;;;;;;;;;;;;;;
;;;;;;;;;;;;;;;
;;;;;;;;;;;;;;;
;;;;;;;;;;;;;;;
;;;;;;;;;;;;;;;
;;;;;;;;;;;;;;;
;;;;;;;;;;;;;;;
;;;;;;;;;;;;;;;
;;;;;;;;;;;;;;;
;;;;;;;;;;;;;;;
;;;;;;;;;;;;;;;
;;;;;;;;;;;;;;;
;;;;;;;;;;;;;;;
;;;;;;;;;;;;;;;
;;;;;;;;;;;;;;;
;;;;;;;;;;;;;;;
;;;;;;;;;;;;;;;
;;;;;;;;;;;;;;;
;;;;;;;;;;;;;;;
;;;;;;;;;;;;;;;
;;;;;;;;;;;;;;;
;;;;;;;;;;;;;;;
;;;;;;;;;;;;;;;
;;;;;;;;;;;;;;;
;;;;;;;;;;;;;;;
;;;;;;;;;;;;;;;
;;;;;;;;;;;;;;;
;;;;;;;;;;;;;;;
;;;;;;;;;;;;;;;
;;;;;;;;;;;;;;;
;;;;;;;;;;;;;;;
;;;;;;;;;;;;;;;
;;;;;;;;;;;;;;;
;;;;;;;;;;;;;;;
;;;;;;;;;;;;;;;
;;;;;;;;;;;;;;;
;;;;;;;;;;;;;;;
;;;;;;;;;;;;;;;
;;;;;;;;;;;;;;;
;;;;;;;;;;;;;;;
;;;;;;;;;;;;;;;
;;;;;;;;;;;;;;;
;;;;;;;;;;;;;;;
;;;;;;;;;;;;;;;
;;;;;;;;;;;;;;;
;;;;;;;;;;;;;;;
;;;;;;;;;;;;;;;
;;;;;;;;;;;;;;;
;;;;;;;;;;;;;;;
;;;;;;;;;;;;;;;
;;;;;;;;;;;;;;;
;;;;;;;;;;;;;;;
;;;;;;;;;;;;;;;
;;;;;;;;;;;;;;;
;;;;;;;;;;;;;;;
;;;;;;;;;;;;;;;
;;;;;;;;;;;;;;;
;;;;;;;;;;;;;;;
;;;;;;;;;;;;;;;
;;;;;;;;;;;;;;;
;;;;;;;;;;;;;;;
;;;;;;;;;;;;;;;
;;;;;;;;;;;;;;;
;;;;;;;;;;;;;;;
;;;;;;;;;;;;;;;
;;;;;;;;;;;;;;;
;;;;;;;;;;;;;;;
;;;;;;;;;;;;;;;
;;;;;;;;;;;;;;;
;;;;;;;;;;;;;;;
;;;;;;;;;;;;;;;
;;;;;;;;;;;;;;;
;;;;;;;;;;;;;;;
;;;;;;;;;;;;;;;
;;;;;;;;;;;;;;;
;;;;;;;;;;;;;;;
;;;;;;;;;;;;;;;
;;;;;;;;;;;;;;;
;;;;;;;;;;;;;;;
;;;;;;;;;;;;;;;
;;;;;;;;;;;;;;;
;;;;;;;;;;;;;;;
;;;;;;;;;;;;;;;
;;;;;;;;;;;;;;;
;;;;;;;;;;;;;;;
;;;;;;;;;;;;;;;
;;;;;;;;;;;;;;;
;;;;;;;;;;;;;;;
;;;;;;;;;;;;;;;
;;;;;;;;;;;;;;;
;;;;;;;;;;;;;;;
;;;;;;;;;;;;;;;
;;;;;;;;;;;;;;;
;;;;;;;;;;;;;;;
;;;;;;;;;;;;;;;
;;;;;;;;;;;;;;;
;;;;;;;;;;;;;;;
;;;;;;;;;;;;;;;
;;;;;;;;;;;;;;;
;;;;;;;;;;;;;;;
;;;;;;;;;;;;;;;
;;;;;;;;;;;;;;;
;;;;;;;;;;;;;;;
;;;;;;;;;;;;;;;
;;;;;;;;;;;;;;;
;;;;;;;;;;;;;;;
;;;;;;;;;;;;;;;
;;;;;;;;;;;;;;;
;;;;;;;;;;;;;;;
;;;;;;;;;;;;;;;
;;;;;;;;;;;;;;;
;;;;;;;;;;;;;;;
;;;;;;;;;;;;;;;
;;;;;;;;;;;;;;;
;;;;;;;;;;;;;;;
;;;;;;;;;;;;;;;
;;;;;;;;;;;;;;;
;;;;;;;;;;;;;;;
;;;;;;;;;;;;;;;
;;;;;;;;;;;;;;;
;;;;;;;;;;;;;;;
;;;;;;;;;;;;;;;
;;;;;;;;;;;;;;;
;;;;;;;;;;;;;;;
;;;;;;;;;;;;;;;
;;;;;;;;;;;;;;;
;;;;;;;;;;;;;;;
;;;;;;;;;;;;;;;
;;;;;;;;;;;;;;;
;;;;;;;;;;;;;;;
;;;;;;;;;;;;;;;
;;;;;;;;;;;;;;;
;;;;;;;;;;;;;;;
;;;;;;;;;;;;;;;
;;;;;;;;;;;;;;;
;;;;;;;;;;;;;;;
;;;;;;;;;;;;;;;
;;;;;;;;;;;;;;;
;;;;;;;;;;;;;;;
;;;;;;;;;;;;;;;
;;;;;;;;;;;;;;;
;;;;;;;;;;;;;;;
